,token,valid,no_at_fault_collisions,drivable_area_compliance,ego_progress,time_to_collision_within_bound,comfort,driving_direction_compliance,score,rank
0,0000548db87959c2,True,1.0,1.0,0.8925463938928734,1.0,1.0,1.0,0.9552276641220306,0
1,00016f8b45c25a1d,True,1.0,0.0,0.0,1.0,1.0,0.0,0.0,0
2,0004474e9e3f5470,True,1.0,1.0,0.6602708226645045,1.0,1.0,1.0,0.8584461761102102,0
3,000926dda92d592d,True,1.0,1.0,0.7711480536763298,1.0,1.0,1.0,0.9046450223651373,0
4,000bf168dd5159af,True,1.0,1.0,0.8239843079942298,1.0,1.0,1.0,0.926660128330929,0
5,000d6961709c5904,True,1.0,1.0,1.0,0.0,1.0,1.0,0.5833333333333334,0
6,0012a35a78a151b5,True,1.0,1.0,0.8533774489415875,1.0,1.0,1.0,0.9389072703923281,0
7,00137a5ce92d591c,True,1.0,0.0,0.0,1.0,1.0,1.0,0.0,0
8,00185dab0ba153b9,True,1.0,1.0,1.0,1.0,1.0,1.0,1.0,0
9,001b34b45b2f50e4,True,1.0,1.0,1.0,1.0,1.0,1.0,1.0,0
10,001d444661b45635,True,1.0,1.0,0.8446364848685682,1.0,1.0,1.0,0.9352652020285701,0
11,002672a228395a16,True,1.0,1.0,1.0,1.0,1.0,1.0,1.0,0
12,0027991369e05ab2,True,1.0,1.0,0.8305991552622095,1.0,1.0,1.0,0.9294163146925873,0
13,0027db600afe56ca,True,1.0,1.0,1.0,1.0,1.0,1.0,1.0,0
14,002a52b0ed5650da,True,1.0,1.0,0.6604036425953109,1.0,1.0,1.0,0.8585015177480462,0
15,002e450c6cba5895,True,1.0,1.0,0.9204124893994396,1.0,1.0,1.0,0.9668385372497665,0
16,0033fc4b187a5f1f,True,1.0,1.0,0.8665568692788304,1.0,1.0,1.0,0.944398695532846,0
17,0038810163a05e09,True,1.0,1.0,1.0,1.0,1.0,1.0,1.0,0
18,003a1fdca9505c09,True,1.0,1.0,0.9937304331221578,1.0,1.0,1.0,0.9973876804675657,0
19,003ead1914c051d7,True,1.0,1.0,0.9605898497814146,1.0,1.0,1.0,0.9835791040755893,0
20,0045af58281456a0,True,1.0,1.0,0.7603640432373797,1.0,1.0,0.5,0.9001516846822416,0
21,0057ce5b81c35a81,True,1.0,1.0,1.0,1.0,1.0,1.0,1.0,0
22,0059b8e52a3f55e8,True,1.0,1.0,0.8125081281178076,1.0,1.0,1.0,0.9218783867157532,0
23,005f87dd980253a5,True,1.0,1.0,0.7313887006058618,1.0,1.0,1.0,0.8880786252524424,0
24,005fcf3e9a125706,True,1.0,1.0,0.726812347421503,1.0,1.0,0.5,0.8861718114256263,0
25,00685a5276625b57,True,1.0,1.0,0.9355391146416674,1.0,1.0,1.0,0.9731412977673614,0
26,006d30e1af265b1e,True,1.0,1.0,0.9575248730859152,1.0,1.0,1.0,0.9823020304524647,0
27,006e2728d7115fa7,True,1.0,1.0,1.0,1.0,1.0,1.0,1.0,0
28,007845701f635565,True,1.0,1.0,0.9413978004060669,1.0,1.0,1.0,0.9755824168358611,0
29,008144fe47ac5f74,True,1.0,1.0,0.9431344520981657,1.0,1.0,1.0,0.9763060217075691,0
30,008844070af456e3,True,1.0,0.0,0.0,1.0,1.0,1.0,0.0,0
31,0088dd94bbb85394,True,1.0,1.0,0.8437310590170296,1.0,1.0,1.0,0.9348879412570957,0
32,008b419a63b75917,True,1.0,1.0,0.9385590636076269,1.0,1.0,1.0,0.9743996098365112,0
33,008d66a74c275479,True,1.0,1.0,1.0,1.0,1.0,1.0,1.0,0
34,008d6e3394a65c1f,True,1.0,1.0,1.0,1.0,1.0,1.0,1.0,0
35,0092e40a13ea52f4,True,1.0,1.0,1.0,1.0,1.0,1.0,1.0,0
36,0093ff0188ea5b90,True,1.0,1.0,1.0,1.0,1.0,1.0,1.0,0
37,00a757f8d4e45f8c,True,1.0,1.0,0.8897929876566714,1.0,1.0,1.0,0.9540804115236131,0
38,00abc794f8ce5195,True,1.0,1.0,0.8360392062213972,1.0,1.0,1.0,0.9316830025922488,0
39,00b2afbb751b59c6,True,1.0,1.0,1.0,0.0,1.0,1.0,0.5833333333333334,0
40,00b838c358175255,True,1.0,1.0,0.8224131647392223,1.0,1.0,1.0,0.9260054853080093,0
41,00c489998dd4555c,True,1.0,1.0,1.0,1.0,1.0,1.0,1.0,0
42,00c6aecefec9576c,True,1.0,1.0,0.5435369040588706,1.0,1.0,1.0,0.8098070433578627,0
43,00c893a01244562c,True,1.0,1.0,0.6619724566286346,1.0,1.0,1.0,0.859155190261931,0
44,00ddbc829ecb563e,True,1.0,1.0,0.9034975322432294,1.0,1.0,1.0,0.9597906384346789,0
45,00eb3a4e0f8052e9,True,1.0,1.0,0.7542042667242476,1.0,1.0,1.0,0.8975851111351032,0
46,00f20c2762515d09,True,1.0,1.0,1.0,1.0,1.0,1.0,1.0,0
47,00f49d71f0eb507b,True,1.0,1.0,0.8423529626217495,1.0,1.0,1.0,0.934313734425729,0
48,00f925ab5406520f,True,1.0,1.0,0.9061063549567019,1.0,1.0,1.0,0.9608776478986257,0
49,00fcad6d092c5e8e,True,0.0,1.0,0.0,0.0,1.0,1.0,0.0,0
50,00ff8eeb53cc598b,True,1.0,1.0,1.0,1.0,1.0,1.0,1.0,0
51,01052f67ec24538c,True,1.0,1.0,0.9221189936521486,1.0,1.0,1.0,0.9675495806883951,0
52,011376b151f2526c,True,1.0,1.0,1.0,1.0,1.0,0.0,1.0,0
53,0114734fd69b598e,True,1.0,1.0,0.6763332857059758,1.0,1.0,1.0,0.8651388690441566,0
54,01167513b5b55ca1,True,1.0,1.0,0.6663117070155675,1.0,1.0,1.0,0.8609632112564864,0
55,0116de776d6b5d1b,True,1.0,1.0,0.7781209667798246,1.0,1.0,1.0,0.9075504028249268,0
56,01226863089b5e1d,True,1.0,1.0,0.8634901073200201,1.0,1.0,1.0,0.9431208780500083,0
57,0122ce98b2735558,True,1.0,1.0,1.0,1.0,1.0,1.0,1.0,0
58,012432bd62b85f80,True,1.0,1.0,0.698666855955316,1.0,1.0,1.0,0.874444523314715,0
59,012ca60989175c54,True,1.0,1.0,1.0,1.0,1.0,1.0,1.0,0
60,012dc5d8043555ef,True,1.0,1.0,1.0,1.0,1.0,1.0,1.0,0
61,01314f10793f5ad7,True,1.0,1.0,0.9304199529163444,1.0,1.0,1.0,0.9710083137151435,0
62,01329f4a29285dfe,True,1.0,1.0,0.8727868761818492,1.0,1.0,1.0,0.9469945317424372,0
63,013456829c0050ce,True,1.0,1.0,1.0,1.0,1.0,1.0,1.0,0
64,013d05a439b95210,True,1.0,1.0,1.0,1.0,1.0,1.0,1.0,0
65,013ec5b715635a66,True,1.0,1.0,1.0,1.0,1.0,1.0,1.0,0
66,013fbdcd9db35b43,True,1.0,1.0,1.0,1.0,1.0,1.0,1.0,0
67,014369205e025f0c,True,1.0,1.0,0.716129615885161,1.0,1.0,1.0,0.8817206732854838,0
68,0145102e6c2f5803,True,1.0,1.0,0.8272612152160261,1.0,1.0,1.0,0.928025506340011,0
69,0146e76ccdba5d9d,True,1.0,1.0,0.7586141057385517,1.0,1.0,1.0,0.8994225440577299,0
70,015011d2b73158b7,True,1.0,1.0,0.9963749498017835,1.0,1.0,1.0,0.9984895624174097,0
71,01518f6335d75c16,True,1.0,1.0,0.6240317888568429,1.0,1.0,1.0,0.8433465786903511,0
72,015593741e7050f7,True,1.0,1.0,0.7674364097038927,1.0,1.0,1.0,0.9030985040432885,0
73,0156027594b85857,True,1.0,1.0,0.8165890900710546,1.0,1.0,1.0,0.9235787875296061,0
74,015ef5e7f5a55db8,True,1.0,1.0,1.0,1.0,1.0,1.0,1.0,0
75,0165d0814e905c1c,True,1.0,1.0,1.0,1.0,1.0,1.0,1.0,0
76,0166f867762a56e1,True,1.0,1.0,0.9529422312252771,1.0,1.0,1.0,0.9803925963438654,0
77,016d6a913efa5ff1,True,1.0,1.0,0.7979116257707562,1.0,1.0,1.0,0.9157965107378151,0
78,016d8cf09d875f57,True,1.0,1.0,0.8689943865903142,1.0,1.0,1.0,0.9454143277459642,0
79,017514eaeeef5716,True,1.0,1.0,1.0,1.0,1.0,1.0,1.0,0
80,0179d579d30e588c,True,1.0,1.0,1.0,1.0,1.0,1.0,1.0,0
81,017e89f6f6a85d79,True,1.0,1.0,0.9650502814006484,1.0,1.0,1.0,0.9854376172502702,0
82,0182731334355e48,True,1.0,1.0,0.853750588198841,1.0,1.0,1.0,0.9390627450828504,0
83,0185fc1c73c759a7,True,1.0,1.0,1.0,1.0,1.0,1.0,1.0,0
84,018690bcb255590d,True,1.0,1.0,0.9468054739965548,1.0,1.0,1.0,0.9778356141652312,0
85,01876d7aa6f55554,True,1.0,0.0,0.0,1.0,1.0,1.0,0.0,0
86,018ba0bc5f145074,True,1.0,1.0,0.9616048544436324,1.0,1.0,1.0,0.9840020226848468,0
87,0192c3bca9ca5c67,True,1.0,1.0,1.0,1.0,1.0,1.0,1.0,0
88,019667e138b95ff0,True,1.0,1.0,0.8345082696625331,1.0,1.0,1.0,0.9310451123593889,0
89,019b86fe2e215b6e,True,1.0,1.0,0.777402763912681,1.0,1.0,1.0,0.9072511516302838,0
90,019eaadd84cb56f8,True,1.0,1.0,0.9604395857245913,1.0,1.0,1.0,0.983516494051913,0
91,01a58976a2e45a3d,True,1.0,1.0,1.0,1.0,1.0,1.0,1.0,0
92,01ace31ecf365cbb,True,1.0,1.0,0.933816854915699,1.0,1.0,1.0,0.9724236895482079,0
93,01add9e74d3c5053,True,1.0,1.0,0.8145243559209284,1.0,1.0,1.0,0.9227184816337202,0
94,01b78ea52da8595a,True,1.0,1.0,0.8755905323748188,1.0,1.0,1.0,0.9481627218228411,0
95,01b9125ad835592f,True,1.0,1.0,1.0,1.0,1.0,1.0,1.0,0
96,01c019a7360f5445,True,1.0,1.0,0.7921110174502797,1.0,1.0,1.0,0.9133795906042832,0
97,01c4dab17c975e13,True,1.0,1.0,1.0,1.0,1.0,1.0,1.0,0
98,01ce9c82de0d5539,True,1.0,1.0,0.8923122593768507,1.0,1.0,1.0,0.9551301080736878,0
99,01d061d9a66451ea,True,1.0,1.0,0.932598294296602,1.0,1.0,1.0,0.9719159559569176,0
100,01d3726e5bc2576b,True,1.0,1.0,1.0,1.0,1.0,1.0,1.0,0
101,01d53ccf583c5a49,True,1.0,1.0,1.0,1.0,1.0,1.0,1.0,0
102,01da0653d99c5903,True,1.0,1.0,0.9220385282336631,1.0,1.0,1.0,0.9675160534306929,0
103,01e3dbb4fbcd5781,True,1.0,1.0,1.0,1.0,1.0,1.0,1.0,0
104,01e4bff700f15523,True,1.0,1.0,0.9555471423393331,1.0,1.0,1.0,0.9814779759747222,0
105,01e6276eff385ea8,True,1.0,1.0,0.7025870930640592,1.0,1.0,1.0,0.8760779554433581,0
106,01f2481a8cfc5803,True,1.0,1.0,0.8890662588205366,1.0,1.0,0.0,0.9537776078418903,0
107,01f3a4a21dc2582f,True,1.0,1.0,0.8843367959372629,1.0,1.0,1.0,0.9518069983071928,0
108,01fa845276f857c5,True,1.0,1.0,0.8209118746762464,1.0,1.0,1.0,0.9253799477817694,0
109,01fc240ee1d25c9e,True,1.0,1.0,1.0,1.0,1.0,1.0,1.0,0
110,01fea9c4f9f45634,True,1.0,1.0,0.9299292053364918,1.0,1.0,1.0,0.9708038355568717,0
111,01ff2ecc002851a1,True,1.0,1.0,0.7795928871985474,1.0,1.0,1.0,0.9081637029993948,0
112,02015675e4585611,True,1.0,1.0,0.883332477387159,1.0,1.0,0.5,0.9513885322446495,0
113,0202782270ab5a62,True,1.0,1.0,0.8872122170099639,1.0,1.0,1.0,0.9530050904208182,0
114,0208ed2202af56b2,True,1.0,1.0,0.8967140285954912,1.0,1.0,1.0,0.9569641785814547,0
115,020ba7462c6f52b3,True,1.0,1.0,1.0,1.0,1.0,1.0,1.0,0
116,020dee65dab453bb,True,1.0,1.0,1.0,1.0,1.0,1.0,1.0,0
117,02145ce72fd95a85,True,1.0,1.0,1.0,1.0,1.0,1.0,1.0,0
118,0220967816915e94,True,1.0,1.0,0.9648356223318021,1.0,1.0,1.0,0.9853481759715842,0
119,0221ed2a1c495f23,True,1.0,1.0,0.8763890307745196,1.0,1.0,1.0,0.9484954294893831,0
120,0225c61734025867,True,1.0,1.0,0.9694978374031068,1.0,1.0,1.0,0.9872907655846278,0
121,022cc20c8dd45bc5,True,0.0,1.0,0.0,0.0,1.0,1.0,0.0,0
122,022de8051c3f5b83,True,1.0,1.0,1.0,1.0,1.0,1.0,1.0,0
123,02325da26296565c,True,1.0,1.0,1.0,1.0,1.0,1.0,1.0,0
124,02328c7410405c5a,True,1.0,1.0,0.8204311650562767,1.0,1.0,1.0,0.9251796521067819,0
125,02379e524f105926,True,1.0,1.0,0.9435845496851608,1.0,1.0,1.0,0.9764935623688169,0
126,024d012881be5995,True,1.0,1.0,0.8153717564129709,1.0,1.0,1.0,0.9230715651720711,0
127,024d89a3e1e752dc,True,1.0,1.0,0.859278989170377,1.0,1.0,1.0,0.9413662454876571,0
128,024fd1e792395805,True,1.0,1.0,0.9186558593353731,1.0,1.0,1.0,0.9661066080564055,0
129,025aab0da0e652b7,True,1.0,1.0,0.7186355378178018,1.0,1.0,1.0,0.882764807424084,0
130,025b657634505df3,True,1.0,1.0,0.9646929507602038,1.0,1.0,1.0,0.9852887294834183,0
131,026bb114391d5b81,True,1.0,1.0,1.0,1.0,1.0,1.0,1.0,0
132,026e7b1e0e335625,True,1.0,1.0,1.0,1.0,1.0,1.0,1.0,0
133,026e84581e0f5044,True,1.0,0.0,0.0,1.0,1.0,1.0,0.0,0
134,026ee9bc920b5180,True,1.0,1.0,1.0,1.0,1.0,1.0,1.0,0
135,0278f1a2ae3b5ae5,True,1.0,1.0,0.8580784967934816,1.0,1.0,1.0,0.9408660403306174,0
136,02799c5e8bf35595,True,1.0,1.0,0.7894128438648813,1.0,1.0,1.0,0.9122553516103672,0
137,028613e11f415422,True,1.0,1.0,1.0,1.0,1.0,1.0,1.0,0
138,028d10ed5c105755,True,1.0,1.0,1.0,1.0,1.0,1.0,1.0,0
139,02902d180b405100,True,1.0,1.0,0.9445497841524755,1.0,1.0,1.0,0.9768957433968648,0
140,029585f0509d52b0,True,1.0,1.0,0.7600179087065485,1.0,1.0,1.0,0.9000074619610618,0
141,029a9572e05a5914,True,1.0,1.0,1.0,1.0,1.0,1.0,1.0,0
142,02b68b9cc51f506a,True,1.0,1.0,0.660658515760246,1.0,1.0,1.0,0.8586077149001025,0
143,02bfb6340c185b97,True,1.0,1.0,0.8509141134118267,1.0,1.0,1.0,0.9378808805882611,0
144,02c173ffafdd5be5,True,1.0,1.0,0.8898438101944406,1.0,1.0,1.0,0.9541015875810169,0
145,02c896df120754ba,True,1.0,1.0,0.8160543089409257,1.0,1.0,1.0,0.9233559620587192,0
146,02c8da231eb15ed2,True,1.0,1.0,1.0,1.0,1.0,1.0,1.0,0
147,02cc0007d6755abc,True,1.0,0.0,0.0,1.0,1.0,1.0,0.0,0
148,02d9591fc6de53c8,True,1.0,1.0,0.8984352438328024,1.0,1.0,1.0,0.957681351597001,0
149,02e1537a43d55ab2,True,1.0,1.0,1.0,1.0,1.0,1.0,1.0,0
150,02e3c13aa3975b02,True,1.0,1.0,0.864134686878001,1.0,1.0,1.0,0.9433894528658339,0
151,02e3c48291855ae8,True,1.0,1.0,1.0,1.0,1.0,1.0,1.0,0
152,02e3e6d3ecfc5240,True,1.0,1.0,0.5704416748712889,1.0,1.0,1.0,0.8210173645297036,0
153,02e8fd3cc3c3556f,True,1.0,1.0,0.8432218960046335,1.0,1.0,1.0,0.9346757900019306,0
154,02e9f697f2d055ee,True,1.0,1.0,0.8665143595866122,1.0,1.0,1.0,0.9443809831610883,0
155,02ecdf935f895a86,True,1.0,1.0,0.8417959512077214,1.0,1.0,1.0,0.9340816463365506,0
156,02f1ad081f41550e,True,1.0,1.0,1.0,1.0,1.0,1.0,1.0,0
157,02f75336f9f55e4f,True,1.0,1.0,1.0,0.0,1.0,1.0,0.5833333333333334,0
158,02ff5ce64ad75584,True,1.0,1.0,0.936003104770264,1.0,1.0,1.0,0.9733346269876101,0
159,03059436fa185bf8,True,1.0,1.0,0.8789796746107664,1.0,1.0,1.0,0.9495748644211526,0
160,030706565b1f552d,True,1.0,1.0,0.8200972149441301,1.0,1.0,1.0,0.925040506226721,0
161,030c27139f7d57a4,True,1.0,1.0,0.966551860722539,1.0,1.0,1.0,0.986063275301058,0
162,03143ef8f2f65a2f,True,1.0,1.0,0.7535346344654957,1.0,1.0,1.0,0.8973060976939565,0
163,0317b218061b5c4d,True,1.0,1.0,1.0,1.0,1.0,1.0,1.0,0
164,0324b2d1ca2e5b6e,True,1.0,1.0,1.0,1.0,1.0,1.0,1.0,0
165,03269d4ad9e45809,True,1.0,1.0,0.8412250790849283,1.0,1.0,1.0,0.9338437829520535,0
166,03296a9251995268,True,1.0,1.0,0.6744045708919724,1.0,1.0,1.0,0.8643352378716552,0
167,032ae6630661521a,True,1.0,1.0,1.0,1.0,1.0,1.0,1.0,0
168,0334cae9f1ef56ae,True,1.0,1.0,1.0,1.0,1.0,1.0,1.0,0
169,03388b830f975734,True,1.0,1.0,1.0,1.0,1.0,1.0,1.0,0
170,03503ef42eeb5573,True,1.0,1.0,0.71122013733467,1.0,1.0,1.0,0.8796750572227792,0
171,035db9ac34715b07,True,1.0,1.0,0.8088033551458269,1.0,1.0,1.0,0.9203347313107612,0
172,0363f17229aa5b57,True,1.0,1.0,1.0,1.0,1.0,1.0,1.0,0
173,03660e332def5cfa,True,1.0,1.0,0.7617493844881411,1.0,1.0,1.0,0.9007289102033921,0
174,0367791336c3533e,True,1.0,1.0,0.8073589876993734,1.0,1.0,1.0,0.9197329115414057,0
175,0370ac4af44a5bfc,True,1.0,1.0,0.7292495637306813,1.0,1.0,1.0,0.8871873182211173,0
176,0371700bf65b51e0,True,1.0,1.0,1.0,1.0,1.0,1.0,1.0,0
177,0372bb63e704555a,True,1.0,1.0,0.8306914997796675,1.0,1.0,1.0,0.9294547915748614,0
178,037698dae8d65558,True,1.0,1.0,0.7105641364638724,1.0,1.0,1.0,0.8794017235266135,0
179,037b976caae85af5,True,1.0,1.0,0.6515266756406181,1.0,1.0,1.0,0.8548027815169242,0
180,03817943eb905452,True,1.0,1.0,1.0,1.0,1.0,1.0,1.0,0
181,0386351e2a11529e,True,1.0,1.0,0.9070244166822938,1.0,1.0,1.0,0.9612601736176224,0
182,0388cd6f1af65029,True,1.0,1.0,1.0,1.0,1.0,1.0,1.0,0
183,038948dd9db85d2a,True,1.0,1.0,1.0,1.0,1.0,1.0,1.0,0
184,038c0a3e665c51d2,True,1.0,1.0,0.7146317284988415,1.0,1.0,1.0,0.8810965535411839,0
185,038e954a77a95537,True,1.0,1.0,0.9143471807790894,1.0,1.0,1.0,0.9643113253246206,0
186,0393e11b085a5cc2,True,1.0,1.0,1.0,1.0,1.0,1.0,1.0,0
187,03986e48fa5e5f90,True,1.0,1.0,1.0,1.0,1.0,1.0,1.0,0
188,039cc112267b5d97,True,1.0,1.0,0.7833738622470113,1.0,1.0,1.0,0.9097391092695881,0
189,039e37993d565b25,True,1.0,1.0,1.0,1.0,1.0,1.0,1.0,0
190,03a97a30526b5c14,True,1.0,1.0,0.6304986447813726,1.0,1.0,1.0,0.8460411019922386,0
191,03aa8a0576a25b63,True,1.0,1.0,0.8504905067979833,1.0,1.0,1.0,0.937704377832493,0
192,03ad57c205da56f2,True,1.0,1.0,0.8047046100424153,1.0,1.0,1.0,0.9186269208510064,0
193,03af0c992a5a5ffc,True,1.0,1.0,1.0,1.0,1.0,1.0,1.0,0
194,03b33d7830ba522b,True,1.0,1.0,0.7536682555982582,1.0,1.0,1.0,0.897361773165941,0
195,03c0cf33d2105598,True,1.0,1.0,1.0,1.0,1.0,1.0,1.0,0
196,03c2e332abb25034,True,0.0,1.0,0.0,0.0,1.0,1.0,0.0,0
197,03c50783a77551a2,True,1.0,1.0,0.8035303369688789,1.0,1.0,1.0,0.9181376404036996,0
198,03ca1900f09b5d20,True,1.0,1.0,0.9473934754660654,1.0,1.0,1.0,0.9780806147775273,0
199,03d1885be4355a79,True,1.0,0.0,0.0,1.0,1.0,1.0,0.0,0
200,03d4ec82e7ac5804,True,1.0,1.0,0.8952322187899299,1.0,1.0,1.0,0.9563467578291375,0
201,03e24d87e7315809,True,1.0,1.0,0.9317849958079208,1.0,1.0,1.0,0.9715770815866337,0
202,03ec8e118cb0541d,True,1.0,1.0,1.0,1.0,1.0,1.0,1.0,0
203,03eef9b11774564f,True,1.0,1.0,1.0,1.0,1.0,1.0,1.0,0
204,03f248caa9c35a98,True,1.0,1.0,1.0,1.0,1.0,1.0,1.0,0
205,03ffae8f89f65f90,True,1.0,1.0,1.0,1.0,1.0,1.0,1.0,0
206,043524c9126f5893,True,1.0,1.0,0.9090152942769022,1.0,1.0,1.0,0.9620897059487094,0
207,04352eb4cb195fde,True,1.0,1.0,0.8372342873173874,1.0,1.0,1.0,0.9321809530489115,0
208,0436604d25145231,True,1.0,1.0,1.0,1.0,1.0,1.0,1.0,0
209,04377176d16d5a0f,True,1.0,1.0,0.9562424772703301,1.0,1.0,1.0,0.9817676988626376,0
210,043839beb58a5dad,True,1.0,1.0,0.7855717396601721,1.0,1.0,1.0,0.9106548915250717,0
211,0438474da1ac593d,True,1.0,1.0,1.0,1.0,1.0,1.0,1.0,0
212,04424acda0755c93,True,1.0,1.0,1.0,1.0,1.0,1.0,1.0,0
213,0442b2728b8058fd,True,1.0,1.0,0.818317490044315,1.0,1.0,1.0,0.9242989541851312,0
214,045044cb9f21527e,True,1.0,1.0,1.0,0.0,1.0,1.0,0.5833333333333334,0
215,0451b850addd591c,True,1.0,1.0,0.7450720054450426,1.0,1.0,1.0,0.8937800022687677,0
216,0456452c8a13546c,True,1.0,1.0,0.8767497884804263,1.0,1.0,1.0,0.9486457452001776,0
217,04582784acfe5725,True,1.0,1.0,1.0,1.0,1.0,1.0,1.0,0
218,045a93a43af35fd1,True,1.0,1.0,1.0,1.0,1.0,1.0,1.0,0
219,045cd0254b3f5ad2,True,1.0,1.0,0.6426898955964315,1.0,1.0,1.0,0.8511207898318465,0
220,045f4ecec234564b,True,1.0,1.0,0.8806314104774084,1.0,1.0,1.0,0.9502630876989202,0
221,04605629ea8a50cc,True,1.0,1.0,1.0,1.0,1.0,1.0,1.0,0
222,04674da1553352ad,True,1.0,1.0,1.0,1.0,1.0,1.0,1.0,0
223,04676f5bccee5447,True,1.0,1.0,0.6108668601969062,1.0,1.0,1.0,0.8378611917487109,0
224,046cdc424d515ee1,True,1.0,1.0,0.7231255327922669,1.0,1.0,1.0,0.8846356386634445,0
225,04703c86cf5b5a20,True,1.0,1.0,0.8945299294256096,1.0,1.0,1.0,0.9560541372606707,0
226,04715723caea505e,True,1.0,1.0,1.0,1.0,1.0,1.0,1.0,0
227,0472df00162f5fc5,True,1.0,1.0,1.0,0.0,1.0,1.0,0.5833333333333334,0
228,047b56d34f1d5aa0,True,1.0,1.0,0.7008873298030655,1.0,1.0,1.0,0.8753697207512773,0
229,0480033cdea65921,True,1.0,1.0,1.0,1.0,1.0,1.0,1.0,0
230,0481cf2b75f1532f,True,1.0,1.0,1.0,1.0,1.0,1.0,1.0,0
231,048c19bd1b5954b3,True,1.0,1.0,1.0,1.0,1.0,1.0,1.0,0
232,048eb7efa08354e3,True,1.0,1.0,0.8418123707255506,1.0,1.0,1.0,0.9340884878023127,0
233,0490beca807c5e9f,True,1.0,1.0,0.7884160010457579,1.0,1.0,1.0,0.9118400004357324,0
234,0497454a0d735bc1,True,1.0,1.0,0.8873189011125342,1.0,1.0,1.0,0.9530495421302225,0
235,0498b27fee425645,True,1.0,1.0,0.8900414178841024,1.0,1.0,1.0,0.954183924118376,0
236,04a6f384cd2056c1,True,1.0,1.0,1.0,1.0,1.0,1.0,1.0,0
237,04a8b092cd525260,True,1.0,1.0,1.0,1.0,1.0,1.0,1.0,0
238,04aa69f18d255c96,True,1.0,1.0,1.0,1.0,1.0,1.0,1.0,0
239,04b80ae53fc5549e,True,1.0,1.0,1.0,1.0,1.0,1.0,1.0,0
240,04c8cad554925432,True,1.0,1.0,0.7560603558684763,1.0,1.0,1.0,0.898358481611865,0
241,04cdd9195f885ac6,True,1.0,1.0,1.0,1.0,1.0,1.0,1.0,0
242,04d0fb4e3ab25115,True,1.0,1.0,0.9707117803244681,1.0,1.0,1.0,0.987796575135195,0
243,04daf401ec185f96,True,1.0,1.0,0.8942982844151168,1.0,1.0,1.0,0.9559576185062987,0
244,04e105927ad451ab,True,1.0,1.0,0.8325753716753078,1.0,1.0,1.0,0.9302397381980448,0
245,04e3e7c9b4bf5ddf,True,1.0,1.0,0.6465233878928989,1.0,1.0,1.0,0.8527180782887078,0
246,04e3f71d6bc15d1e,True,1.0,1.0,0.9705622408288233,1.0,1.0,1.0,0.9877342670120096,0
247,04f548a98d695310,True,0.0,1.0,0.0,0.0,1.0,1.0,0.0,0
248,04f569ff8cb3504d,True,1.0,1.0,0.873852832646476,1.0,1.0,1.0,0.947438680269365,0
249,04f5b9e8203c5a92,True,1.0,1.0,1.0,1.0,1.0,1.0,1.0,0
250,04f8f8b4cf0c52e7,True,1.0,1.0,1.0,1.0,1.0,0.5,1.0,0
251,04fafb805d465314,True,1.0,1.0,0.8996784217757168,1.0,1.0,1.0,0.9581993424065486,0
252,04fbbb5817255f30,True,0.0,1.0,0.0,0.0,1.0,1.0,0.0,0
253,0503cc398e2656be,True,1.0,1.0,0.9845329023111684,1.0,1.0,1.0,0.9935553759629868,0
254,050667565815536a,True,1.0,1.0,0.8060531001509561,1.0,1.0,1.0,0.919188791729565,0
255,051b3ee34e3b59ec,True,1.0,1.0,0.854238041110023,1.0,1.0,1.0,0.9392658504625095,0
256,051d26c01f3653ba,True,1.0,1.0,0.742118641116284,1.0,1.0,1.0,0.8925494337984516,0
257,05304817b887541e,True,1.0,1.0,1.0,1.0,1.0,1.0,1.0,0
258,0530c20c3c71533a,True,1.0,1.0,0.7492750247936049,1.0,1.0,1.0,0.8955312603306687,0
259,0536ffc8d9555b0f,True,1.0,1.0,1.0,1.0,1.0,1.0,1.0,0
260,053895d2bfc754f3,True,1.0,1.0,0.8240118345446847,1.0,1.0,1.0,0.9266715977269518,0
261,053d94cd59495804,True,1.0,1.0,1.0,1.0,1.0,1.0,1.0,0
262,054054d63ad85fa3,True,1.0,1.0,0.8248189678365391,1.0,1.0,1.0,0.9270079032652246,0
263,054743e97abd5b9c,True,1.0,1.0,0.9569678514690856,1.0,1.0,1.0,0.9820699381121191,0
264,054e4984e1b55ec9,True,1.0,1.0,0.9622193744622304,1.0,1.0,1.0,0.984258072692596,0
265,055417b420d5598f,True,1.0,1.0,0.6987358474792473,1.0,1.0,1.0,0.8744732697830196,0
266,0558c7a64ef157b1,True,1.0,1.0,0.9379546335428026,1.0,1.0,1.0,0.9741477639761676,0
267,055c41d3c8e75bdc,True,1.0,1.0,0.8559398982750093,1.0,1.0,1.0,0.9399749576145872,0
268,055dff3e32835333,True,1.0,1.0,0.8780228412054989,1.0,1.0,1.0,0.9491761838356245,0
269,055e7b577c645e2e,True,1.0,1.0,1.0,1.0,1.0,1.0,1.0,0
270,0561ac957ffc5c4f,True,1.0,1.0,0.8977880585109355,1.0,1.0,1.0,0.957411691046223,0
271,0562702fac645702,True,1.0,1.0,0.8676691817394406,1.0,1.0,1.0,0.9448621590581002,0
272,0563edc821b6543d,True,1.0,1.0,1.0,1.0,1.0,1.0,1.0,0
273,056c6ca971b355b4,True,1.0,1.0,0.8412436168846832,1.0,1.0,1.0,0.9338515070352846,0
274,0573408e3cfb5130,True,1.0,1.0,0.7497806559396432,1.0,1.0,1.0,0.8957419399748513,0
275,05741acd510e52f7,True,1.0,1.0,0.8461029077336295,1.0,1.0,1.0,0.935876211555679,0
276,05769097cb6c5b91,True,1.0,1.0,0.8479675758679666,1.0,1.0,1.0,0.9366531566116527,0
277,0577532eba755552,True,1.0,1.0,0.20232987454207274,1.0,1.0,1.0,0.6676374477258636,0
278,0578756b879c55d0,True,1.0,1.0,1.0,1.0,1.0,1.0,1.0,0
279,0578fbc7c369583a,True,1.0,1.0,0.8632190710137995,1.0,1.0,1.0,0.9430079462557498,0
280,05850e3460015579,True,1.0,1.0,1.0,1.0,1.0,0.5,1.0,0
281,059009aa4252526c,True,1.0,1.0,1.0,1.0,1.0,1.0,1.0,0
282,0590bd1f5b2057f2,True,1.0,1.0,1.0,1.0,1.0,1.0,1.0,0
283,0590cb08d06a5905,True,1.0,1.0,0.9006982351556612,1.0,1.0,1.0,0.9586242646481922,0
284,05929f9dc5d152a7,True,1.0,1.0,1.0,1.0,1.0,1.0,1.0,0
285,05965158ab845b47,True,1.0,1.0,0.9033304743710063,1.0,1.0,1.0,0.9597210309879193,0
286,05987b88b7be5bea,True,1.0,1.0,1.0,1.0,1.0,1.0,1.0,0
287,059912706b0758dc,True,1.0,1.0,0.9218793779520738,1.0,1.0,1.0,0.9674497408133641,0
288,0599b72c60335651,True,1.0,1.0,0.8556702155186142,1.0,1.0,1.0,0.9398625897994227,0
289,059ca66ac38a5c28,True,1.0,1.0,1.0,1.0,1.0,1.0,1.0,0
290,059ce0fdfc67544c,True,1.0,1.0,0.8049642043271543,1.0,1.0,1.0,0.9187350851363143,0
291,059ce9cd10135396,True,1.0,1.0,1.0,0.0,1.0,1.0,0.5833333333333334,0
292,05afd4630a525f78,True,1.0,1.0,0.7592384849078634,1.0,1.0,1.0,0.899682702044943,0
293,05c3b54be1cc52d0,True,1.0,1.0,0.8483576256676333,1.0,1.0,1.0,0.9368156773615138,0
294,05c6edc5f05c5932,True,1.0,1.0,0.8079071315290552,1.0,1.0,1.0,0.919961304803773,0
295,05d010f73fab576b,True,1.0,1.0,0.6807640425398361,1.0,1.0,1.0,0.8669850177249318,0
296,05d0a1a763fc5334,True,1.0,1.0,1.0,1.0,1.0,1.0,1.0,0
297,05d6d7d83b97547c,True,1.0,1.0,0.7500374923842589,1.0,1.0,1.0,0.8958489551601079,0
298,05d6f076bdc855d1,True,1.0,1.0,0.9814891906124517,1.0,1.0,1.0,0.9922871627551881,0
299,05da61a9928e5ec1,True,1.0,1.0,1.0,1.0,1.0,1.0,1.0,0
300,05ee09cb75205555,True,1.0,1.0,1.0,1.0,1.0,1.0,1.0,0
301,05f1a5cbc0905d8e,True,1.0,1.0,0.8581926863051426,1.0,1.0,0.0,0.9409136192938093,0
302,05f1c7e44f74538c,True,1.0,1.0,1.0,1.0,1.0,1.0,1.0,0
303,05f9443de2185b91,True,1.0,1.0,0.8693845106383309,1.0,1.0,1.0,0.9455768794326378,0
304,0603ebc3a71d59f5,True,1.0,1.0,0.8363022670938026,1.0,1.0,1.0,0.9317926112890844,0
305,06067b68f2655a55,True,1.0,1.0,0.5366480067916332,1.0,1.0,1.0,0.8069366694965138,0
306,06091e78878d510e,True,1.0,1.0,0.9426519673199566,1.0,1.0,1.0,0.9761049863833152,0
307,0613490d89e25d03,True,1.0,1.0,0.9641773308536191,1.0,1.0,1.0,0.9850738878556746,0
308,0613d88c01b453c9,True,1.0,1.0,1.0,1.0,1.0,1.0,1.0,0
309,0614c017a1f65b80,True,1.0,0.0,0.0,1.0,1.0,1.0,0.0,0
310,0616f9723c60524d,True,1.0,1.0,0.8852528088240168,1.0,1.0,1.0,0.9521886703433404,0
311,062255c18e275666,True,1.0,1.0,1.0,1.0,1.0,1.0,1.0,0
312,06279fdb46815c6c,True,0.0,1.0,0.0,0.0,1.0,1.0,0.0,0
313,062a9e3dd60955ce,True,1.0,1.0,0.9193157670358691,1.0,1.0,1.0,0.9663815695982788,0
314,06329b33572752d8,True,1.0,1.0,1.0,1.0,1.0,1.0,1.0,0
315,063794d8842b5683,True,1.0,1.0,1.0,1.0,1.0,1.0,1.0,0
316,06392ff957445576,True,1.0,1.0,0.7133673248813458,1.0,1.0,1.0,0.8805697187005608,0
317,063f7dfe767d55aa,True,1.0,1.0,0.8642163280228331,1.0,1.0,1.0,0.9434234700095138,0
318,064018bfafb05f56,True,1.0,1.0,0.912718040633408,1.0,1.0,1.0,0.9636325169305867,0
319,065ec41ed01d59ca,True,1.0,1.0,1.0,1.0,1.0,1.0,1.0,0
320,0663f1541eeb58b6,True,1.0,1.0,1.0,1.0,1.0,0.5,1.0,0
321,066c0c3f45915cba,True,1.0,1.0,1.0,1.0,1.0,1.0,1.0,0
322,0670d0c81a5550c4,True,1.0,1.0,0.8024949120137194,1.0,1.0,1.0,0.9177062133390498,0
323,06737d2244bd53cc,True,1.0,1.0,0.7119822100404802,1.0,1.0,1.0,0.8799925875168668,0
324,06753f6c597f512b,True,1.0,1.0,1.0,1.0,1.0,1.0,1.0,0
325,067d731005885300,True,1.0,1.0,1.0,1.0,1.0,1.0,1.0,0
326,06836a56443a572c,True,0.5,1.0,0.8791224383179426,0.0,1.0,1.0,0.26648384131623803,0
327,0687eed0cf265533,True,1.0,1.0,0.7568625063367534,1.0,1.0,1.0,0.8986927109736472,0
328,068a26b124475a4a,True,1.0,1.0,1.0,1.0,1.0,1.0,1.0,0
329,0691c520f834559d,True,1.0,1.0,0.816481009460164,1.0,1.0,1.0,0.9235337539417351,0
330,0695553567185c3c,True,0.0,1.0,0.0,0.0,1.0,1.0,0.0,0
331,0698ddce973b50ba,True,1.0,1.0,1.0,1.0,1.0,1.0,1.0,0
332,069c47e25ca55ef5,True,1.0,1.0,1.0,1.0,1.0,1.0,1.0,0
333,069c6a5e408653ab,True,1.0,1.0,0.7363196434806331,1.0,1.0,1.0,0.890133184783597,0
334,069dab3272205ecb,True,1.0,1.0,1.0,1.0,1.0,1.0,1.0,0
335,06a1f481118057b2,True,1.0,1.0,0.7621550049305449,1.0,1.0,1.0,0.9008979187210603,0
336,06b2df49f0455bd0,True,1.0,1.0,0.8840557247600509,1.0,1.0,1.0,0.9516898853166879,0
337,06bdef9a9bbc5aaf,True,1.0,1.0,0.7409494692619533,1.0,1.0,1.0,0.8920622788591471,0
338,06c9339fdc3e5404,True,1.0,1.0,0.850570987992505,1.0,1.0,1.0,0.9377379116635437,0
339,06ce8610ceea51f4,True,1.0,1.0,0.7001768567340703,1.0,1.0,1.0,0.8750736903058627,0
340,06cfef4de99d5ead,True,1.0,1.0,1.0,1.0,1.0,1.0,1.0,0
341,06d348162e80510a,True,1.0,1.0,0.7187080967338878,1.0,1.0,1.0,0.8827950403057866,0
342,06d7515412d45507,True,1.0,1.0,0.8481589138083768,1.0,1.0,1.0,0.9367328807534904,0
343,06db90857b4e575d,True,1.0,1.0,0.9526603364958595,1.0,1.0,1.0,0.9802751402066082,0
344,06df6b00bdad5229,True,1.0,1.0,1.0,1.0,1.0,1.0,1.0,0
345,06e62670ddb152d9,True,1.0,1.0,1.0,1.0,1.0,1.0,1.0,0
346,06ea285b61b55a54,True,1.0,1.0,0.911973798164075,1.0,1.0,1.0,0.9633224159016979,0
347,06eaba80b0bf50f0,True,1.0,1.0,1.0,1.0,1.0,1.0,1.0,0
348,06f604b0d4835371,True,1.0,1.0,0.957082524828946,1.0,1.0,1.0,0.9821177186787274,0
349,06faec49379750a5,True,1.0,1.0,1.0,0.0,1.0,1.0,0.5833333333333334,0
350,06fbdeb141965cca,True,1.0,1.0,1.0,1.0,1.0,0.5,1.0,0
351,07064359a6215354,True,1.0,1.0,1.0,1.0,1.0,1.0,1.0,0
352,0706e8bf25805e91,True,1.0,1.0,1.0,1.0,1.0,1.0,1.0,0
353,070b688b49225760,True,1.0,1.0,1.0,1.0,1.0,1.0,1.0,0
354,0715626fc800527e,True,1.0,1.0,1.0,1.0,1.0,1.0,1.0,0
355,071b435a4f4057e0,True,1.0,1.0,0.982045524575292,1.0,1.0,1.0,0.9925189685730383,0
356,071d69045acb5971,True,1.0,1.0,0.9090496327766562,1.0,1.0,1.0,0.9621040136569401,0
357,071f7885a37e591f,True,1.0,1.0,1.0,1.0,1.0,1.0,1.0,0
358,0722adecc3d45ac4,True,1.0,1.0,0.8096233089802412,1.0,1.0,1.0,0.9206763787417671,0
359,072471bece365f16,True,1.0,1.0,0.8503055833586158,1.0,1.0,1.0,0.9376273263994234,0
360,0727a3cccad352d7,True,1.0,1.0,1.0,1.0,1.0,1.0,1.0,0
361,0735d8974394552b,True,1.0,1.0,1.0,1.0,1.0,1.0,1.0,0
362,073b782b57115061,True,1.0,1.0,0.8441937016322862,1.0,1.0,1.0,0.9350807090134525,0
363,073d05efa44b5241,True,1.0,1.0,1.0,1.0,1.0,0.0,1.0,0
364,07419a24b8e05171,True,1.0,1.0,1.0,1.0,1.0,1.0,1.0,0
365,0747dcc3a9b7501f,True,1.0,0.0,0.0,0.0,1.0,1.0,0.0,0
366,0748764d9de454ea,True,1.0,1.0,1.0,1.0,1.0,1.0,1.0,0
367,0749cf83cbbd5284,True,1.0,1.0,1.0,1.0,1.0,1.0,1.0,0
368,075154c90a0a5d7c,True,1.0,1.0,0.7192217816266621,1.0,1.0,1.0,0.8830090756777759,0
369,0751ef23000050f8,True,1.0,1.0,1.0,1.0,1.0,1.0,1.0,0
370,075cf94c3db15021,True,1.0,1.0,1.0,1.0,1.0,1.0,1.0,0
371,07667a86040c5332,True,1.0,1.0,0.8813389746312349,1.0,1.0,1.0,0.9505579060963479,0
372,0769a262b53b589e,True,1.0,1.0,0.8319674198511812,1.0,1.0,1.0,0.9299864249379922,0
373,076e4afb95d057cf,True,1.0,1.0,0.9914195250722365,1.0,1.0,1.0,0.9964248021134319,0
374,076f6be5815b547f,True,1.0,1.0,0.8682261173223359,1.0,1.0,1.0,0.9450942155509733,0
375,077031ef7dcb5ab4,True,1.0,1.0,1.0,1.0,1.0,1.0,1.0,0
376,0774f6d8e3185794,True,1.0,1.0,0.848420470420266,1.0,1.0,1.0,0.9368418626751108,0
377,0774f845fe6b5de3,True,1.0,1.0,1.0,1.0,1.0,1.0,1.0,0
378,0777f5a7263758be,True,1.0,1.0,1.0,1.0,1.0,1.0,1.0,0
379,077c80ecaed0548f,True,1.0,1.0,0.643893966634069,1.0,1.0,1.0,0.8516224860975288,0
380,077dd2d55c17560f,True,1.0,1.0,0.7326212378696377,1.0,1.0,1.0,0.8885921824456823,0
381,07846b829b3a575e,True,1.0,1.0,0.6833343088848006,1.0,1.0,1.0,0.8680559620353336,0
382,078bc1027dde5d1a,True,1.0,0.0,0.0,1.0,1.0,0.5,0.0,0
383,078f05d9e9c05230,True,1.0,1.0,0.8556559958589225,1.0,1.0,1.0,0.9398566649412178,0
384,07930113a85651b0,True,1.0,1.0,1.0,1.0,1.0,1.0,1.0,0
385,07952d3dbf4550de,True,0.0,1.0,0.0,0.0,1.0,1.0,0.0,0
386,07a369a8e34d541e,True,1.0,1.0,1.0,1.0,1.0,1.0,1.0,0
387,07a6f60eb9795462,True,1.0,1.0,0.8483563933322069,1.0,1.0,1.0,0.9368151638884195,0
388,07b814bfc2fb565d,True,1.0,1.0,0.9364940454712147,1.0,1.0,1.0,0.9735391856130061,0
389,07bc26f4b1735347,True,1.0,1.0,0.8610218236133739,1.0,1.0,1.0,0.9420924265055725,0
390,07bf0601ad425977,True,1.0,1.0,0.8261664012774256,1.0,1.0,1.0,0.9275693338655939,0
391,07c46d77aba054ec,True,0.0,1.0,0.0,0.0,1.0,0.5,0.0,0
392,07c5114fdb395f8b,True,1.0,1.0,0.9715411922515101,1.0,1.0,1.0,0.9881421634381292,0
393,07d1a751018a526f,True,1.0,1.0,0.8697465141092717,1.0,1.0,1.0,0.9457277142121966,0
394,07d45fff78625de2,True,1.0,1.0,1.0,1.0,1.0,1.0,1.0,0
395,07dc9de3dd855653,True,1.0,1.0,0.6132980138609473,1.0,1.0,1.0,0.8388741724420613,0
396,07dd30b182de5fa5,True,1.0,1.0,0.6210658821786412,1.0,1.0,1.0,0.8421107842411004,0
397,07e885122c9b5bd1,True,1.0,1.0,0.818859860582777,1.0,1.0,1.0,0.9245249419094904,0
398,07fb7a73409e53cf,True,1.0,1.0,0.9386992523510174,1.0,1.0,1.0,0.9744580218129238,0
399,0802a51b0a1d512c,True,1.0,1.0,0.5383019530571777,1.0,1.0,1.0,0.807625813773824,0
400,0809e84efac053e6,True,1.0,1.0,0.9532888823892004,1.0,1.0,1.0,0.9805370343288334,0
401,081b5785002b5962,True,1.0,1.0,1.0,1.0,1.0,1.0,1.0,0
402,08226b91e42858de,True,1.0,1.0,1.0,1.0,1.0,1.0,1.0,0
403,082381ecf93c57d6,True,1.0,1.0,0.6800036914566892,1.0,1.0,1.0,0.8666682047736205,0
404,082988f40658562c,True,0.0,0.0,0.0,0.0,1.0,1.0,0.0,0
405,082dba79a46d57b2,True,1.0,1.0,1.0,0.0,1.0,1.0,0.5833333333333334,0
406,082ea12d7b2355cb,True,1.0,1.0,1.0,1.0,1.0,1.0,1.0,0
407,0839e30e439d511f,True,1.0,1.0,0.6412711543775188,1.0,1.0,1.0,0.8505296476572995,0
408,084ce89976f1505e,True,1.0,1.0,0.9565190343473342,1.0,1.0,1.0,0.9818829309780558,0
409,0854af027e06530a,True,1.0,1.0,1.0,1.0,1.0,1.0,1.0,0
410,0855e09733fe5445,True,1.0,1.0,0.8336036639682961,1.0,1.0,1.0,0.9306681933201233,0
411,085f9a1ec71b50c2,True,1.0,1.0,1.0,1.0,1.0,1.0,1.0,0
412,0868436794795421,True,1.0,1.0,0.738856652161729,1.0,1.0,1.0,0.8911902717340539,0
413,08684d8a5d675f4a,True,1.0,1.0,1.0,1.0,1.0,1.0,1.0,0
414,086e0f2ff2c45bb3,True,1.0,1.0,1.0,1.0,1.0,1.0,1.0,0
415,086e4501de295946,True,1.0,1.0,1.0,1.0,1.0,1.0,1.0,0
416,0879b546c3cb5615,True,1.0,1.0,1.0,1.0,1.0,1.0,1.0,0
417,087df0996ade50d3,True,1.0,1.0,0.9401872264520785,1.0,1.0,1.0,0.9750780110216993,0
418,087e15b24dd55c90,True,1.0,1.0,0.7865136837989439,1.0,1.0,1.0,0.91104736824956,0
419,088b38f5e629514b,True,1.0,1.0,0.8594363409181197,1.0,1.0,1.0,0.9414318087158833,0
420,088cebb101bf5ed6,True,1.0,1.0,1.0,1.0,1.0,1.0,1.0,0
421,08977ce458945f04,True,1.0,1.0,0.9805387792909892,1.0,1.0,1.0,0.9918911580379121,0
422,089e3eac4f7e5c5c,True,1.0,1.0,0.9012145581875067,1.0,1.0,1.0,0.9588393992447944,0
423,089e8e85fb9b5f6c,True,1.0,1.0,0.7061751161682452,1.0,1.0,0.5,0.8775729650701022,0
424,08a135d9245b50c2,True,1.0,1.0,0.9673632628261427,1.0,1.0,1.0,0.9864013595108928,0
425,08a80ada64475443,True,1.0,1.0,0.8374755507394364,1.0,1.0,1.0,0.932281479474765,0
426,08a8fc71ab1b57c2,True,1.0,1.0,0.8908900517042276,1.0,1.0,1.0,0.9545375215434282,0
427,08ac82bf0eeb5661,True,1.0,1.0,1.0,1.0,1.0,1.0,1.0,0
428,08b1894421c455ed,True,1.0,1.0,0.9196757168476997,1.0,1.0,1.0,0.9665315486865415,0
429,08b29b05bc4650f8,True,1.0,1.0,0.7927397012422952,1.0,1.0,1.0,0.9136415421842896,0
430,08b6a130aaa35629,True,1.0,1.0,1.0,1.0,1.0,1.0,1.0,0
431,08b8808b5cf351c3,True,1.0,1.0,0.6434678082678331,1.0,1.0,1.0,0.8514449201115971,0
432,08c1c8fbe5435208,True,1.0,1.0,0.9306960769215898,1.0,1.0,1.0,0.9711233653839958,0
433,08c2b3b529de59d4,True,1.0,1.0,0.8517581176540024,1.0,1.0,1.0,0.9382325490225011,0
434,08ca490a89c4544e,True,1.0,1.0,0.7383723094851752,1.0,1.0,1.0,0.8909884622854897,0
435,08dad3e5005658df,True,1.0,1.0,0.7147043295492423,1.0,1.0,1.0,0.881126803978851,0
436,08dfae1bbef35bdc,True,1.0,1.0,0.8187091726307234,1.0,1.0,1.0,0.9244621552628014,0
437,08e025b8ab6253bc,True,1.0,1.0,0.8945126258342257,1.0,1.0,1.0,0.9560469274309273,0
438,08e03654c0ca5151,True,1.0,1.0,1.0,1.0,1.0,1.0,1.0,0
439,08e2e519ac1e5226,True,1.0,1.0,1.0,1.0,1.0,1.0,1.0,0
440,08e5f4c2c0965b15,True,1.0,1.0,1.0,1.0,1.0,1.0,1.0,0
441,08e8092f5e66571f,True,1.0,1.0,0.8122090380775192,1.0,1.0,1.0,0.921753765865633,0
442,08ebfd6fbc145517,True,1.0,1.0,0.9727767036357765,1.0,1.0,1.0,0.9886569598482402,0
443,08fc5ba619bc535c,True,1.0,1.0,1.0,1.0,1.0,1.0,1.0,0
444,08fcb3344bea538d,True,1.0,1.0,0.7292646921980321,1.0,1.0,1.0,0.88719362174918,0
445,09027c0129cd568b,True,0.0,1.0,0.0,0.0,1.0,1.0,0.0,0
446,09034d77d3b15c5a,True,1.0,0.0,0.0,1.0,1.0,1.0,0.0,0
447,090594c37ce256a3,True,1.0,1.0,1.0,1.0,1.0,1.0,1.0,0
448,090a482cb7335520,True,1.0,1.0,0.9780035864313039,1.0,1.0,1.0,0.99083482767971,0
449,090af86f693c507b,True,1.0,1.0,0.7977256579807452,1.0,1.0,1.0,0.9157190241586438,0
450,090d6a17e77d59b5,True,1.0,1.0,0.9839230062706374,1.0,1.0,1.0,0.9933012526127656,0
451,0924309bada05ea6,True,1.0,1.0,0.8853775025222548,1.0,1.0,1.0,0.9522406260509394,0
452,0928c39f05db52c5,True,1.0,1.0,0.8755860550675771,1.0,1.0,1.0,0.948160856278157,0
453,092e56d3db8b5e24,True,1.0,1.0,0.7631944897116544,1.0,1.0,1.0,0.901331037379856,0
454,093362cabde15b52,True,1.0,1.0,0.8206871850150652,1.0,1.0,1.0,0.9252863270896104,0
455,0937290700b851a0,True,1.0,1.0,0.9823135092829128,1.0,1.0,1.0,0.9926306288678802,0
456,09436f14d3185748,True,1.0,1.0,1.0,1.0,1.0,1.0,1.0,0
457,094551eaba7351f5,True,1.0,1.0,0.8914335551120736,1.0,1.0,1.0,0.9547639812966974,0
458,094846d2fa755e29,True,1.0,1.0,0.9812967673848428,1.0,1.0,1.0,0.9922069864103511,0
459,095042ae1f985c39,True,1.0,1.0,0.6786013008410335,1.0,1.0,0.5,0.8660838753504306,0
460,0965108c193757a9,True,1.0,1.0,1.0,1.0,1.0,1.0,1.0,0
461,0969be1cc6a85a76,True,1.0,1.0,0.8202366071702888,1.0,1.0,1.0,0.9250985863209538,0
462,096d823b664e5972,True,1.0,1.0,0.7163838230107248,1.0,1.0,1.0,0.8818265929211354,0
463,0972cf3a4c5d5a39,True,1.0,1.0,0.8130097067194478,1.0,1.0,1.0,0.9220873777997699,0
464,09779eb483435cab,True,1.0,1.0,1.0,1.0,1.0,1.0,1.0,0
465,097d35208fcb587c,True,1.0,1.0,0.6585803494849926,1.0,1.0,1.0,0.8577418122854136,0
466,09832085301555df,True,1.0,1.0,1.0,1.0,1.0,1.0,1.0,0
467,098c8aa8816b5805,True,1.0,1.0,0.8563123475139027,1.0,1.0,1.0,0.9401301447974596,0
468,0992d669b9a25a25,True,1.0,1.0,0.7670985442267794,1.0,1.0,1.0,0.902957726761158,0
469,0994517bde3c5188,True,1.0,1.0,0.5939971767336111,1.0,1.0,1.0,0.8308321569723379,0
470,09978bee1b655865,True,1.0,1.0,0.8197898353822671,1.0,1.0,1.0,0.924912431409278,0
471,099ba96d3bca51c3,True,1.0,1.0,0.6210207506812825,1.0,1.0,1.0,0.8420919794505344,0
472,099ded1754bb5d98,True,1.0,1.0,0.8176211305573816,1.0,1.0,1.0,0.924008804398909,0
473,099ff4835ee45eb6,True,1.0,1.0,0.9659418212269856,1.0,1.0,1.0,0.9858090921779107,0
474,09a004a6ded55f7e,True,1.0,1.0,0.9982816322081417,1.0,1.0,1.0,0.9992840134200591,0
475,09a0456056555b0a,True,0.0,1.0,0.0,0.0,1.0,1.0,0.0,0
476,09a81436114951ab,True,1.0,1.0,0.8546663373160234,1.0,1.0,1.0,0.9394443072150098,0
477,09a859498436512e,True,1.0,1.0,1.0,1.0,1.0,1.0,1.0,0
478,09babda49aa659a1,True,1.0,1.0,1.0,1.0,1.0,1.0,1.0,0
479,09be81c492625fd5,True,1.0,1.0,0.8388213790600993,1.0,1.0,1.0,0.9328422412750413,0
480,09bf6cc1f6545219,True,1.0,1.0,0.8474183745508994,1.0,1.0,1.0,0.9364243227295415,0
481,09bfb9a8f83b5079,True,1.0,1.0,1.0,1.0,1.0,1.0,1.0,0
482,09c56525e8e853a8,True,1.0,1.0,0.8201234165333335,1.0,1.0,1.0,0.9250514235555557,0
483,09cd7b3746d65a79,True,1.0,1.0,0.9063053191378273,1.0,1.0,1.0,0.9609605496407614,0
484,09ce454826895686,True,1.0,1.0,0.8293274417906014,1.0,1.0,1.0,0.9288864340794172,0
485,09d33cf8b87c5ae3,True,1.0,1.0,0.5757553583395131,1.0,1.0,1.0,0.8232313993081304,0
486,09d424ddf3a558b3,True,1.0,1.0,1.0,1.0,1.0,1.0,1.0,0
487,09d9a0cd32c25dee,True,1.0,0.0,0.0,1.0,1.0,1.0,0.0,0
488,09da6a53016b5333,True,1.0,1.0,1.0,1.0,1.0,1.0,1.0,0
489,09dc77e888295011,True,1.0,1.0,0.7166998890549352,1.0,1.0,1.0,0.8819582871062229,0
490,09df1da0af885ddd,True,1.0,1.0,0.8582684329707028,1.0,1.0,1.0,0.9409451804044595,0
491,09e2eda76fde54ae,True,1.0,1.0,1.0,1.0,1.0,1.0,1.0,0
492,09e4d1d929535af0,True,1.0,1.0,1.0,1.0,1.0,1.0,1.0,0
493,09fc278e5d43564f,True,1.0,1.0,0.7772662519237401,1.0,1.0,1.0,0.9071942716348916,0
494,09fda519bc395630,True,1.0,1.0,0.9119616376299434,1.0,1.0,1.0,0.9633173490124763,0
495,0a06f8a3204d5e11,True,1.0,1.0,0.8988534686855257,1.0,1.0,1.0,0.9578556119523024,0
496,0a08850db6e35ab7,True,1.0,1.0,0.8612132803527294,1.0,1.0,1.0,0.9421722001469707,0
497,0a0d91d55b0757f8,True,1.0,1.0,0.9163804720840728,1.0,1.0,1.0,0.9651585300350304,0
498,0a0d98c22d765e1e,True,1.0,1.0,1.0,1.0,1.0,1.0,1.0,0
499,0a177b48593d521c,True,1.0,1.0,1.0,0.0,1.0,1.0,0.5833333333333334,0
500,0a21cbc65e5b514f,True,1.0,1.0,0.6987783390935451,1.0,1.0,1.0,0.8744909746223105,0
501,0a2a71c0b34c5f10,True,1.0,1.0,0.8526412862628628,1.0,1.0,1.0,0.9386005359428595,0
502,0a2b9bb1214f5e2f,True,1.0,1.0,0.8123956406759458,1.0,1.0,1.0,0.9218315169483108,0
503,0a2f44ba3be05531,True,1.0,1.0,0.8809233718712625,1.0,1.0,1.0,0.9503847382796927,0
504,0a3caedd4a7c5394,True,1.0,1.0,0.9074302158733835,1.0,1.0,1.0,0.9614292566139099,0
505,0a3da14f3cba564a,True,1.0,1.0,0.8125740885899103,1.0,1.0,1.0,0.9219058702457961,0
506,0a44947ca9e85579,True,1.0,1.0,0.9851632742786565,1.0,1.0,1.0,0.9938180309494401,0
507,0a4752bc6c8b5174,True,1.0,1.0,0.8586147134782129,1.0,1.0,1.0,0.9410894639492554,0
508,0a4cf95e90d45770,True,1.0,1.0,1.0,1.0,1.0,1.0,1.0,0
509,0a50c123ca24584f,True,1.0,1.0,1.0,1.0,1.0,1.0,1.0,0
510,0a51eb8adf8e5391,True,1.0,1.0,0.6239738824813299,1.0,1.0,1.0,0.8433224510338876,0
511,0a51eebaccc95c36,True,1.0,1.0,0.9118535874730339,1.0,1.0,1.0,0.9632723281137642,0
512,0a571473239f5c89,True,1.0,1.0,0.9205406713501414,1.0,1.0,1.0,0.9668919463958923,0
513,0a5780be84565110,True,1.0,1.0,1.0,1.0,1.0,1.0,1.0,0
514,0a6021edcc74538a,True,1.0,1.0,0.8505317127816279,1.0,1.0,1.0,0.9377215469923449,0
515,0a649534cf715ba2,True,1.0,1.0,0.7454987793969945,1.0,1.0,1.0,0.8939578247487477,0
516,0a672fa6dbb95d68,True,1.0,1.0,0.790688546571317,1.0,1.0,1.0,0.9127868944047154,0
517,0a6906b694b65108,True,1.0,1.0,1.0,1.0,1.0,1.0,1.0,0
518,0a6e90cccbb15213,True,1.0,1.0,0.9966689459930171,1.0,1.0,0.5,0.9986120608304239,0
519,0a73f089868458e4,True,1.0,1.0,1.0,1.0,1.0,1.0,1.0,0
520,0a746c037a905da7,True,0.0,1.0,0.0,0.0,1.0,1.0,0.0,0
521,0a77356a8ee85133,True,1.0,1.0,0.8206628777562659,1.0,1.0,1.0,0.9252761990651108,0
522,0a7ed373b7de5037,True,1.0,1.0,0.840816782133108,1.0,1.0,1.0,0.9336736592221283,0
523,0a8612e9d0df52f1,True,1.0,1.0,1.0,1.0,1.0,1.0,1.0,0
524,0a887c5364a457cd,True,1.0,1.0,0.9020633091456274,1.0,1.0,1.0,0.9591930454773449,0
525,0a8ba5b315e555ab,True,1.0,1.0,0.7489710599042667,1.0,1.0,1.0,0.8954046082934445,0
526,0a8c2aac609d5a04,True,1.0,1.0,0.7691707295449943,1.0,1.0,1.0,0.9038211373104144,0
527,0a91b3a6e4ae56fe,True,1.0,1.0,0.8970577492940539,1.0,1.0,1.0,0.9571073955391891,0
528,0a954cc695e751ab,True,1.0,1.0,0.7906194248481317,1.0,1.0,1.0,0.9127580936867216,0
529,0a99133136835ee9,True,1.0,1.0,1.0,1.0,1.0,1.0,1.0,0
530,0aa18dd2372d5e11,True,1.0,1.0,1.0,1.0,1.0,1.0,1.0,0
531,0aa8c67f04b75a41,True,1.0,1.0,0.9025498060613205,1.0,1.0,1.0,0.9593957525255502,0
532,0ab7e69f15735883,True,1.0,1.0,0.8763684566663956,1.0,1.0,1.0,0.9484868569443314,0
533,0abc30416c5a59cd,True,1.0,1.0,1.0,1.0,1.0,1.0,1.0,0
534,0ac3823481f15815,True,1.0,1.0,0.7000455428751434,1.0,1.0,1.0,0.8750189761979764,0
535,0ac560549a495626,True,1.0,1.0,1.0,1.0,1.0,1.0,1.0,0
536,0acd819b9eae51f7,True,1.0,1.0,0.8012208996299507,1.0,1.0,1.0,0.9171753748458128,0
537,0ad9939a6b875bf8,True,1.0,1.0,0.6086045127496232,1.0,1.0,1.0,0.8369185469790098,0
538,0ae1539816f55b5f,True,1.0,1.0,0.948790891639604,1.0,1.0,1.0,0.9786628715165016,0
539,0ae4ce0255695d31,True,1.0,0.0,0.0,1.0,1.0,1.0,0.0,0
540,0ae7ba2fd0f95d17,True,1.0,1.0,0.783623583324802,1.0,1.0,1.0,0.9098431597186675,0
541,0aee34efc8445718,True,1.0,1.0,0.9329057535171,1.0,1.0,1.0,0.9720440639654583,0
542,0af18cfd826c5086,True,1.0,1.0,0.7895421314833911,1.0,1.0,1.0,0.9123092214514129,0
543,0af3e039185d57f3,True,1.0,1.0,1.0,1.0,1.0,1.0,1.0,0
544,0af464147919575d,True,1.0,1.0,1.0,1.0,1.0,1.0,1.0,0
545,0af68cc78d085fdb,True,1.0,1.0,0.7635562851958303,1.0,1.0,1.0,0.9014817854982627,0
546,0b046094d70257ed,True,1.0,1.0,0.9998604319313483,1.0,1.0,1.0,0.9999418466380617,0
547,0b0a419d29cf5e9a,True,1.0,1.0,0.7804901498648397,1.0,1.0,1.0,0.9085375624436832,0
548,0b0a92d14c3c508e,True,1.0,1.0,1.0,1.0,1.0,1.0,1.0,0
549,0b1250020ea95539,True,1.0,1.0,0.8463152472501496,1.0,1.0,1.0,0.9359646863542291,0
550,0b12ac5676875ade,True,1.0,1.0,0.8156402117390724,1.0,1.0,1.0,0.923183421557947,0
551,0b177a1d821055ea,True,1.0,1.0,1.0,1.0,1.0,1.0,1.0,0
552,0b1a626ef31150b3,True,1.0,1.0,1.0,1.0,1.0,1.0,1.0,0
553,0b232677746253a0,True,1.0,1.0,1.0,1.0,1.0,1.0,1.0,0
554,0b23b3823c4d57da,True,1.0,1.0,0.9353739371318655,1.0,1.0,1.0,0.9730724738049439,0
555,0b2839db08ae5ed6,True,1.0,1.0,0.798182631542962,1.0,1.0,1.0,0.9159094298095676,0
556,0b2bdcb48c3e561a,True,1.0,1.0,0.8418338773612022,1.0,1.0,1.0,0.9340974489005008,0
557,0b3774b9729455e1,True,1.0,1.0,1.0,1.0,1.0,1.0,1.0,0
558,0b3a16034cc35dc0,True,1.0,1.0,0.812978892282356,1.0,1.0,1.0,0.9220745384509815,0
559,0b3d3edbc52d5ddd,True,1.0,1.0,0.897354796678979,1.0,1.0,1.0,0.9572311652829079,0
560,0b4617cb0ac15035,True,1.0,1.0,0.8412011890746427,1.0,1.0,1.0,0.9338338287811011,0
561,0b4a7c2ba59e5a8c,True,1.0,1.0,0.9499288472100839,1.0,1.0,1.0,0.9791370196708682,0
562,0b4c7130090c5e85,True,1.0,1.0,1.0,1.0,1.0,1.0,1.0,0
563,0b4dfcb47cb85e89,True,1.0,1.0,0.7469504554660801,1.0,1.0,1.0,0.8945626897775334,0
564,0b57b00279885fd4,True,1.0,1.0,0.7949786952811158,1.0,1.0,1.0,0.9145744563671316,0
565,0b5b1309df2f5627,True,1.0,1.0,0.8793434886352894,1.0,1.0,1.0,0.9497264535980373,0
566,0b66f76610bc5f63,True,1.0,1.0,0.9017084283403692,1.0,1.0,1.0,0.9590451784751538,0
567,0b6912dfdcf450c1,True,1.0,1.0,1.0,1.0,1.0,1.0,1.0,0
568,0b714952ea0b5017,True,1.0,1.0,0.7660479765929151,1.0,1.0,1.0,0.9025199902470481,0
569,0b7ee9446b7f541e,True,1.0,1.0,0.9906937628106078,1.0,1.0,1.0,0.9961224011710866,0
570,0b81fee06b6156d5,True,1.0,1.0,1.0,0.0,1.0,1.0,0.5833333333333334,0
571,0b97850e408e5a95,True,1.0,1.0,1.0,1.0,1.0,1.0,1.0,0
572,0b99739b06c455bf,True,1.0,1.0,0.8317915165548047,1.0,1.0,1.0,0.9299131318978353,0
573,0b9a48e2b0d351b9,True,1.0,1.0,1.0,1.0,1.0,1.0,1.0,0
574,0ba42ee3c2555502,True,1.0,1.0,0.6583601148689021,1.0,1.0,1.0,0.8576500478620425,0
575,0ba54149d1575f95,True,1.0,1.0,1.0,1.0,1.0,1.0,1.0,0
576,0bab0d24762a596d,True,1.0,1.0,1.0,1.0,1.0,1.0,1.0,0
577,0bb13e6e40385c18,True,1.0,1.0,0.9378577515776902,1.0,1.0,1.0,0.9741073964907043,0
578,0bb3e400083659c7,True,1.0,1.0,1.0,1.0,1.0,1.0,1.0,0
579,0bbfb35740e25929,True,1.0,1.0,0.883339658851228,1.0,1.0,1.0,0.951391524521345,0
580,0bc2eec7ad2c5599,True,1.0,1.0,1.0,1.0,1.0,1.0,1.0,0
581,0bc64fd1b3ff5d1a,True,1.0,1.0,1.0,1.0,1.0,1.0,1.0,0
582,0bcae698fd905226,True,1.0,1.0,1.0,1.0,1.0,1.0,1.0,0
583,0bcebe354a715163,True,1.0,1.0,0.7629269963487424,1.0,1.0,1.0,0.901219581811976,0
584,0bced38a12a352c4,True,1.0,1.0,1.0,1.0,1.0,1.0,1.0,0
585,0bd3bce35ed159be,True,1.0,1.0,0.793597952572291,1.0,1.0,1.0,0.9139991469051213,0
586,0bd89ca329cd55f9,True,1.0,1.0,0.5720263463944641,1.0,1.0,1.0,0.8216776443310266,0
587,0bd98f90f42350a3,True,1.0,1.0,0.9380807325376591,1.0,1.0,1.0,0.9742003052240246,0
588,0bdc177e43cf5df8,True,1.0,1.0,0.7339359083425389,1.0,1.0,1.0,0.8891399618093913,0
589,0be1a98f7d1f5fce,True,1.0,1.0,1.0,1.0,1.0,1.0,1.0,0
590,0beacadfbc4553ea,True,1.0,1.0,0.8406170843645512,1.0,1.0,0.0,0.933590451818563,0
591,0bee5ed0a0a957fd,True,1.0,1.0,0.8507911244547012,1.0,1.0,1.0,0.9378296351894587,0
592,0bf5bbbd53fe5ea6,True,1.0,1.0,1.0,1.0,1.0,1.0,1.0,0
593,0bf961d076bc5a15,True,1.0,1.0,1.0,1.0,1.0,1.0,1.0,0
594,0c0044f312655c94,True,1.0,1.0,0.6699100829597181,1.0,1.0,1.0,0.8624625345665492,0
595,0c027fc454685c14,True,1.0,1.0,0.907373773853941,1.0,1.0,1.0,0.9614057391058087,0
596,0c136e28e54f58b6,True,1.0,1.0,1.0,1.0,1.0,1.0,1.0,0
597,0c267e7911165e9f,True,1.0,1.0,0.961728591279236,1.0,1.0,1.0,0.9840535796996818,0
598,0c318d7923d15b78,True,1.0,1.0,0.8945490516860913,1.0,1.0,1.0,0.9560621048692047,0
599,0c330f8c6d6658ee,True,1.0,1.0,0.8718938671115667,1.0,1.0,1.0,0.9466224446298194,0
600,0c38a8ace1f5548e,True,1.0,1.0,0.9832364202393806,1.0,1.0,1.0,0.9930151750997419,0
601,0c3a4023a05d507c,True,1.0,1.0,0.7623007975780737,1.0,1.0,1.0,0.9009586656575307,0
602,0c3c4cd553475d3a,True,1.0,1.0,0.8573325265825383,1.0,1.0,1.0,0.9405552194093909,0
603,0c3c5692dcdd5bdc,True,1.0,1.0,0.9725762450342227,1.0,1.0,1.0,0.9885734354309261,0
604,0c3f741051575a36,True,1.0,1.0,0.842976883355426,1.0,1.0,1.0,0.9345737013980941,0
605,0c437f9a102c57f4,True,1.0,1.0,0.8899653829862397,1.0,1.0,1.0,0.9541522429109333,0
606,0c4bafb20cea5e44,True,1.0,1.0,1.0,1.0,1.0,1.0,1.0,0
607,0c4bf4c931b05734,True,1.0,1.0,0.8289174274836655,1.0,1.0,1.0,0.9287155947848605,0
608,0c4f97d3255155e4,True,1.0,0.0,0.0,1.0,1.0,1.0,0.0,0
609,0c5365f52bac5785,True,1.0,1.0,1.0,1.0,1.0,1.0,1.0,0
610,0c54c8dfbe56567f,True,1.0,1.0,0.7503580999821,1.0,1.0,1.0,0.8959825416592083,0
611,0c5feb2794e9579c,True,1.0,1.0,1.0,1.0,1.0,1.0,1.0,0
612,0c625b3536f2553d,True,1.0,1.0,1.0,1.0,1.0,1.0,1.0,0
613,0c6772102cc550ef,True,1.0,1.0,1.0,1.0,1.0,1.0,1.0,0
614,0c77bbb199f3589f,True,1.0,1.0,0.9363734950346604,1.0,1.0,1.0,0.9734889562644419,0
615,0c81f22d5e0658de,True,1.0,1.0,0.8333380983573169,1.0,1.0,1.0,0.9305575409822153,0
616,0c86ab0f851559e8,True,1.0,1.0,1.0,1.0,1.0,1.0,1.0,0
617,0c8b9f08bfa25dc2,True,1.0,1.0,1.0,1.0,1.0,1.0,1.0,0
618,0c8e3fd67ae45324,True,1.0,1.0,0.6948784461669852,1.0,1.0,1.0,0.8728660192362439,0
619,0c9105d8ad6a5f52,True,1.0,1.0,0.9877603287039982,1.0,1.0,1.0,0.9949001369599992,0
620,0c91824ce1e65b6e,True,1.0,1.0,0.7728484285293461,1.0,1.0,1.0,0.9053535118872276,0
621,0c931f9db55e5fcc,True,1.0,1.0,1.0,1.0,1.0,1.0,1.0,0
622,0c94bd3548525c31,True,1.0,1.0,0.9102797263053913,1.0,1.0,1.0,0.9626165526272464,0
623,0ca7781c66ea5fc9,True,1.0,1.0,0.8022917792769035,1.0,1.0,1.0,0.9176215746987099,0
624,0cb51b0d4e285c55,True,1.0,1.0,1.0,1.0,1.0,1.0,1.0,0
625,0cb87152ed5e5ca1,True,1.0,1.0,0.9728838869138808,1.0,1.0,1.0,0.9887016195474504,0
626,0cbeffce57295a2b,True,1.0,1.0,1.0,1.0,1.0,1.0,1.0,0
627,0cc24c1449cd54f9,True,1.0,1.0,1.0,1.0,1.0,1.0,1.0,0
628,0ccd35e238885817,True,1.0,1.0,1.0,1.0,1.0,1.0,1.0,0
629,0cd0aaeb35c95094,True,1.0,1.0,0.8500842648329,1.0,1.0,1.0,0.9375351103470416,0
630,0cdeb48fac9d5292,True,1.0,1.0,0.7929725535705889,1.0,1.0,1.0,0.9137385639877454,0
631,0ce170237acd51c2,True,1.0,1.0,1.0,1.0,1.0,1.0,1.0,0
632,0ceeda78f4745942,True,1.0,1.0,0.8632242136527427,1.0,1.0,1.0,0.9430100890219761,0
633,0cf1a04807e1505b,True,1.0,1.0,1.0,1.0,1.0,1.0,1.0,0
634,0cf22b3901945e24,True,1.0,1.0,0.8587874867516374,1.0,1.0,1.0,0.9411614528131823,0
635,0cf7d096e8c05fed,True,1.0,1.0,0.7012300807005925,1.0,1.0,1.0,0.8755125336252468,0
636,0cf908f72d885124,True,1.0,1.0,1.0,1.0,1.0,1.0,1.0,0
637,0d0972c70bd955cc,True,1.0,1.0,0.9115682210489703,1.0,1.0,1.0,0.9631534254370709,0
638,0d09772186295ff0,True,1.0,1.0,1.0,0.0,1.0,1.0,0.5833333333333334,0
639,0d145fab90475c8f,True,1.0,1.0,0.855337106568495,1.0,1.0,1.0,0.9397237944035396,0
640,0d150320916f5b2d,True,1.0,1.0,0.973216553764296,1.0,1.0,1.0,0.9888402307351233,0
641,0d161d05f98354dc,True,1.0,1.0,1.0,0.0,1.0,1.0,0.5833333333333334,0
642,0d1800f960bf5d51,True,1.0,1.0,1.0,0.0,1.0,1.0,0.5833333333333334,0
643,0d1b753fd19f55cb,True,1.0,1.0,0.7272799659658722,1.0,1.0,1.0,0.8863666524857802,0
644,0d2403a8031f540c,True,1.0,1.0,1.0,1.0,1.0,1.0,1.0,0
645,0d2e670274c65f81,True,1.0,1.0,0.7253300595524634,1.0,1.0,0.5,0.8855541914801931,0
646,0d2ff90baf395430,True,1.0,1.0,1.0,1.0,1.0,1.0,1.0,0
647,0d35a8e6a98a5759,True,1.0,1.0,1.0,1.0,1.0,1.0,1.0,0
648,0d391852df3f5737,True,1.0,1.0,0.930097275917583,1.0,1.0,1.0,0.9708738649656595,0
649,0d3dd11b84c8518e,True,1.0,1.0,0.842475952047824,1.0,1.0,1.0,0.9343649800199266,0
650,0d40059cfdf75e7a,True,1.0,1.0,0.9982548141885618,1.0,1.0,1.0,0.999272839245234,0
651,0d472b2f14735fd1,True,1.0,1.0,0.8919366853112018,1.0,1.0,1.0,0.9549736188796674,0
652,0d49407b94b259e8,True,1.0,1.0,1.0,1.0,1.0,1.0,1.0,0
653,0d50bb8976e45ea7,True,1.0,1.0,0.9040626368477982,1.0,1.0,1.0,0.9600260986865825,0
654,0d5496cc08dc50fe,True,1.0,1.0,1.0,1.0,1.0,1.0,1.0,0
655,0d5b8da00d505be0,True,1.0,1.0,0.874358997824517,1.0,1.0,1.0,0.947649582426882,0
656,0d602f62f3ad5c65,True,1.0,1.0,0.8288442356600113,1.0,1.0,1.0,0.9286850981916714,0
657,0d6296a5295a5835,True,1.0,1.0,0.8920422169041318,0.0,1.0,1.0,0.5383509237100549,0
658,0d63314a528159c9,True,1.0,1.0,0.8780119678253552,1.0,1.0,1.0,0.9491716532605646,0
659,0d74b112df715917,True,0.0,1.0,0.0,0.0,1.0,1.0,0.0,0
660,0d77009a20f25175,True,1.0,1.0,0.8894273939406817,1.0,1.0,1.0,0.9539280808086174,0
661,0d7cf272469a5a97,True,1.0,1.0,0.8023921473898341,1.0,1.0,1.0,0.9176633947457642,0
662,0d7d0361dc665d25,True,1.0,1.0,1.0,1.0,1.0,1.0,1.0,0
663,0d7f280bf979592b,True,1.0,1.0,0.6307382209886849,1.0,1.0,1.0,0.8461409254119521,0
664,0d857e82084e56be,True,1.0,1.0,0.6747869861054543,1.0,1.0,1.0,0.8644945775439393,0
665,0d8610ae20005e45,True,1.0,1.0,0.8565440768994556,1.0,1.0,0.0,0.9402266987081065,0
666,0d8754f6d53d5968,True,1.0,1.0,0.6654932576209844,1.0,1.0,1.0,0.8606221906754102,0
667,0d9243e74a1a501a,True,1.0,1.0,0.718210103762202,1.0,1.0,1.0,0.8825875432342508,0
668,0d93c2f3442752d9,True,1.0,1.0,1.0,1.0,1.0,1.0,1.0,0
669,0d95350d8f3b516b,True,1.0,1.0,1.0,1.0,1.0,1.0,1.0,0
670,0da11f45cc1b51ac,True,1.0,1.0,1.0,1.0,1.0,1.0,1.0,0
671,0da1e53d70565ba4,True,1.0,1.0,0.8733940491656007,1.0,1.0,1.0,0.947247520485667,0
672,0da520f851415d75,True,1.0,1.0,1.0,1.0,1.0,1.0,1.0,0
673,0da8a13fb4855214,True,1.0,1.0,0.8304794392304435,1.0,1.0,1.0,0.9293664330126848,0
674,0db36f777178525a,True,1.0,1.0,0.833062614022007,1.0,1.0,1.0,0.9304427558425029,0
675,0db4879927b35dc0,True,1.0,1.0,0.8322392710081962,1.0,1.0,1.0,0.9300996962534152,0
676,0dc3dee5c8815a90,True,1.0,1.0,1.0,1.0,1.0,1.0,1.0,0
677,0dc4e0a3f0195741,True,1.0,1.0,0.9255338098182188,1.0,1.0,1.0,0.968972420757591,0
678,0dc54a8c8203567b,True,1.0,1.0,0.7856629896660197,0.0,1.0,1.0,0.49402624569417486,0
679,0dd23f4ea286544f,True,1.0,1.0,1.0,1.0,1.0,1.0,1.0,0
680,0dd3297ee86d56c9,True,1.0,1.0,1.0,1.0,1.0,1.0,1.0,0
681,0dd6fe46c94055ec,True,1.0,1.0,1.0,1.0,1.0,1.0,1.0,0
682,0dd9b379a2e3595f,True,1.0,1.0,0.6757509921505154,1.0,1.0,1.0,0.8648962467293814,0
683,0ddc071278375700,True,1.0,1.0,0.6757882945009394,1.0,1.0,1.0,0.8649117893753914,0
684,0ddc4576607e561e,True,1.0,1.0,1.0,1.0,1.0,1.0,1.0,0
685,0de3f9728fc651a6,True,1.0,1.0,0.7196828781558979,1.0,1.0,1.0,0.8832011992316241,0
686,0defa8939c9851ea,True,1.0,1.0,0.9856033594907644,1.0,1.0,1.0,0.9940013997878184,0
687,0df213c579225af6,True,1.0,1.0,0.8455221038269042,1.0,1.0,1.0,0.9356342099278767,0
688,0df6533b550c58c1,True,1.0,1.0,1.0,1.0,1.0,1.0,1.0,0
689,0df6f24a95e75544,True,1.0,1.0,1.0,1.0,1.0,1.0,1.0,0
690,0df7b61597705cf2,True,0.0,1.0,0.0,0.0,1.0,1.0,0.0,0
691,0dfcc232f8445d3f,True,1.0,1.0,0.7907919562772677,1.0,1.0,1.0,0.9128299817821949,0
692,0dfdaa7ed7445e7c,True,1.0,1.0,0.7472645766554246,1.0,1.0,1.0,0.8946935736064269,0
693,0dff39153a005f4f,True,1.0,1.0,0.8756471099979196,1.0,1.0,1.0,0.9481862958324664,0
694,0e016d945ce25090,True,1.0,1.0,0.9908581240986261,1.0,1.0,1.0,0.9961908850410941,0
695,0e04335474bf5b6e,True,1.0,1.0,0.6793882314523725,1.0,1.0,1.0,0.8664117631051552,0
696,0e08da5fbc735956,True,1.0,1.0,0.8603097390351073,1.0,1.0,1.0,0.9417957245979615,0
697,0e0e30877d725664,True,1.0,1.0,0.8342699124001046,1.0,1.0,1.0,0.9309457968333769,0
698,0e15e43a4c725f49,True,1.0,1.0,1.0,1.0,1.0,1.0,1.0,0
699,0e198cad33c65494,True,1.0,1.0,0.8440849177039248,1.0,1.0,1.0,0.9350353823766353,0
700,0e272e003af65a71,True,0.0,1.0,0.0,0.0,1.0,1.0,0.0,0
701,0e27333e64a45dfb,True,1.0,1.0,0.8204749608739745,1.0,1.0,1.0,0.9251979003641561,0
702,0e2ed241aa315929,True,1.0,1.0,0.8392103586317685,1.0,1.0,1.0,0.9330043160965702,0
703,0e2f2cb6712550b7,True,1.0,1.0,0.9920291122066917,1.0,1.0,1.0,0.9966787967527883,0
704,0e3f26bc3e1056ba,True,1.0,1.0,1.0,1.0,1.0,1.0,1.0,0
705,0e479a9039ef5c10,True,1.0,1.0,0.8941095787271045,1.0,1.0,1.0,0.9558789911362936,0
706,0e4dac4154695627,True,1.0,1.0,0.7866407450918005,1.0,1.0,1.0,0.9111003104549168,0
707,0e5653822a7a56b3,True,1.0,1.0,0.7258954603508593,1.0,1.0,1.0,0.8857897751461913,0
708,0e60a3a86ce2570d,True,1.0,1.0,0.4950470033944209,1.0,1.0,1.0,0.7896029180810088,0
709,0e681d3870795a3a,True,1.0,1.0,1.0,1.0,1.0,1.0,1.0,0
710,0e6a9b4fe9ec5443,True,1.0,1.0,0.8008880449431657,1.0,1.0,1.0,0.9170366853929858,0
711,0e6cae45fdd5536b,True,1.0,1.0,0.8423339547595674,1.0,1.0,1.0,0.9343058144831531,0
712,0e70c369a99157c3,True,1.0,1.0,1.0,1.0,1.0,1.0,1.0,0
713,0e713cce7ce35df0,True,1.0,1.0,0.9997431122864413,1.0,1.0,1.0,0.9998929634526839,0
714,0e74f7b5b7c45c1b,True,1.0,1.0,0.7531346663170336,1.0,1.0,1.0,0.897139444298764,0
715,0e7f0228aa865b5c,True,1.0,1.0,1.0,1.0,1.0,1.0,1.0,0
716,0e7f7322726f5b86,True,1.0,1.0,1.0,0.0,1.0,1.0,0.5833333333333334,0
717,0e81b2ebbb30575e,True,1.0,1.0,0.7336503545299549,1.0,1.0,1.0,0.889020981054148,0
718,0e850ac8266c552e,True,1.0,1.0,1.0,1.0,1.0,1.0,1.0,0
719,0e9044c5aec15041,True,1.0,1.0,0.818886767737603,1.0,1.0,1.0,0.9245361532240013,0
720,0e9d524cb7ab5e2a,True,1.0,1.0,1.0,1.0,1.0,1.0,1.0,0
721,0ea5bbb7337d5a56,True,1.0,1.0,0.5436137625034071,1.0,1.0,1.0,0.809839067709753,0
722,0eaa844dc2605267,True,1.0,1.0,0.7201459158896045,1.0,1.0,1.0,0.8833941316206686,0
723,0eae7eacff765533,True,1.0,1.0,0.981623993930309,1.0,1.0,1.0,0.9923433308042954,0
724,0eb2056214155957,True,1.0,1.0,1.0,1.0,1.0,1.0,1.0,0
725,0eb28cf3dad95c46,True,1.0,1.0,1.0,1.0,1.0,1.0,1.0,0
726,0eb6987fdc9b5213,True,1.0,1.0,1.0,1.0,1.0,0.0,1.0,0
727,0eb72de48c875897,True,1.0,1.0,1.0,1.0,1.0,1.0,1.0,0
728,0eb7dda83bbe5fb2,True,1.0,1.0,1.0,0.0,1.0,1.0,0.5833333333333334,0
729,0ebb578555b25ab2,True,1.0,1.0,0.8608032178575661,1.0,1.0,1.0,0.9420013407739859,0
730,0ebdf3a905ba522f,True,1.0,1.0,0.9447469455253482,1.0,1.0,1.0,0.9769778939688951,0
731,0ed2cf016ddc5f90,True,1.0,1.0,0.7209515823575157,1.0,1.0,1.0,0.8837298259822982,0
732,0ee0c8c2556c506a,True,1.0,1.0,1.0,1.0,1.0,1.0,1.0,0
733,0ee0eabadd125c7b,True,1.0,1.0,0.9490893349840199,1.0,1.0,1.0,0.9787872229100083,0
734,0ee1f95f55d95f7e,True,1.0,1.0,1.0,0.0,1.0,1.0,0.5833333333333334,0
735,0ee2bbd11d4451c3,True,1.0,1.0,1.0,1.0,1.0,0.5,1.0,0
736,0eeeee655d415970,True,1.0,1.0,0.8980708422728977,0.0,1.0,1.0,0.5408628509470407,0
737,0ef0e20c09865753,True,1.0,1.0,0.98852403837855,1.0,1.0,1.0,0.9952183493243959,0
738,0ef7ecd9c0035467,True,1.0,1.0,0.8485727579717834,1.0,1.0,1.0,0.9369053158215764,0
739,0efc84a20a7d5b07,True,1.0,1.0,0.5939183667876123,1.0,1.0,1.0,0.8307993194948384,0
740,0f186e17ed445c5a,True,1.0,1.0,0.881168517779959,1.0,1.0,1.0,0.9504868824083162,0
741,0f1d91e077d05381,True,1.0,1.0,1.0,1.0,1.0,1.0,1.0,0
742,0f206a62842b59b2,True,1.0,1.0,1.0,1.0,1.0,1.0,1.0,0
743,0f23b65ea5a6556e,True,1.0,1.0,0.7535797444218617,1.0,1.0,1.0,0.897324893509109,0
744,0f24ec666e145cab,True,1.0,1.0,1.0,1.0,1.0,1.0,1.0,0
745,0f2ee0e7661d5ccf,True,1.0,1.0,0.7306719998287945,1.0,1.0,1.0,0.8877799999286644,0
746,0f31cc38f9f55c9a,True,1.0,1.0,0.9734002262308963,1.0,1.0,1.0,0.9889167609295401,0
747,0f337f2c23215a9e,True,1.0,1.0,1.0,1.0,1.0,1.0,1.0,0
748,0f3c4d7aee1e572c,True,1.0,1.0,0.6209900544827892,1.0,1.0,1.0,0.8420791893678289,0
749,0f3cdfd8866b5915,True,1.0,1.0,0.9097901477085358,1.0,1.0,1.0,0.9624125615452233,0
750,0f3d66a03c5e500b,True,1.0,1.0,0.9923934680297121,1.0,1.0,1.0,0.9968306116790467,0
751,0f3edc5110485b13,True,1.0,1.0,0.8951090888159025,1.0,1.0,1.0,0.9562954536732926,0
752,0f422a003dab525e,True,1.0,0.0,0.0,1.0,1.0,1.0,0.0,0
753,0f42590c7ad65eb4,True,1.0,1.0,1.0,1.0,1.0,1.0,1.0,0
754,0f49301527005b0e,True,1.0,1.0,0.6607531832921308,1.0,1.0,1.0,0.8586471597050546,0
755,0f4984d978155b23,True,1.0,1.0,0.9357327107218416,1.0,1.0,1.0,0.9732219628007673,0
756,0f536eebc58d5ff4,True,1.0,1.0,0.716317952125758,1.0,1.0,1.0,0.8817991467190658,0
757,0f5de425ef3555ff,True,1.0,1.0,1.0,1.0,1.0,1.0,1.0,0
758,0f622aef14545f59,True,1.0,1.0,0.734152092913834,1.0,1.0,1.0,0.8892300387140976,0
759,0f65bd2bac90534a,True,1.0,1.0,0.9185409045291991,1.0,1.0,1.0,0.9660587102204996,0
760,0f69087034985e9e,True,1.0,1.0,0.7858165031443585,1.0,1.0,1.0,0.9107568763101493,0
761,0f6aef2cc48d5621,True,1.0,1.0,0.9687682914650261,1.0,1.0,0.5,0.9869867881104275,0
762,0f6d159f5f0c52d0,True,1.0,1.0,0.9975395453503115,1.0,1.0,1.0,0.9989748105626298,0
763,0f71d72c3b415be6,True,1.0,1.0,0.6497940560663561,1.0,1.0,1.0,0.8540808566943151,0
764,0f7854f951905e69,True,1.0,1.0,0.6369995224891639,1.0,1.0,1.0,0.8487498010371516,0
765,0f78a616bdcd55ab,True,1.0,1.0,0.6401928572414762,1.0,1.0,1.0,0.8500803571839484,0
766,0f78ffea52a85031,True,1.0,1.0,1.0,1.0,1.0,1.0,1.0,0
767,0f7a1388a17f5654,True,1.0,1.0,0.9805747151856087,1.0,1.0,1.0,0.9919061313273371,0
768,0f7e1062e04e5fb5,True,1.0,1.0,1.0,1.0,1.0,1.0,1.0,0
769,0f83bb5cecbe56df,True,1.0,1.0,0.8660707353739484,1.0,1.0,1.0,0.9441961397391451,0
770,0f8b3b73fda650e4,True,1.0,1.0,1.0,1.0,1.0,1.0,1.0,0
771,0f8d3b14831a5ccc,True,1.0,1.0,0.6963469445515313,1.0,1.0,1.0,0.8734778935631381,0
772,0f8e3ba3d90958d1,True,1.0,1.0,1.0,1.0,1.0,1.0,1.0,0
773,0f97d412a94255ac,True,1.0,1.0,1.0,1.0,1.0,1.0,1.0,0
774,0f9e883357585ec4,True,1.0,1.0,1.0,1.0,1.0,1.0,1.0,0
775,0fa0e8a25eec5e1e,True,1.0,1.0,0.9496623707736174,1.0,1.0,1.0,0.9790259878223405,0
776,0fa4d1e0739659b4,True,1.0,1.0,0.6831384035057805,1.0,1.0,1.0,0.8679743347940753,0
777,0fa603b5789956f1,True,1.0,1.0,1.0,1.0,1.0,1.0,1.0,0
778,0fa9d28a2e58550c,True,1.0,1.0,0.762868164110357,1.0,1.0,1.0,0.9011950683793154,0
779,0fb815b347a359ca,True,1.0,1.0,0.9856819585035873,1.0,1.0,1.0,0.9940341493764947,0
780,0fb88262272f5110,True,1.0,1.0,0.7308445025507633,1.0,1.0,1.0,0.8878518760628179,0
781,0fc0217e2dd05256,True,1.0,1.0,1.0,1.0,1.0,1.0,1.0,0
782,0fc28fe43e5d5693,True,1.0,1.0,0.9328545304520397,1.0,1.0,1.0,0.9720227210216832,0
783,0fc626b8de655cc7,True,1.0,1.0,0.8346891383115737,1.0,1.0,1.0,0.931120474296489,0
784,0fc778045313531b,True,1.0,1.0,1.0,1.0,1.0,1.0,1.0,0
785,0fcb8c19983c51b6,True,1.0,1.0,0.8458030545764373,1.0,1.0,1.0,0.9357512727401822,0
786,0fd48798118057f7,True,1.0,1.0,0.9752300349479996,1.0,1.0,1.0,0.9896791812283331,0
787,0fde069313a35062,True,1.0,1.0,1.0,1.0,1.0,1.0,1.0,0
788,0feb5eb464bc52b0,True,1.0,1.0,0.8898256247836909,1.0,1.0,1.0,0.9540940103265378,0
789,0fedf81df2db5b96,True,1.0,1.0,0.8508795852920517,1.0,1.0,1.0,0.9378664938716882,0
790,0ffcae2811b257ee,True,0.0,0.0,0.0,0.0,1.0,1.0,0.0,0
791,0ffe6d569128598a,True,1.0,1.0,1.0,1.0,1.0,1.0,1.0,0
792,1013821ba47c55b3,True,1.0,1.0,0.906307546273212,1.0,1.0,1.0,0.9609614776138383,0
793,10193911d433540b,True,1.0,1.0,0.7860926070836827,1.0,1.0,1.0,0.910871919618201,0
794,10209c0e885f5162,True,1.0,1.0,0.6583716812813405,1.0,1.0,1.0,0.8576548672005586,0
795,10214bdcdd9c5607,True,1.0,1.0,1.0,1.0,1.0,1.0,1.0,0
796,1028df4fc9055ed8,True,1.0,0.0,0.0,1.0,1.0,1.0,0.0,0
797,1029003770aa5e2e,True,1.0,1.0,1.0,1.0,1.0,1.0,1.0,0
798,1039e136e6605cfb,True,1.0,1.0,0.916442397061526,1.0,1.0,0.5,0.9651843321089691,0
799,1039f028cca95109,True,1.0,1.0,0.7778636494248685,1.0,1.0,1.0,0.907443187260362,0
800,103ac69be43f55b5,True,1.0,1.0,0.8148255907980775,1.0,1.0,1.0,0.9228439961658657,0
801,103c3ee1db23521d,True,1.0,1.0,0.965697116418127,1.0,1.0,1.0,0.9857071318408863,0
802,105ca02169f45519,True,1.0,1.0,0.9537299013157067,1.0,1.0,1.0,0.9807207922148778,0
803,105e820419e05224,True,1.0,1.0,0.7628194077711513,1.0,1.0,1.0,0.9011747532379797,0
804,10657b4beeeb5461,True,1.0,1.0,0.9748491099688362,1.0,1.0,1.0,0.9895204624870151,0
805,1074509550cc5bf8,True,1.0,1.0,1.0,1.0,1.0,1.0,1.0,0
806,10779d3fd7815d2f,True,1.0,1.0,0.6564608127014298,1.0,1.0,1.0,0.856858671958929,0
807,107e89e927fa571a,True,1.0,1.0,0.7629563342472703,1.0,1.0,1.0,0.9012318059363627,0
808,1081728e06ca5239,True,1.0,1.0,1.0,1.0,1.0,1.0,1.0,0
809,1082d34008e05df4,True,1.0,1.0,1.0,1.0,1.0,1.0,1.0,0
810,108b8b1ea5fd57ff,True,1.0,1.0,1.0,1.0,1.0,1.0,1.0,0
811,108fd8b55b1952af,True,1.0,1.0,1.0,1.0,1.0,1.0,1.0,0
812,10909749099354e6,True,0.0,1.0,0.0,0.0,1.0,1.0,0.0,0
813,1090e431ffef512f,True,1.0,1.0,0.8559210091595686,1.0,1.0,1.0,0.9399670871498204,0
814,109354a9d0eb5d4c,True,1.0,1.0,0.8291864497785322,1.0,1.0,1.0,0.9288276874077218,0
815,10ae805f0be95c1f,True,1.0,1.0,0.8233474279416808,1.0,1.0,1.0,0.926394761642367,0
816,10b19bf49b67574f,True,1.0,1.0,0.8483578735567463,1.0,1.0,1.0,0.9368157806486442,0
817,10b9d1b254f35a74,True,0.0,0.0,0.0,0.0,1.0,1.0,0.0,0
818,10bb4009fdf4513b,True,1.0,1.0,0.7931123456361409,1.0,1.0,1.0,0.9137968106817254,0
819,10c1bbbe7d805eba,True,1.0,1.0,0.9094308402979336,1.0,1.0,0.0,0.962262850124139,0
820,10c9b6cd8a2e55f8,True,1.0,1.0,1.0,1.0,1.0,1.0,1.0,0
821,10d0706cdc655c9f,True,1.0,1.0,0.8271720306637768,1.0,1.0,1.0,0.927988346109907,0
822,10d172af1ba359a2,True,1.0,1.0,0.6900497233687969,1.0,1.0,1.0,0.8708540514036653,0
823,10d18b323ff35a1f,True,0.0,1.0,0.0,0.0,1.0,1.0,0.0,0
824,10d9d6d0ad405b9d,True,1.0,1.0,0.9109113543579161,1.0,1.0,1.0,0.9628797309824652,0
825,10db4b6fe64b5c10,True,1.0,1.0,1.0,1.0,1.0,0.5,1.0,0
826,10ddf2c0942a5704,True,1.0,1.0,1.0,1.0,1.0,1.0,1.0,0
827,10ee9a1679d759e4,True,1.0,1.0,0.6641181875831098,1.0,1.0,1.0,0.8600492448262957,0
828,10f15e844ab15831,True,1.0,1.0,0.7495566693059496,1.0,1.0,1.0,0.8956486122108123,0
829,10f5795252265ff3,True,1.0,1.0,0.9288625534539959,1.0,1.0,1.0,0.9703593972724983,0
830,10fcb2c79add5558,True,1.0,1.0,0.7017594657828747,1.0,1.0,1.0,0.8757331107428644,0
831,10ffaee1fe81544d,True,1.0,1.0,1.0,1.0,1.0,1.0,1.0,0
832,1108eba0b4415340,True,1.0,1.0,1.0,1.0,1.0,1.0,1.0,0
833,11094634534c53fd,True,1.0,1.0,1.0,1.0,1.0,1.0,1.0,0
834,110bec4c6d2153d7,True,1.0,1.0,0.8799865068044296,1.0,1.0,1.0,0.949994377835179,0
835,110d0ce0345d5113,True,1.0,1.0,0.891725331215899,1.0,1.0,1.0,0.9548855546732913,0
836,111174636b57539b,True,1.0,1.0,0.7592047556074346,1.0,1.0,0.5,0.8996686481697646,0
837,11118a8c74d95c5c,True,1.0,1.0,0.7934235464592178,1.0,1.0,1.0,0.9139264776913407,0
838,111191a59b9c53c2,True,1.0,1.0,0.757765406791557,1.0,1.0,1.0,0.8990689194964822,0
839,1113bc93478c56fe,True,1.0,1.0,0.7530917308495383,1.0,1.0,1.0,0.8971215545206409,0
840,111485c5e6f458a9,True,1.0,1.0,1.0,1.0,1.0,1.0,1.0,0
841,11182a0af9c95c8c,True,1.0,1.0,0.6536360643986854,1.0,1.0,1.0,0.8556816934994522,0
842,11182f26946650bd,True,1.0,1.0,0.7954111107295362,1.0,1.0,1.0,0.91475462947064,0
843,111cb2c23a325817,True,1.0,1.0,0.8672213028053712,1.0,1.0,1.0,0.9446755428355713,0
844,112cdade50865f4e,True,1.0,1.0,0.9767666483279818,1.0,1.0,1.0,0.9903194368033258,0
845,112db94505025ec5,True,1.0,0.0,0.0,1.0,1.0,1.0,0.0,0
846,1134d05b608b54e8,True,1.0,1.0,0.9025099003356195,1.0,1.0,1.0,0.9593791251398415,0
847,11356a48a75c5e31,True,1.0,1.0,1.0,1.0,1.0,1.0,1.0,0
848,1139adeebbbe5d34,True,1.0,1.0,1.0,1.0,1.0,1.0,1.0,0
849,113d448b6ea8555c,True,1.0,0.0,0.0,1.0,1.0,1.0,0.0,0
850,11482e143a4e5dec,True,1.0,1.0,0.9900799338664671,0.0,1.0,1.0,0.5791999724443613,0
851,11482ead31545f3a,True,1.0,1.0,1.0,1.0,1.0,1.0,1.0,0
852,1148c72f141c532d,True,0.0,0.0,0.0,0.0,1.0,1.0,0.0,0
853,114a946faf305345,True,1.0,1.0,0.8636405101855797,1.0,1.0,1.0,0.9431835459106582,0
854,114f66c4cf785eab,True,1.0,1.0,0.9939852365435445,0.0,1.0,1.0,0.5808271818931435,0
855,114feecba2285649,True,1.0,1.0,0.9024069237936756,1.0,1.0,1.0,0.9593362182473649,0
856,11568fab86df5183,True,1.0,1.0,0.8012090287751618,1.0,1.0,1.0,0.9171704286563175,0
857,115c513494975ef3,True,1.0,1.0,0.8721176118516341,1.0,1.0,1.0,0.9467156716048475,0
858,115d3d7bdadf52f8,True,1.0,1.0,0.8781103812076811,1.0,1.0,1.0,0.9492126588365338,0
859,115e8a71aafc5d3d,True,1.0,1.0,0.8199412309150408,1.0,1.0,1.0,0.924975512881267,0
860,1164ea5308cf5aae,True,1.0,1.0,1.0,1.0,1.0,0.5,1.0,0
861,11650e6f32715f8f,True,1.0,1.0,0.9375753584962785,1.0,1.0,1.0,0.9739897327067828,0
862,116a7c91c85d5b5d,True,1.0,1.0,1.0,1.0,1.0,1.0,1.0,0
863,116aacf9868e5e4e,True,1.0,1.0,0.9145297921203475,1.0,1.0,1.0,0.9643874133834781,0
864,11714a81e1c45a54,True,1.0,1.0,1.0,1.0,1.0,1.0,1.0,0
865,117372631fc4501c,True,1.0,1.0,1.0,1.0,1.0,1.0,1.0,0
866,1175b3b9d27252ef,True,1.0,1.0,0.8703518518803888,1.0,1.0,1.0,0.9459799382834954,0
867,117b147622605d6a,True,1.0,1.0,1.0,0.0,1.0,1.0,0.5833333333333334,0
868,11811a7320ab58db,True,1.0,1.0,1.0,1.0,1.0,1.0,1.0,0
869,118fa9fa499e5670,True,1.0,1.0,0.8920696050575286,1.0,1.0,1.0,0.9550290021073037,0
870,11936935515f5daa,True,1.0,1.0,1.0,1.0,1.0,1.0,1.0,0
871,1198cf572c315f9c,True,1.0,1.0,0.9935560315834134,1.0,1.0,1.0,0.9973150131597556,0
872,119bd713e2db5e25,True,1.0,1.0,0.8560774863483466,1.0,1.0,1.0,0.9400322859784778,0
873,11aef9f936f45518,True,1.0,1.0,0.8190496152819227,1.0,1.0,1.0,0.9246040063674679,0
874,11b9e3f204815f4a,True,1.0,1.0,0.9162505421987834,1.0,1.0,0.5,0.9651043925828264,0
875,11ba25cefa3b5a5e,True,1.0,1.0,1.0,1.0,1.0,1.0,1.0,0
876,11bf2d4580ab5bc2,True,1.0,1.0,0.9173286907070785,1.0,1.0,1.0,0.9655536211279493,0
877,11c529f1623b5034,True,1.0,0.0,0.0,1.0,1.0,1.0,0.0,0
878,11c5f66a6657545d,True,1.0,1.0,0.9060269027051571,1.0,1.0,1.0,0.9608445427938155,0
879,11cad3355c7b55dd,True,1.0,1.0,1.0,1.0,1.0,1.0,1.0,0
880,11cadec88a8e547d,True,1.0,1.0,0.7234011232233103,1.0,1.0,1.0,0.8847504680097126,0
881,11d091d0bd985e5e,True,1.0,1.0,0.6564772616184197,1.0,1.0,1.0,0.8568655256743415,0
882,11d28b80cd0a56d5,True,1.0,1.0,0.688309727480232,1.0,1.0,1.0,0.8701290531167634,0
883,11d4b52fb458559f,True,1.0,1.0,1.0,1.0,1.0,1.0,1.0,0
884,11d702a710115591,True,1.0,1.0,0.9932805707535866,1.0,1.0,1.0,0.9972002378139945,0
885,11de8888bf235231,True,1.0,1.0,1.0,1.0,1.0,1.0,1.0,0
886,11e7fdeb883b5381,True,1.0,1.0,0.9383001360272741,1.0,1.0,1.0,0.9742917233446976,0
887,11ee697033a159a9,True,1.0,1.0,0.7868437407105602,1.0,1.0,1.0,0.9111848919627334,0
888,11ef3e2ec35051d8,True,1.0,1.0,0.7923872526540955,1.0,1.0,1.0,0.9134946886058731,0
889,11f0b99dbce15be4,True,1.0,1.0,0.9661147791422798,1.0,1.0,1.0,0.98588115797595,0
890,12030460794b563e,True,1.0,1.0,0.898759385096584,1.0,1.0,1.0,0.95781641045691,0
891,120ae6f1d60a5613,True,1.0,1.0,0.7371147694697763,1.0,1.0,1.0,0.8904644872790733,0
892,120e412f13585a21,True,1.0,1.0,0.9611466452554861,1.0,1.0,1.0,0.9838111021897858,0
893,120ef06f3e0b5990,True,1.0,1.0,0.9427546197839785,1.0,1.0,1.0,0.9761477582433243,0
894,1212ba4b68e95583,True,1.0,1.0,0.774809489068342,1.0,1.0,1.0,0.9061706204451424,0
895,12177b43d67d51a7,True,1.0,1.0,1.0,1.0,1.0,1.0,1.0,0
896,1218b6a218b750d8,True,1.0,1.0,1.0,1.0,1.0,1.0,1.0,0
897,121b6c8a61d85945,True,1.0,1.0,0.7340740263273334,1.0,1.0,1.0,0.8891975109697222,0
898,1223890860725b50,True,1.0,1.0,0.6066186013665136,1.0,1.0,1.0,0.8360910839027139,0
899,122a6e620fcb5c80,True,1.0,1.0,0.8908875860918464,1.0,1.0,1.0,0.954536494204936,0
900,123bc88af914514c,True,1.0,1.0,1.0,1.0,1.0,1.0,1.0,0
901,1252d1484b33558c,True,1.0,1.0,0.946423651230747,1.0,1.0,1.0,0.9776765213461447,0
902,125839faad9a5f7d,True,1.0,1.0,0.9547594944526254,1.0,1.0,1.0,0.9811497893552605,0
903,125a155883e55be7,True,1.0,1.0,0.9932973627450347,1.0,1.0,1.0,0.9972072344770977,0
904,126dbed7a6b458ee,True,1.0,1.0,0.8727790405840847,1.0,1.0,1.0,0.9469912669100354,0
905,126fd1a0d1675f57,True,1.0,1.0,0.7605525130904126,1.0,1.0,1.0,0.900230213787672,0
906,1270261ff182534f,True,1.0,1.0,0.8032719568969322,1.0,1.0,1.0,0.9180299820403883,0
907,127b9e23f1805690,True,1.0,1.0,1.0,1.0,1.0,1.0,1.0,0
908,12800b02eb685132,True,1.0,1.0,0.9280883990680505,1.0,1.0,1.0,0.9700368329450212,0
909,128076b6be9a5209,True,1.0,1.0,0.9013052249071402,1.0,1.0,1.0,0.9588771770446417,0
910,12821eee232458b8,True,1.0,1.0,0.928111253388315,1.0,1.0,1.0,0.9700463555784645,0
911,1288b2d19d695376,True,1.0,1.0,1.0,1.0,1.0,1.0,1.0,0
912,128e9fbd01125cc7,True,1.0,1.0,1.0,1.0,1.0,1.0,1.0,0
913,128ea9f2561d53d1,True,1.0,1.0,1.0,1.0,1.0,1.0,1.0,0
914,1290e3066cbc5397,True,1.0,1.0,1.0,1.0,1.0,1.0,1.0,0
915,1295e8271e37569f,True,1.0,1.0,1.0,1.0,1.0,1.0,1.0,0
916,129c4e6b058a5f6d,True,1.0,1.0,0.8586501722948616,1.0,1.0,1.0,0.9411042384561924,0
917,12ace39c31df5dd8,True,1.0,1.0,0.8173891885025856,1.0,1.0,1.0,0.9239121618760774,0
918,12af1e0adcb65df9,True,0.0,1.0,0.0,0.0,1.0,1.0,0.0,0
919,12b32c24d2cf5309,True,1.0,1.0,1.0,1.0,1.0,0.0,1.0,0
920,12c01b203ea85b41,True,1.0,1.0,0.9586116642611042,1.0,1.0,1.0,0.9827548601087934,0
921,12c3a7aea386584b,True,1.0,1.0,1.0,1.0,1.0,1.0,1.0,0
922,12c9ecb5687f572b,True,1.0,1.0,1.0,1.0,1.0,1.0,1.0,0
923,12ca80cc0d575578,True,1.0,1.0,1.0,1.0,1.0,1.0,1.0,0
924,12d283af921a5f09,True,1.0,1.0,1.0,1.0,1.0,0.0,1.0,0
925,12d426c6727d507a,True,1.0,1.0,0.6718760539160471,1.0,1.0,1.0,0.8632816891316862,0
926,12d4637822bb5f19,True,1.0,1.0,0.8440295969486636,1.0,1.0,1.0,0.9350123320619431,0
927,12f2dccfb88957f9,True,1.0,1.0,1.0,1.0,1.0,1.0,1.0,0
928,12f5053055935463,True,1.0,1.0,1.0,1.0,1.0,1.0,1.0,0
929,12f96c65436e56bf,True,1.0,1.0,1.0,1.0,1.0,1.0,1.0,0
930,12fac37cef195384,True,1.0,1.0,0.9508566325525246,1.0,1.0,1.0,0.9795235968968852,0
931,1309e3cfb6f25c6e,True,1.0,1.0,1.0,1.0,1.0,1.0,1.0,0
932,130e977c13995170,True,1.0,1.0,1.0,1.0,1.0,1.0,1.0,0
933,1316af62e13e5dd5,True,1.0,1.0,1.0,1.0,1.0,1.0,1.0,0
934,131a036a111e54f3,True,1.0,1.0,1.0,1.0,1.0,1.0,1.0,0
935,131ab0263b07507c,True,1.0,1.0,1.0,1.0,1.0,1.0,1.0,0
936,131c6cc5af9c58b6,True,1.0,1.0,0.8023139933628529,1.0,1.0,0.5,0.9176308305678553,0
937,131c7298c6745bde,True,1.0,1.0,1.0,1.0,1.0,1.0,1.0,0
938,131f0303c9e9582a,True,1.0,1.0,0.8175466954514896,1.0,1.0,1.0,0.923977789771454,0
939,132307b3c1a55f97,True,1.0,1.0,1.0,1.0,1.0,1.0,1.0,0
940,132cc1207858500c,True,1.0,1.0,1.0,1.0,1.0,1.0,1.0,0
941,132d1ec43fc058e1,True,1.0,1.0,0.9671522808692374,1.0,1.0,1.0,0.9863134503621822,0
942,132ea05c88d355ca,True,1.0,1.0,0.9225090101829297,1.0,1.0,1.0,0.9677120875762206,0
943,13310ca9a7715154,True,1.0,1.0,0.5631145004640203,1.0,1.0,1.0,0.8179643751933418,0
944,13336a542595599f,True,1.0,1.0,1.0,1.0,1.0,1.0,1.0,0
945,134221cd9f46577f,True,1.0,1.0,0.9738749272959094,1.0,1.0,1.0,0.9891145530399622,0
946,134651c94f73576f,True,1.0,1.0,0.7345056773927179,1.0,1.0,1.0,0.8893773655802991,0
947,134699ce1ce455c4,True,1.0,1.0,0.9092748811957132,1.0,1.0,1.0,0.9621978671648805,0
948,1347c91c511a5918,True,1.0,1.0,0.8818964084090061,1.0,1.0,1.0,0.9507901701704192,0
949,134a3394c9b756d9,True,1.0,1.0,0.9284920640502358,1.0,1.0,1.0,0.9702050266875982,0
950,134b10cfe7e753e6,True,1.0,1.0,0.7753897534340816,1.0,1.0,1.0,0.9064123972642006,0
951,134c369c82f05262,True,1.0,1.0,0.9766665552888832,1.0,1.0,1.0,0.990277731370368,0
952,134cbee5a9635cd7,True,1.0,1.0,1.0,1.0,1.0,1.0,1.0,0
953,1351ae1e0afb5c16,True,1.0,1.0,1.0,1.0,1.0,1.0,1.0,0
954,135337bf847b5726,True,1.0,1.0,0.564473991890197,1.0,1.0,1.0,0.8185308299542488,0
955,135899b9eb4f543e,True,1.0,1.0,1.0,1.0,1.0,1.0,1.0,0
956,135ae32b6edc55c5,True,1.0,1.0,1.0,0.0,1.0,1.0,0.5833333333333334,0
957,135b319cf4b1584c,True,1.0,1.0,0.850065225933072,1.0,1.0,1.0,0.9375271774721133,0
958,13625214a30e5005,True,1.0,1.0,0.9859743501516741,1.0,1.0,1.0,0.9941559792298641,0
959,1370cea130165b51,True,1.0,1.0,0.9624878628331274,1.0,1.0,1.0,0.9843699428471364,0
960,1371cce68aa95a4e,True,1.0,1.0,1.0,1.0,1.0,1.0,1.0,0
961,1379782dce4751e4,True,1.0,1.0,1.0,1.0,1.0,1.0,1.0,0
962,137f854539c45fe1,True,1.0,1.0,1.0,1.0,1.0,1.0,1.0,0
963,13848a5be84f5a4a,True,1.0,1.0,0.6950776289285346,1.0,1.0,1.0,0.8729490120535561,0
964,13ae6351239c5343,True,1.0,1.0,0.9017046860901103,1.0,1.0,1.0,0.9590436192042127,0
965,13b137cecf4b57e9,True,1.0,1.0,1.0,0.0,1.0,1.0,0.5833333333333334,0
966,13b9787d163b5072,True,1.0,1.0,0.5936299452441933,1.0,1.0,1.0,0.8306791438517472,0
967,13ba9275e341525b,True,1.0,1.0,0.6281839973786224,1.0,1.0,1.0,0.845076665574426,0
968,13bae3f5ab31581d,True,1.0,1.0,1.0,1.0,1.0,1.0,1.0,0
969,13c555e68671524f,True,1.0,1.0,0.7849355761659681,1.0,1.0,1.0,0.9103898234024866,0
970,13c76ba40a5e5987,True,1.0,1.0,0.853178613992104,1.0,1.0,1.0,0.9388244224967099,0
971,13ca5b247813585a,True,1.0,1.0,1.0,1.0,1.0,1.0,1.0,0
972,13cbee7dbb4853ec,True,1.0,1.0,1.0,1.0,1.0,1.0,1.0,0
973,13cd1cf21a4f5acb,True,1.0,1.0,0.79419901592275,1.0,1.0,1.0,0.9142495899678126,0
974,13cfa80cabf85b80,True,1.0,1.0,1.0,1.0,1.0,1.0,1.0,0
975,13d078252f4653f3,True,1.0,1.0,0.7569805709832121,1.0,1.0,1.0,0.8987419045763384,0
976,13d1fc5b0ccd5abb,True,1.0,1.0,0.8977560114813165,1.0,1.0,1.0,0.9573983381172152,0
977,13d2650251d25e83,True,1.0,1.0,1.0,1.0,1.0,1.0,1.0,0
978,13da814cde3a525b,True,1.0,1.0,0.9333153770262309,1.0,1.0,1.0,0.9722147404275961,0
979,13e6cd945bf95a1f,True,1.0,1.0,0.7258572700388428,1.0,1.0,1.0,0.8857738625161845,0
980,13f771febde65a66,True,1.0,1.0,0.9469187486154133,1.0,1.0,1.0,0.9778828119230889,0
981,13f7b495f8065eec,True,1.0,1.0,0.8178749562321666,1.0,1.0,1.0,0.9241145650967361,0
982,13fa82d6564e5bac,True,1.0,0.0,0.0,1.0,1.0,1.0,0.0,0
983,13fcb47bb63951e7,True,1.0,1.0,0.8210705594487029,1.0,1.0,1.0,0.9254460664369596,0
984,13fcbcdacbe35755,True,1.0,1.0,0.9735320792281817,1.0,1.0,1.0,0.9889716996784091,0
985,13fe271547945a97,True,1.0,1.0,1.0,1.0,1.0,1.0,1.0,0
986,13ff352834f25320,True,1.0,1.0,0.8269655178485746,1.0,1.0,1.0,0.9279022991035727,0
987,1407c7f0f32a5738,True,1.0,1.0,1.0,1.0,1.0,1.0,1.0,0
988,140a3ea8607f528f,True,1.0,1.0,0.6898107780499534,1.0,1.0,1.0,0.8707544908541472,0
989,14128c4b87b15777,True,1.0,1.0,0.6814740161515932,1.0,1.0,0.5,0.8672808400631639,0
990,141d6f95ecf059c4,True,1.0,1.0,0.7063232518033927,1.0,1.0,1.0,0.8776346882514137,0
991,1423dcf83efa5241,True,1.0,1.0,0.465828259059703,1.0,1.0,1.0,0.7774284412748762,0
992,1424caab55de5db7,True,1.0,1.0,0.8833821307207209,1.0,1.0,1.0,0.9514092211336337,0
993,14297ef551f652d3,True,1.0,1.0,1.0,1.0,1.0,1.0,1.0,0
994,143234de18d5587f,True,1.0,1.0,1.0,0.0,1.0,1.0,0.5833333333333334,0
995,1434146a1ab75426,True,1.0,1.0,1.0,1.0,1.0,1.0,1.0,0
996,143420292ce554f6,True,1.0,1.0,1.0,1.0,1.0,1.0,1.0,0
997,143989e6ed115458,True,1.0,1.0,0.8618368436316152,1.0,1.0,1.0,0.9424320181798397,0
998,144116b6c1e35d3e,True,1.0,0.0,0.0,1.0,1.0,1.0,0.0,0
999,14476e3c036f5ec8,True,1.0,1.0,0.8385812593596392,1.0,1.0,1.0,0.9327421913998496,0
1000,14576a845ffc521a,True,1.0,1.0,0.872893564589359,1.0,1.0,1.0,0.9470389852455662,0
1001,1457dddd3ea65845,True,1.0,1.0,1.0,1.0,1.0,1.0,1.0,0
1002,14618f22bb605676,True,1.0,1.0,0.9206016577712707,1.0,1.0,1.0,0.9669173574046961,0
1003,14743d928b9257a1,True,0.0,1.0,0.0,0.0,1.0,1.0,0.0,0
1004,14769a8e472350cc,True,1.0,1.0,1.0,1.0,1.0,1.0,1.0,0
1005,148188e5281e53cd,True,1.0,1.0,0.9875995058046313,1.0,1.0,1.0,0.9948331274185964,0
1006,1484455d33b85a75,True,1.0,1.0,1.0,1.0,1.0,1.0,1.0,0
1007,1486e66f72ee562f,True,1.0,1.0,1.0,1.0,1.0,1.0,1.0,0
1008,14976ab056005044,True,1.0,1.0,0.7222928859368711,1.0,1.0,1.0,0.8842887024736963,0
1009,14a11185124a508b,True,1.0,1.0,0.8965640498870705,1.0,1.0,1.0,0.956901687452946,0
1010,14b25ce243865457,True,1.0,1.0,0.8626620749711758,1.0,1.0,1.0,0.9427758645713232,0
1011,14b270ee5a395ea9,True,1.0,0.0,0.0,1.0,1.0,1.0,0.0,0
1012,14b4283d229a5e3d,True,1.0,1.0,0.7099664821115389,1.0,1.0,1.0,0.8791527008798079,0
1013,14b6e7ce317d531f,True,1.0,1.0,0.8706555565831167,1.0,1.0,1.0,0.946106481909632,0
1014,14b839d065b358d0,True,1.0,1.0,1.0,0.0,1.0,1.0,0.5833333333333334,0
1015,14c000d2a271534a,True,1.0,1.0,1.0,1.0,1.0,1.0,1.0,0
1016,14c2bb3737ab519c,True,1.0,1.0,0.7262136805501852,1.0,1.0,1.0,0.8859223668959105,0
1017,14c80c1211bc5df8,True,1.0,1.0,0.7445021395160412,1.0,1.0,1.0,0.8935425581316837,0
1018,14cb24f3f9fc51c8,True,1.0,1.0,1.0,1.0,1.0,1.0,1.0,0
1019,14ce4ee85a9c5471,True,1.0,1.0,0.8129313061953983,1.0,1.0,1.0,0.9220547109147493,0
1020,14d112b14e9a5d5c,True,1.0,1.0,0.8065772698006208,1.0,1.0,1.0,0.9194071957502586,0
1021,14d171fcb9295596,True,1.0,1.0,1.0,1.0,1.0,1.0,1.0,0
1022,14d36ea6b2d858a0,True,1.0,1.0,0.9395293638783836,1.0,1.0,1.0,0.9748039016159931,0
1023,14d53eb06a7d582a,True,1.0,1.0,1.0,1.0,1.0,1.0,1.0,0
1024,14d53f85ccc65f23,True,1.0,1.0,0.9968883498985653,1.0,1.0,1.0,0.9987034791244023,0
1025,14d9640a8b9d5d7d,True,1.0,1.0,0.9338059575562466,1.0,1.0,1.0,0.9724191489817695,0
1026,14e8d439dd5a5da0,True,1.0,1.0,0.8727186299613963,1.0,1.0,1.0,0.9469660958172484,0
1027,14ee80bbba6b587a,True,1.0,1.0,0.8749723114357489,1.0,1.0,1.0,0.9479051297648954,0
1028,14f07c5159ac566b,True,1.0,1.0,0.7905098278651129,1.0,1.0,1.0,0.9127124282771305,0
1029,14f10a29b9235b38,True,1.0,1.0,0.8968051566790193,1.0,1.0,1.0,0.9570021486162581,0
1030,14f16328a6c0551e,True,1.0,1.0,0.8981435204614611,1.0,1.0,1.0,0.9575598001922755,0
1031,14f29b916f44585a,True,1.0,1.0,0.6692935355555389,1.0,1.0,1.0,0.862205639814808,0
1032,14f724bc59705bb4,True,1.0,1.0,0.8257665140402327,1.0,1.0,1.0,0.9274027141834303,0
1033,14fb2a9aad8850d2,True,1.0,1.0,0.9549907820157567,1.0,1.0,1.0,0.981246159173232,0
1034,14fe69db03425780,True,1.0,1.0,0.679833519179271,1.0,1.0,1.0,0.8665972996580296,0
1035,150505a546335d5d,True,1.0,0.0,0.0,1.0,1.0,1.0,0.0,0
1036,1508ee5a37ef5588,True,1.0,1.0,0.9395192670983694,0.0,1.0,1.0,0.5581330279576538,0
1037,1509901c10495792,True,1.0,1.0,0.9483548968316392,1.0,1.0,1.0,0.978481207013183,0
1038,150bfebecc525d57,True,1.0,1.0,1.0,1.0,1.0,1.0,1.0,0
1039,150c33d5cd005743,True,1.0,1.0,1.0,1.0,1.0,1.0,1.0,0
1040,150d706a5add549a,True,1.0,1.0,0.846701449766224,1.0,1.0,1.0,0.93612560406926,0
1041,150f1c76c75352cf,True,1.0,1.0,0.7301142812425385,1.0,1.0,1.0,0.8875476171843911,0
1042,1511499da17054b0,True,1.0,1.0,1.0,1.0,1.0,1.0,1.0,0
1043,151436bbacb858b5,True,1.0,1.0,1.0,1.0,1.0,1.0,1.0,0
1044,15165972946050eb,True,1.0,1.0,0.9027574014867049,1.0,1.0,1.0,0.9594822506194604,0
1045,1517632ca5a8577b,True,1.0,1.0,1.0,1.0,1.0,1.0,1.0,0
1046,15208e349fb854b4,True,1.0,1.0,0.7819230346228241,1.0,1.0,1.0,0.9091345977595101,0
1047,152449b7967c541d,True,1.0,1.0,0.6875303282497954,1.0,1.0,1.0,0.8698043034374147,0
1048,152679f2edce5c73,True,1.0,1.0,1.0,0.0,1.0,1.0,0.5833333333333334,0
1049,1526b1720d35559e,True,1.0,1.0,1.0,1.0,1.0,0.5,1.0,0
1050,152a3fbb37155fa0,True,1.0,1.0,0.999697567568249,1.0,1.0,1.0,0.9998739864867705,0
1051,15356a2c8fe1529f,True,1.0,1.0,0.8229606739806504,1.0,1.0,1.0,0.9262336141586044,0
1052,153733002b5a5d25,True,1.0,1.0,1.0,1.0,1.0,1.0,1.0,0
1053,1537a74401845849,True,1.0,1.0,0.6396651596258212,1.0,1.0,1.0,0.8498604831774254,0
1054,153ae46b6ba65721,True,1.0,1.0,1.0,1.0,1.0,1.0,1.0,0
1055,153af25086535f35,True,1.0,1.0,1.0,1.0,1.0,1.0,1.0,0
1056,153dfbd3d4355809,True,1.0,1.0,0.9100883691801026,1.0,1.0,1.0,0.9625368204917094,0
1057,1541f285d1525ca0,True,1.0,1.0,1.0,1.0,1.0,1.0,1.0,0
1058,1542482ff0ad537e,True,1.0,1.0,1.0,1.0,1.0,1.0,1.0,0
1059,15454d7562d45fe6,True,1.0,1.0,0.8403179624030631,1.0,1.0,1.0,0.933465817667943,0
1060,154d0d1b363f5501,True,1.0,1.0,1.0,1.0,1.0,1.0,1.0,0
1061,1550976459b45017,True,1.0,1.0,1.0,1.0,1.0,1.0,1.0,0
1062,1558511dc7b45b86,True,1.0,1.0,0.9590606756755754,1.0,1.0,1.0,0.9829419481981564,0
1063,1559a9e324d6519d,True,1.0,1.0,1.0,1.0,1.0,1.0,1.0,0
1064,155c340aae355cd4,True,1.0,1.0,1.0,1.0,1.0,1.0,1.0,0
1065,155c42ad43525252,True,1.0,1.0,0.6790934355100399,1.0,1.0,1.0,0.8662889314625165,0
1066,15715849d362599e,True,1.0,1.0,0.6264530103900576,1.0,1.0,1.0,0.8443554209958574,0
1067,157ad2289b20545e,True,1.0,0.0,0.0,1.0,1.0,0.0,0.0,0
1068,157c6c5b1b9d5608,True,1.0,1.0,0.9095862589038293,1.0,1.0,1.0,0.9623276078765954,0
1069,1584747ded7f5564,True,1.0,1.0,0.7228927028882393,1.0,1.0,1.0,0.884538626203433,0
1070,1586603a5a6353e6,True,1.0,1.0,0.7061022707167062,1.0,1.0,1.0,0.8775426127986276,0
1071,1586b456d978588f,True,1.0,1.0,1.0,1.0,1.0,1.0,1.0,0
1072,15959d7a3d3a53f5,True,1.0,1.0,0.9528323517009082,1.0,1.0,1.0,0.9803468132087118,0
1073,15975dc336e75ba2,True,1.0,1.0,0.9174552104563534,1.0,1.0,1.0,0.9656063376901471,0
1074,159972aee8265c33,True,1.0,1.0,1.0,1.0,1.0,1.0,1.0,0
1075,159b8a11bd775e91,True,0.0,1.0,0.0,0.0,1.0,1.0,0.0,0
1076,159ec1accaf55d3f,True,1.0,1.0,1.0,1.0,1.0,1.0,1.0,0
1077,15a50c88ab0255ca,True,1.0,1.0,1.0,1.0,1.0,1.0,1.0,0
1078,15ae8f60881b52ae,True,1.0,1.0,0.6192354702029076,1.0,1.0,1.0,0.8413481125845448,0
1079,15b0967d1dab53f8,True,1.0,1.0,1.0,1.0,1.0,1.0,1.0,0
1080,15b25b99cf2d5965,True,1.0,1.0,0.9668094025677075,1.0,1.0,1.0,0.9861705844032115,0
1081,15b400ceaa505015,True,1.0,1.0,0.8875989651102328,1.0,1.0,1.0,0.953166235462597,0
1082,15bc35249e5656b6,True,1.0,1.0,0.7261704249189872,1.0,1.0,1.0,0.8859043437162447,0
1083,15bd04021cc75727,True,1.0,1.0,1.0,1.0,1.0,1.0,1.0,0
1084,15bfed200b0d570e,True,1.0,1.0,0.8386274886364771,1.0,1.0,1.0,0.9327614535985321,0
1085,15cd405711fa54f8,True,1.0,1.0,0.8557574370334493,1.0,1.0,1.0,0.9398989320972705,0
1086,15d5078041dd5a4f,True,1.0,1.0,0.7443590232236539,1.0,1.0,1.0,0.893482926343189,0
1087,15d9ac47a2e05a2b,True,1.0,1.0,1.0,1.0,1.0,1.0,1.0,0
1088,15dd65ee730d54d4,True,1.0,1.0,0.7916108753978942,1.0,1.0,1.0,0.913171198082456,0
1089,15e6ef7a85b35d10,True,1.0,1.0,0.8209139545239107,1.0,1.0,1.0,0.9253808143849628,0
1090,15f1c723f81a50b2,True,1.0,1.0,1.0,1.0,1.0,1.0,1.0,0
1091,15f703b63e545d42,True,1.0,1.0,0.7907619374971204,1.0,1.0,1.0,0.9128174739571335,0
1092,15faa071a7145ad6,True,1.0,1.0,0.6858361621582112,1.0,1.0,1.0,0.8690984008992547,0
1093,16069af36de45703,True,1.0,1.0,0.7613987237715341,1.0,1.0,1.0,0.9005828015714726,0
1094,160d02b02f4d5f77,True,1.0,1.0,1.0,1.0,1.0,1.0,1.0,0
1095,160e6592389759c5,True,1.0,1.0,1.0,0.0,1.0,1.0,0.5833333333333334,0
1096,16125101defb5b51,True,1.0,1.0,1.0,1.0,1.0,1.0,1.0,0
1097,1615cf8bd43759c2,True,1.0,1.0,0.6413965701937396,1.0,1.0,1.0,0.8505819042473916,0
1098,1623cbaee7295b13,True,1.0,1.0,1.0,1.0,1.0,1.0,1.0,0
1099,162436ec6cca53a4,True,1.0,1.0,0.7915130422014779,1.0,1.0,1.0,0.9131304342506158,0
1100,1633456bc3ec569d,True,1.0,1.0,1.0,1.0,1.0,1.0,1.0,0
1101,1636385aa7ce5995,True,1.0,1.0,1.0,1.0,1.0,1.0,1.0,0
1102,163c9ec0110e5384,True,1.0,1.0,0.7449875481222302,1.0,1.0,1.0,0.893744811717596,0
1103,1647fbd477655958,True,1.0,1.0,0.9567105726681832,1.0,1.0,1.0,0.981962738611743,0
1104,1661876892b952e5,True,1.0,1.0,0.7564768489567061,1.0,1.0,1.0,0.8985320203986276,0
1105,1665bb5ab9d55dca,True,1.0,1.0,0.5479213046897218,1.0,1.0,1.0,0.8116338769540508,0
1106,1666152446cc5da7,True,1.0,1.0,0.8729078898373371,1.0,1.0,1.0,0.9470449540988906,0
1107,166b654c0db95953,True,1.0,1.0,1.0,1.0,1.0,1.0,1.0,0
1108,166d08e80654527d,True,1.0,1.0,1.0,1.0,1.0,1.0,1.0,0
1109,166dac05bf555e13,True,1.0,1.0,1.0,1.0,1.0,1.0,1.0,0
1110,167063f69e8357d8,True,1.0,1.0,1.0,1.0,1.0,1.0,1.0,0
1111,1677503060a95d4a,True,1.0,1.0,0.8047058158998449,0.0,1.0,1.0,0.5019607566249354,0
1112,1678ddd4a18b5fd8,True,1.0,1.0,1.0,1.0,1.0,0.5,1.0,0
1113,1679f30058f75db4,True,1.0,1.0,1.0,1.0,1.0,1.0,1.0,0
1114,167d6bc7be735e55,True,1.0,1.0,0.9918999336427092,1.0,1.0,1.0,0.9966249723511288,0
1115,167fd80fa8635037,True,1.0,1.0,0.8679005605304249,1.0,1.0,0.0,0.944958566887677,0
1116,1682c020a94054fa,True,1.0,1.0,0.911069299988307,1.0,1.0,1.0,0.9629455416617946,0
1117,1693d395bec753ae,True,1.0,1.0,1.0,1.0,1.0,1.0,1.0,0
1118,169528411ca85ba4,True,1.0,1.0,0.9403436624694227,1.0,1.0,1.0,0.9751431926955928,0
1119,169ccb03f27e589d,True,1.0,1.0,1.0,1.0,1.0,1.0,1.0,0
1120,16a1dfd2dcae512b,True,1.0,1.0,0.9873548851686939,1.0,1.0,1.0,0.9947312021536225,0
1121,16a2c04634ab5112,True,1.0,1.0,1.0,1.0,1.0,1.0,1.0,0
1122,16a40c5db95c5467,True,1.0,1.0,0.9231185933258766,0.0,1.0,1.0,0.551299413885782,0
1123,16a738813dbe5496,True,1.0,1.0,0.9772013302642645,1.0,1.0,1.0,0.9905005542767769,0
1124,16aa734bed8a5f81,True,1.0,1.0,0.8951550107924042,1.0,1.0,1.0,0.9563145878301684,0
1125,16ac515a3ba45d76,True,1.0,1.0,0.7941646505597403,1.0,1.0,1.0,0.9142352710665586,0
1126,16b6a51da6515191,True,1.0,1.0,1.0,1.0,1.0,1.0,1.0,0
1127,16c1e641b6d350b1,True,1.0,1.0,1.0,1.0,1.0,1.0,1.0,0
1128,16c38196f44751bd,True,1.0,1.0,0.9221863745615687,1.0,1.0,1.0,0.9675776560673203,0
1129,16cd404f3eaa5cd0,True,1.0,1.0,0.9867000874850084,1.0,1.0,1.0,0.9944583697854202,0
1130,16d3b353ffe650de,True,1.0,1.0,0.681670418432298,1.0,1.0,1.0,0.8673626743467908,0
1131,16d3bf2e9bf75eb4,True,1.0,1.0,0.7492609500539547,1.0,1.0,1.0,0.8955253958558145,0
1132,16d4141f073d52f1,True,1.0,1.0,1.0,1.0,1.0,1.0,1.0,0
1133,16d4835b75b05efb,True,1.0,1.0,0.7126192420253757,1.0,1.0,1.0,0.8802580175105733,0
1134,16dbc607f5f75479,True,1.0,1.0,1.0,1.0,1.0,1.0,1.0,0
1135,16df188810315dc7,True,1.0,1.0,0.7873921640293892,1.0,1.0,1.0,0.9114134016789123,0
1136,16e4bd114af157a4,True,1.0,1.0,1.0,1.0,1.0,1.0,1.0,0
1137,16e5aafc056f5e1e,True,1.0,1.0,1.0,1.0,1.0,1.0,1.0,0
1138,16e645697d7559b3,True,1.0,1.0,0.9480349355129384,1.0,1.0,1.0,0.9783478897970577,0
1139,16ee6602bb5c5e99,True,1.0,1.0,1.0,1.0,1.0,1.0,1.0,0
1140,16f3b92e5d56573a,True,1.0,1.0,0.828768800334052,1.0,1.0,1.0,0.928653666805855,0
1141,1709553afe405eb4,True,1.0,1.0,1.0,1.0,1.0,1.0,1.0,0
1142,170ea72e455e5e57,True,1.0,1.0,1.0,1.0,1.0,1.0,1.0,0
1143,1712f51cf5df564a,True,1.0,1.0,1.0,1.0,1.0,1.0,1.0,0
1144,1719439969a55cc6,True,1.0,1.0,0.9531264749549282,1.0,1.0,1.0,0.9804693645645534,0
1145,171ac85821875613,True,1.0,1.0,0.8138702128989725,1.0,1.0,1.0,0.9224459220412387,0
1146,171e0bea742d52d0,True,1.0,1.0,0.936040145902635,1.0,1.0,1.0,0.9733500607927645,0
1147,172506ac332d5af5,True,1.0,1.0,1.0,1.0,1.0,1.0,1.0,0
1148,1727319cfd2b5661,True,1.0,1.0,0.8653027538416622,1.0,1.0,1.0,0.9438761474340259,0
1149,17296f6032025ecc,True,1.0,1.0,0.6030615326176701,1.0,1.0,1.0,0.8346089719240292,0
1150,17329d8654895534,True,1.0,1.0,0.8182363864716208,1.0,1.0,1.0,0.924265161029842,0
1151,173369dc059d5fe9,True,1.0,0.0,0.0,1.0,1.0,1.0,0.0,0
1152,173b456bbf29598f,True,1.0,1.0,1.0,1.0,1.0,1.0,1.0,0
1153,173ccb0e08885b66,True,1.0,1.0,0.7528846919112654,1.0,1.0,1.0,0.8970352882963605,0
1154,1741767a7646583a,True,1.0,1.0,0.8583914907054327,1.0,1.0,1.0,0.940996454460597,0
1155,174ac6135bf65de9,True,1.0,1.0,0.8460860407369293,1.0,1.0,1.0,0.9358691836403872,0
1156,1753feeb7c0e552c,True,1.0,1.0,1.0,1.0,1.0,1.0,1.0,0
1157,175f0101f12750b1,True,1.0,1.0,0.8231042336787666,1.0,1.0,1.0,0.9262934306994861,0
1158,175fc3cad7805262,True,1.0,1.0,0.8602553044032563,1.0,1.0,1.0,0.9417730435013567,0
1159,17607267e8155496,True,1.0,1.0,0.8049608296142576,1.0,1.0,1.0,0.9187336790059407,0
1160,17631c945bb959f6,True,1.0,1.0,1.0,1.0,1.0,1.0,1.0,0
1161,1766fa78fd10576e,True,0.0,1.0,0.0,0.0,1.0,1.0,0.0,0
1162,177abd8780ad5476,True,1.0,1.0,1.0,1.0,1.0,1.0,1.0,0
1163,177b58cd935356f2,True,0.0,1.0,0.0,0.0,1.0,1.0,0.0,0
1164,1786ef7edac65502,True,1.0,1.0,1.0,1.0,1.0,1.0,1.0,0
1165,178d9a3c6c6852a4,True,1.0,1.0,0.9014716573497713,1.0,1.0,1.0,0.9589465238957381,0
1166,178e844e8bd155ca,True,1.0,1.0,1.0,1.0,1.0,1.0,1.0,0
1167,179a2670a5965eeb,True,1.0,1.0,0.8201228173406042,1.0,1.0,1.0,0.9250511738919185,0
1168,179bc3ae5b9f56b0,True,1.0,1.0,0.8194210823032653,1.0,1.0,1.0,0.9247587842930272,0
1169,179ca3af622e5e0d,True,1.0,1.0,0.9788887809035024,0.0,1.0,1.0,0.574536992043126,0
1170,179ea24426e95029,True,1.0,1.0,1.0,1.0,1.0,1.0,1.0,0
1171,17a015f4ef9b56d0,True,1.0,1.0,1.0,1.0,1.0,1.0,1.0,0
1172,17a3e2d3cba55770,True,1.0,1.0,1.0,1.0,1.0,1.0,1.0,0
1173,17a6a4a6137553cd,True,1.0,1.0,0.9945120727440439,1.0,1.0,1.0,0.9977133636433516,0
1174,17aa66edae0e5214,True,1.0,0.0,0.0,1.0,1.0,1.0,0.0,0
1175,17b0992157365222,True,1.0,1.0,1.0,1.0,1.0,1.0,1.0,0
1176,17bc4c71fc425620,True,1.0,1.0,1.0,1.0,1.0,1.0,1.0,0
1177,17c5c685420d5729,True,1.0,1.0,0.9731335443122988,1.0,1.0,0.0,0.9888056434634578,0
1178,17c627139c325a9c,True,1.0,1.0,0.7535968752360557,1.0,1.0,1.0,0.8973320313483565,0
1179,17c882b28a195c3d,True,1.0,1.0,0.8263240003121068,1.0,1.0,1.0,0.9276350001300445,0
1180,17cac31ef9135faf,True,1.0,1.0,1.0,1.0,1.0,1.0,1.0,0
1181,17d8604b0bc65ce5,True,1.0,1.0,1.0,1.0,1.0,1.0,1.0,0
1182,17da0f4b109154d4,True,1.0,1.0,0.7614037452247276,1.0,1.0,1.0,0.9005848938436366,0
1183,17de441a1185528d,True,1.0,1.0,0.6665583591760328,1.0,1.0,1.0,0.8610659829900137,0
1184,17ea7a2cc29957fa,True,1.0,1.0,1.0,1.0,1.0,1.0,1.0,0
1185,17eb5d70d9f15c7e,True,1.0,1.0,1.0,1.0,1.0,1.0,1.0,0
1186,17ecb960d15d5b5f,True,1.0,1.0,0.9551422719774385,1.0,1.0,1.0,0.9813092799905995,0
1187,1801a3d3fffc57f5,True,1.0,1.0,0.9131352926433651,1.0,1.0,1.0,0.9638063719347354,0
1188,18023ea42fe95bdb,True,1.0,1.0,0.7601716602497577,1.0,1.0,1.0,0.9000715251040656,0
1189,1803fa678ee652fa,True,1.0,1.0,0.8166562319468834,1.0,1.0,1.0,0.9236067633112014,0
1190,1809a28a46465129,True,1.0,1.0,1.0,1.0,1.0,1.0,1.0,0
1191,1814002af9f253c6,True,1.0,1.0,1.0,1.0,1.0,1.0,1.0,0
1192,18176fbd46ba5000,True,1.0,1.0,1.0,1.0,1.0,1.0,1.0,0
1193,1819bb47db9e59ff,True,1.0,1.0,0.9295687865744149,1.0,1.0,1.0,0.9706536610726729,0
1194,18236bb0b875582d,True,1.0,1.0,1.0,1.0,1.0,1.0,1.0,0
1195,1825640c9ed75a4b,True,1.0,1.0,0.8853110835318301,1.0,1.0,1.0,0.9522129514715959,0
1196,182688f3d2c25fc8,True,1.0,1.0,0.9184430861466265,1.0,1.0,1.0,0.9660179525610944,0
1197,182a718050bd598a,True,1.0,1.0,0.9884293995411648,1.0,1.0,1.0,0.9951789164754853,0
1198,182fe7c6dd5b5e44,True,0.0,1.0,0.0,0.0,1.0,1.0,0.0,0
1199,1834f4fb0ca15b93,True,1.0,1.0,0.7321276421885154,1.0,1.0,1.0,0.8883865175785481,0
1200,1835975eaaf65843,True,1.0,1.0,1.0,1.0,1.0,1.0,1.0,0
1201,18375bbfe4c85ae3,True,1.0,1.0,0.7086924599335888,1.0,1.0,1.0,0.878621858305662,0
1202,1844ec136eb05d57,True,1.0,1.0,0.794109830267985,1.0,1.0,1.0,0.914212429278327,0
1203,18492b6ce9905b13,True,1.0,1.0,0.8528828799819832,1.0,1.0,1.0,0.9387011999924931,0
1204,184ad79fb6555bf0,True,1.0,1.0,0.9354736345285455,1.0,1.0,1.0,0.9731140143868938,0
1205,184c11a8cc875403,True,1.0,1.0,0.8662313116031592,1.0,1.0,1.0,0.9442630465013163,0
1206,184e4aef7e095f7a,True,1.0,1.0,1.0,1.0,1.0,1.0,1.0,0
1207,184f5d3c75275c6e,True,1.0,1.0,1.0,1.0,1.0,1.0,1.0,0
1208,18538a3ac6c45eef,True,1.0,1.0,0.9581591022631186,1.0,1.0,1.0,0.9825662926096328,0
1209,1854229ce0305578,True,1.0,1.0,0.7797641677058401,1.0,1.0,1.0,0.9082350698774334,0
1210,185dd0f2003e5d35,True,1.0,1.0,1.0,1.0,1.0,1.0,1.0,0
1211,1862fb50f5b0518a,True,1.0,1.0,0.9299983662135123,1.0,1.0,1.0,0.9708326525889635,0
1212,18649e595e7b51ab,True,1.0,1.0,1.0,1.0,1.0,1.0,1.0,0
1213,1893fb783df95146,True,1.0,1.0,1.0,1.0,1.0,1.0,1.0,0
1214,1895b756b1b0539d,True,1.0,1.0,0.9845784317491341,1.0,1.0,1.0,0.9935743465621392,0
1215,189654afe9465b09,True,1.0,1.0,0.8670291544455656,1.0,1.0,1.0,0.9445954810189857,0
1216,18973046d1215390,True,1.0,1.0,0.8505117530711043,1.0,1.0,1.0,0.9377132304462935,0
1217,189b5f98f6e6549c,True,1.0,1.0,1.0,1.0,1.0,1.0,1.0,0
1218,189e9c0a20085a38,True,1.0,1.0,0.7444365002523357,1.0,1.0,1.0,0.8935152084384731,0
1219,18a85f2812b45525,True,1.0,1.0,1.0,1.0,1.0,1.0,1.0,0
1220,18b121dcc082591e,True,1.0,1.0,1.0,1.0,1.0,1.0,1.0,0
1221,18b5995484435fbe,True,1.0,1.0,1.0,1.0,1.0,1.0,1.0,0
1222,18b76ccc45d25f5c,True,1.0,1.0,0.8703190202887825,1.0,1.0,0.0,0.9459662584536593,0
1223,18c781197c445d64,True,1.0,1.0,1.0,1.0,1.0,1.0,1.0,0
1224,18ca4d6e9c0a576b,True,1.0,1.0,1.0,1.0,1.0,1.0,1.0,0
1225,18d04df0d7e25316,True,1.0,1.0,0.625579838384642,1.0,1.0,1.0,0.8439915993269341,0
1226,18d232e64db55ba9,True,1.0,1.0,0.9813189646116159,1.0,1.0,1.0,0.9922162352548399,0
1227,18d63cca5ad554d2,True,1.0,1.0,1.0,1.0,1.0,1.0,1.0,0
1228,18d8181124185dfa,True,1.0,1.0,0.870966736705052,1.0,1.0,1.0,0.9462361402937717,0
1229,18dd0b3ef6b75b70,True,1.0,1.0,0.9428552267885933,1.0,1.0,1.0,0.9761896778285806,0
1230,18e40fd61be753b9,True,1.0,1.0,0.9744987041012982,1.0,1.0,1.0,0.9893744600422076,0
1231,18e5845edcdb500c,True,1.0,1.0,0.6047986317206401,1.0,1.0,1.0,0.8353327632169334,0
1232,18f485e808bf58da,True,1.0,1.0,0.8354279880951279,1.0,1.0,1.0,0.93142832837297,0
1233,18f8562c9bb55561,True,1.0,1.0,0.8281470394930457,1.0,1.0,1.0,0.9283945997887691,0
1234,190808cc16cc53af,True,1.0,1.0,0.8127439231772834,1.0,1.0,1.0,0.9219766346572014,0
1235,190c8d0cece45af1,True,1.0,1.0,1.0,1.0,1.0,1.0,1.0,0
1236,190e931f7a7a52dc,True,1.0,1.0,1.0,1.0,1.0,1.0,1.0,0
1237,191dc35423a85d10,True,1.0,1.0,0.9129807498049224,1.0,1.0,1.0,0.9637419790853844,0
1238,192220ae5c0a54a6,True,1.0,1.0,1.0,1.0,1.0,1.0,1.0,0
1239,19227b35432f567e,True,1.0,1.0,0.8413525474251158,1.0,1.0,1.0,0.933896894760465,0
1240,19282fb074525def,True,1.0,1.0,1.0,1.0,1.0,1.0,1.0,0
1241,192e92b5db4754a6,True,1.0,1.0,0.8881145506660981,1.0,1.0,0.0,0.9533810627775409,0
1242,1935e5d682ff5981,True,1.0,1.0,0.8079700362226805,1.0,1.0,1.0,0.9199875150927835,0
1243,193b39b2ec4f53af,True,1.0,1.0,0.893904045670188,1.0,1.0,1.0,0.9557933523625785,0
1244,193ee69c47495e07,True,1.0,1.0,0.9244874887902947,1.0,1.0,1.0,0.9685364536626228,0
1245,1947a9758e045ce9,True,1.0,1.0,1.0,0.0,1.0,1.0,0.5833333333333334,0
1246,19488eb3301f5d26,True,1.0,1.0,0.9543697684768832,1.0,1.0,1.0,0.9809874035320346,0
1247,19611832f7595b10,True,1.0,1.0,1.0,0.0,1.0,1.0,0.5833333333333334,0
1248,1961d1075a085a1d,True,1.0,1.0,0.8560954367065317,1.0,1.0,1.0,0.9400397652943883,0
1249,196375ae13835990,True,1.0,1.0,0.9899930629946078,1.0,1.0,1.0,0.9958304429144199,0
1250,1968ed26cc315d75,True,1.0,1.0,0.7573310548930803,0.0,1.0,0.5,0.48222127287211675,0
1251,196cb93444b35dd7,True,1.0,1.0,0.594121132725907,1.0,1.0,1.0,0.8308838053024612,0
1252,1972837deb725c63,True,1.0,1.0,0.8621916579573154,1.0,1.0,1.0,0.9425798574822147,0
1253,1975d15fde2955ff,True,0.0,1.0,0.0,0.0,1.0,0.0,0.0,0
1254,19768d49bbd45f08,True,1.0,1.0,0.9566232397040086,1.0,1.0,1.0,0.9819263498766703,0
1255,1979ed31b57b59ea,True,0.0,1.0,0.0,0.0,1.0,1.0,0.0,0
1256,197f2dea642850e7,True,1.0,1.0,0.633220349152559,1.0,1.0,1.0,0.8471751454802329,0
1257,197f39226d0856ce,True,1.0,1.0,0.710893404180162,1.0,1.0,1.0,0.8795389184084007,0
1258,1981a85eb4ba5001,True,0.0,1.0,0.0,0.0,1.0,0.0,0.0,0
1259,1983aff496265a16,True,1.0,1.0,0.9840158879905809,1.0,1.0,1.0,0.9933399533294086,0
1260,1987c158de8a5120,True,1.0,1.0,0.9467525836219554,1.0,1.0,1.0,0.9778135765091481,0
1261,198b7ec55c3b5a5c,True,1.0,1.0,0.8452287151799754,1.0,1.0,1.0,0.9355119646583231,0
1262,198bc5f3280e52cd,True,1.0,1.0,1.0,1.0,1.0,1.0,1.0,0
1263,199a2738284e52c9,True,1.0,1.0,1.0,1.0,1.0,1.0,1.0,0
1264,199bda2914215d57,True,1.0,1.0,1.0,1.0,1.0,1.0,1.0,0
1265,19a52017c000548c,True,1.0,1.0,0.7646844146236621,1.0,1.0,1.0,0.9019518394265259,0
1266,19a595ad0fe35941,True,1.0,1.0,0.8660012024789467,1.0,1.0,1.0,0.9441671676995611,0
1267,19a718729d3a5e37,True,1.0,1.0,1.0,1.0,1.0,1.0,1.0,0
1268,19a79abcf14059d2,True,0.0,1.0,0.0,0.0,1.0,1.0,0.0,0
1269,19b1cc462216591a,True,1.0,1.0,0.8802516423842958,1.0,1.0,1.0,0.9501048509934567,0
1270,19c4aecbe4b65ef4,True,1.0,1.0,0.6887637266199034,1.0,1.0,1.0,0.8703182194249598,0
1271,19c8d441cb445d87,True,1.0,1.0,0.8596319549954791,1.0,1.0,1.0,0.9415133145814497,0
1272,19cee80b71525f86,True,1.0,1.0,0.9051770634268556,1.0,1.0,1.0,0.9604904430945232,0
1273,19d3dfdf0d2d5b6f,True,1.0,1.0,1.0,1.0,1.0,1.0,1.0,0
1274,19d546524016560f,True,1.0,1.0,0.7147883231029131,1.0,1.0,1.0,0.8811618012928805,0
1275,19d7afdb02055502,True,1.0,0.0,0.0,1.0,1.0,1.0,0.0,0
1276,19d9dc5184675c50,True,1.0,1.0,0.7829770388487531,1.0,1.0,1.0,0.9095737661869805,0
1277,19e90f2757b25f38,True,1.0,1.0,0.6767369577973917,1.0,1.0,1.0,0.8653070657489131,0
1278,19efcf474dd85579,True,1.0,1.0,0.9400974999506477,1.0,1.0,1.0,0.9750406249794366,0
1279,19f3e77fcd3353c5,True,1.0,1.0,0.9806665185889735,1.0,1.0,1.0,0.9919443827454056,0
1280,19f8a93df08452b5,True,1.0,0.0,0.0,1.0,1.0,1.0,0.0,0
1281,19f93eaa916d5528,True,1.0,1.0,0.891948843138893,1.0,1.0,1.0,0.9549786846412053,0
1282,1a0605b15ce0596b,True,0.0,1.0,0.0,0.0,1.0,1.0,0.0,0
1283,1a099ccfccfa567f,True,1.0,1.0,1.0,1.0,1.0,1.0,1.0,0
1284,1a0ce53e0a4755e5,True,1.0,1.0,0.8617021874021569,1.0,1.0,1.0,0.9423759114175653,0
1285,1a0f27ced7e056f6,True,1.0,1.0,1.0,1.0,1.0,1.0,1.0,0
1286,1a1aa689c53951ba,True,1.0,1.0,1.0,1.0,1.0,1.0,1.0,0
1287,1a1b315baec45bc3,True,1.0,1.0,1.0,1.0,1.0,1.0,1.0,0
1288,1a1f73871bea5afa,True,1.0,1.0,0.7531294992159151,1.0,1.0,1.0,0.8971372913399646,0
1289,1a1fbb255ec55813,True,1.0,1.0,0.9960110496886778,1.0,1.0,1.0,0.9983379373702824,0
1290,1a2027db44a350ff,True,1.0,1.0,1.0,1.0,1.0,1.0,1.0,0
1291,1a243b05959f5787,True,1.0,1.0,1.0,1.0,1.0,1.0,1.0,0
1292,1a25d6503c075cc8,True,1.0,1.0,1.0,1.0,1.0,1.0,1.0,0
1293,1a31ffd5dc39532f,True,1.0,1.0,1.0,1.0,1.0,0.0,1.0,0
1294,1a3569d56fbf5521,True,1.0,1.0,0.7071483624301096,1.0,1.0,1.0,0.877978484345879,0
1295,1a37d69ab5805f15,True,1.0,1.0,0.9404523673176062,1.0,1.0,1.0,0.9751884863823359,0
1296,1a3c8066b86857b5,True,1.0,1.0,1.0,1.0,1.0,1.0,1.0,0
1297,1a442597212150c2,True,1.0,1.0,1.0,1.0,1.0,1.0,1.0,0
1298,1a46cad936c05c2b,True,1.0,1.0,1.0,1.0,1.0,1.0,1.0,0
1299,1a4d88c3ccc6586d,True,1.0,0.0,0.0,1.0,1.0,1.0,0.0,0
1300,1a5351601d8f52da,True,1.0,1.0,0.8507676304878574,0.0,1.0,1.0,0.5211531793699405,0
1301,1a585b7022ed54df,True,1.0,1.0,0.919795075704814,1.0,1.0,1.0,0.9665812815436725,0
1302,1a5f614c9b815e92,True,1.0,1.0,1.0,1.0,1.0,1.0,1.0,0
1303,1a6043a86e7056a8,True,1.0,1.0,0.8142857304732873,1.0,1.0,1.0,0.9226190543638696,0
1304,1a6595a6c7cb5531,True,1.0,1.0,0.6895641491634423,1.0,1.0,1.0,0.8706517288181009,0
1305,1a66019703c45296,True,1.0,1.0,1.0,1.0,1.0,1.0,1.0,0
1306,1a707ed0d7ba541d,True,1.0,1.0,0.8051307933201346,1.0,1.0,1.0,0.9188044972167227,0
1307,1a775d7198a654e0,True,1.0,1.0,0.8492118430722301,1.0,1.0,1.0,0.9371716012800958,0
1308,1a7b42fbbaf65c18,True,1.0,1.0,0.7970763395294188,1.0,1.0,1.0,0.9154484748039246,0
1309,1a8da8e47d235dbe,True,1.0,1.0,0.9320253405604599,1.0,1.0,1.0,0.971677225233525,0
1310,1a928640315c5332,True,1.0,1.0,0.9854319427928139,1.0,1.0,1.0,0.9939299761636725,0
1311,1a9928bcc34451aa,True,1.0,1.0,1.0,1.0,1.0,1.0,1.0,0
1312,1a9a1f65b4cc5d1d,True,1.0,1.0,1.0,1.0,1.0,1.0,1.0,0
1313,1aa15402bceb5743,True,1.0,1.0,0.7277155257752959,1.0,1.0,1.0,0.8865481357397066,0
1314,1aabc43f2a7453f1,True,1.0,1.0,0.8104180820688914,1.0,1.0,1.0,0.9210075341953714,0
1315,1ab2fedfbb4b5c2f,True,1.0,1.0,1.0,1.0,1.0,1.0,1.0,0
1316,1abf52a927025259,True,1.0,1.0,0.894673927525173,1.0,1.0,1.0,0.956114136468822,0
1317,1ac0023fd2655313,True,1.0,1.0,0.9470071452228427,1.0,1.0,1.0,0.977919643842851,0
1318,1ad237fbbbcf51ab,True,1.0,1.0,0.9179642713154339,1.0,1.0,1.0,0.9658184463814307,0
1319,1ad3e9d726b35d0e,True,1.0,1.0,1.0,1.0,1.0,1.0,1.0,0
1320,1ad96f74e72750db,True,1.0,1.0,1.0,1.0,1.0,1.0,1.0,0
1321,1afdce6720e45022,True,1.0,1.0,0.7639386716225051,1.0,1.0,1.0,0.9016411131760438,0
1322,1b00de050fdd5214,True,1.0,1.0,1.0,1.0,1.0,1.0,1.0,0
1323,1b01f89fe48355b6,True,1.0,1.0,0.7492233269727989,1.0,1.0,1.0,0.8955097195719995,0
1324,1b056ac7f7995a8a,True,1.0,1.0,0.8044806762882439,1.0,1.0,1.0,0.9185336151201016,0
1325,1b0f2e4276945f9a,True,1.0,1.0,1.0,1.0,1.0,1.0,1.0,0
1326,1b10cc004b735f40,True,1.0,1.0,0.6150658529428292,1.0,1.0,1.0,0.8396107720595122,0
1327,1b18327179f15a8f,True,1.0,1.0,0.8328996131282699,1.0,1.0,1.0,0.9303748388034458,0
1328,1b1a37c517e45fbd,True,0.0,1.0,0.0,0.0,1.0,1.0,0.0,0
1329,1b1f22e9af535f9f,True,1.0,1.0,0.5855216183374099,1.0,1.0,0.5,0.8273006743072541,0
1330,1b203e7299655c9c,True,1.0,1.0,0.8536418485187492,1.0,1.0,1.0,0.9390174368828123,0
1331,1b25edea36205814,True,1.0,1.0,0.7525121924624565,0.0,1.0,1.0,0.4802134135260235,0
1332,1b2bf4aef1465325,True,1.0,1.0,0.5987940478106228,1.0,1.0,1.0,0.8328308532544262,0
1333,1b301e5f9ede59d7,True,1.0,1.0,0.8950947523568142,1.0,1.0,1.0,0.9562894801486727,0
1334,1b35b775c4a95647,True,1.0,1.0,0.9533503678659847,1.0,1.0,1.0,0.9805626532774937,0
1335,1b3ae7a2d38d5c6c,True,1.0,1.0,0.786237929953765,1.0,1.0,1.0,0.9109324708140688,0
1336,1b3de6f75c0559d8,True,1.0,1.0,1.0,1.0,1.0,1.0,1.0,0
1337,1b3ed6f1e9b8574d,True,1.0,1.0,0.7160183284884261,1.0,1.0,1.0,0.8816743035368443,0
1338,1b439c269a83590c,True,1.0,1.0,1.0,1.0,1.0,0.5,1.0,0
1339,1b4499d988b052ce,True,0.0,1.0,0.0,0.0,1.0,1.0,0.0,0
1340,1b471d7f756a5c7f,True,1.0,1.0,1.0,1.0,1.0,1.0,1.0,0
1341,1b4af0da5a485c17,True,1.0,1.0,0.9735268891519862,1.0,1.0,1.0,0.9889695371466609,0
1342,1b54d7f77eca559b,True,1.0,1.0,0.9628771578208487,1.0,1.0,1.0,0.9845321490920202,0
1343,1b5521472b795718,True,1.0,1.0,1.0,1.0,1.0,1.0,1.0,0
1344,1b5606e475d554f7,True,1.0,1.0,0.8966113528449736,1.0,1.0,1.0,0.956921397018739,0
1345,1b5a55897d2950f9,True,1.0,1.0,0.8058444523465441,1.0,1.0,1.0,0.9191018551443934,0
1346,1b613bcca44b5b29,True,1.0,1.0,0.8035867926427797,1.0,1.0,1.0,0.9181611636011583,0
1347,1b65613f0242544a,True,1.0,1.0,0.6624808394878177,1.0,1.0,1.0,0.8593670164532573,0
1348,1b6ca45027e3531c,True,1.0,1.0,0.9152410285574958,1.0,1.0,1.0,0.9646837618989567,0
1349,1b736bfe747b5987,True,1.0,1.0,1.0,1.0,1.0,1.0,1.0,0
1350,1b7b7697be9c5dc5,True,1.0,1.0,0.9013472991850601,1.0,1.0,1.0,0.958894707993775,0
1351,1b818742aecc51d0,True,1.0,1.0,0.8728115092815198,1.0,1.0,1.0,0.9470047955339665,0
1352,1b88b298d405518e,True,1.0,1.0,0.842341524600491,1.0,1.0,1.0,0.934308968583538,0
1353,1b8f0a989c8b5636,True,1.0,1.0,0.9458218305457576,1.0,1.0,1.0,0.9774257627273991,0
1354,1b95b6689ee75fab,True,1.0,1.0,0.8766995081595922,1.0,1.0,1.0,0.9486247950664968,0
1355,1b963a72d0cf5320,True,1.0,1.0,0.7639517175915,1.0,1.0,1.0,0.9016465489964584,0
1356,1b96821ba3425e3b,True,1.0,1.0,0.7212582507831781,1.0,1.0,1.0,0.8838576044929908,0
1357,1b9e4e6c5e91568d,True,1.0,1.0,0.7915450622690599,1.0,1.0,1.0,0.9131437759454416,0
1358,1baf6c7677a95a6a,True,1.0,1.0,1.0,1.0,1.0,1.0,1.0,0
1359,1bb7bab27d1552f5,True,1.0,1.0,1.0,1.0,1.0,1.0,1.0,0
1360,1bc6668f3dff5822,True,1.0,1.0,0.9563500216326438,1.0,1.0,1.0,0.9818125090136016,0
1361,1bc892186af15042,True,1.0,1.0,1.0,1.0,1.0,1.0,1.0,0
1362,1bd8492a6487562f,True,1.0,1.0,0.9472602990847157,1.0,1.0,1.0,0.9780251246186316,0
1363,1bddf6b0b25e5de4,True,1.0,1.0,1.0,1.0,1.0,1.0,1.0,0
1364,1bdfacbfcff75c27,True,1.0,1.0,0.6805762543737433,1.0,1.0,1.0,0.8669067726557264,0
1365,1be3fd906c435f85,True,1.0,1.0,0.7312830432600473,1.0,1.0,1.0,0.8880346013583531,0
1366,1bea55e75a9b593b,True,1.0,1.0,0.8257317606434142,1.0,1.0,0.5,0.9273882336014226,0
1367,1bee33a086b25a5f,True,1.0,1.0,1.0,1.0,1.0,1.0,1.0,0
1368,1bf45a481f1d52e3,True,1.0,1.0,1.0,1.0,1.0,1.0,1.0,0
1369,1bf4bffb864f5379,True,1.0,1.0,1.0,1.0,1.0,1.0,1.0,0
1370,1bf819f13d1c562f,True,1.0,1.0,0.8787710999941599,1.0,1.0,1.0,0.9494879583308999,0
1371,1bfbaec4ef9b556c,True,1.0,1.0,0.6446171948400915,1.0,1.0,1.0,0.8519238311833716,0
1372,1c03788c47b75b6b,True,1.0,1.0,1.0,1.0,1.0,1.0,1.0,0
1373,1c044069a36c5d4b,True,1.0,1.0,0.8786846999566511,1.0,1.0,1.0,0.9494519583152713,0
1374,1c047acccbcb548f,True,1.0,1.0,1.0,1.0,1.0,1.0,1.0,0
1375,1c064ec24fa15900,True,1.0,1.0,0.8169787339932413,1.0,1.0,1.0,0.9237411391638505,0
1376,1c078ca2e3625bb0,True,1.0,1.0,0.7509585068340557,1.0,1.0,1.0,0.8962327111808565,0
1377,1c0c94dbcd5359fc,True,1.0,1.0,0.6055661517120984,1.0,1.0,1.0,0.8356525632133743,0
1378,1c1086a1254c5c9e,True,1.0,1.0,0.9176232891626972,1.0,1.0,1.0,0.9656763704844572,0
1379,1c2140b2eac55906,True,1.0,1.0,0.9151997620823162,1.0,1.0,1.0,0.9646665675342985,0
1380,1c2170ed2977545e,True,1.0,1.0,0.9936390161116067,1.0,1.0,1.0,0.9973495900465027,0
1381,1c25de3a1c805da1,True,1.0,1.0,0.7791092498430588,1.0,1.0,1.0,0.9079621874346078,0
1382,1c295a44b8d856d0,True,1.0,1.0,0.8511851088868814,1.0,1.0,1.0,0.9379937953695339,0
1383,1c2e4c20931858f2,True,1.0,1.0,0.8684827036308032,1.0,1.0,1.0,0.9452011265128347,0
1384,1c2eb038a9ea5caa,True,1.0,1.0,0.6853710994938358,1.0,1.0,1.0,0.8689046247890982,0
1385,1c31e37ce65b52d9,True,1.0,1.0,0.8222636123904953,1.0,1.0,1.0,0.9259431718293731,0
1386,1c3c37eeacd15c92,True,1.0,1.0,0.8149227739457854,1.0,1.0,1.0,0.9228844891440772,0
1387,1c3d4987efaf5aae,True,1.0,1.0,1.0,1.0,1.0,1.0,1.0,0
1388,1c3e7aa7df415acb,True,1.0,1.0,0.9583647323912268,1.0,1.0,1.0,0.9826519718296778,0
1389,1c4544c0876f5a08,True,1.0,1.0,0.8094197573346731,1.0,1.0,1.0,0.9205915655561139,0
1390,1c45a4d22fcc5b2e,True,1.0,1.0,0.9541842281126695,1.0,1.0,1.0,0.9809100950469456,0
1391,1c5019f2bc6052d6,True,1.0,1.0,1.0,1.0,1.0,1.0,1.0,0
1392,1c542cec168557e3,True,1.0,1.0,0.7724525592599134,1.0,1.0,1.0,0.9051885663582974,0
1393,1c5aaf9e884b5ce9,True,1.0,1.0,0.983315879725098,1.0,1.0,1.0,0.9930482832187909,0
1394,1c5c2e372dc954cd,True,1.0,1.0,1.0,1.0,1.0,1.0,1.0,0
1395,1c5ca85e734859c4,True,1.0,1.0,1.0,1.0,1.0,1.0,1.0,0
1396,1c62222c7c0b522f,True,1.0,1.0,0.9815173148335391,1.0,1.0,1.0,0.9922988811806412,0
1397,1c64f911576a502d,True,1.0,1.0,1.0,1.0,1.0,1.0,1.0,0
1398,1c6e6f287c2354f1,True,1.0,1.0,0.7437206661209929,1.0,1.0,1.0,0.8932169442170803,0
1399,1c77ba7488d35c52,True,1.0,1.0,0.7846215508509562,1.0,1.0,1.0,0.9102589795212318,0
1400,1c7a7a95bc3354b8,True,1.0,1.0,1.0,1.0,1.0,1.0,1.0,0
1401,1c7bdbbc34c853bf,True,1.0,1.0,1.0,1.0,1.0,1.0,1.0,0
1402,1c7ccdd40a3f505a,True,1.0,1.0,1.0,1.0,1.0,1.0,1.0,0
1403,1c8804a52fc0553c,True,1.0,1.0,1.0,1.0,1.0,1.0,1.0,0
1404,1c8ca8c10d1a5757,True,1.0,1.0,0.8353494154381957,1.0,1.0,1.0,0.9313955897659149,0
1405,1c9f36db867b50bf,True,1.0,1.0,1.0,1.0,1.0,1.0,1.0,0
1406,1ca03ed089925396,True,1.0,1.0,0.8838164866472723,1.0,1.0,1.0,0.9515902027696969,0
1407,1ca75f05f31d51cc,True,1.0,1.0,0.8889177708561083,1.0,1.0,1.0,0.9537157378567119,0
1408,1caa3a4c5d5d510e,True,1.0,1.0,0.664452726229855,1.0,1.0,1.0,0.8601886359291062,0
1409,1cac49b248b05705,True,1.0,1.0,0.9493664171727921,1.0,1.0,1.0,0.9789026738219967,0
1410,1cb1b58a3129563c,True,1.0,1.0,0.8889651236407984,1.0,1.0,1.0,0.9537354681836661,0
1411,1cb21a59cbf95e1e,True,1.0,1.0,0.932502759851152,1.0,1.0,1.0,0.9718761499379799,0
1412,1cb3b57dac2d5435,True,1.0,1.0,0.9320863576482502,1.0,1.0,1.0,0.9717026490201043,0
1413,1cb96199b6a45732,True,1.0,1.0,0.725824650955119,1.0,1.0,1.0,0.8857602712312996,0
1414,1cbb42e800785a61,True,1.0,1.0,0.9627285553559479,1.0,1.0,1.0,0.9844702313983117,0
1415,1cbccb79dbe058a6,True,1.0,1.0,0.6757566583419122,1.0,1.0,1.0,0.8648986076424635,0
1416,1cd73301d5745314,True,1.0,1.0,0.8958557563284109,0.0,1.0,1.0,0.5399398984701712,0
1417,1cddf5eb97425ac1,True,1.0,1.0,1.0,1.0,1.0,0.0,1.0,0
1418,1cddfddca0bd560a,True,1.0,1.0,1.0,1.0,1.0,1.0,1.0,0
1419,1ce148cba6f35d51,True,1.0,1.0,1.0,1.0,1.0,1.0,1.0,0
1420,1ce780e012fc5d23,True,1.0,1.0,0.8078323694487137,1.0,1.0,1.0,0.9199301539369641,0
1421,1ce94ab175d8507a,True,1.0,1.0,0.9397440968975854,0.0,1.0,1.0,0.5582267070406606,0
1422,1ceec301ab6552b1,True,1.0,1.0,1.0,1.0,1.0,1.0,1.0,0
1423,1cf4270132e35206,True,1.0,1.0,0.8794992349851334,1.0,1.0,0.5,0.9497913479104723,0
1424,1cf59919c4f15605,True,1.0,1.0,0.7729472883898622,1.0,1.0,1.0,0.905394703495776,0
1425,1cf600346a7e5fc5,True,1.0,1.0,0.7240946787081962,1.0,1.0,1.0,0.8850394494617485,0
1426,1cff6bb966075bc7,True,1.0,1.0,1.0,1.0,1.0,1.0,1.0,0
1427,1cff7a7ece6851c4,True,1.0,1.0,0.6891031495976356,1.0,1.0,1.0,0.8704596456656816,0
1428,1cffb22700735548,True,1.0,1.0,1.0,1.0,1.0,1.0,1.0,0
1429,1d0334886e9f535b,True,1.0,1.0,1.0,1.0,1.0,1.0,1.0,0
1430,1d037ee2ffda5d69,True,1.0,1.0,1.0,1.0,1.0,1.0,1.0,0
1431,1d0c8aa56b6350bf,True,1.0,1.0,1.0,1.0,1.0,1.0,1.0,0
1432,1d0dfd09b8185201,True,1.0,1.0,1.0,1.0,1.0,1.0,1.0,0
1433,1d16c78634695b4a,True,1.0,0.0,0.0,1.0,1.0,0.5,0.0,0
1434,1d198434c5f9569e,True,1.0,1.0,1.0,1.0,1.0,0.5,1.0,0
1435,1d1dde59c417522f,True,1.0,1.0,0.835986305120248,1.0,1.0,1.0,0.93166096046677,0
1436,1d2710d5bcfd52a7,True,1.0,1.0,0.7705768920943116,1.0,1.0,1.0,0.9044070383726298,0
1437,1d2e6d44fd635391,True,1.0,1.0,0.9195097828058765,1.0,1.0,1.0,0.9664624095024484,0
1438,1d33935825d8539f,True,1.0,1.0,1.0,1.0,1.0,0.5,1.0,0
1439,1d359a03436458f0,True,1.0,1.0,0.9187778061976973,1.0,1.0,1.0,0.9661574192490404,0
1440,1d3700dc6c9950e0,True,1.0,1.0,0.7683809118056804,1.0,1.0,1.0,0.9034920465857001,0
1441,1d372d9debb155cb,True,1.0,1.0,0.937339795698781,1.0,1.0,1.0,0.9738915815411587,0
1442,1d3a143cf41f5d16,True,1.0,1.0,0.7278980602394852,1.0,1.0,1.0,0.8866241917664522,0
1443,1d3cf448005f56c1,True,1.0,1.0,1.0,1.0,1.0,1.0,1.0,0
1444,1d3dfbbe8a0a54f6,True,1.0,1.0,0.9069145197963372,1.0,1.0,1.0,0.9612143832484739,0
1445,1d4b518f1b175184,True,1.0,1.0,1.0,1.0,1.0,1.0,1.0,0
1446,1d538fa6a8825de1,True,1.0,1.0,0.9096770404500194,1.0,1.0,1.0,0.9623654335208415,0
1447,1d58f582aa95543b,True,1.0,1.0,0.8478720243510043,1.0,1.0,1.0,0.9366133434795851,0
1448,1d612d6783845a87,True,1.0,1.0,0.8176738929295887,1.0,1.0,1.0,0.9240307887206619,0
1449,1d63ddad646b5496,True,1.0,1.0,0.965426949902679,1.0,1.0,1.0,0.9855945624594495,0
1450,1d6a5273610a56e6,True,1.0,1.0,1.0,1.0,1.0,1.0,1.0,0
1451,1d6b6b43809a50cf,True,1.0,1.0,1.0,1.0,1.0,1.0,1.0,0
1452,1d7a96e116735b6c,True,1.0,1.0,0.9563106337012854,1.0,1.0,1.0,0.9817960973755356,0
1453,1d7fd5ffc1e3571c,True,1.0,1.0,1.0,1.0,1.0,1.0,1.0,0
1454,1d7ff3e8eed15ced,True,1.0,1.0,1.0,1.0,1.0,1.0,1.0,0
1455,1d811c0428d255cd,True,1.0,1.0,1.0,1.0,1.0,1.0,1.0,0
1456,1d95772619d35606,True,1.0,1.0,0.8729002814074075,1.0,1.0,1.0,0.9470417839197531,0
1457,1da6196444e35b0f,True,1.0,1.0,0.7995231864228051,1.0,1.0,1.0,0.9164679943428354,0
1458,1da970c8d7ac55b0,True,1.0,1.0,0.6932225328323743,1.0,1.0,1.0,0.8721760553468226,0
1459,1dae5903323e5214,True,1.0,1.0,1.0,1.0,1.0,1.0,1.0,0
1460,1db38f4b73ac5b62,True,1.0,1.0,1.0,1.0,1.0,1.0,1.0,0
1461,1db7c81f96855ce9,True,1.0,1.0,0.8088582560200197,1.0,1.0,1.0,0.9203576066750082,0
1462,1db88198fce854da,True,1.0,1.0,0.7613045540195671,1.0,1.0,1.0,0.9005435641748196,0
1463,1dbaa3f0d0345e61,True,1.0,1.0,1.0,1.0,1.0,1.0,1.0,0
1464,1dc0a266d7ea5c61,True,1.0,1.0,0.5744728474885318,1.0,1.0,1.0,0.8226970197868883,0
1465,1dc437ce152e55fa,True,1.0,1.0,0.6705751870006663,1.0,1.0,1.0,0.8627396612502777,0
1466,1dcac8bb6872533b,True,1.0,1.0,0.8420200651322779,1.0,1.0,1.0,0.9341750271384491,0
1467,1dd4683469e457c5,True,1.0,1.0,1.0,1.0,1.0,1.0,1.0,0
1468,1de80c2e4aca5f33,True,1.0,1.0,0.7972309949036962,1.0,1.0,1.0,0.9155129145432067,0
1469,1ded576bc1325cae,True,1.0,1.0,1.0,1.0,1.0,1.0,1.0,0
1470,1df1903e5bcd5036,True,1.0,1.0,0.9500405697225497,1.0,1.0,1.0,0.979183570717729,0
1471,1df82f9400b35ebb,True,1.0,1.0,1.0,1.0,1.0,1.0,1.0,0
1472,1dfce400c1ba574c,True,1.0,1.0,0.7835289735495758,1.0,1.0,1.0,0.9098037389789898,0
1473,1e01550fc9d656d8,True,1.0,1.0,0.769708663137273,1.0,1.0,1.0,0.9040452763071971,0
1474,1e037812f8d7530d,True,1.0,1.0,0.7706129483925861,1.0,1.0,1.0,0.9044220618302442,0
1475,1e04c6a2644f5c2b,True,1.0,1.0,0.9111042985911445,1.0,1.0,1.0,0.962960124412977,0
1476,1e09c94f9cfb5fc9,True,1.0,1.0,1.0,1.0,1.0,1.0,1.0,0
1477,1e0c13bae35a50b3,True,1.0,1.0,0.8876633319193664,1.0,1.0,1.0,0.9531930549664027,0
1478,1e0e26ffc2ae5b34,True,1.0,1.0,0.8380498536443157,1.0,1.0,1.0,0.9325207723517982,0
1479,1e15c5256da5549a,True,1.0,1.0,1.0,1.0,1.0,1.0,1.0,0
1480,1e1878076a0b52d6,True,1.0,1.0,0.8181679332949898,1.0,1.0,1.0,0.9242366388729124,0
1481,1e1913cd8d035225,True,1.0,1.0,1.0,1.0,1.0,1.0,1.0,0
1482,1e1f35531c5856bb,True,1.0,1.0,0.901392005503426,1.0,1.0,1.0,0.9589133356264276,0
1483,1e241714a35658ff,True,1.0,1.0,1.0,1.0,1.0,1.0,1.0,0
1484,1e2e250cbb555fe6,True,1.0,1.0,0.8905512069414129,1.0,1.0,1.0,0.9543963362255887,0
1485,1e3b603ccda457c5,True,1.0,1.0,1.0,1.0,1.0,1.0,1.0,0
1486,1e4df42d4cea5416,True,1.0,1.0,1.0,0.0,1.0,1.0,0.5833333333333334,0
1487,1e4f2f231ac0540e,True,1.0,1.0,0.7248057597561821,0.0,1.0,1.0,0.4686690665650759,0
1488,1e4fb3a9572f5e7d,True,1.0,1.0,0.8714211490783628,1.0,1.0,1.0,0.946425478782651,0
1489,1e527ab20dd55310,True,1.0,1.0,1.0,1.0,1.0,1.0,1.0,0
1490,1e60548b4c00538a,True,1.0,0.0,0.0,1.0,1.0,1.0,0.0,0
1491,1e6597b57a335949,True,1.0,1.0,1.0,1.0,1.0,1.0,1.0,0
1492,1e73524ff61b5a70,True,1.0,1.0,0.9287837340296597,1.0,1.0,1.0,0.9703265558456916,0
1493,1e751703427e5a3c,True,1.0,1.0,0.8753053836355774,1.0,1.0,1.0,0.9480439098481573,0
1494,1e78181bb1c150e4,True,1.0,1.0,1.0,0.0,1.0,1.0,0.5833333333333334,0
1495,1e80afcdb0b65cc4,True,1.0,1.0,1.0,0.0,1.0,1.0,0.5833333333333334,0
1496,1e80c5febdd25875,True,1.0,1.0,1.0,0.0,1.0,1.0,0.5833333333333334,0
1497,1e858b49f4a95ee8,True,1.0,1.0,1.0,1.0,1.0,1.0,1.0,0
1498,1e8bf2f0e05e58b0,True,1.0,1.0,1.0,0.0,1.0,1.0,0.5833333333333334,0
1499,1e91e4b9af695706,True,1.0,1.0,1.0,0.0,1.0,1.0,0.5833333333333334,0
1500,1e921882661b5a6b,True,1.0,1.0,0.715471137537886,1.0,1.0,1.0,0.8814463073074524,0
1501,1e92a7ac3d645cdd,True,1.0,1.0,0.8722068281099957,1.0,1.0,1.0,0.9467528450458316,0
1502,1e98fee7a7cc5254,True,1.0,1.0,0.6721542377378456,1.0,1.0,1.0,0.8633975990574356,0
1503,1e9a42ef8f4057a6,True,1.0,1.0,0.960331075592074,1.0,1.0,1.0,0.9834712814966974,0
1504,1e9fb68ccf2d5bcd,True,1.0,1.0,1.0,1.0,1.0,1.0,1.0,0
1505,1ea152f7056659a9,True,1.0,0.0,0.0,1.0,1.0,1.0,0.0,0
1506,1ea920764abe5dcb,True,1.0,1.0,0.981072968934049,1.0,1.0,1.0,0.9921137370558538,0
1507,1ea94b85513e5822,True,1.0,1.0,0.921229880279982,1.0,1.0,1.0,0.9671791167833259,0
1508,1eade5af9ee65696,True,1.0,1.0,0.9034342907903405,1.0,1.0,1.0,0.9597642878293086,0
1509,1eb0e6e749975996,True,1.0,1.0,0.8591009801672114,1.0,1.0,1.0,0.9412920750696715,0
1510,1eb474de58ca5d6f,True,1.0,1.0,0.9355843331195743,1.0,1.0,1.0,0.9731601387998227,0
1511,1ebb462c6acd5b4d,True,1.0,1.0,0.8607957652761815,1.0,1.0,1.0,0.9419982355317423,0
1512,1ebc0b5378ab5caa,True,1.0,1.0,1.0,1.0,1.0,1.0,1.0,0
1513,1ebc11a17d925215,True,1.0,1.0,0.8198466651946046,1.0,1.0,1.0,0.9249361104977519,0
1514,1ebcf2ddce325598,True,1.0,1.0,1.0,1.0,1.0,1.0,1.0,0
1515,1ebd95c73644569f,True,1.0,0.0,0.0,1.0,1.0,1.0,0.0,0
1516,1ebfee14fc925d6e,True,1.0,1.0,1.0,1.0,1.0,1.0,1.0,0
1517,1ec58e13fee45a30,True,1.0,1.0,0.756028961069978,1.0,1.0,1.0,0.8983454004458241,0
1518,1ec7ff5bb8cf5477,True,1.0,1.0,1.0,1.0,1.0,1.0,1.0,0
1519,1ec907a74cbb54cd,True,1.0,1.0,1.0,1.0,1.0,1.0,1.0,0
1520,1ecaacbc53a754e7,True,1.0,1.0,1.0,1.0,1.0,1.0,1.0,0
1521,1ecea4b911675b72,True,1.0,1.0,0.6748015527353628,1.0,1.0,1.0,0.8645006469730679,0
1522,1ed469afe6545946,True,1.0,1.0,0.6775413070942177,1.0,1.0,1.0,0.8656422112892574,0
1523,1ed78a92956f5c5c,True,1.0,1.0,0.9323191677048791,1.0,1.0,1.0,0.9717996532103662,0
1524,1ed850327b905ebd,True,1.0,1.0,0.8259260280582744,1.0,1.0,1.0,0.9274691783576143,0
1525,1ed8702288c15895,True,1.0,1.0,0.9793876652096309,1.0,1.0,0.5,0.9914115271706795,0
1526,1ed9f27f63645f09,True,1.0,1.0,1.0,1.0,1.0,1.0,1.0,0
1527,1edf90bb34fc5d3f,True,1.0,1.0,1.0,1.0,1.0,1.0,1.0,0
1528,1ee0c099f86a585e,True,1.0,1.0,1.0,1.0,1.0,1.0,1.0,0
1529,1ee7868373355838,True,1.0,1.0,1.0,1.0,1.0,1.0,1.0,0
1530,1eed252c6ca25157,True,1.0,1.0,0.7007344154096752,1.0,1.0,1.0,0.875306006420698,0
1531,1ef49bbbadd55818,True,1.0,1.0,0.984944268055731,1.0,1.0,1.0,0.9937267783565545,0
1532,1eff566e627f56b9,True,1.0,1.0,0.9312165136632432,1.0,1.0,1.0,0.9713402140263513,0
1533,1f06808c28765941,True,1.0,1.0,0.9237905449788042,1.0,1.0,1.0,0.968246060407835,0
1534,1f095494fe755244,True,1.0,1.0,1.0,1.0,1.0,1.0,1.0,0
1535,1f0f883695f05e6c,True,1.0,1.0,0.6907593639986663,1.0,1.0,1.0,0.8711497349994444,0
1536,1f12591bdae05306,True,1.0,1.0,1.0,1.0,1.0,1.0,1.0,0
1537,1f13bc7f674b5ebe,True,1.0,1.0,1.0,1.0,1.0,1.0,1.0,0
1538,1f174dcc44335ad6,True,1.0,1.0,0.8830657135302976,1.0,1.0,1.0,0.9512773806376241,0
1539,1f1a5be0eaa35282,True,1.0,1.0,0.9921052977122847,1.0,1.0,1.0,0.996710540713452,0
1540,1f1c016bd3715dc2,True,1.0,1.0,0.9958217248587953,1.0,1.0,1.0,0.998259052024498,0
1541,1f211666d4465388,True,1.0,1.0,0.780825464373722,1.0,1.0,1.0,0.9086772768223842,0
1542,1f248c6b5f2f5234,True,1.0,1.0,1.0,1.0,1.0,1.0,1.0,0
1543,1f29aa63bc64550d,True,1.0,1.0,0.7813524212432345,1.0,1.0,1.0,0.908896842184681,0
1544,1f2b81cc64b45658,True,1.0,1.0,0.8415889277931837,1.0,1.0,1.0,0.9339953865804933,0
1545,1f2bbc5cb66b523a,True,1.0,1.0,0.7328630563397037,1.0,1.0,1.0,0.8886929401415432,0
1546,1f2f210163c358f8,True,1.0,1.0,0.9271323208098934,1.0,1.0,1.0,0.9696384670041223,0
1547,1f381d3a242b54f0,True,1.0,1.0,0.8343507685452065,1.0,1.0,1.0,0.9309794868938361,0
1548,1f5144778210505c,True,1.0,1.0,1.0,1.0,1.0,1.0,1.0,0
1549,1f53a73b41095041,True,1.0,1.0,1.0,1.0,1.0,1.0,1.0,0
1550,1f54430427975391,True,1.0,1.0,0.6325375777827558,1.0,1.0,1.0,0.8468906574094817,0
1551,1f55063084fd593c,True,1.0,1.0,1.0,1.0,1.0,1.0,1.0,0
1552,1f57ce2072e25edb,True,1.0,1.0,0.8579014042373544,1.0,1.0,1.0,0.9407922517655644,0
1553,1f67195591a95027,True,1.0,1.0,0.9195645370058434,1.0,1.0,1.0,0.9664852237524348,0
1554,1f6d3d52a6685c15,True,1.0,1.0,0.8650816475737708,1.0,1.0,1.0,0.9437840198224045,0
1555,1f7588f60e8d5ff2,True,1.0,1.0,0.9018616992228621,1.0,1.0,1.0,0.9591090413428592,0
1556,1f7910e143ab5300,True,1.0,1.0,0.9115116715806729,1.0,1.0,1.0,0.9631298631586137,0
1557,1f7afb10d4cc5319,True,1.0,1.0,0.9418915122745612,1.0,1.0,1.0,0.9757881301144006,0
1558,1f7fe5fcd7965b1c,True,1.0,1.0,0.7357585962423653,1.0,1.0,1.0,0.8898994151009855,0
1559,1f90968aaeb55128,True,1.0,1.0,0.9940082605603975,1.0,1.0,1.0,0.9975034419001657,0
1560,1f9d4228103950f8,True,1.0,1.0,0.6545215497862114,1.0,1.0,1.0,0.8560506457442547,0
1561,1fa7d30105dd5ebd,True,1.0,1.0,0.8733358204870167,1.0,1.0,1.0,0.947223258536257,0
1562,1faa10d7c34553d2,True,1.0,1.0,0.7910421851101855,1.0,1.0,1.0,0.9129342437959106,0
1563,1faa29a936cd5277,True,1.0,1.0,0.7814035933489456,1.0,1.0,1.0,0.908918163895394,0
1564,1fb997ffe1de58f8,True,1.0,1.0,0.8040322161491071,1.0,1.0,0.5,0.9183467567287945,0
1565,1fbea664b0805a19,True,1.0,1.0,0.6498507503197534,1.0,1.0,1.0,0.8541044792998972,0
1566,1fc2b1630a0e5c53,True,1.0,1.0,1.0,0.0,1.0,1.0,0.5833333333333334,0
1567,1fc38f9fc93f5a29,True,1.0,1.0,0.7560345847364023,1.0,1.0,1.0,0.8983477436401676,0
1568,1fc3acd944ba540e,True,1.0,1.0,0.8408134660832928,1.0,1.0,1.0,0.9336722775347054,0
1569,1fc48e89034758e7,True,1.0,1.0,0.5329555755312355,1.0,1.0,1.0,0.8053981564713482,0
1570,1fc5ab19306f5a47,True,1.0,1.0,1.0,1.0,1.0,1.0,1.0,0
1571,1fd4a838b258571f,True,1.0,1.0,0.9367107749907742,1.0,1.0,1.0,0.9736294895794892,0
1572,1fd8eed8897a5667,True,1.0,1.0,1.0,1.0,1.0,1.0,1.0,0
1573,1fdff45f05055069,True,1.0,1.0,0.9339391444131326,1.0,1.0,1.0,0.972474643505472,0
1574,1fe2f21f53c05378,True,1.0,0.0,0.0,1.0,1.0,1.0,0.0,0
1575,1fe5f6af95e15489,True,1.0,1.0,0.9551988595958246,1.0,1.0,1.0,0.9813328581649269,0
1576,1fe885bcdf8d53de,True,1.0,1.0,0.7845305805094229,1.0,1.0,1.0,0.9102210752122595,0
1577,1fedc5971443588d,True,1.0,1.0,0.9205141766316313,1.0,1.0,1.0,0.9668809069298464,0
1578,1ff00d6929bb5569,True,1.0,1.0,0.4180761945123422,1.0,1.0,1.0,0.7575317477134759,0
1579,1ff55a9fd29a5bf5,True,1.0,1.0,0.9326288706043566,1.0,1.0,1.0,0.9719286960851486,0
1580,1ff5f3528c36501f,True,1.0,1.0,0.8432549764955213,1.0,1.0,1.0,0.9346895735398005,0
1581,20024f7ea9635ed8,True,1.0,1.0,1.0,1.0,1.0,1.0,1.0,0
1582,2002780575295bdc,True,1.0,1.0,1.0,1.0,1.0,1.0,1.0,0
1583,200bc08880505a6e,True,1.0,1.0,1.0,1.0,1.0,1.0,1.0,0
1584,200c447283ed50eb,True,1.0,0.0,0.0,1.0,1.0,1.0,0.0,0
1585,20162e17faf656f2,True,1.0,1.0,0.8743904892098312,1.0,1.0,1.0,0.9476627038374298,0
1586,2025f4a272e15733,True,1.0,1.0,1.0,1.0,1.0,1.0,1.0,0
1587,202d0026e8ff5a3c,True,1.0,1.0,0.9333426523880389,1.0,1.0,0.5,0.972226105161683,0
1588,202d3d3e3b9356a3,True,1.0,1.0,0.9653733250768224,1.0,1.0,1.0,0.9855722187820093,0
1589,2030d3a5ed675084,True,1.0,1.0,1.0,1.0,1.0,1.0,1.0,0
1590,2034e8ae11cc594e,True,1.0,1.0,0.8828669285689529,1.0,1.0,1.0,0.9511945535703971,0
1591,2035406a3a6955be,True,1.0,1.0,1.0,1.0,1.0,1.0,1.0,0
1592,20403b65d87d5e5a,True,1.0,1.0,1.0,1.0,1.0,1.0,1.0,0
1593,20472dd2ff805948,True,1.0,1.0,1.0,1.0,1.0,1.0,1.0,0
1594,205143f7ff4d5b4b,True,1.0,1.0,0.7995997010195477,1.0,1.0,1.0,0.9164998754248116,0
1595,2055bd0e7a885e4a,True,1.0,1.0,0.7379322739436462,1.0,1.0,1.0,0.8908051141431859,0
1596,205cce163e5a5b46,True,1.0,1.0,1.0,1.0,1.0,1.0,1.0,0
1597,205dd2add8b357f6,True,1.0,1.0,1.0,0.0,1.0,1.0,0.5833333333333334,0
1598,206322cf0cf45186,True,0.0,1.0,0.0,0.0,1.0,1.0,0.0,0
1599,206ccbdfb1e25bf2,True,1.0,1.0,0.9854625889273226,1.0,1.0,0.0,0.9939427453863844,0
1600,2070f12707d95924,True,1.0,1.0,0.7877130327333217,1.0,1.0,1.0,0.9115470969722175,0
1601,20728d3e677b593d,True,1.0,0.0,0.0,0.0,1.0,1.0,0.0,0
1602,2072f71b7e8f5ece,True,1.0,1.0,0.7998882012016034,1.0,1.0,1.0,0.9166200838340014,0
1603,2073f76964735ff7,True,1.0,1.0,0.7817502295626502,1.0,1.0,0.5,0.9090625956511044,0
1604,2076a8bdb6da5fe3,True,1.0,1.0,0.8489536096253052,1.0,1.0,1.0,0.9370640040105438,0
1605,208247acd8ca5e2c,True,1.0,1.0,0.6581004567493319,1.0,1.0,1.0,0.8575418569788883,0
1606,2087ff145dae502d,True,1.0,1.0,1.0,1.0,1.0,1.0,1.0,0
1607,209069959e1d5531,True,1.0,1.0,0.7571506338983284,1.0,1.0,1.0,0.8988127641243034,0
1608,20911cdf7e285a63,True,1.0,1.0,1.0,1.0,1.0,1.0,1.0,0
1609,20a276a12f2150c5,True,1.0,1.0,1.0,1.0,1.0,1.0,1.0,0
1610,20a6e330d8f1571b,True,1.0,1.0,0.9954137883744162,1.0,1.0,1.0,0.99808907848934,0
1611,20ae5de0a8725d9d,True,1.0,1.0,0.5767262911532552,1.0,1.0,1.0,0.8236359546471896,0
1612,20ae5f5df50a5865,True,1.0,1.0,0.9523085677681752,1.0,1.0,1.0,0.9801285699034064,0
1613,20c16675ba295725,True,1.0,1.0,0.6985214506308838,1.0,1.0,1.0,0.8743839377628682,0
1614,20c8f9038443596e,True,1.0,1.0,0.9586515058803842,1.0,1.0,1.0,0.9827714607834933,0
1615,20cc0fdb7e2d5c3f,True,1.0,1.0,0.98620128856725,1.0,1.0,1.0,0.9942505369030208,0
1616,20d3a5f5b9e6549f,True,1.0,1.0,0.9664201337481239,1.0,1.0,1.0,0.9860083890617183,0
1617,20ec6765e35d5cd1,True,1.0,1.0,1.0,1.0,1.0,1.0,1.0,0
1618,20f0988b6050572a,True,1.0,1.0,0.8795373952502417,1.0,1.0,1.0,0.949807248020934,0
1619,20f1de62f5795dab,True,1.0,1.0,1.0,1.0,1.0,1.0,1.0,0
1620,20f825e0d33a5160,True,1.0,1.0,1.0,1.0,1.0,1.0,1.0,0
1621,20f93aa93fe05157,True,1.0,1.0,0.8450876218313425,1.0,1.0,1.0,0.9354531757630594,0
1622,20fd202ba2e1572a,True,1.0,1.0,1.0,1.0,1.0,1.0,1.0,0
1623,20ffc5c3de7c591a,True,1.0,1.0,0.7318200158894023,1.0,1.0,1.0,0.8882583399539176,0
1624,21000f5c15845bf4,True,1.0,1.0,0.8456635255220052,1.0,1.0,1.0,0.9356931356341688,0
1625,210a1c9ce3725a53,True,1.0,1.0,0.8379201793861805,1.0,1.0,1.0,0.9324667414109085,0
1626,210a2cd8efe051af,True,1.0,1.0,0.8901790351864448,1.0,1.0,1.0,0.9542412646610187,0
1627,210e056a17d1522d,True,1.0,1.0,1.0,1.0,1.0,1.0,1.0,0
1628,210fa74895dc5f52,True,1.0,1.0,1.0,1.0,1.0,1.0,1.0,0
1629,21128a317e82595f,True,1.0,1.0,0.8416858337970435,1.0,1.0,1.0,0.9340357640821014,0
1630,2113dcf1e88b598e,True,1.0,1.0,1.0,1.0,1.0,1.0,1.0,0
1631,21146ac996365854,True,1.0,1.0,0.7384300503944555,1.0,1.0,1.0,0.8910125209976898,0
1632,2114e7e213c45fc0,True,1.0,1.0,1.0,1.0,1.0,1.0,1.0,0
1633,2115792748a75f88,True,1.0,1.0,1.0,1.0,1.0,1.0,1.0,0
1634,2115a02d06035ce0,True,1.0,1.0,1.0,1.0,1.0,1.0,1.0,0
1635,2125a58a235f5e11,True,1.0,1.0,0.8445263629830935,1.0,1.0,1.0,0.9352193179096222,0
1636,212c67511de75043,True,1.0,1.0,0.9596412026149981,1.0,1.0,1.0,0.9831838344229159,0
1637,2133a31c391f5108,True,1.0,1.0,0.8527545810294926,1.0,1.0,1.0,0.9386477420956219,0
1638,213494be2acb5c68,True,1.0,1.0,0.8292539376595865,1.0,1.0,1.0,0.9288558073581611,0
1639,2135b76284735f17,True,1.0,1.0,0.8487451132126016,1.0,1.0,1.0,0.9369771305052507,0
1640,213870b088245664,True,1.0,1.0,0.8180288045714197,1.0,1.0,1.0,0.9241786685714248,0
1641,213c18fea71457d2,True,1.0,1.0,0.6249120343987068,1.0,1.0,1.0,0.8437133476661277,0
1642,214abdb588465704,True,1.0,1.0,0.6628576172259495,1.0,1.0,1.0,0.8595240071774789,0
1643,214bd73e71715f2c,True,1.0,1.0,1.0,1.0,1.0,1.0,1.0,0
1644,2150cda2905d51ca,True,1.0,1.0,1.0,1.0,1.0,1.0,1.0,0
1645,21560b9edc8c5b8c,True,1.0,1.0,0.4990578634898251,1.0,1.0,1.0,0.7912741097874272,0
1646,2158d459f8b259c3,True,1.0,1.0,0.8064815037068908,1.0,1.0,1.0,0.9193672932112045,0
1647,215c38293c335e25,True,1.0,1.0,0.8624483606036583,1.0,1.0,1.0,0.942686816918191,0
1648,216b31d31f085114,True,1.0,1.0,0.8003609851553678,1.0,1.0,1.0,0.9168170771480698,0
1649,216d5205e9745145,True,1.0,1.0,0.7116818236626657,1.0,1.0,1.0,0.8798674265261107,0
1650,217307a367fd551a,True,1.0,1.0,0.8007964384371358,1.0,1.0,1.0,0.9169985160154731,0
1651,21747e180852591a,True,1.0,1.0,0.6616024857123214,1.0,1.0,1.0,0.8590010357134673,0
1652,2184b01d59d4550c,True,1.0,1.0,1.0,1.0,1.0,1.0,1.0,0
1653,2189449ddbf65bff,True,1.0,1.0,0.7959915019668977,1.0,1.0,1.0,0.914996459152874,0
1654,218adf8c450058eb,True,1.0,1.0,1.0,1.0,1.0,1.0,1.0,0
1655,218b80dbcd8551b8,True,1.0,1.0,0.8647167018382675,1.0,1.0,1.0,0.9436319590992781,0
1656,218d9b0348fe5687,True,1.0,1.0,0.8139353533602398,1.0,1.0,1.0,0.9224730639000999,0
1657,218ebafd6210550e,True,1.0,1.0,0.8495484356936865,1.0,1.0,1.0,0.9373118482057027,0
1658,2193ada652c557c3,True,1.0,1.0,0.7058467179101423,1.0,1.0,1.0,0.8774361324625594,0
1659,21990e031d705957,True,1.0,1.0,0.7417709475939703,1.0,1.0,1.0,0.8924045614974876,0
1660,21acd3bbf97b5cbe,True,1.0,1.0,1.0,0.0,1.0,1.0,0.5833333333333334,0
1661,21b0b3ef9d2e59ed,True,1.0,1.0,1.0,1.0,1.0,1.0,1.0,0
1662,21b36975c4f75e9a,True,1.0,1.0,1.0,1.0,1.0,1.0,1.0,0
1663,21b54e6d58985ae3,True,1.0,1.0,1.0,1.0,1.0,1.0,1.0,0
1664,21b63f3e9c025da2,True,1.0,1.0,1.0,1.0,1.0,1.0,1.0,0
1665,21b8742127e7523c,True,1.0,1.0,0.9174689193211923,1.0,1.0,1.0,0.9656120497171635,0
1666,21b98219003453af,True,1.0,1.0,0.6738072064354587,1.0,1.0,1.0,0.8640863360147745,0
1667,21bc638f113e5f63,True,0.0,1.0,0.0,0.0,1.0,1.0,0.0,0
1668,21bd985c9d7155e5,True,1.0,1.0,0.8194737062076821,1.0,1.0,1.0,0.9247807109198676,0
1669,21c961133b0c52d5,True,1.0,1.0,0.837291869350715,1.0,1.0,1.0,0.9322049455627979,0
1670,21cd38e3128a5285,True,1.0,1.0,0.7792242125190142,1.0,1.0,1.0,0.9080100885495893,0
1671,21ce6f815188587a,True,1.0,1.0,0.768205965126146,1.0,1.0,1.0,0.9034191521358942,0
1672,21cef59c18245d4c,True,1.0,1.0,1.0,1.0,1.0,1.0,1.0,0
1673,21d4990a6b4f597a,True,1.0,1.0,0.8835482140964732,1.0,1.0,1.0,0.9514784225401972,0
1674,21d65485fa3c55e7,True,1.0,1.0,0.902275296135529,1.0,1.0,1.0,0.9592813733898038,0
1675,21d6b11a81755b6d,True,1.0,1.0,1.0,1.0,1.0,1.0,1.0,0
1676,21dbc361352b5dbd,True,1.0,1.0,0.7826431756033848,1.0,1.0,1.0,0.9094346565014103,0
1677,21e13e3ac13856b1,True,1.0,1.0,0.728910071390781,1.0,1.0,1.0,0.8870458630794921,0
1678,21e4dfb3741d529f,True,1.0,1.0,0.9488669007899172,1.0,1.0,1.0,0.9786945419957989,0
1679,21e98ee0ac165e2c,True,1.0,1.0,0.9854969529147792,1.0,1.0,1.0,0.9939570637144914,0
1680,21ef33c75fee5561,True,1.0,1.0,0.8653354674346028,1.0,1.0,1.0,0.9438897780977511,0
1681,21f55c28bb945892,True,1.0,1.0,0.7353279713229561,1.0,1.0,1.0,0.8897199880512318,0
1682,21f64c6cfe835cbe,True,1.0,1.0,1.0,0.0,1.0,1.0,0.5833333333333334,0
1683,21fb4d702ea85f63,True,1.0,1.0,0.7421579395926361,1.0,1.0,1.0,0.8925658081635984,0
1684,22021c2141625fce,True,1.0,1.0,0.7707039955800834,1.0,1.0,1.0,0.9044599981583681,0
1685,221199c4bcef5e62,True,1.0,1.0,1.0,1.0,1.0,1.0,1.0,0
1686,2218fd73bd8d54da,True,1.0,1.0,1.0,1.0,1.0,1.0,1.0,0
1687,2223b290d60556d5,True,1.0,0.0,0.0,0.0,1.0,1.0,0.0,0
1688,222a07b15e165f6f,True,1.0,1.0,1.0,1.0,1.0,1.0,1.0,0
1689,22343d7492d158bb,True,1.0,1.0,1.0,1.0,1.0,1.0,1.0,0
1690,223a8f20abb752e9,True,1.0,1.0,0.8708755197224599,1.0,1.0,1.0,0.9461981332176915,0
1691,223cdeaddc525446,True,1.0,1.0,0.996942306935125,1.0,1.0,1.0,0.9987259612229687,0
1692,223d02be29c65e81,True,1.0,0.0,0.0,1.0,1.0,1.0,0.0,0
1693,2243d4e976fb5b77,True,1.0,1.0,1.0,1.0,1.0,1.0,1.0,0
1694,2248832a822755d9,True,1.0,1.0,1.0,1.0,1.0,1.0,1.0,0
1695,2251b1d81d0051c1,True,0.0,1.0,0.0,0.0,1.0,1.0,0.0,0
1696,2256b2a677aa5509,True,1.0,1.0,0.8109636305315228,1.0,1.0,1.0,0.9212348460548011,0
1697,2258bd346b3f5376,True,1.0,1.0,1.0,1.0,1.0,1.0,1.0,0
1698,225eb6e22af55972,True,1.0,1.0,1.0,1.0,1.0,1.0,1.0,0
1699,22642c0ae9605891,True,1.0,1.0,0.9280477899048296,1.0,1.0,1.0,0.9700199124603457,0
1700,226f50441ff35772,True,1.0,1.0,1.0,1.0,1.0,1.0,1.0,0
1701,2274256d3852572f,True,1.0,1.0,0.733806229648173,1.0,1.0,1.0,0.8890859290200721,0
1702,227d62f5dfd95624,True,1.0,1.0,0.8849574827233597,1.0,1.0,0.5,0.9520656178013999,0
1703,22878e2b2f6e5ab2,True,1.0,1.0,0.9341807959529327,1.0,1.0,1.0,0.9725753316470552,0
1704,228dbe4bb59c537b,True,1.0,1.0,1.0,1.0,1.0,1.0,1.0,0
1705,229de058ec7b59bd,True,1.0,1.0,1.0,1.0,1.0,1.0,1.0,0
1706,229e86f19e7d5ced,True,1.0,1.0,1.0,1.0,1.0,1.0,1.0,0
1707,22a0b00bb8ed5ed5,True,1.0,1.0,0.8608719957760549,1.0,1.0,1.0,0.9420299982400229,0
1708,22a3a112a0485c4c,True,1.0,1.0,1.0,1.0,1.0,1.0,1.0,0
1709,22a9516d643c5e4b,True,1.0,1.0,0.711508568330571,1.0,1.0,1.0,0.8797952368044045,0
1710,22a9f8694d425753,True,1.0,1.0,0.8883968505456248,1.0,1.0,1.0,0.9534986877273437,0
1711,22af89102e0650b7,True,1.0,1.0,0.8451722512009117,1.0,1.0,1.0,0.9354884380003798,0
1712,22b526a96ad65c88,True,1.0,1.0,0.8578617894063185,1.0,1.0,1.0,0.9407757455859661,0
1713,22c1a51ffc1f5022,True,0.0,1.0,0.0,0.0,1.0,1.0,0.0,0
1714,22dcb62f62a15d42,True,1.0,1.0,0.7254865134221278,1.0,1.0,1.0,0.8856193805925532,0
1715,22dde440a0c35d31,True,1.0,1.0,0.7897871852011383,1.0,1.0,1.0,0.912411327167141,0
1716,22e04303d53f54f5,True,1.0,1.0,0.841876047703265,1.0,1.0,1.0,0.9341150198763604,0
1717,22e43e5928b95b7a,True,1.0,1.0,0.9519910785900356,1.0,1.0,1.0,0.9799962827458483,0
1718,22ec7d1614785b35,True,1.0,0.0,0.0,1.0,1.0,1.0,0.0,0
1719,22f1319717ec58f0,True,1.0,1.0,1.0,1.0,1.0,1.0,1.0,0
1720,22f31aadcc76590b,True,1.0,1.0,1.0,1.0,1.0,1.0,1.0,0
1721,22f98151a771573a,True,1.0,1.0,0.8298451026639104,1.0,1.0,1.0,0.9291021261099627,0
1722,22ff5ba619a250b0,True,1.0,1.0,1.0,1.0,1.0,1.0,1.0,0
1723,2302da9c486d5e3b,True,1.0,1.0,0.8958287943250559,1.0,1.0,1.0,0.9565953309687734,0
1724,230a57eaa1a25864,True,1.0,1.0,0.936609020437193,1.0,1.0,1.0,0.9735870918488304,0
1725,230ab732c0d65fb3,True,1.0,1.0,1.0,0.0,1.0,0.5,0.5833333333333334,0
1726,230b5f3fb3f157fe,True,1.0,1.0,1.0,1.0,1.0,1.0,1.0,0
1727,230f2d1902125696,True,1.0,1.0,1.0,1.0,1.0,1.0,1.0,0
1728,2313aa310e16503d,True,1.0,1.0,1.0,1.0,1.0,1.0,1.0,0
1729,2318ebb3b64554fc,True,1.0,1.0,1.0,1.0,1.0,1.0,1.0,0
1730,2322850f71fa5c4d,True,1.0,1.0,0.4866966575750499,1.0,1.0,1.0,0.7861236073229375,0
1731,2335928f0e065bca,True,1.0,1.0,1.0,1.0,1.0,1.0,1.0,0
1732,233cd84fc1c35f3f,True,1.0,1.0,0.7918617140104931,1.0,1.0,1.0,0.9132757141710388,0
1733,234a85adedc75216,True,1.0,1.0,1.0,1.0,1.0,1.0,1.0,0
1734,23514d24647a52a3,True,1.0,1.0,0.7910337889814639,1.0,1.0,1.0,0.9129307454089433,0
1735,2352a994954555ba,True,1.0,1.0,1.0,0.0,1.0,1.0,0.5833333333333334,0
1736,2352aa62dbbe58d2,True,1.0,1.0,0.675349034443437,1.0,1.0,1.0,0.864728764351432,0
1737,2360cd7b0fd85480,True,1.0,1.0,1.0,1.0,1.0,1.0,1.0,0
1738,236914bd075052ca,True,1.0,1.0,0.8607003725609709,1.0,1.0,1.0,0.9419584885670712,0
1739,236c1e1f86ec5e98,True,1.0,1.0,1.0,1.0,1.0,1.0,1.0,0
1740,2371a65f76025bfd,True,1.0,1.0,0.5880412255857909,1.0,1.0,1.0,0.8283505106607462,0
1741,23742ff81ee85c96,True,1.0,1.0,1.0,1.0,1.0,1.0,1.0,0
1742,2376e90f1bf85c50,True,1.0,1.0,0.9267785519280312,1.0,1.0,1.0,0.9694910633033462,0
1743,237739df15ff58cb,True,1.0,1.0,0.9578807971542492,1.0,1.0,1.0,0.9824503321476038,0
1744,237b75204e495145,True,1.0,1.0,0.6880203875809854,1.0,1.0,1.0,0.8700084948254106,0
1745,2380261642d25251,True,1.0,1.0,1.0,1.0,1.0,1.0,1.0,0
1746,23803695a4c1547c,True,1.0,1.0,1.0,1.0,1.0,1.0,1.0,0
1747,2381f042c0855f20,True,1.0,1.0,1.0,1.0,1.0,1.0,1.0,0
1748,2389414c94075d6a,True,1.0,1.0,0.8183456051525329,1.0,1.0,1.0,0.9243106688135554,0
1749,238955ab60075940,True,1.0,1.0,0.8582333330102216,1.0,1.0,1.0,0.9409305554209256,0
1750,238f1cddb9415996,True,1.0,1.0,1.0,1.0,1.0,1.0,1.0,0
1751,2391f12d7e6a5e7f,True,1.0,1.0,0.5872840930516438,1.0,1.0,1.0,0.8280350387715183,0
1752,239705f6ca945846,True,1.0,1.0,0.9331847420026368,1.0,1.0,1.0,0.9721603091677653,0
1753,23978c649a7e597c,True,1.0,1.0,0.9232130604622668,1.0,1.0,1.0,0.9680054418592778,0
1754,23993a36d4e75a1d,True,1.0,1.0,1.0,1.0,1.0,1.0,1.0,0
1755,239cb4818dc458fd,True,1.0,1.0,1.0,1.0,1.0,1.0,1.0,0
1756,239d0568fc2250df,True,1.0,1.0,1.0,1.0,1.0,1.0,1.0,0
1757,239d1b8a77e05a6e,True,1.0,1.0,1.0,1.0,1.0,1.0,1.0,0
1758,239e3ed3199d5ae6,True,0.0,1.0,0.0,0.0,1.0,1.0,0.0,0
1759,23ad4e776c025531,True,1.0,1.0,0.9423721051538303,1.0,1.0,1.0,0.9759883771474293,0
1760,23b4e574c41a57bd,True,1.0,1.0,0.8171155996164944,1.0,1.0,1.0,0.9237981665068725,0
1761,23bd3a02e2855a28,True,1.0,1.0,0.9947961312017929,0.0,1.0,1.0,0.5811650546674137,0
1762,23beee726a59557a,True,1.0,1.0,0.6861766780692862,1.0,1.0,1.0,0.8692402825288692,0
1763,23ca661f3d7754c7,True,1.0,1.0,0.7684766089956158,1.0,1.0,1.0,0.9035319204148399,0
1764,23d0ae8aedf8537b,True,1.0,1.0,0.8493773765016619,1.0,1.0,1.0,0.9372405735423591,0
1765,23d647e77f2d515e,True,1.0,1.0,0.7381212185603276,1.0,1.0,1.0,0.8908838410668031,0
1766,23d70775af9754e8,True,1.0,1.0,1.0,1.0,1.0,1.0,1.0,0
1767,23d71fb39b0456f5,True,1.0,1.0,0.9380137818704489,1.0,1.0,1.0,0.9741724091126871,0
1768,23df9e4092425b2b,True,1.0,1.0,1.0,1.0,1.0,1.0,1.0,0
1769,23ee145aa4de582b,True,1.0,1.0,1.0,1.0,1.0,1.0,1.0,0
1770,23ee5a5b9a1a550c,True,1.0,1.0,1.0,1.0,1.0,0.5,1.0,0
1771,23f0187033d658d9,True,1.0,1.0,1.0,1.0,1.0,1.0,1.0,0
1772,23f10a2b432555b9,True,1.0,1.0,1.0,1.0,1.0,1.0,1.0,0
1773,23f357c023c2584f,True,1.0,1.0,0.9361706292503937,1.0,1.0,1.0,0.9734044288543308,0
1774,23fb1660b6985e05,True,1.0,1.0,0.8078193376288819,1.0,1.0,1.0,0.9199247240120342,0
1775,2403645ef4fe5b10,True,1.0,1.0,0.8857866608184527,1.0,1.0,1.0,0.9524111086743553,0
1776,240f44eb30c7500b,True,1.0,1.0,1.0,1.0,1.0,1.0,1.0,0
1777,24108688ab4856ab,True,1.0,1.0,0.6821597599493957,1.0,1.0,1.0,0.8675665666455815,0
1778,241098fe619c5de0,True,1.0,1.0,0.9177276990089597,1.0,1.0,1.0,0.9657198745870664,0
1779,24179dca21ec5427,True,1.0,1.0,1.0,1.0,1.0,1.0,1.0,0
1780,2422d2b260235078,True,1.0,1.0,0.9489037118797904,1.0,1.0,1.0,0.9787098799499127,0
1781,2428ecd565d05b50,True,1.0,1.0,0.7570398105862325,1.0,1.0,1.0,0.8987665877442635,0
1782,242d17bd2af15992,True,1.0,1.0,0.7468143773036433,1.0,1.0,1.0,0.8945059905431846,0
1783,243480f0f2545b3b,True,1.0,1.0,1.0,1.0,1.0,1.0,1.0,0
1784,243fa5b33c1f5845,True,1.0,1.0,1.0,1.0,1.0,1.0,1.0,0
1785,24429c08a8375061,True,1.0,1.0,0.7290888716846353,1.0,1.0,1.0,0.8871203632019314,0
1786,24567f5ad57455c4,True,1.0,1.0,1.0,1.0,1.0,1.0,1.0,0
1787,2458f368da645ef5,True,1.0,1.0,0.8305338304639533,1.0,1.0,1.0,0.9293890960266472,0
1788,24593b75ebb35271,True,0.0,1.0,0.0,0.0,1.0,1.0,0.0,0
1789,245bcbae35595474,True,1.0,1.0,1.0,1.0,1.0,1.0,1.0,0
1790,2462c21ce2bb5f2d,True,1.0,1.0,0.842570818598645,1.0,1.0,1.0,0.9344045077494355,0
1791,2469647d2d055825,True,1.0,1.0,1.0,1.0,1.0,1.0,1.0,0
1792,2472d00839f65c25,True,1.0,1.0,1.0,1.0,1.0,1.0,1.0,0
1793,247490a783f25c47,True,1.0,1.0,0.9646957205032209,1.0,1.0,1.0,0.9852898835430087,0
1794,247ae110b0c454cb,True,1.0,1.0,1.0,1.0,1.0,1.0,1.0,0
1795,247ba5f9646c5528,True,1.0,1.0,1.0,1.0,1.0,1.0,1.0,0
1796,24817ec41ccb5f01,True,1.0,1.0,0.587436426554473,1.0,1.0,1.0,0.8280985110643638,0
1797,248288deae795ad8,True,1.0,1.0,1.0,1.0,1.0,1.0,1.0,0
1798,2488018e08b35c68,True,1.0,1.0,0.7876606422782662,1.0,1.0,1.0,0.9115252676159442,0
1799,248a920cf01751f1,True,1.0,1.0,1.0,1.0,1.0,1.0,1.0,0
1800,249478c83c155093,True,1.0,1.0,0.8104133091884246,1.0,1.0,1.0,0.9210055454951768,0
1801,2497a4b846f25d99,True,1.0,1.0,0.7636189586125164,1.0,1.0,1.0,0.9015078994218818,0
1802,2497e961a13e50f8,True,1.0,1.0,0.8124268932438216,1.0,1.0,1.0,0.9218445388515923,0
1803,249c1b68ba355e43,True,1.0,1.0,0.9844980570259106,1.0,1.0,1.0,0.9935408570941294,0
1804,249dd85ebaa65b9f,True,1.0,1.0,0.9716235556658385,1.0,1.0,1.0,0.9881764815274326,0
1805,24a036d6f97d5a50,True,1.0,1.0,0.9729658254699561,1.0,1.0,1.0,0.9887357606124817,0
1806,24a09c3c8a985e8e,True,1.0,1.0,1.0,1.0,1.0,1.0,1.0,0
1807,24a1c2301c6853f7,True,1.0,1.0,0.7827414682233834,0.0,1.0,1.0,0.4928089450930764,0
1808,24acfb08c5ef55f5,True,1.0,1.0,1.0,1.0,1.0,1.0,1.0,0
1809,24ae3c9d96485b98,True,1.0,1.0,0.7416197651837481,1.0,1.0,1.0,0.8923415688265616,0
1810,24b68863c230509c,True,1.0,1.0,1.0,1.0,1.0,1.0,1.0,0
1811,24b9908a6761529b,True,1.0,1.0,1.0,1.0,1.0,1.0,1.0,0
1812,24c278846879520f,True,1.0,1.0,0.7730120908535916,1.0,1.0,1.0,0.9054217045223298,0
1813,24cad1842cf15f29,True,1.0,1.0,0.8053628688130297,1.0,1.0,1.0,0.9189011953387624,0
1814,24ce107c0e75533a,True,1.0,1.0,0.6147971355899212,1.0,1.0,1.0,0.8394988064958006,0
1815,24d02c4c2a325f01,True,1.0,1.0,0.8949024431810052,1.0,1.0,1.0,0.9562093513254188,0
1816,24db96c8c21753d5,True,1.0,1.0,1.0,1.0,1.0,1.0,1.0,0
1817,24dd5bba8f2f5c53,True,1.0,1.0,1.0,1.0,1.0,1.0,1.0,0
1818,24df13e119aa5d5d,True,1.0,1.0,0.62362239462538,1.0,1.0,1.0,0.8431759977605751,0
1819,24e06c38547d5976,True,1.0,1.0,1.0,1.0,1.0,1.0,1.0,0
1820,24e453c47f635ae2,True,1.0,1.0,0.8060983883776207,1.0,1.0,1.0,0.9192076618240086,0
1821,24edcd5e5b7f546a,True,0.0,1.0,0.0,0.0,1.0,1.0,0.0,0
1822,24f29711e1a05cb5,True,1.0,1.0,0.9756536390471255,1.0,1.0,1.0,0.9898556829363022,0
1823,25000ee050145f13,True,1.0,0.0,0.0,1.0,1.0,1.0,0.0,0
1824,250389f21dee5793,True,1.0,1.0,0.8114182804537684,1.0,1.0,1.0,0.9214242835224035,0
1825,250be1db1d67582c,True,1.0,1.0,1.0,1.0,1.0,1.0,1.0,0
1826,250e6e2e6a9d5ee8,True,1.0,1.0,1.0,1.0,1.0,1.0,1.0,0
1827,25226305bdff5efd,True,1.0,1.0,0.9904676517844065,1.0,1.0,1.0,0.9960281882435028,0
1828,252522eebf5e5dc1,True,1.0,1.0,0.9807902239951123,1.0,1.0,1.0,0.9919959266646301,0
1829,253adcf13a3f5c15,True,1.0,1.0,1.0,1.0,1.0,1.0,1.0,0
1830,253c33ffe10a5aa7,True,1.0,1.0,0.9389527939940617,1.0,1.0,1.0,0.9745636641641924,0
1831,253dba7510ca56b8,True,1.0,1.0,0.924278749277018,1.0,1.0,1.0,0.9684494788654242,0
1832,253ec4fb977d52d6,True,1.0,1.0,0.812601906378899,1.0,1.0,1.0,0.9219174609912079,0
1833,2541de938ff15eee,True,1.0,1.0,0.7903161576976595,1.0,1.0,1.0,0.9126317323740247,0
1834,254290b4b4a35869,True,1.0,1.0,1.0,1.0,1.0,1.0,1.0,0
1835,254dee7f5f1f5f17,True,1.0,1.0,1.0,1.0,1.0,1.0,1.0,0
1836,2556a5c923c95128,True,1.0,1.0,0.8496035580916023,1.0,1.0,1.0,0.9373348158715009,0
1837,255be1c4910b506e,True,1.0,1.0,1.0,1.0,1.0,1.0,1.0,0
1838,255c8b9b215458f9,True,1.0,1.0,0.9509810958545524,1.0,1.0,1.0,0.9795754566060634,0
1839,255caf4a6fb2584a,True,1.0,1.0,0.9745639863421207,1.0,1.0,1.0,0.9894016609758837,0
1840,2564ab331db05cb9,True,1.0,1.0,1.0,1.0,1.0,1.0,1.0,0
1841,2567ec8e92d05eb6,True,1.0,1.0,1.0,1.0,1.0,1.0,1.0,0
1842,2569d386da9c54ff,True,1.0,1.0,0.8296761252237668,1.0,1.0,1.0,0.9290317188432361,0
1843,256f41bada0e5028,True,1.0,1.0,0.8356178403992501,1.0,1.0,1.0,0.9315074334996876,0
1844,2575048779565f0b,True,1.0,0.0,0.0,1.0,1.0,0.5,0.0,0
1845,2576105926375ce7,True,1.0,1.0,0.8509831324616679,1.0,1.0,1.0,0.9379096385256949,0
1846,257773cfd41d59d5,True,1.0,1.0,1.0,1.0,1.0,1.0,1.0,0
1847,257d737fc3865fd1,True,1.0,1.0,0.7988858112848641,1.0,1.0,1.0,0.9162024213686933,0
1848,258fd15174fb5e47,True,1.0,1.0,0.6320678061227427,1.0,1.0,1.0,0.8466949192178094,0
1849,2591ee089f6e5dba,True,1.0,1.0,0.8423840122148193,1.0,1.0,1.0,0.9343266717561747,0
1850,2595e56a8af75a60,True,1.0,1.0,1.0,1.0,1.0,1.0,1.0,0
1851,259c9d9aac5457fc,True,1.0,1.0,1.0,0.0,1.0,0.0,0.5833333333333334,0
1852,25a3a5bc491d521b,True,1.0,1.0,0.8578739835284415,1.0,1.0,1.0,0.940780826470184,0
1853,25aab48e050659be,True,1.0,1.0,0.9416042922245805,1.0,1.0,1.0,0.9756684550935754,0
1854,25b5cecdb3b75e7c,True,1.0,1.0,0.9870307601445997,1.0,1.0,1.0,0.9945961500602499,0
1855,25b719c231d85e56,True,1.0,1.0,0.9115597052603657,1.0,1.0,1.0,0.9631498771918191,0
1856,25b846255c715c69,True,1.0,1.0,1.0,1.0,1.0,1.0,1.0,0
1857,25bf69b0667152fa,True,1.0,1.0,0.9063212048801297,1.0,1.0,1.0,0.960967168700054,0
1858,25c1569ea1d753f2,True,1.0,1.0,0.9574863478147724,1.0,1.0,1.0,0.9822859782561552,0
1859,25c3b9fa44c058a6,True,1.0,1.0,0.7227976046714171,1.0,1.0,1.0,0.8844990019464237,0
1860,25cb9b6179435488,True,1.0,1.0,0.8406430283116403,1.0,1.0,1.0,0.9336012617965168,0
1861,25cbb9887e5d5752,True,1.0,1.0,1.0,1.0,1.0,1.0,1.0,0
1862,25cdf7dee0d25a66,True,1.0,1.0,1.0,1.0,1.0,1.0,1.0,0
1863,25d56d0a299a50fb,True,1.0,0.0,0.0,1.0,1.0,1.0,0.0,0
1864,25d6781d5063561a,True,1.0,1.0,0.9272908573761447,1.0,1.0,0.0,0.969704523906727,0
1865,25d82b3bc5bf5637,True,1.0,1.0,0.7960548513055821,1.0,1.0,1.0,0.9150228547106591,0
1866,25dbdd29ce325538,True,1.0,1.0,0.8999295579771641,1.0,1.0,1.0,0.958303982490485,0
1867,25e2cda283355b76,True,1.0,1.0,0.8250452470056383,1.0,1.0,1.0,0.9271021862523492,0
1868,25e5bbbced86504c,True,1.0,1.0,0.8626431400525268,1.0,1.0,1.0,0.9427679750218863,0
1869,25e9d76574075cee,True,1.0,0.0,0.0,1.0,1.0,1.0,0.0,0
1870,25f4a620bd5f51cc,True,1.0,1.0,0.7191534926680152,1.0,1.0,1.0,0.8829806219450064,0
1871,2601ffe0d2a056be,True,1.0,1.0,1.0,1.0,1.0,1.0,1.0,0
1872,260c9a75f6e05785,True,1.0,1.0,1.0,1.0,1.0,1.0,1.0,0
1873,260d0c0225eb534d,True,1.0,1.0,1.0,1.0,1.0,1.0,1.0,0
1874,260d8dc1970256a0,True,1.0,1.0,0.9932626649044773,1.0,1.0,1.0,0.9971927770435323,0
1875,260efd01066156ab,True,1.0,1.0,0.8901716477654091,1.0,1.0,1.0,0.9542381865689205,0
1876,260f5d5245015db6,True,1.0,1.0,0.4560760999549938,1.0,1.0,1.0,0.7733650416479141,0
1877,26101d0a7f79587c,True,1.0,1.0,1.0,1.0,1.0,1.0,1.0,0
1878,2615f45588965f4c,True,0.0,1.0,0.0,0.0,1.0,0.5,0.0,0
1879,2620b03dcfcc567b,True,1.0,1.0,0.854970742062633,1.0,1.0,1.0,0.9395711425260971,0
1880,262333f372975eef,True,1.0,0.0,0.0,0.0,1.0,1.0,0.0,0
1881,262af71b5e0c5108,True,1.0,1.0,0.9485857572901317,1.0,1.0,1.0,0.9785773988708882,0
1882,262c4400163e5d8e,True,1.0,1.0,0.7841610267561965,1.0,1.0,1.0,0.9100670944817485,0
1883,2631b349e0ce5b83,True,1.0,1.0,0.8535342867662012,1.0,1.0,1.0,0.9389726194859173,0
1884,263367576c285a2a,True,1.0,1.0,1.0,1.0,1.0,1.0,1.0,0
1885,2638cdfa752b5d7c,True,1.0,1.0,1.0,1.0,1.0,1.0,1.0,0
1886,263ad35a0e975eda,True,1.0,1.0,0.7748017132257453,1.0,1.0,1.0,0.9061673805107272,0
1887,263f5537c4f85b38,True,1.0,1.0,0.8041147901516016,1.0,1.0,1.0,0.9183811625631674,0
1888,2640335fd6565b4f,True,1.0,1.0,1.0,1.0,1.0,1.0,1.0,0
1889,26459a22067d556e,True,1.0,1.0,1.0,1.0,1.0,1.0,1.0,0
1890,2647308c0cbe519c,True,1.0,1.0,1.0,1.0,1.0,1.0,1.0,0
1891,2649dcc8a1725fb2,True,1.0,1.0,1.0,1.0,1.0,1.0,1.0,0
1892,2649eb9e1a445b29,True,1.0,1.0,0.77381926678875,1.0,1.0,1.0,0.9057580278286458,0
1893,264a59ce900b5405,True,1.0,1.0,0.9703994680935889,1.0,1.0,1.0,0.9876664450389954,0
1894,2653ecf542e259fc,True,1.0,1.0,1.0,1.0,1.0,1.0,1.0,0
1895,26565788812b5fde,True,1.0,1.0,0.8940120527614881,1.0,1.0,1.0,0.9558383553172867,0
1896,265a62af0b2954a5,True,1.0,1.0,0.5501630173752685,1.0,1.0,1.0,0.812567923906362,0
1897,26710ebfab6d528c,True,1.0,1.0,1.0,1.0,1.0,0.5,1.0,0
1898,26840e3a5da45589,True,1.0,1.0,0.5534130695641498,1.0,1.0,0.5,0.8139221123183957,0
1899,268ab283b4a95126,True,1.0,1.0,0.9030152989010413,1.0,1.0,1.0,0.9595897078754337,0
1900,268ed4d63bb85cae,True,1.0,1.0,1.0,1.0,1.0,1.0,1.0,0
1901,2692d8b89688506f,True,1.0,1.0,0.9740750347229147,1.0,1.0,1.0,0.9891979311345477,0
1902,2695738230ce5ad0,True,1.0,1.0,1.0,1.0,1.0,1.0,1.0,0
1903,2696e377ac3e579b,True,1.0,1.0,1.0,1.0,1.0,1.0,1.0,0
1904,26983ee0a39e5a32,True,1.0,1.0,1.0,0.0,1.0,1.0,0.5833333333333334,0
1905,269e03fbbb4c5856,True,1.0,1.0,1.0,1.0,1.0,1.0,1.0,0
1906,26a1ceab4d455a77,True,1.0,1.0,0.9746202277970958,1.0,1.0,1.0,0.9894250949154566,0
1907,26a78d23b1075252,True,0.0,1.0,0.0,0.0,1.0,1.0,0.0,0
1908,26af85cbc2d15e05,True,1.0,1.0,0.9896850101236803,1.0,1.0,1.0,0.9957020875515333,0
1909,26b5e3878f2250ac,True,1.0,1.0,1.0,1.0,1.0,1.0,1.0,0
1910,26b80207f01e593f,True,1.0,1.0,1.0,1.0,1.0,1.0,1.0,0
1911,26ba80ad72205a03,True,1.0,1.0,1.0,1.0,1.0,1.0,1.0,0
1912,26c48df074d151c6,True,0.0,1.0,0.0,0.0,1.0,1.0,0.0,0
1913,26ca3d6741065921,True,1.0,1.0,1.0,1.0,1.0,1.0,1.0,0
1914,26ca54769df65193,True,1.0,1.0,0.8348301845211646,1.0,1.0,1.0,0.9311792435504852,0
1915,26cae32c50095246,True,0.0,1.0,0.0,0.0,1.0,1.0,0.0,0
1916,26cc0e92707756f2,True,1.0,1.0,1.0,1.0,1.0,1.0,1.0,0
1917,26de9e2da40c5b0c,True,1.0,1.0,0.7424791836823927,1.0,1.0,1.0,0.8926996598676636,0
1918,26e5c3fb8af15012,True,1.0,1.0,0.8215303445815741,1.0,1.0,1.0,0.9256376435756559,0
1919,26e5d2127cf9563d,True,0.0,1.0,0.0,0.0,1.0,1.0,0.0,0
1920,26e6818bd14d52a5,True,1.0,1.0,0.7844688712559116,1.0,1.0,1.0,0.9101953630232965,0
1921,26e7a31dd615509c,True,1.0,1.0,0.9237786148012079,1.0,1.0,1.0,0.9682410895005032,0
1922,26e8589d8c485726,True,1.0,1.0,0.8879887667201206,1.0,1.0,1.0,0.9533286528000503,0
1923,26eeb11cbcd9593b,True,1.0,1.0,0.9165775974933018,1.0,1.0,1.0,0.9652406656222091,0
1924,26f3ef1a426f57be,True,1.0,1.0,1.0,1.0,1.0,1.0,1.0,0
1925,26ffff4876f75eed,True,1.0,1.0,0.8863477118026778,1.0,1.0,1.0,0.9526448799177825,0
1926,270768ccd1df5e0d,True,1.0,1.0,1.0,1.0,1.0,1.0,1.0,0
1927,271bd521cc6c50ae,True,1.0,1.0,1.0,1.0,1.0,1.0,1.0,0
1928,27209d511a785510,True,1.0,1.0,0.8287805921213489,1.0,1.0,1.0,0.9286585800505621,0
1929,2721fbd6b58d558a,True,1.0,1.0,0.6200055321879873,1.0,1.0,1.0,0.8416689717449947,0
1930,27244c34c9e355c2,True,1.0,1.0,0.9179460916959128,1.0,1.0,1.0,0.9658108715399637,0
1931,2731fa425acf52f4,True,1.0,0.0,0.0,0.0,1.0,1.0,0.0,0
1932,2738dcd449ef567f,True,1.0,1.0,0.7587781658079084,1.0,1.0,1.0,0.8994909024199619,0
1933,2743a2f96269577c,True,1.0,1.0,0.9383342112551912,1.0,1.0,1.0,0.9743059213563297,0
1934,274fc7077c1b55d4,True,1.0,1.0,1.0,1.0,1.0,1.0,1.0,0
1935,274fcb576b3b59a8,True,1.0,1.0,1.0,1.0,1.0,1.0,1.0,0
1936,2751f9eb641455c9,True,1.0,1.0,0.6585613295535929,1.0,1.0,1.0,0.857733887313997,0
1937,2752876d0e005d74,True,1.0,1.0,0.8886215161762644,1.0,1.0,1.0,0.9535922984067767,0
1938,2754e05ff9d35719,True,1.0,1.0,0.8124512996213874,1.0,1.0,1.0,0.921854708175578,0
1939,276396e455bb57b5,True,1.0,1.0,0.7796322116093743,0.0,1.0,1.0,0.49151342150390603,0
1940,27725219ce8a55ff,True,1.0,1.0,0.7078259546347571,0.0,1.0,1.0,0.4615941477644821,0
1941,2774b2c338a3500c,True,1.0,1.0,1.0,1.0,1.0,1.0,1.0,0
1942,277758d55617567b,True,1.0,1.0,0.9458608352090216,1.0,1.0,1.0,0.9774420146704257,0
1943,277c41e4b5d858f1,True,1.0,1.0,0.709698730619976,1.0,1.0,1.0,0.8790411377583234,0
1944,277c6ebd67da5320,True,1.0,1.0,0.7599105953636389,1.0,1.0,1.0,0.8999627480681829,0
1945,277cdfc9479e52c4,True,1.0,1.0,0.8143907093576054,1.0,1.0,1.0,0.9226627955656689,0
1946,277f191c94b952f3,True,0.0,0.0,0.0,0.0,1.0,1.0,0.0,0
1947,2783db04f9b05383,True,1.0,1.0,1.0,1.0,1.0,1.0,1.0,0
1948,278518f5fd0354b3,True,1.0,1.0,0.8720303538252122,1.0,1.0,1.0,0.9466793140938384,0
1949,27861c4d747751ba,True,1.0,1.0,1.0,1.0,1.0,1.0,1.0,0
1950,278885f077d65d53,True,1.0,1.0,0.6086997489367223,1.0,1.0,1.0,0.8369582287236342,0
1951,27967352b2a95cbe,True,1.0,1.0,0.8420888314528626,1.0,1.0,1.0,0.934203679772026,0
1952,27a8d6913e5b557b,True,1.0,1.0,0.9866664964110586,1.0,1.0,1.0,0.9944443735046078,0
1953,27b5c3ce868856a2,True,1.0,1.0,0.8548418341064817,1.0,1.0,1.0,0.9395174308777007,0
1954,27b8eae78cf05c1e,True,1.0,0.0,0.0,1.0,1.0,0.5,0.0,0
1955,27ba50b0cfa75e8d,True,1.0,1.0,1.0,1.0,1.0,1.0,1.0,0
1956,27bcec96f13c5426,True,1.0,1.0,0.9749315066491002,1.0,1.0,1.0,0.989554794437125,0
1957,27c0f4e2b49b5c08,True,1.0,1.0,0.6894792714750713,1.0,1.0,1.0,0.8706163631146131,0
1958,27c1c1822dc75f7b,True,1.0,1.0,0.9802495175549852,1.0,1.0,1.0,0.9917706323145771,0
1959,27cd5e04627e5258,True,1.0,1.0,0.7123375614439432,1.0,1.0,1.0,0.880140650601643,0
1960,27cf243155ac526c,True,1.0,1.0,0.9976994683661048,1.0,1.0,1.0,0.9990414451525437,0
1961,27d74807a89a5268,True,1.0,1.0,1.0,1.0,1.0,1.0,1.0,0
1962,27e100e5fd605194,True,1.0,1.0,0.7189464676176045,1.0,1.0,1.0,0.8828943615073351,0
1963,27eb0ba03f385c69,True,1.0,1.0,0.7919835853458189,1.0,1.0,1.0,0.9133264938940912,0
1964,27f3c1e778bf5748,True,1.0,1.0,0.888204199277079,1.0,1.0,1.0,0.9534184163654497,0
1965,27f481628fff5c70,True,1.0,1.0,1.0,1.0,1.0,1.0,1.0,0
1966,27f94d9f461852c4,True,1.0,1.0,1.0,1.0,1.0,1.0,1.0,0
1967,27ff47ea8aea59cf,True,1.0,1.0,0.8995633994587906,1.0,1.0,1.0,0.9581514164411628,0
1968,2802831d87ba5a55,True,1.0,1.0,1.0,1.0,1.0,1.0,1.0,0
1969,280321506e7c5f52,True,1.0,1.0,0.84934782802189,1.0,1.0,1.0,0.9372282616757875,0
1970,2805fe41d7d9543a,True,1.0,1.0,0.7332193904173872,1.0,1.0,1.0,0.8888414126739113,0
1971,2807cd605f1156da,True,1.0,1.0,1.0,1.0,1.0,1.0,1.0,0
1972,28113a97a08b5ff1,True,1.0,1.0,1.0,1.0,1.0,1.0,1.0,0
1973,28123c233d33567e,True,1.0,1.0,0.9199113657459803,1.0,1.0,1.0,0.9666297357274919,0
1974,281798a7d40559bb,True,1.0,1.0,0.8792166484516705,1.0,1.0,1.0,0.9496736035215294,0
1975,2818ed317df9550a,True,1.0,1.0,1.0,1.0,1.0,1.0,1.0,0
1976,282855be37635ecc,True,1.0,1.0,1.0,1.0,1.0,1.0,1.0,0
1977,2829df17720c501f,True,1.0,1.0,0.6756507140954419,1.0,1.0,1.0,0.8648544642064341,0
1978,282d1f01eef856f5,True,1.0,1.0,1.0,1.0,1.0,1.0,1.0,0
1979,2833a305300f5394,True,0.0,1.0,0.0,0.0,1.0,1.0,0.0,0
1980,2834297c33cd5d50,True,1.0,1.0,0.8690627642570447,1.0,1.0,1.0,0.9454428184404353,0
1981,28345af8c4505291,True,1.0,1.0,0.9771075149227427,1.0,1.0,1.0,0.9904614645511428,0
1982,2835dec909575f74,True,1.0,1.0,0.9646405489941804,1.0,1.0,1.0,0.985266895414242,0
1983,2836705e16ba5691,True,1.0,1.0,0.9246601629741893,1.0,1.0,1.0,0.9686084012392455,0
1984,283ae14565b85cc3,True,1.0,1.0,0.7703836540926376,1.0,1.0,1.0,0.9043265225385989,0
1985,283f39e817575b93,True,1.0,1.0,0.7946548773899099,1.0,1.0,0.0,0.9144395322457958,0
1986,283f93bc73b2571b,True,1.0,1.0,1.0,0.0,1.0,1.0,0.5833333333333334,0
1987,284fd1657c8659e1,True,1.0,1.0,1.0,1.0,1.0,1.0,1.0,0
1988,2861c47f508652e8,True,1.0,1.0,1.0,1.0,1.0,1.0,1.0,0
1989,2882be3ae16b50e3,True,0.0,1.0,0.0,0.0,1.0,1.0,0.0,0
1990,28871fc023c85fe6,True,1.0,1.0,0.6441341294347527,1.0,1.0,1.0,0.8517225539311469,0
1991,288ea364ec115f46,True,1.0,1.0,1.0,1.0,1.0,1.0,1.0,0
1992,28926b7190705b82,True,1.0,1.0,0.7825210636003676,1.0,1.0,1.0,0.9093837765001531,0
1993,289a58bd2ab6512b,True,1.0,1.0,0.7760271628694355,1.0,1.0,1.0,0.9066779845289314,0
1994,28a0cdbbc1e55291,True,1.0,1.0,0.8170904511081143,1.0,1.0,1.0,0.9237876879617143,0
1995,28a4a08f11a05407,True,1.0,1.0,1.0,1.0,1.0,1.0,1.0,0
1996,28b94453e1cd578f,True,1.0,1.0,0.7479216942667343,1.0,1.0,1.0,0.8949673726111392,0
1997,28c5e10661025e5f,True,1.0,1.0,0.8277465376806374,1.0,1.0,1.0,0.928227724033599,0
1998,28c74da2ea1d5629,True,1.0,1.0,1.0,1.0,1.0,1.0,1.0,0
1999,28c89352b09b55d4,True,1.0,1.0,0.7897336259585361,1.0,1.0,1.0,0.9123890108160567,0
2000,28cd9541bc35593f,True,1.0,1.0,0.6974985535354925,1.0,1.0,1.0,0.8739577306397885,0
2001,28d8f3699547568b,True,1.0,1.0,0.8545312424161665,1.0,1.0,1.0,0.9393880176734027,0
2002,28d91d7116785bf9,True,1.0,1.0,0.748761059910253,1.0,1.0,1.0,0.8953171082959388,0
2003,28e28842e3d759da,True,1.0,1.0,0.8605329155104122,1.0,1.0,1.0,0.9418887147960051,0
2004,28ecaf0359ee5029,True,1.0,1.0,1.0,1.0,1.0,1.0,1.0,0
2005,28ecbec6051d5527,True,1.0,1.0,0.9270363661579296,1.0,1.0,1.0,0.9695984858991373,0
2006,28ef9307f6035143,True,1.0,1.0,0.7602016086055792,1.0,1.0,1.0,0.900084003585658,0
2007,28f3ee6207ae50d6,True,1.0,1.0,0.8468129848928899,1.0,1.0,1.0,0.9361720770387042,0
2008,290091fca02b5939,True,1.0,1.0,0.949343386642341,1.0,1.0,1.0,0.978893077767642,0
2009,29051d7805db50d0,True,0.0,1.0,0.0,0.0,1.0,1.0,0.0,0
2010,2908ea54e9955267,True,1.0,1.0,0.9473793188136204,1.0,1.0,1.0,0.9780747161723419,0
2011,290a914d4ef15443,True,1.0,1.0,0.783462240856301,1.0,1.0,1.0,0.9097759336901254,0
2012,29143e2319415eec,True,1.0,1.0,1.0,1.0,1.0,1.0,1.0,0
2013,2914f532ca9e56ce,True,1.0,1.0,1.0,1.0,1.0,1.0,1.0,0
2014,29163817326a5eab,True,1.0,1.0,1.0,1.0,1.0,1.0,1.0,0
2015,2919cd502115582a,True,1.0,1.0,1.0,1.0,1.0,1.0,1.0,0
2016,291a9c13b9345fd7,True,1.0,1.0,0.923882321272355,1.0,1.0,1.0,0.968284300530148,0
2017,291ac232cc94582a,True,1.0,1.0,0.9536621898409785,1.0,1.0,1.0,0.9806925791004076,0
2018,291d82d04ec359e0,True,1.0,1.0,0.8521178097234275,1.0,1.0,1.0,0.9383824207180949,0
2019,291e2af79c2258d5,True,1.0,1.0,1.0,1.0,1.0,1.0,1.0,0
2020,291f4ffb6dc754d2,True,1.0,1.0,0.6979590498377409,1.0,1.0,1.0,0.8741496040990587,0
2021,29213c31b5895c5f,True,1.0,1.0,1.0,1.0,1.0,1.0,1.0,0
2022,2928cfbed3d15000,True,1.0,1.0,1.0,1.0,1.0,1.0,1.0,0
2023,2930485ddc4458da,True,1.0,1.0,0.9456404037631639,1.0,1.0,1.0,0.9773501682346516,0
2024,2942d4fb604d5b5f,True,1.0,1.0,0.6470719780855106,1.0,1.0,1.0,0.8529466575356294,0
2025,294335a3e5e45496,True,1.0,1.0,1.0,1.0,1.0,1.0,1.0,0
2026,2943657d55dc5d65,True,1.0,1.0,0.7619870052491535,1.0,1.0,1.0,0.900827918853814,0
2027,2944ba8cf77c5ad9,True,1.0,1.0,0.7553105749954228,1.0,1.0,1.0,0.8980460729147595,0
2028,29518f7a31945a13,True,1.0,1.0,0.9004892150006939,1.0,1.0,1.0,0.9585371729169557,0
2029,29560d02d4615d4c,True,1.0,1.0,1.0,1.0,1.0,1.0,1.0,0
2030,2957826433915ff9,True,1.0,1.0,0.8367535774076336,1.0,1.0,1.0,0.9319806572531807,0
2031,2959d5dbe8235765,True,1.0,1.0,0.8388038442470779,1.0,1.0,1.0,0.9328349351029491,0
2032,295b050f45615ad6,True,1.0,1.0,0.9371500589980493,1.0,1.0,1.0,0.9738125245825205,0
2033,295e5c491ca35642,True,1.0,1.0,1.0,1.0,1.0,1.0,1.0,0
2034,2963ac11563356d9,True,1.0,1.0,0.8711583063498024,1.0,1.0,1.0,0.9463159609790844,0
2035,29647b1293bf52b0,True,1.0,1.0,1.0,1.0,1.0,1.0,1.0,0
2036,2972c31a52275dc1,True,1.0,1.0,0.7990888869448417,1.0,1.0,1.0,0.9162870362270175,0
2037,29770ed8cd49511e,True,1.0,1.0,0.9905793847504993,1.0,1.0,1.0,0.9960747436460414,0
2038,297a54df537c5317,True,1.0,1.0,0.9291525416166208,1.0,1.0,1.0,0.970480225673592,0
2039,297fa313126a5f02,True,1.0,1.0,1.0,1.0,1.0,1.0,1.0,0
2040,298fff3a2ae95293,True,1.0,1.0,0.8825811036741662,1.0,1.0,1.0,0.9510754598642359,0
2041,2991861b44895b0f,True,1.0,1.0,0.9224453735234315,1.0,1.0,1.0,0.9676855723014297,0
2042,29949ff80141506e,True,1.0,1.0,0.9305733227543828,1.0,1.0,1.0,0.9710722178143261,0
2043,299e19fc72e65ac5,True,1.0,1.0,1.0,1.0,1.0,0.0,1.0,0
2044,29a13686ed375688,True,1.0,0.0,0.0,1.0,1.0,0.0,0.0,0
2045,29a576f5351a5162,True,1.0,1.0,0.7877424612626791,1.0,1.0,1.0,0.9115593588594496,0
2046,29af925fc44b5380,True,1.0,1.0,0.8849761836943334,1.0,1.0,1.0,0.9520734098726389,0
2047,29b1f4b4868f59e3,True,1.0,1.0,0.8423109735059875,1.0,1.0,1.0,0.9342962389608281,0
2048,29b49b3e2c0f5ec2,True,1.0,1.0,0.9930040312418107,1.0,1.0,1.0,0.9970850130174211,0
2049,29b6c8cc1e055352,True,1.0,1.0,0.8406320898374358,1.0,1.0,0.5,0.9335967040989316,0
2050,29b743b5bdd1527e,True,1.0,1.0,0.9938390720503234,1.0,1.0,1.0,0.9974329466876348,0
2051,29ba983123655159,True,1.0,1.0,0.8794017062768871,1.0,1.0,1.0,0.949750710948703,0
2052,29be20efdac25f74,True,1.0,1.0,0.8286213770760937,1.0,1.0,1.0,0.9285922404483724,0
2053,29c3b3019c9e535a,True,1.0,1.0,0.904155057838316,1.0,1.0,1.0,0.9600646074326317,0
2054,29c5b3febc2f5704,True,1.0,1.0,0.7917319333574974,1.0,1.0,1.0,0.9132216388989572,0
2055,29c5f96fb4e95d3a,True,1.0,1.0,0.9221983089722402,1.0,1.0,1.0,0.9675826287384334,0
2056,29c9d694a2a15357,True,1.0,1.0,1.0,1.0,1.0,1.0,1.0,0
2057,29d075e26b5156fc,True,1.0,1.0,1.0,1.0,1.0,1.0,1.0,0
2058,29d3a233b1915c1a,True,1.0,1.0,1.0,1.0,1.0,1.0,1.0,0
2059,29d3fc42d08d57d2,True,1.0,1.0,1.0,1.0,1.0,1.0,1.0,0
2060,29d982d97d135311,True,1.0,1.0,0.9298771782646984,1.0,1.0,1.0,0.970782157610291,0
2061,29e7ffa0ba1f589b,True,1.0,1.0,1.0,1.0,1.0,1.0,1.0,0
2062,29efe3c61a4a580f,True,1.0,1.0,1.0,1.0,1.0,1.0,1.0,0
2063,29fea23055595de3,True,1.0,1.0,0.8221387507376389,1.0,1.0,1.0,0.9258911461406828,0
2064,2a04d84433e6576f,True,1.0,1.0,0.9375993291306146,1.0,1.0,1.0,0.9739997204710894,0
2065,2a06b778a64b545e,True,1.0,1.0,0.94447883226294,1.0,1.0,1.0,0.9768661801095583,0
2066,2a08c81705d755c7,True,1.0,1.0,0.8970912926116495,1.0,1.0,1.0,0.9571213719215207,0
2067,2a10522631ab5a56,True,1.0,1.0,1.0,1.0,1.0,0.5,1.0,0
2068,2a12546539045e5b,True,1.0,1.0,1.0,1.0,1.0,1.0,1.0,0
2069,2a1cb4c27a4459a7,True,1.0,1.0,0.8436146561957131,1.0,1.0,0.5,0.9348394400815471,0
2070,2a2308354f4c5aa2,True,1.0,1.0,0.8464625564714195,1.0,1.0,1.0,0.9360260651964248,0
2071,2a2cb941f34b5bc4,True,1.0,1.0,0.954283107129528,1.0,1.0,1.0,0.9809512946373035,0
2072,2a30c259f67c561d,True,1.0,1.0,0.7057360578201446,1.0,1.0,1.0,0.877390024091727,0
2073,2a34f4d0aefc5039,True,1.0,1.0,0.6725557451909111,1.0,1.0,1.0,0.8635648938295463,0
2074,2a359c1d62ed5843,True,1.0,1.0,0.8038390666213976,1.0,1.0,1.0,0.9182662777589158,0
2075,2a3a3e232e86560b,True,1.0,1.0,0.900514931450959,1.0,1.0,1.0,0.9585478881045661,0
2076,2a3ab48ae28f5e90,True,1.0,1.0,0.8905229670204645,1.0,1.0,1.0,0.9543845695918604,0
2077,2a484ffd16785a64,True,1.0,1.0,0.8391794020331588,1.0,1.0,1.0,0.9329914175138162,0
2078,2a48beb84af65349,True,1.0,0.0,0.0,1.0,1.0,1.0,0.0,0
2079,2a49d54f73775909,True,1.0,1.0,1.0,1.0,1.0,1.0,1.0,0
2080,2a49de57fddb59bc,True,1.0,1.0,0.8482314305887698,1.0,1.0,1.0,0.936763096078654,0
2081,2a4db0773ca95ce5,True,1.0,1.0,0.7943799742756891,1.0,1.0,1.0,0.9143249892815372,0
2082,2a4ee10b521258a2,True,1.0,1.0,0.9487077582815696,1.0,1.0,1.0,0.9786282326173206,0
2083,2a5a7c87bce352a7,True,1.0,1.0,0.8622704464831175,1.0,1.0,1.0,0.9426126860346322,0
2084,2a5fea3ae25e5cdd,True,1.0,1.0,1.0,1.0,1.0,1.0,1.0,0
2085,2a68e10c7d305af4,True,1.0,0.0,0.0,1.0,1.0,1.0,0.0,0
2086,2a6936d84bda531f,True,1.0,1.0,1.0,1.0,1.0,1.0,1.0,0
2087,2a764e45008651e0,True,1.0,1.0,1.0,1.0,1.0,1.0,1.0,0
2088,2a79320a3e3b5239,True,1.0,1.0,0.9752019294262062,0.0,1.0,1.0,0.5730008039275859,0
2089,2a799223058c5ed7,True,1.0,1.0,0.7371250410568739,1.0,1.0,1.0,0.8904687671070309,0
2090,2a7b12a784c351c3,True,1.0,1.0,0.7108399006832555,1.0,1.0,1.0,0.8795166252846899,0
2091,2a8b9c88615450a8,True,1.0,1.0,1.0,1.0,1.0,1.0,1.0,0
2092,2a94741039ad566d,True,1.0,1.0,1.0,1.0,1.0,1.0,1.0,0
2093,2a9a3fe02d46551c,True,1.0,1.0,0.72396763915331,1.0,1.0,1.0,0.8849865163138791,0
2094,2aa414aa9a9057fb,True,1.0,1.0,0.6309918950134088,1.0,1.0,0.0,0.8462466229222537,0
2095,2aa64c0ff1f059fd,True,1.0,1.0,1.0,1.0,1.0,1.0,1.0,0
2096,2aa9dce62cd75fce,True,1.0,1.0,0.8735526444926744,1.0,1.0,1.0,0.9473136018719477,0
2097,2aade0b3987d5366,True,1.0,1.0,0.8654450159581549,1.0,1.0,1.0,0.943935423315898,0
2098,2abac20522fb5014,True,1.0,1.0,1.0,1.0,1.0,1.0,1.0,0
2099,2ac5f9fae5a95215,True,1.0,1.0,1.0,1.0,1.0,1.0,1.0,0
2100,2ad04beca6e65771,True,1.0,1.0,1.0,1.0,1.0,1.0,1.0,0
2101,2ad17379a25d55d9,True,1.0,1.0,0.9627721856079273,1.0,1.0,1.0,0.9844884106699697,0
2102,2ad650691b5d58f0,True,1.0,1.0,0.8292791052809665,1.0,1.0,1.0,0.9288662938670694,0
2103,2ad9640eb724590d,True,1.0,1.0,0.8327551504547425,1.0,1.0,0.0,0.9303146460228092,0
2104,2adba5d32c3a560f,True,1.0,1.0,0.8342226595911061,1.0,1.0,1.0,0.9309261081629608,0
2105,2ae2e400efe35400,True,1.0,1.0,0.8204394907113688,1.0,1.0,1.0,0.925183121129737,0
2106,2af5b66260bf5795,True,1.0,1.0,0.9162089700397347,1.0,1.0,1.0,0.9650870708498894,0
2107,2b006c0fae365892,True,1.0,1.0,1.0,1.0,1.0,1.0,1.0,0
2108,2b04c510144e5545,True,1.0,0.0,0.0,1.0,1.0,1.0,0.0,0
2109,2b052ebbd7ec543b,True,1.0,0.0,0.0,1.0,1.0,0.0,0.0,0
2110,2b10974c7f7e5444,True,1.0,1.0,0.6680420493418221,0.0,1.0,1.0,0.44501752055909255,0
2111,2b156c54c8ce5645,True,1.0,1.0,0.7502325155318907,1.0,1.0,1.0,0.8959302148049545,0
2112,2b201c0ffa245b8b,True,1.0,1.0,0.8436133386562424,1.0,1.0,1.0,0.9348388911067677,0
2113,2b2484954fc85b54,True,1.0,1.0,1.0,1.0,1.0,1.0,1.0,0
2114,2b3383daa2175aa8,True,1.0,1.0,0.9444516701418445,1.0,1.0,1.0,0.9768548625591018,0
2115,2b34624bf9455480,True,1.0,1.0,0.9606776641177361,1.0,1.0,1.0,0.9836156933823901,0
2116,2b352a08cb3b59ea,True,1.0,1.0,0.6413732124279745,1.0,1.0,1.0,0.8505721718449895,0
2117,2b3b9bb9f6525589,True,1.0,1.0,1.0,1.0,1.0,1.0,1.0,0
2118,2b40b4ee692d52a4,True,1.0,1.0,0.6759900157607258,1.0,1.0,1.0,0.8649958399003025,0
2119,2b482f615de15efb,True,0.0,1.0,0.0,1.0,1.0,1.0,0.0,0
2120,2b4e72f733d35e89,True,1.0,1.0,1.0,1.0,1.0,1.0,1.0,0
2121,2b4fee42169a54a8,True,1.0,1.0,0.6558849517915065,1.0,1.0,1.0,0.8566187299131277,0
2122,2b52c607f324583e,True,1.0,1.0,1.0,1.0,1.0,1.0,1.0,0
2123,2b5d551f5466530e,True,1.0,1.0,0.8073072006408496,1.0,1.0,1.0,0.919711333600354,0
2124,2b5dabfa534156c0,True,1.0,1.0,0.7839859094364933,1.0,1.0,1.0,0.9099941289318721,0
2125,2b610cc56f635751,True,1.0,1.0,0.8087704215315801,1.0,1.0,1.0,0.9203210089714918,0
2126,2b641a3ecff5580e,True,1.0,1.0,1.0,1.0,1.0,1.0,1.0,0
2127,2b65a8a29c455d00,True,1.0,1.0,0.8573933507440182,1.0,1.0,1.0,0.9405805628100076,0
2128,2b760b8260af515c,True,1.0,1.0,0.7277549075037011,1.0,1.0,1.0,0.8865645447932088,0
2129,2b7bf25209dd5705,True,1.0,1.0,0.7399328642190957,1.0,1.0,1.0,0.8916386934246233,0
2130,2b9bb7ffb9cf5da8,True,0.0,1.0,0.0,0.0,1.0,1.0,0.0,0
2131,2ba3f7adca335912,True,1.0,1.0,0.8916609918906299,1.0,1.0,0.5,0.9548587466210957,0
2132,2ba94c9278825a74,True,1.0,1.0,0.8463719097836471,0.0,1.0,1.0,0.5193216290765196,0
2133,2bae2509df025832,True,1.0,1.0,0.8212132665582557,1.0,1.0,1.0,0.9255055277326066,0
2134,2bbff4dbce4053b8,True,1.0,1.0,0.8559760844594312,1.0,1.0,1.0,0.9399900351914297,0
2135,2bc2525a4ee95ef4,True,1.0,1.0,1.0,1.0,1.0,1.0,1.0,0
2136,2bc38f766c8851fa,True,1.0,1.0,0.9094832620286052,1.0,1.0,0.0,0.9622846925119188,0
2137,2bce4431c5da5d1f,True,1.0,1.0,1.0,1.0,1.0,1.0,1.0,0
2138,2bd04a0902095129,True,1.0,1.0,1.0,1.0,1.0,1.0,1.0,0
2139,2be07b9c94db5de7,True,1.0,1.0,0.8737178688263543,1.0,1.0,1.0,0.9473824453443142,0
2140,2be1cc28e5af523e,True,1.0,1.0,1.0,1.0,1.0,1.0,1.0,0
2141,2be2e48e80985bee,True,1.0,1.0,1.0,1.0,1.0,1.0,1.0,0
2142,2bf94996d2325e20,True,1.0,1.0,0.9128373084137243,1.0,1.0,1.0,0.9636822118390519,0
2143,2c0e25d51b0b5e31,True,1.0,1.0,0.7515502334976859,1.0,1.0,1.0,0.8964792639573691,0
2144,2c0f41d407295efa,True,1.0,1.0,0.5432771208897794,1.0,1.0,1.0,0.8096988003707414,0
2145,2c120899a8d05979,True,1.0,1.0,0.9259900071417876,1.0,1.0,1.0,0.9691625029757448,0
2146,2c14c850f6645147,True,1.0,1.0,1.0,1.0,1.0,1.0,1.0,0
2147,2c1c564733075187,True,1.0,1.0,0.895012055172593,1.0,1.0,1.0,0.9562550229885804,0
2148,2c1f43c6b93c5952,True,1.0,1.0,0.7712298478713974,1.0,1.0,1.0,0.904679103279749,0
2149,2c21ad85949653a6,True,1.0,1.0,1.0,1.0,1.0,1.0,1.0,0
2150,2c29f40d1a1d5b28,True,1.0,1.0,1.0,1.0,1.0,1.0,1.0,0
2151,2c337eb368fb54ca,True,1.0,0.0,0.0,1.0,1.0,1.0,0.0,0
2152,2c3e04a929b85f30,True,1.0,1.0,0.9881616405755649,1.0,1.0,1.0,0.9950673502398187,0
2153,2c43056133655292,True,1.0,1.0,0.9576183237508478,1.0,1.0,1.0,0.9823409682295199,0
2154,2c439b29049252a7,True,1.0,1.0,1.0,1.0,1.0,1.0,1.0,0
2155,2c58e549903354fc,True,1.0,1.0,0.8008789131089068,1.0,1.0,1.0,0.9170328804620445,0
2156,2c5cbab120595d79,True,1.0,1.0,0.8454936811530127,1.0,1.0,1.0,0.9356223671470886,0
2157,2c5ed5662dfb5ee9,True,0.0,1.0,0.0,0.0,1.0,1.0,0.0,0
2158,2c67391395c65d6a,True,1.0,1.0,1.0,1.0,1.0,1.0,1.0,0
2159,2c6d90e9889e56c2,True,1.0,1.0,0.9410913764107528,1.0,1.0,1.0,0.975454740171147,0
2160,2c71b83e25e1577d,True,1.0,1.0,0.9485506630351656,1.0,1.0,1.0,0.9785627762646524,0
2161,2c76300c674f5769,True,1.0,1.0,0.7611961482372206,1.0,1.0,1.0,0.9004983950988419,0
2162,2c79b7300d3a5219,True,1.0,1.0,1.0,1.0,1.0,1.0,1.0,0
2163,2c7e5f987d5752c7,True,1.0,0.0,0.0,1.0,1.0,1.0,0.0,0
2164,2c8a58b94332570d,True,1.0,1.0,1.0,1.0,1.0,1.0,1.0,0
2165,2c90fc5cc8905562,True,1.0,1.0,0.8587996791664315,1.0,1.0,1.0,0.9411665329860132,0
2166,2c978eb63fec5d2a,True,1.0,1.0,0.8231194675278984,1.0,1.0,1.0,0.9262997781366243,0
2167,2c9ad43fb0cd5394,True,1.0,1.0,0.883101250796963,1.0,1.0,1.0,0.951292187832068,0
2168,2c9ea4fc0e8e5ef2,True,1.0,1.0,0.8535535483614286,1.0,1.0,1.0,0.9389806451505952,0
2169,2ca1cea5e7bf5219,True,1.0,1.0,1.0,1.0,1.0,1.0,1.0,0
2170,2ca33fd04f805478,True,1.0,1.0,1.0,1.0,1.0,1.0,1.0,0
2171,2cae5f08e11a5dbd,True,1.0,1.0,0.9268221206376571,1.0,1.0,1.0,0.9695092169323573,0
2172,2cbf505c735c5c34,True,1.0,1.0,0.9076053502146942,1.0,1.0,1.0,0.9615022292561225,0
2173,2cc421e9b3fd5c17,True,1.0,1.0,0.8331898032390268,1.0,1.0,1.0,0.9304957513495945,0
2174,2cc43d98cfa55ab6,True,1.0,1.0,1.0,1.0,1.0,1.0,1.0,0
2175,2cc526803c3250c9,True,1.0,1.0,1.0,1.0,1.0,1.0,1.0,0
2176,2ccb0b6871c9515c,True,1.0,1.0,0.9323730822563485,1.0,1.0,1.0,0.9718221176068118,0
2177,2cce988d410654e2,True,1.0,1.0,1.0,1.0,1.0,1.0,1.0,0
2178,2ccebcdb0da25be5,True,1.0,1.0,1.0,1.0,1.0,0.0,1.0,0
2179,2cd1545c4c835ead,True,1.0,1.0,0.7851176396476578,1.0,1.0,1.0,0.9104656831865241,0
2180,2cd2afde48275675,True,1.0,1.0,0.8952518218268448,1.0,1.0,1.0,0.9563549257611853,0
2181,2cd54836815b5fb0,True,1.0,1.0,0.8557529805002875,1.0,1.0,1.0,0.9398970752084531,0
2182,2cdba8acff3454a7,True,1.0,1.0,0.8488230647834522,1.0,1.0,1.0,0.9370096103264384,0
2183,2cde4f39412a556d,True,1.0,1.0,0.8097702056381005,1.0,1.0,1.0,0.9207375856825418,0
2184,2d0334f7e7d75853,True,1.0,1.0,1.0,1.0,1.0,1.0,1.0,0
2185,2d0517c112625a09,True,1.0,1.0,0.9637771844572629,1.0,1.0,1.0,0.9849071601905263,0
2186,2d060a1354d4545e,True,1.0,1.0,1.0,1.0,1.0,1.0,1.0,0
2187,2d0c8a7a065e5995,True,1.0,1.0,0.7852047512363698,1.0,1.0,1.0,0.9105019796818207,0
2188,2d151a8187f050bf,True,1.0,1.0,0.9764085807987589,1.0,1.0,1.0,0.990170241999483,0
2189,2d1b94bfdcd35217,True,1.0,1.0,1.0,1.0,1.0,1.0,1.0,0
2190,2d1f929350f65cdc,True,1.0,1.0,1.0,1.0,1.0,1.0,1.0,0
2191,2d24100bcb1e57e2,True,1.0,1.0,1.0,1.0,1.0,1.0,1.0,0
2192,2d264d513abb5a7d,True,1.0,1.0,1.0,1.0,1.0,1.0,1.0,0
2193,2d2a1f08e4895258,True,1.0,1.0,1.0,1.0,1.0,1.0,1.0,0
2194,2d2b781181f156dc,True,1.0,1.0,1.0,1.0,1.0,1.0,1.0,0
2195,2d305230053e5e19,True,1.0,1.0,1.0,1.0,1.0,1.0,1.0,0
2196,2d30620b507f5f7c,True,1.0,1.0,1.0,1.0,1.0,1.0,1.0,0
2197,2d357ffc1fdd5c89,True,1.0,1.0,0.9511748885983544,1.0,1.0,1.0,0.9796562035826476,0
2198,2d365fc1fbd35aab,True,1.0,1.0,0.9398633227345828,1.0,1.0,1.0,0.9749430511394094,0
2199,2d4b17f8d7585219,True,1.0,1.0,1.0,1.0,1.0,1.0,1.0,0
2200,2d4d48a048615f9a,True,1.0,1.0,1.0,1.0,1.0,1.0,1.0,0
2201,2d4d907377f35695,True,1.0,1.0,0.7790912165243156,1.0,1.0,1.0,0.9079546735517982,0
2202,2d55129330045d3f,True,1.0,1.0,1.0,1.0,1.0,1.0,1.0,0
2203,2d578825c3a8565f,True,0.0,1.0,0.0,0.0,1.0,0.0,0.0,0
2204,2d6a04ea9ef55fd5,True,1.0,1.0,0.997965294500996,1.0,1.0,1.0,0.9991522060420817,0
2205,2d6a7d3813ef54e0,True,1.0,1.0,0.9053935161378777,1.0,1.0,1.0,0.9605806317241156,0
2206,2d6d2dd79ad75ea5,True,1.0,1.0,1.0,1.0,1.0,1.0,1.0,0
2207,2d723f3d7b9458b8,True,1.0,1.0,0.7560408833757744,1.0,1.0,1.0,0.8983503680732393,0
2208,2d741bb457ed5434,True,1.0,1.0,1.0,1.0,1.0,1.0,1.0,0
2209,2d7a04e2df2d5bd3,True,1.0,1.0,0.8416934586316009,1.0,1.0,1.0,0.9340389410965004,0
2210,2d7bc87644e85744,True,1.0,1.0,0.8714669387233418,1.0,1.0,1.0,0.9464445578013924,0
2211,2d84ae5e1fa85f94,True,1.0,1.0,0.7749210103803241,1.0,1.0,1.0,0.9062170876584684,0
2212,2d88ea430674513d,True,1.0,1.0,1.0,1.0,1.0,1.0,1.0,0
2213,2d8b8e77af38568f,True,1.0,1.0,0.7187119291346123,1.0,1.0,1.0,0.8827966371394217,0
2214,2d9d1d9aa6d25bd9,True,1.0,1.0,1.0,1.0,1.0,1.0,1.0,0
2215,2d9d3d15e7f25716,True,1.0,1.0,0.9349027158944847,1.0,1.0,1.0,0.9728761316227019,0
2216,2da6f8c86c135473,True,1.0,1.0,0.8352349410782808,1.0,1.0,1.0,0.9313478921159503,0
2217,2daa400892ce5a95,True,1.0,1.0,0.7475031397563563,1.0,1.0,1.0,0.8947929748984818,0
2218,2dad1998a320527d,True,1.0,1.0,0.9239673895162371,1.0,1.0,1.0,0.9683197456317654,0
2219,2db50cd1c1ea5837,True,1.0,1.0,0.9144977805869023,1.0,1.0,1.0,0.9643740752445428,0
2220,2db75185de1d5763,True,1.0,1.0,1.0,1.0,1.0,1.0,1.0,0
2221,2db824526e9458f2,True,1.0,1.0,1.0,1.0,1.0,1.0,1.0,0
2222,2dbaea2c3ad8531f,True,1.0,1.0,0.9467334453049444,1.0,1.0,1.0,0.9778056022103936,0
2223,2dbf2462b447576f,True,1.0,1.0,0.9599128280770561,1.0,1.0,1.0,0.9832970116987734,0
2224,2dca181fa97153a0,True,1.0,1.0,0.8645876813997987,1.0,1.0,1.0,0.9435782005832495,0
2225,2dd2bd50fcc458d7,True,1.0,1.0,0.9787168779473961,1.0,1.0,1.0,0.9911320324780818,0
2226,2dd7293bcb445815,True,1.0,1.0,0.7696028773103114,1.0,1.0,1.0,0.9040011988792965,0
2227,2dd890fcd27352c5,True,1.0,1.0,0.8014750062487462,1.0,1.0,1.0,0.9172812526036442,0
2228,2dd8a04bcb735c5e,True,1.0,1.0,1.0,1.0,1.0,1.0,1.0,0
2229,2de3f6af0a69509d,True,1.0,1.0,0.9412230349250595,1.0,1.0,1.0,0.9755095978854414,0
2230,2de709220e34507e,True,1.0,1.0,0.7947458303552892,1.0,1.0,1.0,0.9144774293147039,0
2231,2df5fba355f65937,True,1.0,1.0,0.8897651838996323,1.0,1.0,1.0,0.9540688266248468,0
2232,2dfc1e8df2ef5da1,True,1.0,1.0,0.8872932084366401,1.0,1.0,1.0,0.9530388368486,0
2233,2e037aeeebce56df,True,1.0,1.0,0.7519719028793471,1.0,1.0,1.0,0.8966549595330613,0
2234,2e0a31d833765412,True,1.0,1.0,0.8503633295058045,1.0,1.0,1.0,0.9376513872940851,0
2235,2e1835a7c6445310,True,1.0,1.0,0.771135659983582,1.0,1.0,1.0,0.9046398583264925,0
2236,2e194d0e7a675b51,True,1.0,1.0,0.8365914441482186,1.0,1.0,1.0,0.9319131017284245,0
2237,2e1c1db92800578d,True,1.0,1.0,1.0,1.0,1.0,1.0,1.0,0
2238,2e1d4bde0a16514b,True,1.0,1.0,0.23398648936575397,1.0,1.0,1.0,0.6808277039023976,0
2239,2e21fba9a22851ae,True,1.0,1.0,1.0,1.0,1.0,1.0,1.0,0
2240,2e2cc58c9aa450e7,True,1.0,1.0,0.7446236744454533,1.0,1.0,1.0,0.8935931976856054,0
2241,2e34ba0896d75c28,True,1.0,1.0,0.7514248331974196,1.0,1.0,1.0,0.8964270138322581,0
2242,2e393fad09985c87,True,1.0,1.0,1.0,1.0,1.0,1.0,1.0,0
2243,2e405d459d8b5d9c,True,1.0,1.0,0.977556375390708,1.0,1.0,1.0,0.9906484897461283,0
2244,2e508e23f47d5f96,True,1.0,1.0,0.7396832012228952,1.0,1.0,1.0,0.8915346671762063,0
2245,2e54d786ec095896,True,1.0,1.0,1.0,1.0,1.0,1.0,1.0,0
2246,2e586c7da7c55eb3,True,0.0,1.0,0.0,0.0,1.0,1.0,0.0,0
2247,2e5997dafce45eb2,True,1.0,1.0,0.8251895706323066,1.0,1.0,1.0,0.9271623210967944,0
2248,2e5e4be9579d568d,True,1.0,1.0,0.9686012947309018,1.0,1.0,1.0,0.9869172061378757,0
2249,2e67ddf209365112,True,1.0,1.0,0.7329821532188843,1.0,1.0,1.0,0.8887425638412019,0
2250,2e6b78be8c9e5e0c,True,1.0,1.0,1.0,1.0,1.0,1.0,1.0,0
2251,2e6dbcea86d555f4,True,1.0,1.0,0.9247725884784316,1.0,1.0,1.0,0.9686552451993465,0
2252,2e6e8eebd05f5da2,True,1.0,1.0,0.7825394665885721,1.0,1.0,1.0,0.909391444411905,0
2253,2e6e9e72249a5980,True,1.0,1.0,0.6125293883350633,1.0,1.0,1.0,0.8385539118062764,0
2254,2e7d8157798851f3,True,1.0,1.0,1.0,1.0,1.0,1.0,1.0,0
2255,2e883a72b2895d7c,True,1.0,1.0,0.96773673404647,1.0,1.0,1.0,0.9865569725193625,0
2256,2e8c4827d8c757a3,True,1.0,1.0,1.0,1.0,1.0,1.0,1.0,0
2257,2e8d3c1cd8b15c97,True,1.0,1.0,1.0,1.0,1.0,1.0,1.0,0
2258,2e90da117016561c,True,1.0,1.0,1.0,1.0,1.0,1.0,1.0,0
2259,2e9c19d0168c58ac,True,1.0,1.0,1.0,1.0,1.0,1.0,1.0,0
2260,2ea6bdf1e8905fd8,True,1.0,1.0,0.9831985532751428,1.0,1.0,1.0,0.9929993971979761,0
2261,2eac5afe2036526c,True,1.0,1.0,0.8548686932031829,1.0,1.0,1.0,0.9395286221679928,0
2262,2ead0bb5e6705b4a,True,1.0,1.0,0.963464525053178,1.0,1.0,1.0,0.9847768854388242,0
2263,2eb015a011ac5fa2,True,1.0,1.0,1.0,1.0,1.0,0.5,1.0,0
2264,2eb2bc9d3b35584f,True,1.0,1.0,1.0,1.0,1.0,1.0,1.0,0
2265,2eb7c4dc6ec65123,True,1.0,1.0,1.0,1.0,1.0,1.0,1.0,0
2266,2ec48f094e475d85,True,1.0,1.0,0.8925354613209684,1.0,1.0,1.0,0.9552231088837368,0
2267,2ec759b29e0155b5,True,1.0,1.0,0.5972895550853985,1.0,1.0,1.0,0.8322039812855827,0
2268,2ee0fbae6edc5e0d,True,1.0,1.0,1.0,1.0,1.0,1.0,1.0,0
2269,2ee2b26e0f20509d,True,1.0,1.0,0.9260955637532801,1.0,1.0,1.0,0.9692064848972001,0
2270,2ee34c8975525f5c,True,1.0,1.0,1.0,1.0,1.0,1.0,1.0,0
2271,2ee44628526e524c,True,1.0,1.0,1.0,1.0,1.0,1.0,1.0,0
2272,2ee8d10b988c58b2,True,1.0,1.0,1.0,1.0,1.0,1.0,1.0,0
2273,2ef107f7be2351a5,True,1.0,1.0,0.9352955225075646,1.0,1.0,1.0,0.9730398010448186,0
2274,2ef80fbe7233514a,True,1.0,1.0,0.9594947667130355,1.0,1.0,1.0,0.9831228194637648,0
2275,2efcd18376fb51b7,True,1.0,1.0,0.8986763965499739,1.0,1.0,1.0,0.9577818318958226,0
2276,2f03781e3fd05c28,True,1.0,1.0,1.0,1.0,1.0,1.0,1.0,0
2277,2f05406bcdd55a21,True,0.0,1.0,0.0,0.0,1.0,1.0,0.0,0
2278,2f1653c3481b50f1,True,1.0,1.0,1.0,1.0,1.0,1.0,1.0,0
2279,2f191795b29f52b2,True,1.0,1.0,1.0,1.0,1.0,1.0,1.0,0
2280,2f1d36641ecb509a,True,1.0,1.0,1.0,1.0,1.0,1.0,1.0,0
2281,2f1edc1ab2b55b05,True,1.0,1.0,0.80399301855687,1.0,1.0,1.0,0.9183304243986958,0
2282,2f1f5a4351e15458,True,1.0,1.0,0.9586702437108114,1.0,1.0,1.0,0.9827792682128381,0
2283,2f233e4005e05c1e,True,1.0,1.0,0.845815681893089,1.0,1.0,1.0,0.9357565341221203,0
2284,2f23d31a3ddf5de9,True,1.0,1.0,1.0,0.0,1.0,1.0,0.5833333333333334,0
2285,2f260b8b9dee5b0c,True,1.0,1.0,1.0,1.0,1.0,1.0,1.0,0
2286,2f2caab982ad5739,True,1.0,1.0,1.0,1.0,1.0,1.0,1.0,0
2287,2f3cd5f3b7ee59cc,True,1.0,1.0,0.8872618040782076,1.0,1.0,1.0,0.9530257516992532,0
2288,2f4117000a605404,True,1.0,1.0,1.0,1.0,1.0,1.0,1.0,0
2289,2f421d857f32510e,True,1.0,1.0,0.8605222537431706,1.0,1.0,1.0,0.9418842723929878,0
2290,2f482e2df2565b82,True,1.0,1.0,0.7642488887087027,1.0,1.0,1.0,0.9017703702952927,0
2291,2f4a5f8093b25fae,True,1.0,1.0,0.7462340508214351,1.0,1.0,1.0,0.8942641878422647,0
2292,2f525b2a3cf35331,True,1.0,1.0,1.0,1.0,1.0,1.0,1.0,0
2293,2f5ae1e4cf9d59fa,True,1.0,1.0,0.8089826978772967,1.0,1.0,1.0,0.9204094574488737,0
2294,2f6263adaf4f54c5,True,1.0,1.0,0.785282469295418,1.0,1.0,1.0,0.9105343622064241,0
2295,2f67d7af0e0d51a1,True,1.0,1.0,1.0,1.0,1.0,1.0,1.0,0
2296,2f6b9bbb16cb59ba,True,1.0,1.0,0.9371329024595071,1.0,1.0,1.0,0.9738053760247946,0
2297,2f6ef141a25657e5,True,1.0,0.0,0.0,1.0,1.0,1.0,0.0,0
2298,2f7190c1da685537,True,1.0,1.0,1.0,1.0,1.0,1.0,1.0,0
2299,2f7f6af0b98354be,True,1.0,1.0,0.8403648744641365,1.0,1.0,1.0,0.9334853643600569,0
2300,2f8dd3404f375ed8,True,1.0,1.0,0.8636858292155914,1.0,1.0,1.0,0.9432024288398297,0
2301,2f8e10ba1a8f5672,True,1.0,1.0,1.0,1.0,1.0,1.0,1.0,0
2302,2f9b9537ea1c5018,True,1.0,1.0,0.8507236639252267,1.0,1.0,1.0,0.9378015266355111,0
2303,2f9c4ea0c97450c6,True,1.0,1.0,0.9622299831352372,1.0,1.0,1.0,0.9842624929730155,0
2304,2fa0f34bd2da5b39,True,1.0,1.0,0.9578804291302071,1.0,1.0,1.0,0.9824501788042529,0
2305,2fb12c4c2eec5b8d,True,1.0,1.0,1.0,1.0,1.0,1.0,1.0,0
2306,2fb54b28d0c55807,True,1.0,1.0,0.9304865496282134,1.0,1.0,1.0,0.9710360623450889,0
2307,2fb759c52be35681,True,1.0,1.0,0.8468471907560396,1.0,1.0,1.0,0.9361863294816831,0
2308,2fbf549d6aac59b9,True,1.0,1.0,0.9368134556787863,1.0,1.0,1.0,0.9736722731994943,0
2309,2fc619c5acbe54b8,True,1.0,1.0,0.8091788349662008,1.0,1.0,1.0,0.920491181235917,0
2310,2fd327a8eff250ba,True,1.0,1.0,0.9102319790489667,1.0,1.0,1.0,0.9625966579370694,0
2311,2fd50ca82a7a5df4,True,1.0,1.0,1.0,1.0,1.0,1.0,1.0,0
2312,2fd7f2b6eaae5d04,True,1.0,1.0,0.9372300504627831,1.0,1.0,1.0,0.9738458543594929,0
2313,2fd95381df705415,True,1.0,1.0,0.7267717850540341,1.0,1.0,1.0,0.8861549104391808,0
2314,2fdb40cf92e75107,True,1.0,1.0,0.9131369402841649,1.0,1.0,1.0,0.9638070584517354,0
2315,2fec62bc2f325559,True,1.0,1.0,1.0,1.0,1.0,1.0,1.0,0
2316,2ff39958d9f35279,True,1.0,1.0,0.6979223443250707,1.0,1.0,1.0,0.8741343101354461,0
2317,300226e9649b51fd,True,1.0,1.0,1.0,1.0,1.0,0.0,1.0,0
2318,3009df5312fa581c,True,1.0,1.0,0.9165625678195037,1.0,1.0,1.0,0.9652344032581266,0
2319,3010009fcb295507,True,1.0,1.0,0.9164861542755884,1.0,1.0,1.0,0.9652025642814953,0
2320,3012e1628f7d5d3a,True,1.0,1.0,0.8152160464393913,1.0,1.0,1.0,0.923006686016413,0
2321,30187e714d065b0b,True,1.0,1.0,0.9263299813439976,1.0,1.0,1.0,0.9693041588933323,0
2322,301f483843535f89,True,1.0,1.0,1.0,1.0,1.0,1.0,1.0,0
2323,30271c81460b556d,True,1.0,1.0,0.92417110099376,1.0,1.0,1.0,0.9684046254140667,0
2324,302803d07e7059dc,True,1.0,1.0,1.0,1.0,1.0,1.0,1.0,0
2325,302d9a7758625a37,True,1.0,1.0,1.0,1.0,1.0,1.0,1.0,0
2326,3038555c47555d08,True,1.0,0.0,0.0,1.0,1.0,1.0,0.0,0
2327,303948f28d5b52ab,True,1.0,1.0,0.900852423962952,1.0,1.0,1.0,0.9586885099845633,0
2328,303d452ddd2d58d1,True,1.0,1.0,0.8346477581240717,1.0,1.0,1.0,0.9311032325516965,0
2329,303d7a8f1262569e,True,1.0,0.0,0.0,0.0,1.0,0.0,0.0,0
2330,303d9d8e1bbf5053,True,1.0,1.0,1.0,1.0,1.0,1.0,1.0,0
2331,303e7dd5717f54cd,True,1.0,0.0,0.0,1.0,1.0,1.0,0.0,0
2332,30422125ddd4590b,True,1.0,1.0,0.7715947919415105,1.0,1.0,0.5,0.9048311633089626,0
2333,3043c8dc13aa548b,True,1.0,1.0,0.9300307198019976,1.0,1.0,1.0,0.9708461332508324,0
2334,3047f87f67555d16,True,1.0,1.0,1.0,1.0,1.0,1.0,1.0,0
2335,304be364cb4050ce,True,1.0,1.0,1.0,1.0,1.0,1.0,1.0,0
2336,305634c7b587567f,True,1.0,1.0,0.788660966786906,1.0,1.0,1.0,0.9119420694945441,0
2337,305d73038ef35efe,True,1.0,1.0,0.7458301710818196,1.0,1.0,1.0,0.8940959046174249,0
2338,305eb53245715f7e,True,1.0,1.0,0.716650205483535,1.0,1.0,1.0,0.8819375856181395,0
2339,30638699ab8e575c,True,1.0,1.0,1.0,1.0,1.0,1.0,1.0,0
2340,3067f3d3d5a75989,True,1.0,1.0,1.0,1.0,1.0,1.0,1.0,0
2341,3068d16e627b5e69,True,1.0,1.0,0.860516004856919,1.0,1.0,1.0,0.9418816686903829,0
2342,30765e467f6c5947,True,1.0,1.0,1.0,1.0,1.0,1.0,1.0,0
2343,3078139bae8e592d,True,1.0,1.0,0.8986136930149069,1.0,1.0,1.0,0.9577557054228779,0
2344,307f28eca5e25b39,True,1.0,1.0,1.0,1.0,1.0,1.0,1.0,0
2345,307fee530f99569a,True,1.0,1.0,0.9910024038928806,1.0,1.0,1.0,0.9962510016220336,0
2346,30827c8c62c55b46,True,0.0,1.0,0.0,0.0,1.0,1.0,0.0,0
2347,308908fd6d9a5631,True,1.0,1.0,0.9242945515773876,1.0,1.0,1.0,0.9684560631572449,0
2348,308e246a1d995edd,True,1.0,1.0,1.0,1.0,1.0,1.0,1.0,0
2349,3099475cc5365074,True,1.0,1.0,1.0,1.0,1.0,1.0,1.0,0
2350,30a0f5cf9ab95eee,True,1.0,1.0,0.8794836373628758,1.0,1.0,1.0,0.9497848489011983,0
2351,30b35ae958ee5bae,True,1.0,1.0,0.8671430737478166,1.0,1.0,1.0,0.9446429473949237,0
2352,30c52d38e4975fe7,True,1.0,0.0,0.0,1.0,1.0,1.0,0.0,0
2353,30d10a9c1f8352da,True,1.0,1.0,0.8363265669212951,1.0,1.0,1.0,0.9318027362172062,0
2354,30d3af9350045c29,True,1.0,1.0,1.0,1.0,1.0,1.0,1.0,0
2355,30d5d8dfd52451a9,True,0.0,1.0,0.0,0.0,1.0,1.0,0.0,0
2356,30d60ce25f4d552e,True,1.0,1.0,0.8408327311729658,1.0,1.0,1.0,0.9336803046554024,0
2357,30d639fe2d5057e3,True,1.0,1.0,1.0,1.0,1.0,1.0,1.0,0
2358,30d90432ffb357cf,True,1.0,1.0,0.8711730712888393,1.0,1.0,1.0,0.9463221130370164,0
2359,30dafbb048775d29,True,1.0,1.0,0.7664974660779551,1.0,1.0,1.0,0.9027072775324813,0
2360,30e29966db9156ee,True,1.0,1.0,0.9996355958673431,1.0,1.0,1.0,0.9998481649447263,0
2361,30e7a7c93a225968,True,1.0,1.0,0.9741966936783198,1.0,1.0,1.0,0.9892486223659667,0
2362,30f09e001cf55013,True,1.0,1.0,0.971674108787604,1.0,1.0,1.0,0.9881975453281683,0
2363,30f959771e1e588d,True,1.0,1.0,0.8935305293110288,1.0,1.0,1.0,0.9556377205462621,0
2364,31013d67978e5284,True,1.0,1.0,0.8237604880496292,1.0,1.0,1.0,0.9265668700206788,0
2365,3103614e29e25cd4,True,1.0,1.0,0.7811965993191555,1.0,1.0,1.0,0.9088319163829816,0
2366,31042b6e5c455b82,True,1.0,1.0,0.7516269349039136,1.0,1.0,1.0,0.8965112228766307,0
2367,31091c3173c6596a,True,1.0,1.0,1.0,1.0,1.0,1.0,1.0,0
2368,310d65ad9aee5366,True,0.0,1.0,0.0,0.0,1.0,1.0,0.0,0
2369,310ef687176e5160,True,1.0,1.0,1.0,1.0,1.0,1.0,1.0,0
2370,310fcecd57a95e06,True,0.0,1.0,0.0,0.0,1.0,0.5,0.0,0
2371,311302972dd15a8b,True,1.0,1.0,0.8036818719240082,1.0,1.0,1.0,0.9182007799683367,0
2372,31134bc6685c57ae,True,1.0,1.0,1.0,1.0,1.0,1.0,1.0,0
2373,31222d2fc6f95e0d,True,1.0,1.0,0.9498210087493298,1.0,1.0,1.0,0.9790920869788874,0
2374,3123935b28265c80,True,1.0,1.0,1.0,1.0,1.0,1.0,1.0,0
2375,3128b8da22c75dd0,True,1.0,1.0,0.8254152277496147,1.0,1.0,1.0,0.9272563448956728,0
2376,312c0f2f981d51c3,True,1.0,1.0,0.8958508291165476,1.0,1.0,1.0,0.9566045121318948,0
2377,312d2bf03023521a,True,1.0,1.0,0.8292272790973838,1.0,1.0,1.0,0.92884469962391,0
2378,3136969223325aa5,True,1.0,1.0,1.0,1.0,1.0,1.0,1.0,0
2379,313756e5fc655c0e,True,1.0,1.0,1.0,0.0,1.0,1.0,0.5833333333333334,0
2380,3137903199f35224,True,1.0,0.0,0.0,1.0,1.0,1.0,0.0,0
2381,313a7548b23b5b8f,True,1.0,1.0,0.8658318825822914,1.0,1.0,1.0,0.9440966177426214,0
2382,313a7a6feb1c5490,True,1.0,1.0,0.8405988280692576,1.0,1.0,1.0,0.9335828450288574,0
2383,313c37ffdeaf51ca,True,1.0,1.0,0.8331977204589824,1.0,1.0,1.0,0.9304990501912428,0
2384,314c032aadbd5011,True,1.0,1.0,0.9257044038337296,1.0,1.0,1.0,0.9690435015973874,0
2385,314e2f70ce905b5e,True,1.0,1.0,1.0,1.0,1.0,1.0,1.0,0
2386,314f25442fd753b4,True,1.0,1.0,1.0,1.0,1.0,1.0,1.0,0
2387,3151813685fe5b1d,True,1.0,1.0,0.8948876697129265,1.0,1.0,1.0,0.9562031957137194,0
2388,3154180ecf9a5e67,True,1.0,1.0,0.8174613950720725,1.0,1.0,1.0,0.9239422479466969,0
2389,315673fa4e595935,True,1.0,1.0,1.0,1.0,1.0,1.0,1.0,0
2390,315ac5cd44ad5d1e,True,1.0,1.0,1.0,1.0,1.0,1.0,1.0,0
2391,315ade412d0f5304,True,1.0,1.0,1.0,1.0,1.0,1.0,1.0,0
2392,315aedf84f9f59c3,True,1.0,1.0,1.0,1.0,1.0,1.0,1.0,0
2393,315e61d0629c54d6,True,1.0,1.0,0.9237479078508005,1.0,1.0,1.0,0.9682282949378336,0
2394,31602c26eedc5f7e,True,1.0,1.0,0.9874834191635691,1.0,1.0,1.0,0.9947847579848205,0
2395,3166dd05c45f59e8,True,1.0,1.0,1.0,1.0,1.0,1.0,1.0,0
2396,317f5b44a4615e30,True,1.0,1.0,0.9411819559054831,1.0,1.0,1.0,0.9754924816272847,0
2397,31811172f43c5188,True,1.0,1.0,1.0,1.0,1.0,1.0,1.0,0
2398,3187a6d159fb51d8,True,1.0,1.0,1.0,1.0,1.0,1.0,1.0,0
2399,3190b058710b520b,True,1.0,1.0,0.9440636069785135,1.0,1.0,1.0,0.9766931695743807,0
2400,31960634eefb5d47,True,1.0,1.0,0.7573556397259303,1.0,1.0,1.0,0.8988981832191376,0
2401,31a522ae1ee151bf,True,1.0,1.0,0.961698943450618,1.0,1.0,1.0,0.9840412264377575,0
2402,31aa58748e2c5495,True,1.0,1.0,1.0,1.0,1.0,1.0,1.0,0
2403,31ac916bb888562a,True,1.0,1.0,0.7291698520259523,1.0,1.0,1.0,0.8871541050108135,0
2404,31c26928703053d2,True,1.0,1.0,1.0,1.0,1.0,1.0,1.0,0
2405,31cacaff4fa25b87,True,1.0,1.0,0.9342652885958369,1.0,1.0,1.0,0.972610536914932,0
2406,31cda9ad4b8257b9,True,1.0,1.0,0.8587381316603758,1.0,1.0,1.0,0.9411408881918234,0
2407,31cdd1b336305b1a,True,1.0,1.0,0.8614456661739589,1.0,1.0,1.0,0.9422690275724829,0
2408,31e7be6258f35c5a,True,1.0,0.0,0.0,1.0,1.0,1.0,0.0,0
2409,31f2d9d9334d5a06,True,1.0,1.0,0.9466963310286999,1.0,1.0,1.0,0.977790137928625,0
2410,31ffaa640cf85134,True,1.0,1.0,1.0,1.0,1.0,1.0,1.0,0
2411,32013abf6afd5d2e,True,1.0,1.0,0.8655832896775194,1.0,1.0,1.0,0.9439930373656331,0
2412,320446eca62c59fe,True,1.0,1.0,0.8490814915011612,1.0,1.0,1.0,0.9371172881254838,0
2413,3216cf4d7e975148,True,1.0,1.0,0.784866548011456,1.0,1.0,1.0,0.9103610616714399,0
2414,32189cc0a3bf535a,True,1.0,1.0,1.0,1.0,1.0,1.0,1.0,0
2415,322023693f1f5f55,True,1.0,1.0,1.0,1.0,1.0,1.0,1.0,0
2416,323747032b285187,True,1.0,1.0,0.8992401164593969,1.0,1.0,1.0,0.9580167151914155,0
2417,32399e644e53534a,True,1.0,1.0,0.6374458021943245,1.0,1.0,1.0,0.8489357509143018,0
2418,32454d817bcb5305,True,1.0,1.0,1.0,1.0,1.0,1.0,1.0,0
2419,324b5f24fb0c5f3f,True,0.0,1.0,0.0,0.0,1.0,1.0,0.0,0
2420,324cb0d226a45b91,True,1.0,0.0,0.0,1.0,1.0,1.0,0.0,0
2421,324f93888ec35bb2,True,1.0,1.0,1.0,1.0,1.0,1.0,1.0,0
2422,3251e54ebe415e5c,True,1.0,1.0,1.0,1.0,1.0,1.0,1.0,0
2423,3256f37c21915104,True,1.0,1.0,1.0,1.0,1.0,1.0,1.0,0
2424,3257b4f1ac7e5b62,True,1.0,1.0,0.7909693292623013,1.0,1.0,1.0,0.9129038871926256,0
2425,325989552f0d5845,True,1.0,1.0,0.9899584118638701,1.0,1.0,1.0,0.9958160049432792,0
2426,3260b9e0a6ac5b8b,True,1.0,1.0,0.7102803209341877,1.0,1.0,1.0,0.8792834670559116,0
2427,32648fe3eaa45ed1,True,1.0,1.0,0.9065525061142695,1.0,1.0,1.0,0.9610635442142789,0
2428,3265a706c55157b2,True,1.0,1.0,1.0,1.0,1.0,1.0,1.0,0
2429,3265e31c65705a5f,True,1.0,1.0,1.0,1.0,1.0,1.0,1.0,0
2430,3266d9113ede5f3c,True,1.0,1.0,0.9094404294670733,1.0,1.0,1.0,0.9622668456112805,0
2431,326760711b775740,True,1.0,1.0,1.0,1.0,1.0,1.0,1.0,0
2432,326a8c0625d856cc,True,1.0,1.0,0.5313188925167284,1.0,1.0,1.0,0.8047162052153034,0
2433,326bf8cbf6375f03,True,1.0,1.0,0.9532672448038594,1.0,1.0,1.0,0.9805280186682749,0
2434,3276f87a152651f0,True,1.0,1.0,0.8519622604925012,1.0,1.0,1.0,0.9383176085385422,0
2435,32837dd54e375ca0,True,1.0,1.0,1.0,1.0,1.0,1.0,1.0,0
2436,3284cc6a78b05b9e,True,1.0,1.0,0.8128502555387678,1.0,1.0,1.0,0.9220209398078199,0
2437,3296619ed0855e31,True,1.0,0.0,0.0,1.0,1.0,1.0,0.0,0
2438,3296651e2cf0547d,True,1.0,1.0,0.7130533031841109,1.0,1.0,1.0,0.8804388763267129,0
2439,32a19a2ab50f563d,True,1.0,1.0,0.9787776946459825,1.0,1.0,1.0,0.9911573727691594,0
2440,32a409f974555830,True,1.0,1.0,1.0,1.0,1.0,1.0,1.0,0
2441,32a73ed06daa5b0e,True,1.0,1.0,0.880425221267266,1.0,1.0,1.0,0.9501771755280274,0
2442,32a9021303f65743,True,1.0,1.0,1.0,1.0,1.0,1.0,1.0,0
2443,32af8f1654f057d7,True,1.0,1.0,0.7402280156020937,1.0,1.0,1.0,0.891761673167539,0
2444,32bbb5bfdd515d19,True,1.0,1.0,1.0,1.0,1.0,1.0,1.0,0
2445,32c0c70837d05c47,True,1.0,1.0,1.0,1.0,1.0,1.0,1.0,0
2446,32c74fb957e45651,True,1.0,1.0,0.8166356159764976,1.0,1.0,1.0,0.9235981733235407,0
2447,32cc73faa9755edb,True,1.0,1.0,0.9047810388058626,1.0,1.0,1.0,0.9603254328357761,0
2448,32d85d373126537e,True,1.0,1.0,1.0,1.0,1.0,1.0,1.0,0
2449,32dd24533788546c,True,1.0,1.0,1.0,1.0,1.0,1.0,1.0,0
2450,32e38b7677e15f69,True,1.0,1.0,0.8894621710667898,1.0,1.0,1.0,0.9539425712778291,0
2451,32e457e686675618,True,1.0,1.0,0.8953980105399696,1.0,1.0,1.0,0.9564158377249873,0
2452,32e5d7e804c65214,True,1.0,1.0,0.7632303294224698,1.0,1.0,1.0,0.9013459705926957,0
2453,32f2729bfe435c65,True,1.0,1.0,1.0,1.0,1.0,1.0,1.0,0
2454,32f53a8cb63f55db,True,1.0,1.0,1.0,1.0,1.0,1.0,1.0,0
2455,33008a3b27ab59a1,True,1.0,1.0,0.9035351097742873,1.0,1.0,1.0,0.9598062957392864,0
2456,330166def5a35f4d,True,1.0,1.0,1.0,1.0,1.0,1.0,1.0,0
2457,3304abff82cb5f6d,True,1.0,1.0,0.7026644496610851,1.0,1.0,1.0,0.8761101873587854,0
2458,3309408516525e17,True,1.0,1.0,0.9127541371617961,1.0,1.0,1.0,0.9636475571507482,0
2459,330af4c06f715d2d,True,1.0,1.0,0.9421567441446225,1.0,1.0,1.0,0.9758986433935927,0
2460,330ca2e9aa935a3a,True,1.0,1.0,1.0,1.0,1.0,1.0,1.0,0
2461,330e7ebc96d05251,True,1.0,1.0,0.922639680479129,1.0,1.0,1.0,0.9677665335329705,0
2462,330fe55520e351fb,True,1.0,1.0,1.0,1.0,1.0,1.0,1.0,0
2463,331882a4388559b6,True,1.0,1.0,1.0,1.0,1.0,1.0,1.0,0
2464,33197ac2a7445bd7,True,1.0,1.0,0.8283275117524335,1.0,1.0,1.0,0.9284697965635139,0
2465,331a4a4334df5c34,True,1.0,1.0,0.8309985818558799,1.0,1.0,1.0,0.92958274243995,0
2466,3328705b7cf0517a,True,1.0,1.0,0.7698584561889796,1.0,1.0,1.0,0.9041076900787415,0
2467,332ac89545ed5822,True,1.0,1.0,1.0,0.0,1.0,1.0,0.5833333333333334,0
2468,3336f42a7e175d0b,True,1.0,1.0,0.8083378940532561,1.0,1.0,1.0,0.9201407891888568,0
2469,3338ad25c2cc59d1,True,1.0,1.0,0.6491557509624064,1.0,1.0,1.0,0.853814896234336,0
2470,333a4f8a12dc564d,True,1.0,1.0,0.710959178877081,1.0,1.0,1.0,0.8795663245321171,0
2471,333ba3fb0fc85da9,True,1.0,1.0,0.8165999138351802,1.0,1.0,1.0,0.9235832974313251,0
2472,33423262feb656a3,True,1.0,1.0,0.8763021256321836,1.0,1.0,1.0,0.9484592190134098,0
2473,3346340e1c275766,True,1.0,0.0,0.0,0.0,1.0,1.0,0.0,0
2474,334c241ababf57ae,True,1.0,1.0,0.9548852483239689,1.0,1.0,1.0,0.9812021868016537,0
2475,334ddbed40095e07,True,1.0,1.0,0.7993595679333215,1.0,1.0,1.0,0.9163998199722173,0
2476,335576eae9705bfc,True,1.0,1.0,0.7539775385387869,1.0,1.0,1.0,0.8974906410578279,0
2477,3361cb5b061556d0,True,1.0,1.0,0.828277793558186,1.0,1.0,1.0,0.9284490806492443,0
2478,3370b43bf64151a6,True,1.0,1.0,1.0,1.0,1.0,1.0,1.0,0
2479,3379515437535154,True,1.0,1.0,1.0,1.0,1.0,1.0,1.0,0
2480,337a46b592e654da,True,1.0,1.0,0.9033830799173893,1.0,1.0,1.0,0.9597429499655789,0
2481,3380ae828ea75d1e,True,1.0,1.0,1.0,1.0,1.0,1.0,1.0,0
2482,3380d56c05ba594b,True,1.0,1.0,0.8234486106172731,1.0,1.0,1.0,0.9264369210905304,0
2483,3388246402ca591e,True,1.0,1.0,0.8019537355820615,1.0,1.0,1.0,0.9174807231591924,0
2484,33947554006251e9,True,1.0,1.0,0.829565728821226,1.0,1.0,1.0,0.9289857203421775,0
2485,33a43f22312c570d,True,1.0,0.0,0.0,1.0,1.0,1.0,0.0,0
2486,33a4b3a5822e52db,True,1.0,1.0,1.0,1.0,1.0,1.0,1.0,0
2487,33aa90792d5855a7,True,1.0,1.0,1.0,1.0,1.0,1.0,1.0,0
2488,33b379cc74255b15,True,1.0,1.0,0.8741416836316334,1.0,1.0,1.0,0.9475590348465138,0
2489,33b5a72931215b30,True,1.0,1.0,1.0,1.0,1.0,1.0,1.0,0
2490,33bae177e9c75992,True,1.0,1.0,0.8950195892106524,1.0,1.0,1.0,0.9562581621711052,0
2491,33baec8b94e15a39,True,1.0,1.0,0.8662204812957395,1.0,1.0,1.0,0.9442585338732248,0
2492,33bfb486ff965e4b,True,1.0,1.0,1.0,1.0,1.0,1.0,1.0,0
2493,33c05d622bbe59a8,True,1.0,1.0,0.8852006407859815,1.0,1.0,1.0,0.9521669336608256,0
2494,33c1e6fe4ce650bf,True,1.0,1.0,0.8830921191145809,1.0,1.0,1.0,0.9512883829644087,0
2495,33c321ae43da54c6,True,1.0,1.0,1.0,1.0,1.0,1.0,1.0,0
2496,33c58e00f5805824,True,1.0,1.0,0.8938144330234512,1.0,1.0,1.0,0.9557560137597713,0
2497,33c738c5f199510e,True,1.0,1.0,0.8069146707323669,1.0,1.0,1.0,0.9195477794718195,0
2498,33c7945f43795064,True,1.0,1.0,0.9586645044227063,1.0,1.0,1.0,0.9827768768427942,0
2499,33c848df67305ec1,True,1.0,1.0,0.9648366020698781,1.0,1.0,1.0,0.9853485841957825,0
2500,33c84d1650d45e15,True,1.0,1.0,0.770279325969755,1.0,1.0,1.0,0.9042830524873979,0
2501,33c925ac7b905e8f,True,1.0,1.0,1.0,1.0,1.0,1.0,1.0,0
2502,33cdc99603ed57b9,True,1.0,1.0,0.8128771167946431,1.0,1.0,1.0,0.922032131997768,0
2503,33cef4cafef9503b,True,1.0,1.0,0.8518104112298746,1.0,1.0,1.0,0.9382543380124476,0
2504,33e37f9d760a56b1,True,1.0,1.0,0.7860572752313594,1.0,1.0,1.0,0.9108571980130664,0
2505,33e4d8b62def5fbc,True,1.0,1.0,0.9279707702646385,1.0,1.0,1.0,0.9699878209435994,0
2506,33ecaddeb5735faf,True,1.0,1.0,0.8089867578516902,1.0,1.0,1.0,0.9204111491048709,0
2507,33ee6f1f594d50ca,True,1.0,1.0,1.0,1.0,1.0,1.0,1.0,0
2508,33f04aa1460b5dc5,True,1.0,1.0,1.0,0.0,1.0,0.5,0.5833333333333334,0
2509,33f9db8342475213,True,1.0,1.0,0.8435434520452432,1.0,1.0,1.0,0.934809771685518,0
2510,33f9f166f07350f1,True,1.0,1.0,0.6922390395329595,1.0,1.0,0.5,0.8717662664720663,0
2511,33fcb42a03535525,True,1.0,1.0,0.788800793325429,1.0,1.0,1.0,0.912000330552262,0
2512,3402ab10c02a5e25,True,1.0,1.0,0.8234092460340394,1.0,1.0,1.0,0.9264205191808497,0
2513,34048f1ce51452d0,True,1.0,1.0,0.9786103145018055,1.0,1.0,1.0,0.9910876310424189,0
2514,340f9f95b1e459ab,True,1.0,1.0,0.8808306348818549,1.0,1.0,1.0,0.9503460978674395,0
2515,3420dd4340635018,True,0.0,1.0,0.0,0.0,1.0,1.0,0.0,0
2516,342596d95a475bed,True,1.0,1.0,1.0,1.0,1.0,1.0,1.0,0
2517,342953cadb9f57b2,True,1.0,1.0,1.0,1.0,1.0,1.0,1.0,0
2518,342982275eb15441,True,1.0,1.0,0.7869211742703057,1.0,1.0,1.0,0.9112171559459608,0
2519,342ae335113257f6,True,1.0,1.0,0.9684514688065828,1.0,1.0,1.0,0.9868547786694095,0
2520,342f42c4b2855ffb,True,1.0,1.0,0.7505106241782652,1.0,1.0,1.0,0.8960460934076105,0
2521,34336b5c8ad1562e,True,1.0,1.0,1.0,1.0,1.0,1.0,1.0,0
2522,3458fad66b245ac3,True,1.0,1.0,0.8340426509659685,1.0,1.0,1.0,0.9308511045691535,0
2523,345f39f8de925db9,True,1.0,1.0,0.8678179360551997,1.0,1.0,0.0,0.9449241400229998,0
2524,345fc96fdf4c572b,True,1.0,1.0,0.9693582422333699,1.0,1.0,1.0,0.9872326009305707,0
2525,3461796610c15a0e,True,1.0,1.0,1.0,1.0,1.0,1.0,1.0,0
2526,3466b16cf2c95855,True,1.0,1.0,1.0,1.0,1.0,1.0,1.0,0
2527,346a78f56b165dea,True,1.0,1.0,0.914455801704097,1.0,1.0,1.0,0.9643565840433738,0
2528,346e3a62c61e50df,True,1.0,1.0,0.7729394641786053,1.0,1.0,1.0,0.9053914434077521,0
2529,346f28fb35365c73,True,1.0,1.0,0.8607739232209979,1.0,1.0,1.0,0.9419891346754158,0
2530,34787bf8b0d95f31,True,1.0,1.0,1.0,1.0,1.0,1.0,1.0,0
2531,347dccaf607055a2,True,1.0,1.0,0.810729147230401,1.0,1.0,1.0,0.9211371446793337,0
2532,3486294123695bed,True,1.0,1.0,0.7973387351834185,1.0,1.0,1.0,0.9155578063264244,0
2533,348680e464e15fa2,True,1.0,0.0,0.0,1.0,1.0,1.0,0.0,0
2534,3493d0184aea5ee8,True,1.0,1.0,0.9045946746683954,1.0,1.0,1.0,0.9602477811118314,0
2535,3495be9149e0537d,True,1.0,1.0,0.5368624883932633,1.0,1.0,1.0,0.8070260368305263,0
2536,349606982fb252ae,True,1.0,1.0,0.8369146930857966,1.0,1.0,1.0,0.9320477887857486,0
2537,349b80a3d95e5f6e,True,1.0,1.0,0.740047204048375,1.0,1.0,1.0,0.8916863350201562,0
2538,34a2cb9790ae53f3,True,1.0,1.0,0.9613513329294529,1.0,1.0,1.0,0.9838963887206053,0
2539,34a6eb93916e5962,True,1.0,1.0,0.7939190512954419,1.0,1.0,1.0,0.9141329380397675,0
2540,34a92bb4ef51562b,True,1.0,1.0,0.7684262000871923,1.0,1.0,1.0,0.9035109167029969,0
2541,34ab6d35dfef5366,True,1.0,1.0,0.8731935695895763,1.0,1.0,1.0,0.9471639873289902,0
2542,34ac200e359653b5,True,1.0,1.0,0.8729290993355638,1.0,1.0,1.0,0.9470537913898184,0
2543,34b812e4de1a536b,True,1.0,1.0,0.8421086911609668,1.0,1.0,1.0,0.9342119546504027,0
2544,34b8a3355a255f29,True,1.0,1.0,0.9462764144879512,1.0,1.0,1.0,0.977615172703313,0
2545,34bdecafedff5fdf,True,1.0,1.0,0.9362230375451914,1.0,1.0,1.0,0.9734262656438298,0
2546,34bead43250559f7,True,1.0,1.0,0.9045372317153503,1.0,1.0,1.0,0.9602238465480625,0
2547,34c872c16eb0577c,True,1.0,1.0,1.0,1.0,1.0,1.0,1.0,0
2548,34cc387cf0335f28,True,1.0,1.0,0.9390469197962154,1.0,1.0,1.0,0.9746028832484231,0
2549,34d782c068c855be,True,1.0,1.0,1.0,1.0,1.0,1.0,1.0,0
2550,34e7c93be2465f25,True,1.0,1.0,0.7226059270788315,1.0,1.0,1.0,0.8844191362828465,0
2551,34eb9be2f88a5234,True,1.0,1.0,1.0,1.0,1.0,1.0,1.0,0
2552,34ed4880444350af,True,1.0,0.0,0.0,1.0,1.0,1.0,0.0,0
2553,34f2427ba79a587b,True,1.0,1.0,0.9768843310485534,1.0,1.0,1.0,0.9903684712702306,0
2554,34f30283d3bd53ec,True,1.0,1.0,0.8445335332008032,1.0,1.0,1.0,0.9352223055003347,0
2555,34f4fd0a288b5199,True,1.0,1.0,1.0,1.0,1.0,1.0,1.0,0
2556,3502b30911d75ed8,True,1.0,0.0,0.0,1.0,1.0,1.0,0.0,0
2557,350a93fe67645bf1,True,1.0,1.0,0.9133295805185637,1.0,1.0,1.0,0.9638873252160683,0
2558,350b10a4761e5c11,True,1.0,1.0,1.0,1.0,1.0,1.0,1.0,0
2559,350ef3908a9c5db6,True,1.0,1.0,1.0,1.0,1.0,1.0,1.0,0
2560,35119c815b1b59ef,True,1.0,1.0,1.0,1.0,1.0,1.0,1.0,0
2561,351226f263825b4b,True,1.0,1.0,0.8299398198411773,1.0,1.0,1.0,0.9291415916004905,0
2562,351663288cc45157,True,1.0,1.0,1.0,1.0,1.0,1.0,1.0,0
2563,351f4333f34258b6,True,1.0,1.0,0.8947991619551644,1.0,1.0,1.0,0.9561663174813185,0
2564,352290f8ed8e572e,True,1.0,1.0,1.0,1.0,1.0,1.0,1.0,0
2565,35234d714b5d5da9,True,1.0,1.0,0.7566098423175811,1.0,1.0,1.0,0.898587434298992,0
2566,352ef6e0384c5938,True,1.0,1.0,0.8925598922916308,1.0,1.0,1.0,0.9552332884548461,0
2567,352fabb819b95d6c,True,1.0,1.0,1.0,1.0,1.0,1.0,1.0,0
2568,353988b87d995f68,True,1.0,1.0,0.7952881710640168,1.0,1.0,1.0,0.9147034046100071,0
2569,353a7c23eed25597,True,1.0,1.0,1.0,1.0,1.0,1.0,1.0,0
2570,3545234b609d5f4a,True,1.0,1.0,0.9215443816069878,1.0,1.0,1.0,0.9673101590029116,0
2571,354a67b9e10c562e,True,1.0,1.0,0.8639269484760259,1.0,1.0,1.0,0.9433028951983441,0
2572,354ac12e8832565a,True,0.0,1.0,0.0,0.0,1.0,1.0,0.0,0
2573,354e4afad1eb56c2,True,1.0,1.0,1.0,1.0,1.0,1.0,1.0,0
2574,35583284eac15ae5,True,1.0,1.0,1.0,1.0,1.0,1.0,1.0,0
2575,355835bced0c591f,True,1.0,1.0,0.7965754007981913,1.0,1.0,1.0,0.9152397503325798,0
2576,355dadd64723531e,True,1.0,1.0,0.8151134436283184,1.0,1.0,1.0,0.9229639348451327,0
2577,355e4d5dc6c15b9b,True,1.0,1.0,0.6915636660300228,1.0,1.0,1.0,0.8714848608458429,0
2578,356738fb8224508b,True,1.0,1.0,1.0,1.0,1.0,1.0,1.0,0
2579,3580cf9f59395963,True,1.0,1.0,0.9812127204600796,1.0,1.0,1.0,0.9921719668583665,0
2580,358d973661955d68,True,1.0,1.0,1.0,1.0,1.0,1.0,1.0,0
2581,359651aff6c55fc3,True,1.0,1.0,0.9110606724722066,1.0,1.0,1.0,0.9629419468634195,0
2582,359f62a656b9586d,True,1.0,1.0,0.8498273739781442,1.0,1.0,1.0,0.9374280724908934,0
2583,35aa38c73e9251a7,True,1.0,1.0,0.8345577940708546,1.0,1.0,1.0,0.9310657475295226,0
2584,35ae50756b8952b9,True,1.0,1.0,0.9691080476060743,1.0,1.0,1.0,0.9871283531691976,0
2585,35b108769e3c5d33,True,1.0,1.0,0.9957012642137538,1.0,1.0,1.0,0.9982088600890641,0
2586,35b810aad36b553a,True,1.0,1.0,1.0,1.0,1.0,1.0,1.0,0
2587,35b84fa433f0583f,True,1.0,1.0,0.5489792997091995,1.0,1.0,1.0,0.8120747082121665,0
2588,35bc469fdde35a17,True,1.0,1.0,1.0,0.0,1.0,1.0,0.5833333333333334,0
2589,35c98e62401f5c7e,True,1.0,1.0,1.0,1.0,1.0,1.0,1.0,0
2590,35ceec8930305499,True,1.0,1.0,0.8664120810159858,1.0,1.0,1.0,0.9443383670899941,0
2591,35cf51dd13d559c0,True,1.0,1.0,1.0,1.0,1.0,0.0,1.0,0
2592,35d07990fee95985,True,1.0,1.0,1.0,1.0,1.0,1.0,1.0,0
2593,35dbc03efb3c5f00,True,1.0,1.0,1.0,0.0,1.0,1.0,0.5833333333333334,0
2594,35e457e286ab5db5,True,1.0,1.0,0.8316238793426444,1.0,1.0,1.0,0.9298432830594351,0
2595,35e4b04bab1058d5,True,1.0,1.0,0.9721745064994693,1.0,1.0,1.0,0.9884060443747789,0
2596,35e9a9cf7fb85962,True,1.0,1.0,0.6813838218754394,1.0,1.0,1.0,0.8672432591147664,0
2597,35eba76323535988,True,1.0,1.0,0.7325893908623955,1.0,1.0,1.0,0.8885789128593314,0
2598,35f13a6de1575fdc,True,1.0,1.0,1.0,1.0,1.0,1.0,1.0,0
2599,35f226ec4cac52fc,True,0.0,1.0,0.0,0.0,1.0,1.0,0.0,0
2600,35f448c5566658be,True,1.0,1.0,0.8815857677613215,1.0,1.0,1.0,0.9506607365672174,0
2601,35fa5481e4de5703,True,1.0,1.0,0.6859120984685795,1.0,1.0,1.0,0.8691300410285748,0
2602,35fb7e0858ae5bc8,True,1.0,1.0,0.7953587318833134,1.0,1.0,1.0,0.9147328049513805,0
2603,36037c6abc0558dc,True,1.0,1.0,0.7683587026195206,1.0,1.0,1.0,0.9034827927581336,0
2604,360670b878f45284,True,1.0,1.0,1.0,1.0,1.0,1.0,1.0,0
2605,36077daf1cda5d05,True,1.0,1.0,1.0,1.0,1.0,1.0,1.0,0
2606,360b5fec28655626,True,1.0,1.0,0.9465733683617745,1.0,1.0,1.0,0.9777389034840728,0
2607,360d4a6ec45d53a3,True,1.0,1.0,0.8364038208898178,1.0,1.0,1.0,0.9318349253707575,0
2608,3623049267d35a95,True,1.0,1.0,1.0,1.0,1.0,1.0,1.0,0
2609,3623f8c74e7a5d1d,True,1.0,1.0,1.0,1.0,1.0,1.0,1.0,0
2610,3632fd6cd4295719,True,1.0,1.0,0.9276540726522863,1.0,1.0,1.0,0.9698558636051192,0
2611,36383c82194a543d,True,1.0,1.0,1.0,1.0,1.0,1.0,1.0,0
2612,36419e8c59275f61,True,1.0,1.0,1.0,1.0,1.0,1.0,1.0,0
2613,36471f2ea86a54ba,True,1.0,1.0,0.6247362763570625,1.0,1.0,1.0,0.843640115148776,0
2614,364dd4c7c4cf55cb,True,0.0,1.0,0.0,0.0,1.0,1.0,0.0,0
2615,3651c6423caa5145,True,0.0,1.0,0.0,0.0,1.0,1.0,0.0,0
2616,365808b195f35dff,True,1.0,1.0,0.8022906651074101,1.0,1.0,1.0,0.9176211104614209,0
2617,365c0937de9d5885,True,1.0,1.0,0.7816828986043768,1.0,1.0,1.0,0.9090345410851569,0
2618,365c2516e26f5502,True,1.0,1.0,0.8153699381607799,1.0,1.0,1.0,0.9230708075669917,0
2619,36610114f460541b,True,1.0,1.0,0.9028699194869964,1.0,1.0,1.0,0.9595291331195819,0
2620,36650ce9087150de,True,1.0,1.0,1.0,1.0,1.0,1.0,1.0,0
2621,366c7e46b0415253,True,1.0,1.0,0.9168142675360941,1.0,1.0,1.0,0.9653392781400392,0
2622,36716a89eb9c5ef9,True,1.0,1.0,1.0,1.0,1.0,1.0,1.0,0
2623,367967cea49c5dda,True,1.0,1.0,1.0,0.0,1.0,0.5,0.5833333333333334,0
2624,367ead111dcb5764,True,1.0,1.0,0.6809125502125166,1.0,1.0,1.0,0.8670468959218819,0
2625,367ee5f18e345a72,True,1.0,1.0,0.9656495237838644,1.0,1.0,1.0,0.9856873015766102,0
2626,36899d67473c5c91,True,1.0,1.0,0.7335712082648718,1.0,1.0,1.0,0.8889880034436967,0
2627,368cb65e8fef57b7,True,1.0,1.0,0.7353829741827483,1.0,1.0,1.0,0.8897429059094785,0
2628,36a10b24956c5db7,True,1.0,1.0,0.7715119671992874,1.0,1.0,1.0,0.904796652999703,0
2629,36a229f658875a2e,True,1.0,1.0,0.9428998895252029,1.0,1.0,1.0,0.9762082873021679,0
2630,36a7254be1af5120,True,1.0,1.0,0.9545958727443785,1.0,1.0,1.0,0.9810816136434911,0
2631,36adada77e2f54ba,True,1.0,1.0,0.7657074285234555,1.0,1.0,1.0,0.9023780952181065,0
2632,36aef5f67c8d5e2e,True,1.0,1.0,0.8673991769506277,1.0,1.0,1.0,0.9447496570627615,0
2633,36b4b6d6e4745071,True,1.0,1.0,0.9767643030804462,1.0,1.0,1.0,0.9903184596168525,0
2634,36be99da12575896,True,1.0,1.0,0.8988345521179288,1.0,1.0,1.0,0.9578477300491371,0
2635,36c6d1ea21015e5f,True,1.0,1.0,0.824374745350245,1.0,1.0,1.0,0.9268228105626021,0
2636,36c9f5ba92385cee,True,1.0,1.0,0.8854390370860894,1.0,1.0,1.0,0.9522662654525372,0
2637,36cdfb296218516d,True,1.0,1.0,0.694734602031272,1.0,1.0,1.0,0.8728060841796967,0
2638,36d7d1e453cf5158,True,1.0,1.0,1.0,1.0,1.0,1.0,1.0,0
2639,36e1ce5794595e73,True,1.0,1.0,1.0,1.0,1.0,1.0,1.0,0
2640,36e3e0f9a589578d,True,1.0,1.0,0.8465135987135977,1.0,1.0,1.0,0.9360473327973323,0
2641,36e789a0e4035ad7,True,1.0,1.0,0.9257166538978653,1.0,1.0,1.0,0.9690486057907771,0
2642,36e98388f7a35159,True,1.0,1.0,1.0,1.0,1.0,1.0,1.0,0
2643,36ea923bc32b5181,True,1.0,1.0,1.0,1.0,1.0,1.0,1.0,0
2644,36ee69ae43b85587,True,1.0,1.0,0.7602871135596021,0.0,1.0,0.5,0.48345296398316756,0
2645,36f34c9e02a15801,True,1.0,1.0,1.0,1.0,1.0,1.0,1.0,0
2646,36f71d88df925b39,True,1.0,1.0,1.0,1.0,1.0,1.0,1.0,0
2647,36f96e28725c5f5e,True,1.0,1.0,0.8984308604274848,1.0,1.0,1.0,0.9576795251781186,0
2648,3704fc999582536e,True,1.0,1.0,0.9666213742854217,1.0,1.0,1.0,0.9860922392855924,0
2649,37102588c8ac59ef,True,1.0,1.0,1.0,1.0,1.0,1.0,1.0,0
2650,3716402a783c5689,True,1.0,1.0,1.0,1.0,1.0,1.0,1.0,0
2651,371672ed85805daf,True,1.0,1.0,1.0,1.0,1.0,1.0,1.0,0
2652,371d154a89425165,True,1.0,1.0,0.9991961891473582,1.0,1.0,1.0,0.9996650788113993,0
2653,3721b675d426567c,True,1.0,1.0,0.9778360510259769,1.0,1.0,1.0,0.9907650212608238,0
2654,373707159e77583c,True,1.0,1.0,0.9844826409569124,1.0,1.0,1.0,0.9935344337320468,0
2655,3739c038002f57ca,True,1.0,1.0,0.8718333894632903,1.0,1.0,1.0,0.9465972456097043,0
2656,373abe824b3052a0,True,0.0,1.0,0.0,0.0,1.0,1.0,0.0,0
2657,3741be84f7c15b5a,True,1.0,1.0,0.8336357802394576,1.0,1.0,1.0,0.930681575099774,0
2658,37430d1c47995fdd,True,1.0,1.0,0.9598331341560207,1.0,1.0,1.0,0.983263805898342,0
2659,3748f0fadf395c8a,True,1.0,1.0,0.8083498973507551,1.0,1.0,1.0,0.9201457905628146,0
2660,3756dc24f9e65fd7,True,1.0,1.0,0.9134645629462544,1.0,1.0,1.0,0.9639435678942728,0
2661,375d03a139615179,True,1.0,1.0,1.0,1.0,1.0,1.0,1.0,0
2662,3761f5d0d74d55eb,True,1.0,1.0,1.0,1.0,1.0,1.0,1.0,0
2663,376450d3edc951fc,True,1.0,1.0,0.8899511004554052,1.0,1.0,1.0,0.9541462918564187,0
2664,3770407dcc67520c,True,1.0,1.0,0.7202525493402526,1.0,1.0,1.0,0.8834385622251052,0
2665,37769b4b04c65713,True,1.0,1.0,0.7625991448056414,1.0,1.0,1.0,0.9010829770023506,0
2666,377d556af9d25dab,True,1.0,1.0,1.0,1.0,1.0,1.0,1.0,0
2667,37837c3f78625095,True,1.0,1.0,0.945754033990295,0.0,1.0,1.0,0.5607308474959563,0
2668,3789d42ea83f569d,True,1.0,1.0,1.0,1.0,1.0,1.0,1.0,0
2669,378d79a6bf715912,True,1.0,1.0,0.8111559410587249,1.0,1.0,1.0,0.9213149754411353,0
2670,378f82a326bd5875,True,1.0,1.0,0.9070275311651123,1.0,1.0,1.0,0.9612614713187968,0
2671,37a2f90109f85bff,True,1.0,1.0,0.7550305493054283,1.0,1.0,1.0,0.8979293955439284,0
2672,37a8f4466b8b5110,True,1.0,1.0,0.6869168630939572,1.0,1.0,1.0,0.8695486929558155,0
2673,37b3d87596685948,True,1.0,1.0,0.7586394036763426,1.0,1.0,1.0,0.8994330848651427,0
2674,37b96c1d86665204,True,1.0,0.0,0.0,1.0,1.0,1.0,0.0,0
2675,37c15bc4d99a5365,True,1.0,1.0,0.8380441611812245,1.0,1.0,1.0,0.9325184004921768,0
2676,37c816fee82753e3,True,1.0,1.0,1.0,1.0,1.0,1.0,1.0,0
2677,37c8a00c76905ffe,True,0.5,0.0,0.0,0.0,1.0,1.0,0.0,0
2678,37d818085d0f56e8,True,1.0,1.0,0.8471072362039853,1.0,1.0,1.0,0.9362946817516606,0
2679,37d89f35328e55b6,True,1.0,1.0,0.846950172846044,1.0,1.0,1.0,0.9362292386858516,0
2680,37d8b3ca81905645,True,1.0,1.0,1.0,1.0,1.0,1.0,1.0,0
2681,37e2bc0cb5a053a5,True,1.0,1.0,0.8886063753077115,1.0,1.0,1.0,0.9535859897115465,0
2682,37ebe75f19b1549a,True,1.0,1.0,0.7042130163822317,1.0,1.0,1.0,0.8767554234925966,0
2683,3808a6ba716d5da1,True,0.0,1.0,0.0,0.0,1.0,1.0,0.0,0
2684,380ae43ebd795e88,True,1.0,1.0,0.8344394034328894,1.0,1.0,1.0,0.9310164180970372,0
2685,3813108829ab54c2,True,1.0,1.0,0.9124941428549558,1.0,1.0,1.0,0.9635392261895649,0
2686,381a23cb547c53fd,True,1.0,1.0,1.0,0.0,1.0,1.0,0.5833333333333334,0
2687,382c08ff59d5504b,True,1.0,1.0,1.0,1.0,1.0,1.0,1.0,0
2688,3838eb184c9d5989,True,1.0,1.0,0.7499517944582498,1.0,1.0,1.0,0.8958132476909374,0
2689,384def2e3f9657f6,True,0.0,1.0,0.0,0.0,1.0,1.0,0.0,0
2690,385b1aa4b84c56bf,True,1.0,1.0,0.9674166742136142,1.0,1.0,1.0,0.9864236142556727,0
2691,385e44b3382350f1,True,1.0,1.0,1.0,0.0,1.0,1.0,0.5833333333333334,0
2692,3862c9ed94ab5f90,True,1.0,1.0,0.874939914447451,1.0,1.0,1.0,0.9478916310197713,0
2693,3866b4b85a135f66,True,1.0,1.0,0.9305877482105627,1.0,1.0,1.0,0.9710782284210678,0
2694,38736da1e9dc51c8,True,1.0,1.0,0.982714303797586,1.0,1.0,1.0,0.9927976265823274,0
2695,387504d3db1852b0,True,1.0,1.0,0.6658182560396063,1.0,1.0,1.0,0.8607576066831694,0
2696,387bb49da88353dc,True,1.0,1.0,1.0,1.0,1.0,1.0,1.0,0
2697,388181311ef25756,True,1.0,1.0,0.9406057420799877,1.0,1.0,1.0,0.9752523925333282,0
2698,3882f317a3f55e29,True,1.0,1.0,0.7795196892199059,1.0,1.0,1.0,0.9081332038416274,0
2699,388391c4b8d45c36,True,1.0,1.0,1.0,1.0,1.0,1.0,1.0,0
2700,38878741cbee5e88,True,1.0,1.0,0.9448344172273934,1.0,1.0,1.0,0.9770143405114139,0
2701,3889b6ba58845785,True,1.0,1.0,1.0,1.0,1.0,1.0,1.0,0
2702,388e7bfc1d1957b4,True,1.0,1.0,0.8991452547599614,1.0,1.0,1.0,0.9579771894833172,0
2703,389bfba2e25f581b,True,1.0,1.0,0.89623210487157,1.0,1.0,1.0,0.9567633770298208,0
2704,38a5d409f1095059,True,1.0,1.0,1.0,1.0,1.0,1.0,1.0,0
2705,38a75ff02ee95756,True,1.0,1.0,0.8961010922901033,1.0,1.0,1.0,0.9567087884542097,0
2706,38afc409029551e0,True,1.0,1.0,0.8304209372565005,1.0,1.0,1.0,0.9293420571902086,0
2707,38aff0f1a2f357f6,True,1.0,1.0,0.893675457372406,1.0,1.0,1.0,0.9556981072385025,0
2708,38b01bebf6df5fb8,True,1.0,1.0,0.653627953503611,1.0,1.0,1.0,0.8556783139598378,0
2709,38b08f2868a75306,True,1.0,1.0,1.0,1.0,1.0,1.0,1.0,0
2710,38b3c670b2ad55c7,True,1.0,1.0,0.8486364839355536,1.0,1.0,1.0,0.9369318683064808,0
2711,38b4ff11393c5dec,True,0.0,1.0,0.0,0.0,1.0,1.0,0.0,0
2712,38b7b1afe2bf516b,True,1.0,1.0,1.0,1.0,1.0,1.0,1.0,0
2713,38c2e9619e425ab8,True,1.0,1.0,1.0,0.0,1.0,1.0,0.5833333333333334,0
2714,38c390af2fac51e0,True,1.0,1.0,0.7450412657863928,1.0,1.0,1.0,0.8937671940776637,0
2715,38cce6a01e6753ea,True,1.0,1.0,0.865127653660996,1.0,1.0,1.0,0.9438031890254149,0
2716,38d08753fa4651c2,True,1.0,1.0,1.0,1.0,1.0,1.0,1.0,0
2717,38d4aa43f5f25eeb,True,1.0,1.0,1.0,1.0,1.0,1.0,1.0,0
2718,38db478c95eb5079,True,1.0,1.0,1.0,1.0,1.0,1.0,1.0,0
2719,38dd6b1bb76e5301,True,1.0,1.0,1.0,1.0,1.0,1.0,1.0,0
2720,38ecbc57db7e561c,True,1.0,1.0,0.822792516095915,1.0,1.0,1.0,0.9261635483732978,0
2721,38f1e14586bd51e3,True,1.0,0.0,0.0,1.0,1.0,1.0,0.0,0
2722,38f3b89b93ba5032,True,1.0,1.0,0.6864743093763449,1.0,1.0,1.0,0.8693642955734772,0
2723,38f4eed7d2cb5cc0,True,1.0,1.0,1.0,1.0,1.0,1.0,1.0,0
2724,38f555fbc07f5185,True,1.0,1.0,1.0,1.0,1.0,1.0,1.0,0
2725,38f5cc0699195554,True,1.0,1.0,0.9328879497078244,1.0,1.0,1.0,0.9720366457115935,0
2726,38fb216f0cc35ecc,True,1.0,1.0,0.9143210563652077,1.0,1.0,1.0,0.9643004401521699,0
2727,390cb416304c5d2a,True,1.0,1.0,0.7644784205112083,1.0,1.0,1.0,0.9018660085463367,0
2728,390d9e3b03a15695,True,1.0,1.0,0.8954230667590634,1.0,1.0,1.0,0.9564262778162765,0
2729,39108eefc8e95e0e,True,1.0,1.0,0.8654440959232358,1.0,1.0,1.0,0.943935039968015,0
2730,39147f08f4645365,True,1.0,1.0,0.9836477069798816,1.0,1.0,1.0,0.9931865445749507,0
2731,39168e35ed085e11,True,1.0,1.0,0.7167507824339462,1.0,1.0,1.0,0.881979492680811,0
2732,391a5c7303f05c39,True,1.0,1.0,1.0,1.0,1.0,1.0,1.0,0
2733,391cdfaec8fc5088,True,1.0,1.0,0.8806366141902096,1.0,1.0,1.0,0.9502652559125874,0
2734,39215c6e71725031,True,1.0,0.0,0.0,1.0,1.0,1.0,0.0,0
2735,3921f38b62d55f1a,True,0.0,1.0,0.0,0.0,1.0,1.0,0.0,0
2736,392a50db492b536e,True,1.0,1.0,0.6197180307503776,1.0,1.0,1.0,0.841549179479324,0
2737,3931a353a1f6520d,True,1.0,1.0,0.9197627060146598,1.0,1.0,1.0,0.9665677941727749,0
2738,393eaed8070a5d2c,True,1.0,1.0,0.8743628924871316,1.0,1.0,1.0,0.9476512052029715,0
2739,3953e2236a735999,True,1.0,1.0,1.0,1.0,1.0,1.0,1.0,0
2740,39640455f50c544c,True,1.0,1.0,1.0,1.0,1.0,1.0,1.0,0
2741,3968adecd59c551e,True,1.0,1.0,0.9766592291240739,1.0,1.0,1.0,0.9902746788016975,0
2742,3968f1bc11085a70,True,1.0,1.0,0.6704748117958488,1.0,1.0,1.0,0.8626978382482703,0
2743,396a8c19c4ac58f3,True,1.0,1.0,1.0,1.0,1.0,1.0,1.0,0
2744,396c599d06e65f68,True,1.0,1.0,0.9290882361651513,1.0,1.0,1.0,0.9704534317354797,0
2745,396eba48b9c5529d,True,1.0,1.0,1.0,1.0,1.0,1.0,1.0,0
2746,3971312f7bb55ea2,True,1.0,1.0,0.7938829338432682,1.0,1.0,1.0,0.9141178891013618,0
2747,3972714235c35bcc,True,1.0,1.0,1.0,1.0,1.0,1.0,1.0,0
2748,39752b75d70d5458,True,1.0,1.0,1.0,1.0,1.0,1.0,1.0,0
2749,3978c2d5fb6e5f5a,True,1.0,1.0,0.8654271865513602,1.0,1.0,1.0,0.9439279943964,0
2750,397a31d685fc5af7,True,1.0,1.0,0.7246061650530804,1.0,1.0,1.0,0.8852525687721169,0
2751,397c45f99a265c17,True,1.0,1.0,0.8995574043437166,1.0,1.0,1.0,0.9581489184765486,0
2752,398010cdaac05adc,True,1.0,1.0,0.828380236555236,1.0,1.0,1.0,0.9284917652313484,0
2753,398326681cd7500a,True,1.0,1.0,0.9230847544753767,1.0,1.0,1.0,0.967951981031407,0
2754,3984225e4458525b,True,1.0,1.0,0.9882804531329408,1.0,1.0,1.0,0.9951168554720585,0
2755,398b056b300955e1,True,1.0,1.0,1.0,1.0,1.0,1.0,1.0,0
2756,39a2b9bc296c5b76,True,1.0,1.0,1.0,1.0,1.0,1.0,1.0,0
2757,39a769c19105586e,True,1.0,1.0,0.8727813244358555,1.0,1.0,1.0,0.9469922185149399,0
2758,39b4d546300958ad,True,1.0,1.0,1.0,1.0,1.0,1.0,1.0,0
2759,39b5d00781925b16,True,1.0,1.0,1.0,0.0,1.0,1.0,0.5833333333333334,0
2760,39bbb12794ca56a3,True,1.0,1.0,0.7422359153393632,1.0,1.0,1.0,0.892598298058068,0
2761,39bcaa3072bc5198,True,1.0,1.0,1.0,1.0,1.0,1.0,1.0,0
2762,39c08e30ff9255ef,True,1.0,1.0,1.0,1.0,1.0,1.0,1.0,0
2763,39cbed62434a528b,True,0.0,1.0,0.0,0.0,1.0,1.0,0.0,0
2764,39cf3b9137615a6b,True,1.0,1.0,0.7503526670132731,1.0,1.0,1.0,0.895980277922197,0
2765,39d78cc469d65bf8,True,1.0,1.0,0.8318761446026534,1.0,1.0,1.0,0.9299483935844389,0
2766,39dba8a42eaa5ea0,True,1.0,1.0,1.0,1.0,1.0,1.0,1.0,0
2767,39e0bf171e6d5e88,True,1.0,1.0,0.8905824349777733,1.0,1.0,1.0,0.9544093479074055,0
2768,39e13f76e8b55320,True,1.0,1.0,1.0,1.0,1.0,1.0,1.0,0
2769,39e708ddd82155ea,True,0.0,1.0,0.0,0.0,1.0,1.0,0.0,0
2770,39f81c49a1ba5f41,True,1.0,1.0,1.0,1.0,1.0,1.0,1.0,0
2771,39f91a002193578a,True,1.0,1.0,1.0,0.0,1.0,1.0,0.5833333333333334,0
2772,39fd7cb73aa259db,True,1.0,1.0,1.0,1.0,1.0,1.0,1.0,0
2773,39fde97003dd540e,True,1.0,1.0,0.8569030135288436,1.0,1.0,1.0,0.9403762556370182,0
2774,3a0e2f53c9585e94,True,1.0,1.0,0.9096077999997242,1.0,1.0,0.5,0.9623365833332184,0
2775,3a14515e4e305499,True,1.0,1.0,1.0,1.0,1.0,1.0,1.0,0
2776,3a161e0999b15823,True,1.0,1.0,0.8161050528924779,1.0,1.0,1.0,0.9233771053718658,0
2777,3a2203251ab65b53,True,1.0,1.0,1.0,1.0,1.0,1.0,1.0,0
2778,3a243db0d1d15fcf,True,1.0,1.0,1.0,1.0,1.0,0.5,1.0,0
2779,3a2616c871335ef4,True,1.0,1.0,1.0,1.0,1.0,1.0,1.0,0
2780,3a2875c07f035d2d,True,1.0,1.0,0.934809599598624,1.0,1.0,1.0,0.9728373331660934,0
2781,3a29d6bc75a557f1,True,1.0,1.0,1.0,1.0,1.0,1.0,1.0,0
2782,3a2b28ef68385d75,True,1.0,1.0,1.0,1.0,1.0,1.0,1.0,0
2783,3a31f6e6819d5ab2,True,1.0,1.0,0.9675855136142093,1.0,1.0,1.0,0.9864939640059206,0
2784,3a3297d21e905b02,True,1.0,1.0,0.6550416041241381,1.0,1.0,1.0,0.8562673350517241,0
2785,3a36b098acee53b9,True,1.0,1.0,1.0,1.0,1.0,1.0,1.0,0
2786,3a43a45778b85666,True,1.0,1.0,1.0,1.0,1.0,1.0,1.0,0
2787,3a4b7b872e3452ac,True,1.0,1.0,1.0,1.0,1.0,1.0,1.0,0
2788,3a4e9626c9aa5fa0,True,1.0,1.0,0.9906718624380901,1.0,1.0,1.0,0.9961132760158709,0
2789,3a5278b27c87565f,True,1.0,1.0,0.9313594196404829,1.0,1.0,1.0,0.9713997581835345,0
2790,3a54e9d3717d5760,True,1.0,1.0,0.8882952393608371,1.0,1.0,1.0,0.9534563497336821,0
2791,3a61d7ced3ca590d,True,1.0,1.0,1.0,1.0,1.0,1.0,1.0,0
2792,3a76a6ab17535552,True,1.0,1.0,0.9024771903132783,1.0,1.0,1.0,0.959365495963866,0
2793,3a7818b46809570a,True,1.0,1.0,0.8779077901592979,1.0,1.0,1.0,0.9491282458997073,0
2794,3a79314b89305c5b,True,1.0,1.0,1.0,1.0,1.0,1.0,1.0,0
2795,3a7b323176855920,True,1.0,1.0,0.8477022341916346,1.0,1.0,1.0,0.9365425975798477,0
2796,3a7fa6d4bfb65f4b,True,1.0,1.0,1.0,1.0,1.0,1.0,1.0,0
2797,3a84cbdfcbf554a6,True,1.0,1.0,0.842207916816869,1.0,1.0,1.0,0.9342532986736954,0
2798,3a8a3a691f4450b5,True,1.0,1.0,0.9680906158061877,1.0,1.0,1.0,0.9867044232525782,0
2799,3a8a83bdb2c05a02,True,1.0,1.0,0.8465082683608285,1.0,1.0,1.0,0.936045111817012,0
2800,3a8cbc5f12e25e1f,True,1.0,1.0,1.0,1.0,1.0,1.0,1.0,0
2801,3aa165d52c2051e1,True,1.0,1.0,0.6992591241753515,1.0,1.0,1.0,0.8746913017397299,0
2802,3aa2680fdc805d09,True,1.0,1.0,0.9241095456187156,1.0,1.0,1.0,0.9683789773411315,0
2803,3aa2f4406fc750da,True,1.0,1.0,1.0,1.0,1.0,1.0,1.0,0
2804,3aa8e5d80d5d5d9b,True,1.0,1.0,0.9831737082917248,1.0,1.0,1.0,0.9929890451215521,0
2805,3aa9d1c9ceb35906,True,1.0,1.0,0.9723500122840519,1.0,1.0,1.0,0.9884791717850216,0
2806,3acc6eea1ed15f20,True,0.0,1.0,0.0,0.0,1.0,1.0,0.0,0
2807,3acfdef9ef305e77,True,1.0,1.0,1.0,1.0,1.0,1.0,1.0,0
2808,3ad6a3f7a0f155f8,True,1.0,0.0,0.0,1.0,1.0,1.0,0.0,0
2809,3adebc0f04ed5311,True,1.0,1.0,1.0,1.0,1.0,1.0,1.0,0
2810,3ae2ab1099d65c2a,True,1.0,1.0,0.9466198647318544,1.0,1.0,1.0,0.9777582769716059,0
2811,3ae3cf56296b5861,True,1.0,1.0,0.97769774392884,1.0,1.0,1.0,0.9907073933036834,0
2812,3ae409424da65443,True,1.0,1.0,1.0,1.0,1.0,1.0,1.0,0
2813,3ae59f6099b65d31,True,1.0,1.0,0.8036933355002105,1.0,1.0,1.0,0.9182055564584211,0
2814,3af1019a97d959fa,True,1.0,1.0,1.0,1.0,1.0,1.0,1.0,0
2815,3af3b3a7a8635164,True,1.0,1.0,1.0,1.0,1.0,1.0,1.0,0
2816,3af98cdf0bc35f44,True,1.0,1.0,0.7235415216481145,1.0,1.0,1.0,0.884808967353381,0
2817,3af9cb4d21e15e9e,True,1.0,1.0,0.8109744844405923,1.0,1.0,1.0,0.9212393685169135,0
2818,3afb7780247f51bb,True,1.0,1.0,0.9540854305606921,1.0,1.0,1.0,0.9808689294002884,0
2819,3afbbcf248dc5405,True,1.0,1.0,0.8667477217824111,1.0,1.0,1.0,0.9444782174093379,0
2820,3afcfc58857f5790,True,1.0,1.0,1.0,1.0,1.0,1.0,1.0,0
2821,3aff98e018195468,True,1.0,1.0,0.9006755399241407,1.0,1.0,1.0,0.9586148083017253,0
2822,3b0c5c39455b5d00,True,1.0,1.0,0.7872090345067334,1.0,1.0,1.0,0.9113370977111389,0
2823,3b0cda86b999528c,True,1.0,1.0,0.7175934700720488,1.0,1.0,1.0,0.8823306125300204,0
2824,3b0d2b5f50f752c7,True,1.0,1.0,1.0,1.0,1.0,1.0,1.0,0
2825,3b0d8847b4a25a92,True,1.0,1.0,1.0,1.0,1.0,1.0,1.0,0
2826,3b10bf025bd65e4b,True,1.0,1.0,1.0,1.0,1.0,1.0,1.0,0
2827,3b185264ec565b67,True,1.0,1.0,1.0,1.0,1.0,1.0,1.0,0
2828,3b1e0182cb145b8d,True,1.0,1.0,0.856000091149331,1.0,1.0,0.5,0.940000037978888,0
2829,3b225aa246f35197,True,1.0,1.0,0.6891964438834589,1.0,1.0,0.5,0.8704985182847745,0
2830,3b2f051d7b9553e9,True,0.0,1.0,0.0,0.0,1.0,1.0,0.0,0
2831,3b2fc0d01dbc50ce,True,1.0,1.0,1.0,1.0,1.0,1.0,1.0,0
2832,3b34e3fd5b9e5767,True,1.0,1.0,0.7091403462577658,1.0,1.0,1.0,0.8788084776074024,0
2833,3b3627c7892d5b5e,True,1.0,1.0,0.8522679637968104,1.0,1.0,1.0,0.9384449849153377,0
2834,3b36add3be02517e,True,1.0,1.0,0.8249149102769818,1.0,1.0,1.0,0.9270478792820759,0
2835,3b3e36e9d816563c,True,1.0,1.0,1.0,1.0,1.0,1.0,1.0,0
2836,3b3f3faf6778593f,True,1.0,1.0,0.9623576631554909,1.0,1.0,1.0,0.9843156929814545,0
2837,3b4031def0f45d96,True,1.0,1.0,0.9424122884146537,1.0,1.0,1.0,0.9760051201727724,0
2838,3b4f49412be55b80,True,1.0,1.0,0.8489740913778862,1.0,1.0,1.0,0.9370725380741192,0
2839,3b53493dfe335ea6,True,1.0,1.0,0.7769343827330809,1.0,1.0,1.0,0.9070559928054504,0
2840,3b5422b60c4f5c4b,True,1.0,1.0,1.0,1.0,1.0,1.0,1.0,0
2841,3b56d2b022d25026,True,1.0,1.0,0.9157363714134805,1.0,1.0,1.0,0.9648901547556168,0
2842,3b5ea54bfd575d68,True,1.0,1.0,0.9417522760222236,1.0,1.0,1.0,0.9757301150092598,0
2843,3b6865082c225fe8,True,1.0,1.0,1.0,1.0,1.0,1.0,1.0,0
2844,3b6e03834b255849,True,1.0,1.0,0.7821464016139297,1.0,1.0,1.0,0.9092276673391373,0
2845,3b6f7096a2cf5621,True,1.0,1.0,0.7558864955982746,1.0,1.0,1.0,0.8982860398326143,0
2846,3b6fb25a1e725f29,True,1.0,1.0,1.0,1.0,1.0,1.0,1.0,0
2847,3b7933b82dc65348,True,1.0,1.0,1.0,1.0,1.0,1.0,1.0,0
2848,3b84c23dd4ee5af8,True,1.0,1.0,1.0,1.0,1.0,1.0,1.0,0
2849,3b88ba584a4a5d7e,True,1.0,1.0,1.0,1.0,1.0,1.0,1.0,0
2850,3b8bc6ec37105767,True,1.0,0.0,0.0,1.0,1.0,1.0,0.0,0
2851,3b8cbe3ce6465e62,True,1.0,1.0,1.0,1.0,1.0,1.0,1.0,0
2852,3b8d6a01f5705389,True,1.0,1.0,0.597112074713523,1.0,1.0,1.0,0.8321300311306347,0
2853,3b910accfc12560a,True,1.0,1.0,0.7942100600657437,1.0,1.0,1.0,0.9142541916940599,0
2854,3ba2c46a8d445efd,True,1.0,1.0,0.8699273781809681,1.0,1.0,1.0,0.94580307424207,0
2855,3ba5c2d842785d59,True,1.0,1.0,0.9325209066317612,1.0,1.0,1.0,0.9718837110965671,0
2856,3ba8b6918fc45634,True,1.0,1.0,0.7812861498613918,1.0,1.0,0.0,0.9088692291089133,0
2857,3baa70a146f055d2,True,1.0,1.0,0.7376596739118024,1.0,1.0,1.0,0.8906915307965844,0
2858,3baab5739cb95408,True,1.0,1.0,0.8505028753007173,1.0,1.0,0.0,0.9377095313752989,0
2859,3bae0e44f3095a9c,True,1.0,1.0,1.0,1.0,1.0,1.0,1.0,0
2860,3bb3a8f506bf5980,True,1.0,1.0,1.0,1.0,1.0,0.0,1.0,0
2861,3bb527d97cee5163,True,1.0,1.0,0.8165565926542401,1.0,1.0,1.0,0.9235652469392667,0
2862,3bbe96de854e5ff3,True,1.0,1.0,1.0,1.0,1.0,1.0,1.0,0
2863,3bc4c087ab1a50a3,True,1.0,1.0,0.9769970828474838,1.0,1.0,1.0,0.9904154511864517,0
2864,3bc729311a8a5d48,True,1.0,1.0,1.0,1.0,1.0,1.0,1.0,0
2865,3bcb5a54eca95746,True,1.0,1.0,1.0,1.0,1.0,1.0,1.0,0
2866,3bd0bc4b1100504c,True,1.0,1.0,0.8601952419850076,1.0,1.0,1.0,0.9417480174937531,0
2867,3bd2edbc70605e87,True,1.0,1.0,0.9299430925951655,1.0,1.0,1.0,0.9708096219146523,0
2868,3bdecfdccc335eda,True,1.0,1.0,0.9204019282517099,1.0,1.0,1.0,0.9668341367715457,0
2869,3be53588a286557f,True,1.0,1.0,1.0,1.0,1.0,1.0,1.0,0
2870,3be6682bde7d5548,True,1.0,1.0,1.0,1.0,1.0,1.0,1.0,0
2871,3befac537db85c6c,True,1.0,1.0,0.9587359142811731,1.0,1.0,1.0,0.9828066309504888,0
2872,3bf1265b7ab65fc2,True,1.0,1.0,0.9363143342553059,1.0,1.0,1.0,0.9734643059397108,0
2873,3bf245d895b25ec0,True,1.0,1.0,0.801422831078955,1.0,1.0,1.0,0.9172595129495645,0
2874,3bf2974c80c55503,True,1.0,1.0,0.8078145136256908,1.0,1.0,1.0,0.9199227140107045,0
2875,3bf40232476b591b,True,1.0,1.0,0.7964478961463887,1.0,1.0,1.0,0.9151866233943285,0
2876,3c0e4d6b508d5e10,True,1.0,1.0,0.8365022273702262,1.0,1.0,1.0,0.9318759280709276,0
2877,3c114912e4cf590c,True,1.0,1.0,1.0,0.0,1.0,1.0,0.5833333333333334,0
2878,3c24bf88e9b150dd,True,1.0,1.0,0.9804038408947301,1.0,1.0,1.0,0.9918349337061375,0
2879,3c26d6bf58555468,True,1.0,1.0,1.0,1.0,1.0,1.0,1.0,0
2880,3c303aa231e65a53,True,1.0,1.0,1.0,0.0,1.0,1.0,0.5833333333333334,0
2881,3c31377fc8f65160,True,1.0,1.0,0.9118903121129895,1.0,1.0,1.0,0.9632876300470791,0
2882,3c379ee75e765c6e,True,1.0,1.0,1.0,1.0,1.0,1.0,1.0,0
2883,3c3991ec8d7a5507,True,1.0,0.0,0.0,1.0,1.0,0.0,0.0,0
2884,3c3cc389d4ee512b,True,1.0,1.0,1.0,1.0,1.0,1.0,1.0,0
2885,3c3dfd5b93dc5f54,True,1.0,1.0,0.9379967890945324,1.0,1.0,1.0,0.9741653287893884,0
2886,3c448f4385bf58e1,True,1.0,1.0,1.0,1.0,1.0,1.0,1.0,0
2887,3c462254687e5ef8,True,1.0,1.0,0.9580868379499835,1.0,1.0,1.0,0.9825361824791597,0
2888,3c46be05cd7a5cdf,True,1.0,1.0,0.7060125945544242,1.0,1.0,1.0,0.8775052477310101,0
2889,3c4e1784d9295821,True,1.0,1.0,0.7517444307540742,1.0,1.0,1.0,0.8965601794808643,0
2890,3c542be991515ccd,True,1.0,0.0,0.0,1.0,1.0,1.0,0.0,0
2891,3c584e53042d5157,True,1.0,1.0,0.9253227297305584,1.0,1.0,1.0,0.9688844707210661,0
2892,3c58a86242fe5671,True,1.0,1.0,1.0,1.0,1.0,1.0,1.0,0
2893,3c7319cc63ab58c9,True,1.0,1.0,0.9646615549239799,1.0,1.0,1.0,0.9852756478849916,0
2894,3c7c1b09e9625732,True,1.0,1.0,0.9592962823369799,1.0,1.0,1.0,0.9830401176404083,0
2895,3c8a95ec33f45af6,True,1.0,1.0,0.6437279118433848,1.0,1.0,1.0,0.8515532966014104,0
2896,3c90de2a12a558b2,True,1.0,1.0,0.6536023421760295,1.0,1.0,1.0,0.8556676425733456,0
2897,3c93ac00b682563d,True,1.0,1.0,0.8018895589159407,1.0,1.0,1.0,0.9174539828816419,0
2898,3c93f87b0bb0561d,True,1.0,1.0,1.0,1.0,1.0,1.0,1.0,0
2899,3c943ff450265afe,True,1.0,1.0,1.0,1.0,1.0,1.0,1.0,0
2900,3c99fcb4ef8c5382,True,1.0,1.0,0.8233050497734049,1.0,1.0,1.0,0.926377104072252,0
2901,3ca2e3e846e75813,True,1.0,1.0,0.6813458994552907,1.0,1.0,1.0,0.8672274581063711,0
2902,3ca720caa0ff5082,True,1.0,1.0,1.0,1.0,1.0,1.0,1.0,0
2903,3cb9b99bc4185d33,True,1.0,1.0,0.9226286953926348,1.0,1.0,1.0,0.9677619564135979,0
2904,3cbb6c030b1e5d19,True,1.0,1.0,0.8111467748659084,1.0,1.0,1.0,0.9213111561941285,0
2905,3cc02c2389685e70,True,1.0,1.0,1.0,1.0,1.0,1.0,1.0,0
2906,3cc3567e89f95e0a,True,1.0,1.0,0.9098306079440149,1.0,1.0,1.0,0.9624294199766729,0
2907,3cc3ea967df55cf0,True,1.0,1.0,1.0,1.0,1.0,1.0,1.0,0
2908,3cd95c48caa05aaa,True,1.0,1.0,0.9330828568899778,1.0,1.0,1.0,0.9721178570374908,0
2909,3cdaaa2bcfd55b68,True,0.0,1.0,0.0,0.0,1.0,1.0,0.0,0
2910,3ce3c32cb4655d3d,True,1.0,1.0,1.0,1.0,1.0,1.0,1.0,0
2911,3ce72ef7e80855e2,True,1.0,1.0,0.8561664814147057,1.0,1.0,1.0,0.9400693672561274,0
2912,3ce814811e5252dc,True,1.0,1.0,0.9652365551703196,1.0,1.0,1.0,0.9855152313209666,0
2913,3ceb5afc67975881,True,1.0,1.0,0.7463100717478327,1.0,1.0,1.0,0.8942958632282636,0
2914,3cf11c2988d25d2b,True,1.0,1.0,0.958996298908368,1.0,1.0,1.0,0.9829151245451534,0
2915,3cf6bf2e7992584c,True,1.0,1.0,1.0,1.0,1.0,1.0,1.0,0
2916,3cf9c200e3485696,True,1.0,1.0,0.9005348228000619,1.0,1.0,1.0,0.9585561761666925,0
2917,3cfa3f1b82885efa,True,1.0,1.0,1.0,0.0,1.0,1.0,0.5833333333333334,0
2918,3cfcca572cdc5b75,True,1.0,0.0,0.0,1.0,1.0,1.0,0.0,0
2919,3d00fb1cdc87515e,True,1.0,1.0,1.0,1.0,1.0,1.0,1.0,0
2920,3d04f4c65587562b,True,1.0,1.0,0.9322096930845487,1.0,1.0,1.0,0.9717540387852286,0
2921,3d0c780c0aba552e,True,1.0,1.0,1.0,0.0,1.0,1.0,0.5833333333333334,0
2922,3d11d1a35e8f500d,True,1.0,1.0,0.8719337665548966,1.0,1.0,1.0,0.9466390693978736,0
2923,3d17efc5625f5c4f,True,1.0,1.0,0.8163635094782898,1.0,1.0,1.0,0.9234847956159541,0
2924,3d1bf2cf5ad151c7,True,1.0,1.0,0.8312533065420056,1.0,1.0,1.0,0.9296888777258356,0
2925,3d1c445859d85d51,True,1.0,1.0,1.0,1.0,1.0,1.0,1.0,0
2926,3d20913330f152ee,True,1.0,1.0,0.9364219478581054,1.0,1.0,1.0,0.9735091449408774,0
2927,3d29e22a03a15391,True,1.0,1.0,1.0,1.0,1.0,1.0,1.0,0
2928,3d2adf8b0bb65492,True,1.0,1.0,0.8703645032079588,1.0,1.0,1.0,0.9459852096699829,0
2929,3d2f4a8fb8b55572,True,1.0,1.0,0.7066990302225108,1.0,1.0,1.0,0.8777912625927128,0
2930,3d324bda0cec57ab,True,1.0,1.0,0.9105340939461237,0.0,1.0,1.0,0.5460558724775516,0
2931,3d325eb7d07c587f,True,1.0,1.0,0.6378171768323933,1.0,1.0,1.0,0.8490904903468305,0
2932,3d34ef81b357566e,True,1.0,1.0,1.0,1.0,1.0,1.0,1.0,0
2933,3d37ed78124057a1,True,1.0,1.0,1.0,1.0,1.0,1.0,1.0,0
2934,3d400bec249a5f88,True,1.0,1.0,0.8344224859010013,1.0,1.0,1.0,0.9310093691254172,0
2935,3d43337c0e6b5910,True,1.0,1.0,0.916272214113028,1.0,1.0,1.0,0.9651134225470951,0
2936,3d4616d64a4c5f53,True,0.0,1.0,0.0,0.0,1.0,1.0,0.0,0
2937,3d4f0c1ecad55944,True,1.0,1.0,0.651867219105901,1.0,1.0,1.0,0.8549446746274588,0
2938,3d5103c659255a72,True,1.0,1.0,1.0,1.0,1.0,1.0,1.0,0
2939,3d523a73f2815ea4,True,1.0,1.0,0.871434255115383,1.0,1.0,1.0,0.9464309396314096,0
2940,3d580ffc3de95e49,True,1.0,1.0,0.8539595759550558,1.0,1.0,1.0,0.9391498233146066,0
2941,3d6703caa0c951a8,True,1.0,1.0,0.8000532519833344,1.0,1.0,1.0,0.916688854993056,0
2942,3d6cbc2a95885eef,True,1.0,1.0,0.7072099484132977,1.0,1.0,1.0,0.8780041451722074,0
2943,3d6f193fad315d97,True,1.0,1.0,1.0,0.0,1.0,1.0,0.5833333333333334,0
2944,3d726e71b9925965,True,1.0,1.0,0.8566584979855386,1.0,1.0,1.0,0.9402743741606411,0
2945,3d744662757d5ca2,True,1.0,1.0,0.9452718628344486,1.0,1.0,1.0,0.9771966095143535,0
2946,3d776c43acfd5327,True,1.0,1.0,0.8370617037944076,1.0,1.0,1.0,0.9321090432476699,0
2947,3d84e6189fdd51bb,True,1.0,1.0,1.0,1.0,1.0,1.0,1.0,0
2948,3d86e3fc3499578f,True,1.0,1.0,1.0,0.0,1.0,1.0,0.5833333333333334,0
2949,3d8c71ff899f50e6,True,1.0,1.0,1.0,1.0,1.0,1.0,1.0,0
2950,3d8f52b9bae25a90,True,1.0,1.0,0.8149997241471052,1.0,1.0,1.0,0.9229165517279605,0
2951,3daa044b17795a85,True,1.0,1.0,1.0,1.0,1.0,1.0,1.0,0
2952,3dc04b54c3515f56,True,1.0,1.0,0.9369113463093878,1.0,1.0,1.0,0.973713060962245,0
2953,3dc6b109b480502f,True,1.0,1.0,1.0,1.0,1.0,1.0,1.0,0
2954,3dcb4ddd8afe598d,True,1.0,1.0,0.8466098636603955,1.0,1.0,1.0,0.9360874431918313,0
2955,3dcc0fdcb0395855,True,1.0,1.0,1.0,1.0,1.0,1.0,1.0,0
2956,3dd0dfc88c6a5de8,True,1.0,1.0,0.7939612054892815,0.0,1.0,1.0,0.497483835620534,0
2957,3dd9fe57e28e5c54,True,1.0,1.0,1.0,1.0,1.0,1.0,1.0,0
2958,3de31c78c86c52b7,True,1.0,1.0,0.9421552164269981,1.0,1.0,1.0,0.9758980068445826,0
2959,3debd3d86b5850dd,True,1.0,1.0,1.0,1.0,1.0,1.0,1.0,0
2960,3dfa374651035868,True,1.0,1.0,1.0,1.0,1.0,1.0,1.0,0
2961,3e0511dc69b85b75,True,1.0,1.0,0.9608900401316763,1.0,1.0,1.0,0.9837041833881984,0
2962,3e053f89d1c55a7e,True,1.0,1.0,0.8897717770471922,1.0,1.0,1.0,0.9540715737696633,0
2963,3e09a3c33726545c,True,0.0,1.0,0.0,0.0,1.0,1.0,0.0,0
2964,3e09adf2d7055216,True,1.0,1.0,1.0,1.0,1.0,1.0,1.0,0
2965,3e0d470196605588,True,1.0,1.0,0.7762317300802263,1.0,1.0,1.0,0.906763220866761,0
2966,3e11d77a9aca5bb7,True,1.0,1.0,0.7935068226934645,1.0,1.0,1.0,0.9139611761222769,0
2967,3e1c321be4295fc7,True,1.0,1.0,0.9748232069377024,1.0,1.0,1.0,0.9895096695573761,0
2968,3e1daba01cbe5973,True,1.0,1.0,0.6762165954264038,1.0,1.0,1.0,0.8650902480943349,0
2969,3e1dd9067b365a42,True,1.0,1.0,1.0,1.0,1.0,1.0,1.0,0
2970,3e1e7bc23c515108,True,1.0,1.0,1.0,1.0,1.0,1.0,1.0,0
2971,3e2a45dbe6fa50aa,True,1.0,1.0,0.8395961717004126,1.0,1.0,1.0,0.9331650715418386,0
2972,3e41024d080454b5,True,1.0,1.0,0.8188904290748743,1.0,1.0,1.0,0.9245376787811977,0
2973,3e429827093e538d,True,1.0,1.0,0.728189397853488,1.0,1.0,1.0,0.8867455824389534,0
2974,3e42abec9c495419,True,1.0,1.0,0.8433668416531324,1.0,1.0,1.0,0.9347361840221385,0
2975,3e44ba1b6a675c54,True,1.0,1.0,0.7161944620669123,1.0,1.0,1.0,0.8817476925278802,0
2976,3e4c9c9e67545b03,True,1.0,0.0,0.0,1.0,1.0,1.0,0.0,0
2977,3e53e34cb63f5d05,True,1.0,1.0,0.7342714404310484,1.0,1.0,1.0,0.8892797668462702,0
2978,3e543e1eac325854,True,1.0,1.0,0.796543699715453,1.0,1.0,1.0,0.9152265415481055,0
2979,3e5647cd8d1a50c2,True,1.0,1.0,0.7471624612477689,1.0,1.0,1.0,0.8946510255199037,0
2980,3e5b0593a3e75d29,True,1.0,1.0,0.8176737319993324,1.0,1.0,1.0,0.9240307216663884,0
2981,3e5bb75bed1d58ad,True,1.0,1.0,1.0,1.0,1.0,1.0,1.0,0
2982,3e634fa2ea715bb1,True,1.0,1.0,0.9569110580163956,1.0,1.0,1.0,0.9820462741734982,0
2983,3e6526b2f7755050,True,1.0,1.0,1.0,1.0,1.0,1.0,1.0,0
2984,3e68b96c1d745820,True,1.0,1.0,0.6622507710997927,1.0,1.0,1.0,0.8592711546249135,0
2985,3e7237c8a7815648,True,1.0,1.0,1.0,1.0,1.0,1.0,1.0,0
2986,3e730f46f6f055a3,True,1.0,1.0,0.7386009967110411,1.0,1.0,1.0,0.8910837486296005,0
2987,3e77b33549485e34,True,1.0,1.0,1.0,1.0,1.0,1.0,1.0,0
2988,3e7bec3b1c4359b6,True,1.0,1.0,0.9841933151444655,1.0,1.0,1.0,0.993413881310194,0
2989,3e8b81f8eb205311,True,1.0,1.0,0.7680865585726677,1.0,1.0,1.0,0.9033693994052783,0
2990,3e8c8729205850ab,True,1.0,1.0,1.0,1.0,1.0,1.0,1.0,0
2991,3e8e85cf14c65da8,True,1.0,1.0,1.0,1.0,1.0,1.0,1.0,0
2992,3e941f8f03c1512d,True,1.0,1.0,0.9512994238150815,1.0,1.0,1.0,0.979708093256284,0
2993,3e96578a903d59d8,True,1.0,1.0,1.0,1.0,1.0,1.0,1.0,0
2994,3e9b399280e250fc,True,1.0,1.0,0.833519222975638,1.0,1.0,1.0,0.9306330095731825,0
2995,3ea2b59016145c63,True,1.0,1.0,0.9542519282008242,1.0,1.0,1.0,0.9809383034170102,0
2996,3ea43d5abad05188,True,1.0,1.0,0.931763876020118,1.0,1.0,1.0,0.9715682816750492,0
2997,3ea7ba225643556d,True,1.0,1.0,0.6490984310752153,1.0,1.0,1.0,0.8537910129480064,0
2998,3eaee893ba995c48,True,1.0,1.0,0.9969793763547363,1.0,1.0,1.0,0.9987414068144735,0
2999,3eaf6c916382509b,True,1.0,1.0,0.9753200397524686,1.0,1.0,1.0,0.9897166832301952,0
3000,3eb063189dd15649,True,1.0,1.0,0.7912468561970623,1.0,1.0,1.0,0.9130195234154427,0
3001,3ebe88aecd0c5d20,True,1.0,1.0,0.7724107398904981,1.0,1.0,1.0,0.9051711416210408,0
3002,3ec3d2ab34f756e6,True,1.0,1.0,0.7319762866138411,1.0,1.0,1.0,0.8883234527557672,0
3003,3ec484ccad125e99,True,1.0,1.0,0.9816603458819277,1.0,1.0,1.0,0.9923584774508032,0
3004,3ec88bf115c95f69,True,1.0,1.0,0.9121621757355474,0.0,1.0,1.0,0.5467342398898114,0
3005,3ece2b5bbf095290,True,1.0,1.0,0.9250906841673574,1.0,1.0,1.0,0.9687877850697323,0
3006,3eef6c6972dd538f,True,1.0,1.0,0.9000797134552091,1.0,1.0,1.0,0.9583665472730037,0
3007,3ef16d00a16b5c94,True,1.0,1.0,0.9125733074961737,1.0,1.0,1.0,0.963572211456739,0
3008,3ef30aa787de56fa,True,1.0,1.0,1.0,1.0,1.0,1.0,1.0,0
3009,3ef7a107ecc75162,True,1.0,1.0,0.8613343669519075,1.0,1.0,1.0,0.9422226528966281,0
3010,3efebf87894a552e,True,1.0,1.0,1.0,1.0,1.0,1.0,1.0,0
3011,3f03e086a6d6571d,True,1.0,1.0,0.7608899891870567,1.0,1.0,1.0,0.9003708288279403,0
3012,3f0c448b71005686,True,1.0,1.0,1.0,1.0,1.0,0.5,1.0,0
3013,3f1152860b695e59,True,1.0,1.0,1.0,1.0,1.0,1.0,1.0,0
3014,3f11ac11755857c2,True,1.0,1.0,0.9706256129137419,1.0,1.0,1.0,0.9877606720473925,0
3015,3f11b8c2347f5714,True,1.0,1.0,0.9056147804712118,1.0,1.0,1.0,0.9606728251963382,0
3016,3f1682073dd950a3,True,1.0,1.0,1.0,1.0,1.0,1.0,1.0,0
3017,3f188244418552d9,True,1.0,1.0,0.8181726782954591,1.0,1.0,1.0,0.9242386159564413,0
3018,3f19f97d980754f7,True,1.0,1.0,1.0,1.0,1.0,1.0,1.0,0
3019,3f265d778b65596b,True,1.0,1.0,1.0,0.0,1.0,1.0,0.5833333333333334,0
3020,3f269e7b5ced51fa,True,1.0,1.0,1.0,1.0,1.0,1.0,1.0,0
3021,3f2a3e63c3045c95,True,1.0,1.0,0.7402876081106405,1.0,1.0,1.0,0.8917865033794335,0
3022,3f2cec87b5ad5d96,True,1.0,1.0,1.0,1.0,1.0,1.0,1.0,0
3023,3f31d5d096f957c9,True,1.0,0.0,0.0,1.0,1.0,1.0,0.0,0
3024,3f38262eb4d55376,True,1.0,1.0,0.8226435317510953,1.0,1.0,1.0,0.9261014715629564,0
3025,3f3d9b32f2fa53ef,True,1.0,1.0,1.0,1.0,1.0,1.0,1.0,0
3026,3f4013b6af2d5850,True,1.0,1.0,0.8334015816369393,1.0,1.0,1.0,0.9305839923487248,0
3027,3f4cedf4897a568e,True,1.0,1.0,0.8775508257904521,1.0,1.0,1.0,0.9489795107460216,0
3028,3f54d4297dc459c3,True,1.0,1.0,1.0,1.0,1.0,1.0,1.0,0
3029,3f56f99e2cf15355,True,0.0,1.0,0.0,0.0,1.0,1.0,0.0,0
3030,3f5c9cc5b40a5ff5,True,1.0,1.0,1.0,1.0,1.0,1.0,1.0,0
3031,3f5d3b68c1a156ed,True,1.0,1.0,0.8638777812298434,1.0,1.0,1.0,0.9432824088457682,0
3032,3f64ff364b585a3b,True,1.0,1.0,0.806775574920182,1.0,1.0,0.5,0.9194898228834093,0
3033,3f655357375b5f03,True,1.0,1.0,1.0,0.0,1.0,1.0,0.5833333333333334,0
3034,3f664a7d5f5e5bba,True,1.0,1.0,1.0,1.0,1.0,1.0,1.0,0
3035,3f67051b121a5e43,True,1.0,1.0,1.0,1.0,1.0,1.0,1.0,0
3036,3f6732f66f695405,True,1.0,1.0,1.0,1.0,1.0,1.0,1.0,0
3037,3f6b582803bd58e8,True,1.0,1.0,0.8777662849461682,1.0,1.0,1.0,0.9490692853942367,0
3038,3f80c1a045a056e4,True,1.0,1.0,0.8575898746989671,1.0,1.0,1.0,0.9406624477912363,0
3039,3f82940c5aae5ab1,True,1.0,1.0,0.867564137757597,1.0,1.0,1.0,0.9448183907323321,0
3040,3f85ed22ffdf5683,True,1.0,1.0,0.8346736812653988,1.0,1.0,1.0,0.9311140338605828,0
3041,3f87b5859c3c525a,True,1.0,1.0,1.0,1.0,1.0,1.0,1.0,0
3042,3fa1e0c2313358ba,True,1.0,1.0,1.0,1.0,1.0,1.0,1.0,0
3043,3fa4c6924d3c55ab,True,1.0,1.0,0.7841606989209993,1.0,1.0,1.0,0.9100669578837497,0
3044,3fa9c77540225eae,True,1.0,1.0,1.0,1.0,1.0,1.0,1.0,0
3045,3fac271cd0795af0,True,1.0,1.0,0.7284681470948083,1.0,1.0,1.0,0.8868617279561701,0
3046,3fb1b622b5e155cc,True,1.0,1.0,1.0,1.0,1.0,1.0,1.0,0
3047,3fb200a0fddb5c8e,True,1.0,1.0,1.0,1.0,1.0,1.0,1.0,0
3048,3fb360a01b775e07,True,1.0,1.0,0.8914521755135626,1.0,1.0,1.0,0.9547717397973177,0
3049,3fbc15dbb18756ba,True,1.0,1.0,1.0,1.0,1.0,1.0,1.0,0
3050,3fca9a087e505470,True,1.0,1.0,0.8978948328623949,1.0,1.0,1.0,0.9574561803593312,0
3051,3fd20b372fd15206,True,1.0,1.0,0.9485943248848633,1.0,1.0,1.0,0.9785809687020265,0
3052,3fd7c487c29f53bc,True,1.0,1.0,0.7654162345337948,1.0,1.0,1.0,0.9022567643890812,0
3053,3fdefe546f3159fd,True,1.0,1.0,1.0,1.0,1.0,0.0,1.0,0
3054,3fe4d3672285579c,True,1.0,1.0,1.0,1.0,1.0,1.0,1.0,0
3055,3fe8df1737825eb3,True,1.0,1.0,0.9168134002636029,1.0,1.0,1.0,0.9653389167765013,0
3056,3febbde773f15b51,True,1.0,1.0,1.0,1.0,1.0,1.0,1.0,0
3057,3ff436e401ed5828,True,1.0,1.0,1.0,1.0,1.0,1.0,1.0,0
3058,3ff5c9a5bd155bb2,True,1.0,1.0,1.0,1.0,1.0,1.0,1.0,0
3059,3ffbf8596e7655ec,True,0.0,1.0,0.0,0.0,1.0,1.0,0.0,0
3060,3ffea9df17af502b,True,1.0,1.0,1.0,1.0,1.0,1.0,1.0,0
3061,4007544abfa3548f,True,1.0,1.0,1.0,1.0,1.0,1.0,1.0,0
3062,400a99ae89275e4d,True,1.0,1.0,1.0,1.0,1.0,1.0,1.0,0
3063,4014296da6f75079,True,1.0,1.0,1.0,1.0,1.0,1.0,1.0,0
3064,4020785f2bf55d0b,True,1.0,1.0,0.8477674449094832,1.0,1.0,1.0,0.9365697687122846,0
3065,4023c5e9f11e5056,True,1.0,1.0,0.965524630800286,1.0,1.0,1.0,0.9856352628334525,0
3066,4023fa59fcfd5671,True,1.0,1.0,0.8256728646369897,1.0,1.0,1.0,0.9273636935987457,0
3067,4024c1a4953e57a7,True,1.0,1.0,0.934441222882806,1.0,1.0,1.0,0.9726838428678358,0
3068,40280e58e4d45fde,True,1.0,1.0,1.0,1.0,1.0,1.0,1.0,0
3069,402b6ac9448a58d7,True,1.0,1.0,1.0,1.0,1.0,1.0,1.0,0
3070,402c9312982a5488,True,1.0,1.0,0.7551150537445906,1.0,1.0,1.0,0.8979646057269127,0
3071,402ec186b8ea545e,True,1.0,1.0,1.0,1.0,1.0,1.0,1.0,0
3072,402f952c89ae550c,True,1.0,1.0,0.8239883344517984,1.0,1.0,1.0,0.9266618060215827,0
3073,40348970451a52e3,True,1.0,1.0,0.9546470618759195,1.0,1.0,1.0,0.9811029424482998,0
3074,404a7bf372cb5eac,True,1.0,1.0,0.6943413606068599,1.0,1.0,1.0,0.8726422335861916,0
3075,40508dfbe0f35d8e,True,1.0,1.0,0.8460810284250224,1.0,1.0,1.0,0.9358670951770925,0
3076,4064f2ec7a2f56ef,True,1.0,1.0,1.0,1.0,1.0,1.0,1.0,0
3077,406564d5dc7358f6,True,1.0,1.0,1.0,1.0,1.0,1.0,1.0,0
3078,40660dbe143d52c1,True,1.0,1.0,0.9219597213352848,1.0,1.0,1.0,0.9674832172230353,0
3079,40688677dc5e5d16,True,1.0,1.0,0.8457170988900135,1.0,1.0,1.0,0.935715457870839,0
3080,406d4391f1205862,True,1.0,1.0,0.8260350727908525,1.0,1.0,1.0,0.9275146136628551,0
3081,406f8b299de35ce2,True,1.0,1.0,0.6904189837105674,1.0,1.0,0.5,0.8710079098794031,0
3082,40726c708b17504a,True,1.0,1.0,0.8373209590111268,1.0,1.0,1.0,0.9322170662546361,0
3083,407b876e623a5c51,True,0.0,1.0,0.0,1.0,1.0,1.0,0.0,0
3084,407bc420086a58f6,True,1.0,1.0,1.0,1.0,1.0,1.0,1.0,0
3085,407c0f671669566d,True,1.0,1.0,0.6148466723478536,1.0,1.0,1.0,0.8395194468116056,0
3086,407ff7eab601527c,True,1.0,1.0,0.9458562117849063,1.0,1.0,1.0,0.977440088243711,0
3087,4080e46653b05c94,True,1.0,1.0,0.5876227396136359,1.0,1.0,1.0,0.8281761415056815,0
3088,40843dcbac9d5c2e,True,1.0,1.0,0.911778293009495,1.0,1.0,1.0,0.9632409554206229,0
3089,40884b7d89be5e0b,True,1.0,1.0,0.89041890132827,1.0,1.0,1.0,0.9543412088867792,0
3090,409711b03072566a,True,1.0,1.0,0.787586236131141,1.0,1.0,1.0,0.911494265054642,0
3091,409ed084cde5554b,True,1.0,1.0,0.803897594844774,1.0,1.0,1.0,0.9182906645186558,0
3092,40a69dc4d1f854a8,True,1.0,1.0,1.0,1.0,1.0,1.0,1.0,0
3093,40bdfb00872f5bc4,True,1.0,1.0,1.0,1.0,1.0,1.0,1.0,0
3094,40c06c252a275c50,True,1.0,1.0,0.7035981600641517,1.0,1.0,1.0,0.8764992333600632,0
3095,40c083a3c4ff5b45,True,1.0,1.0,0.7861460737515306,1.0,1.0,1.0,0.910894197396471,0
3096,40c362dd278b5280,True,1.0,1.0,1.0,1.0,1.0,1.0,1.0,0
3097,40c5ce24f85a5540,True,1.0,1.0,1.0,1.0,1.0,1.0,1.0,0
3098,40c9fc73f7275730,True,1.0,1.0,1.0,1.0,1.0,1.0,1.0,0
3099,40ce7057faae541e,True,1.0,1.0,1.0,0.0,1.0,1.0,0.5833333333333334,0
3100,40d24af6505f50c9,True,1.0,1.0,0.8612513503857304,1.0,1.0,1.0,0.942188062660721,0
3101,40d32b824b705cbc,True,1.0,1.0,0.6909834740601071,1.0,1.0,1.0,0.8712431141917113,0
3102,40d43586b1195366,True,1.0,1.0,0.9007853920471295,1.0,1.0,1.0,0.9586605800196373,0
3103,40d51aff75a85ab9,True,1.0,1.0,0.9628229122140344,1.0,1.0,1.0,0.9845095467558477,0
3104,40dcc0a979075ffd,True,1.0,1.0,0.6040814757988888,1.0,1.0,1.0,0.8350339482495371,0
3105,40df19739f215995,True,1.0,1.0,0.7706759535375283,1.0,1.0,1.0,0.9044483139739702,0
3106,40e774c643fc5689,True,1.0,1.0,1.0,1.0,1.0,1.0,1.0,0
3107,40e9f6044a485b14,True,1.0,1.0,1.0,1.0,1.0,0.5,1.0,0
3108,40ee16c17fc05cfb,True,1.0,1.0,0.7823560815091408,1.0,1.0,1.0,0.909315033962142,0
3109,40ef82b4d5735701,True,1.0,1.0,1.0,1.0,1.0,1.0,1.0,0
3110,40f09c66198258e6,True,1.0,1.0,0.9254869349222248,1.0,1.0,1.0,0.968952889550927,0
3111,40f6df731aed5f6f,True,1.0,1.0,0.9646395958008286,1.0,1.0,1.0,0.9852664982503452,0
3112,40ffdefe6d2f541a,True,1.0,1.0,0.8674147068534497,1.0,1.0,1.0,0.9447561278556039,0
3113,410171a43ce453c2,True,1.0,0.0,0.0,1.0,1.0,1.0,0.0,0
3114,4102a6399acf528b,True,1.0,1.0,0.754745978518374,1.0,1.0,1.0,0.8978108243826558,0
3115,4104c86ea5425c40,True,1.0,1.0,0.8953432508777638,0.0,1.0,1.0,0.5397263545324016,0
3116,4104fd0bb7845b56,True,1.0,1.0,0.8516078990212598,1.0,1.0,1.0,0.9381699579255249,0
3117,4109b79d84ea5053,True,1.0,1.0,1.0,1.0,1.0,1.0,1.0,0
3118,411af42484ea5bb5,True,1.0,1.0,1.0,0.0,1.0,1.0,0.5833333333333334,0
3119,411ce5449bda5b1d,True,1.0,1.0,1.0,1.0,1.0,1.0,1.0,0
3120,4126aeb4289c593c,True,1.0,1.0,0.7930680548421306,1.0,1.0,1.0,0.9137783561842211,0
3121,4127ff2cfd615955,True,1.0,1.0,0.9048361724055665,1.0,1.0,1.0,0.9603484051689861,0
3122,412e722526585e4a,True,1.0,1.0,0.8252638854639921,1.0,1.0,1.0,0.9271932856099966,0
3123,4131dd1f0fd5571b,True,1.0,1.0,0.8677272982131622,1.0,1.0,1.0,0.9448863742554843,0
3124,4143d1c692f95b56,True,1.0,1.0,0.7797649675012469,1.0,1.0,1.0,0.9082354031255195,0
3125,4145cfd5d9b659fa,True,1.0,1.0,0.8674403587919038,1.0,1.0,1.0,0.9447668161632933,0
3126,41470fb14dab5d99,True,1.0,1.0,0.7563235143033797,1.0,1.0,1.0,0.8984681309597415,0
3127,4154c963fb4f578d,True,1.0,1.0,1.0,1.0,1.0,1.0,1.0,0
3128,4158d702c66351d4,True,1.0,1.0,1.0,1.0,1.0,1.0,1.0,0
3129,41598eaa4cef5f77,True,1.0,1.0,1.0,1.0,1.0,1.0,1.0,0
3130,415b05ca44da5fbb,True,1.0,1.0,1.0,1.0,1.0,1.0,1.0,0
3131,4161016e65df5b37,True,1.0,1.0,0.9093146462780608,1.0,1.0,1.0,0.9622144359491921,0
3132,4167ff5049555a2f,True,1.0,1.0,0.8821688077273816,1.0,1.0,1.0,0.950903669886409,0
3133,4175cdc49ec759f5,True,1.0,1.0,0.9201592805607972,1.0,1.0,1.0,0.9667330335669989,0
3134,41785a426b555ab9,True,1.0,1.0,0.9269460575214007,1.0,1.0,1.0,0.9695608573005835,0
3135,41890b20b92953b4,True,1.0,1.0,1.0,0.0,1.0,1.0,0.5833333333333334,0
3136,41892d06df125856,True,1.0,1.0,1.0,1.0,1.0,1.0,1.0,0
3137,418c618fc266506b,True,1.0,1.0,1.0,1.0,1.0,1.0,1.0,0
3138,418eb2a0ba415e93,True,1.0,1.0,0.9563393714941194,1.0,1.0,1.0,0.981808071455883,0
3139,418f3b3a155f5655,True,1.0,1.0,0.7937549837008203,1.0,1.0,1.0,0.9140645765420085,0
3140,4196ab00e95e532d,True,1.0,1.0,1.0,1.0,1.0,1.0,1.0,0
3141,419ff14e34c45d7f,True,1.0,1.0,0.9784131782186297,1.0,1.0,1.0,0.991005490924429,0
3142,41b4a4440a3e59fc,True,1.0,1.0,1.0,1.0,1.0,1.0,1.0,0
3143,41bddf65c8155bd5,True,1.0,1.0,0.7529124561321088,1.0,1.0,1.0,0.8970468567217119,0
3144,41bf372d03d95267,True,1.0,1.0,1.0,1.0,1.0,1.0,1.0,0
3145,41c18772e7ac5696,True,1.0,1.0,0.6951007097108259,1.0,1.0,1.0,0.8729586290461775,0
3146,41c548e7d8aa5f1a,True,1.0,1.0,0.7186206127681736,1.0,1.0,1.0,0.8827585886534056,0
3147,41c7edfd989451cf,True,1.0,1.0,1.0,1.0,1.0,1.0,1.0,0
3148,41cf41279f5459f6,True,1.0,1.0,1.0,0.0,1.0,1.0,0.5833333333333334,0
3149,41d49aa70484596d,True,1.0,1.0,0.6868549776341063,1.0,1.0,1.0,0.8695229073475442,0
3150,41d7b533797c5209,True,1.0,1.0,1.0,1.0,1.0,1.0,1.0,0
3151,41d8a2d6fa6853c5,True,1.0,1.0,0.8560142088153831,1.0,1.0,1.0,0.940005920339743,0
3152,41da8ea7c14754d2,True,1.0,1.0,1.0,1.0,1.0,1.0,1.0,0
3153,41f275bfd30e514a,True,1.0,1.0,1.0,1.0,1.0,1.0,1.0,0
3154,41f3712a30b956e6,True,1.0,1.0,0.9290257912340958,1.0,1.0,1.0,0.9704274130142067,0
3155,41f86f5fb97d505c,True,1.0,1.0,0.8073204649592715,1.0,1.0,1.0,0.9197168603996965,0
3156,42007c7edb945956,True,1.0,1.0,0.8631584536681931,1.0,1.0,1.0,0.9429826890284138,0
3157,4201a91014c852a8,True,1.0,1.0,0.9622843348239241,1.0,1.0,1.0,0.9842851395099683,0
3158,42032a0cedd95dc9,True,1.0,1.0,1.0,1.0,1.0,1.0,1.0,0
3159,4203da2e7a8b518d,True,1.0,1.0,0.9890547606458642,1.0,1.0,1.0,0.9954394836024433,0
3160,42052560d5925f35,True,1.0,1.0,1.0,1.0,1.0,1.0,1.0,0
3161,420d59a27cb053ae,True,1.0,1.0,1.0,1.0,1.0,1.0,1.0,0
3162,4211afd0df14524c,True,1.0,1.0,1.0,1.0,1.0,1.0,1.0,0
3163,42160b555f2a5aa0,True,1.0,1.0,0.7270043969307711,1.0,1.0,1.0,0.886251832054488,0
3164,422a764bf2dc593c,True,1.0,1.0,0.8497336571497647,1.0,1.0,1.0,0.937389023812402,0
3165,4231dc0eadd75a2d,True,1.0,1.0,0.6444725278656551,1.0,1.0,1.0,0.8518635532773563,0
3166,424cdafd92f25209,True,1.0,1.0,1.0,1.0,1.0,1.0,1.0,0
3167,424e3df76d475635,True,1.0,1.0,0.8691514378963233,1.0,1.0,1.0,0.9454797657901347,0
3168,42545a072b1a5820,True,1.0,1.0,0.8546916106193102,1.0,1.0,1.0,0.939454837758046,0
3169,42559fd839fa54b2,True,1.0,1.0,0.8700516810792106,1.0,1.0,1.0,0.9458548671163377,0
3170,4256146a0b765876,True,1.0,1.0,1.0,1.0,1.0,1.0,1.0,0
3171,4257350828cf5e87,True,1.0,1.0,0.9332784476245609,1.0,1.0,1.0,0.9721993531769003,0
3172,42629decf8ad5328,True,1.0,1.0,1.0,1.0,1.0,1.0,1.0,0
3173,42643a30b402538f,True,1.0,1.0,1.0,1.0,1.0,1.0,1.0,0
3174,426cc213a80352f9,True,1.0,1.0,0.8398482697611952,1.0,1.0,1.0,0.9332701124004981,0
3175,427ee2e0d1c05699,True,1.0,1.0,1.0,1.0,1.0,0.5,1.0,0
3176,4280b7024092550c,True,1.0,1.0,1.0,1.0,1.0,1.0,1.0,0
3177,428532e023bc5783,True,1.0,1.0,0.8919620560045227,1.0,1.0,0.0,0.9549841900018845,0
3178,4291f388556f5837,True,1.0,1.0,0.8876107076353645,1.0,1.0,1.0,0.9531711281814018,0
3179,4291f43bae455b98,True,1.0,1.0,1.0,1.0,1.0,1.0,1.0,0
3180,4299796c2c845718,True,1.0,1.0,0.7846248555156815,1.0,1.0,1.0,0.9102603564648674,0
3181,429cd9dc9d2154a4,True,1.0,1.0,1.0,1.0,1.0,1.0,1.0,0
3182,42a04da3bc0351e1,True,1.0,1.0,0.7357096807798718,1.0,1.0,1.0,0.8898790336582799,0
3183,42a20478abeb54d5,True,1.0,1.0,1.0,1.0,1.0,0.0,1.0,0
3184,42b065f7e76d50ed,True,1.0,1.0,1.0,1.0,1.0,1.0,1.0,0
3185,42b4245406ee5ab8,True,1.0,1.0,0.9478875592608049,1.0,1.0,1.0,0.9782864830253354,0
3186,42ba77cc2fb05229,True,1.0,1.0,1.0,1.0,1.0,1.0,1.0,0
3187,42c1346e9b585c5b,True,1.0,1.0,0.8133884969852582,1.0,1.0,1.0,0.9222452070771908,0
3188,42c7526fc6845005,True,1.0,1.0,0.8814277857028379,1.0,1.0,1.0,0.9505949107095159,0
3189,42c8571d47305166,True,1.0,1.0,0.9322360047784547,1.0,1.0,1.0,0.9717650019910229,0
3190,42d1bc19fbc35965,True,0.0,1.0,0.0,0.0,1.0,1.0,0.0,0
3191,42d2414f92c651bf,True,1.0,1.0,1.0,1.0,1.0,0.5,1.0,0
3192,42dc421e37c154e5,True,1.0,1.0,1.0,1.0,1.0,1.0,1.0,0
3193,42e65d558a9c5813,True,1.0,1.0,0.8519894196732402,1.0,1.0,1.0,0.9383289248638501,0
3194,42eef0001e6c5498,True,1.0,1.0,0.7095079962093207,1.0,1.0,1.0,0.8789616650872171,0
3195,4300f964edbd5ce4,True,1.0,1.0,1.0,1.0,1.0,1.0,1.0,0
3196,4302a0a4b9f05b61,True,1.0,1.0,0.735028152555552,1.0,1.0,0.5,0.8895950635648133,0
3197,430589fe41235469,True,1.0,1.0,0.7875153631401136,1.0,1.0,1.0,0.9114647346417141,0
3198,43066c8c8e325fcf,True,1.0,1.0,1.0,0.0,1.0,1.0,0.5833333333333334,0
3199,430f1f445caf5b3e,True,1.0,1.0,0.8493980192069471,1.0,1.0,1.0,0.9372491746695614,0
3200,4310513b861550dc,True,1.0,1.0,1.0,1.0,1.0,1.0,1.0,0
3201,4314c162a57f568e,True,1.0,1.0,0.6558509735056329,1.0,1.0,1.0,0.8566045722940138,0
3202,43162b00fe4550b8,True,1.0,1.0,0.9277362469217628,1.0,1.0,1.0,0.9698901028840679,0
3203,431840d399445a32,True,1.0,1.0,0.8402457386310177,1.0,1.0,1.0,0.9334357244295907,0
3204,431869f33ace51a0,True,1.0,1.0,1.0,0.0,1.0,1.0,0.5833333333333334,0
3205,431ae29947e95c26,True,1.0,1.0,1.0,1.0,1.0,1.0,1.0,0
3206,432598c0bda65445,True,0.0,1.0,0.0,0.0,1.0,1.0,0.0,0
3207,432dcd9a21c25043,True,1.0,1.0,0.9107419411426403,1.0,1.0,1.0,0.9628091421427668,0
3208,43311faf65e25505,True,1.0,1.0,1.0,1.0,1.0,1.0,1.0,0
3209,4332fab190e05b95,True,1.0,1.0,1.0,1.0,1.0,1.0,1.0,0
3210,4334739a7f4e554e,True,1.0,1.0,1.0,1.0,1.0,1.0,1.0,0
3211,4339d22a9e205757,True,1.0,1.0,0.880888806272647,1.0,1.0,1.0,0.9503703359469363,0
3212,433a4b88d64350dd,True,1.0,1.0,0.9121415462317282,1.0,1.0,1.0,0.9633923109298866,0
3213,433d630eed9d5f3a,True,1.0,1.0,0.9330744259193653,1.0,1.0,1.0,0.9721143441330687,0
3214,4342cb36fbba580b,True,1.0,1.0,0.8894425108594115,1.0,1.0,1.0,0.9539343795247547,0
3215,43440ae761cd5a8e,True,1.0,1.0,0.8836737490674396,1.0,1.0,1.0,0.9515307287780997,0
3216,43458f6eab155322,True,1.0,1.0,1.0,1.0,1.0,1.0,1.0,0
3217,43493f9be4735732,True,1.0,1.0,1.0,1.0,1.0,1.0,1.0,0
3218,434a1b5995365a33,True,1.0,1.0,0.7393028354135474,1.0,1.0,1.0,0.8913761814223115,0
3219,434aa60fb0165165,True,1.0,1.0,0.6150239642752887,1.0,1.0,1.0,0.839593318448037,0
3220,434f74e0c3e25cdd,True,1.0,1.0,0.8542785982704192,1.0,1.0,1.0,0.9392827492793413,0
3221,435298980d7e5fb1,True,1.0,1.0,0.7898696393472598,1.0,1.0,1.0,0.9124456830613582,0
3222,4355d2853ef15044,True,1.0,1.0,1.0,1.0,1.0,1.0,1.0,0
3223,4356c31443585d79,True,1.0,1.0,0.832840974427746,1.0,1.0,0.0,0.9303504060115607,0
3224,435eadb0f1fe5b49,True,0.0,1.0,0.0,0.0,1.0,1.0,0.0,0
3225,436728a1202a5ae6,True,1.0,1.0,0.9518543145006279,1.0,1.0,1.0,0.9799392977085949,0
3226,436da44562c95ac0,True,1.0,1.0,1.0,1.0,1.0,1.0,1.0,0
3227,43761f0721035214,True,1.0,1.0,1.0,0.0,1.0,1.0,0.5833333333333334,0
3228,43768792861e5c7e,True,1.0,1.0,0.7445144552028722,1.0,1.0,1.0,0.8935476896678635,0
3229,4376d00ed2245c21,True,1.0,0.0,0.0,1.0,1.0,1.0,0.0,0
3230,4379fb75ac085d26,True,1.0,1.0,0.7267342508857945,1.0,1.0,1.0,0.8861392712024143,0
3231,4384cab8593f505e,True,1.0,1.0,0.7703352322544305,1.0,1.0,1.0,0.9043063467726794,0
3232,4386a0ba98f95bb3,True,1.0,1.0,0.7096819241979571,1.0,1.0,1.0,0.8790341350824821,0
3233,43a4f01072795345,True,1.0,1.0,1.0,1.0,1.0,1.0,1.0,0
3234,43a759f57b1d51e4,True,1.0,1.0,0.7105857249324343,1.0,1.0,1.0,0.8794107187218477,0
3235,43b78800618758d9,True,1.0,1.0,0.9018707355734198,1.0,1.0,1.0,0.959112806488925,0
3236,43c3a96bede25b1c,True,1.0,1.0,0.7966481884023808,1.0,1.0,1.0,0.915270078500992,0
3237,43c65ce08ad6564e,True,1.0,1.0,0.6211558939460118,1.0,1.0,1.0,0.8421482891441716,0
3238,43c74ea303715baf,True,1.0,1.0,0.7932125345001074,1.0,1.0,1.0,0.9138385560417115,0
3239,43c8e05e697f5abe,True,1.0,1.0,1.0,1.0,1.0,1.0,1.0,0
3240,43c9ac6f2bf95da0,True,1.0,1.0,1.0,1.0,1.0,1.0,1.0,0
3241,43cc094e7af0518e,True,1.0,1.0,1.0,1.0,1.0,1.0,1.0,0
3242,43ce8a5ddf8f5541,True,1.0,1.0,1.0,1.0,1.0,1.0,1.0,0
3243,43cfa12f279355aa,True,1.0,1.0,0.8896976990096235,1.0,1.0,1.0,0.9540407079206764,0
3244,43d3d40d9f3b5266,True,1.0,1.0,0.8033313358574439,1.0,1.0,1.0,0.918054723273935,0
3245,43e42cf1a2175b88,True,1.0,1.0,0.8724016614849247,1.0,1.0,1.0,0.9468340256187187,0
3246,43e7125800a6532c,True,1.0,1.0,0.9046358153649289,1.0,1.0,1.0,0.9602649230687202,0
3247,43ebecce459052f2,True,1.0,1.0,0.9946922918509317,1.0,1.0,1.0,0.9977884549378881,0
3248,43ef28a235035eac,True,1.0,1.0,1.0,1.0,1.0,1.0,1.0,0
3249,43f586c2ca4b5929,True,1.0,1.0,0.6514901332703054,1.0,1.0,1.0,0.854787555529294,0
3250,43fccd5d69235617,True,1.0,1.0,1.0,1.0,1.0,1.0,1.0,0
3251,43fd9868f2ed549f,True,1.0,1.0,0.8102751721655539,1.0,1.0,1.0,0.9209479884023141,0
3252,43fe2321124251d3,True,1.0,1.0,1.0,1.0,1.0,1.0,1.0,0
3253,440364f63ee95043,True,1.0,1.0,1.0,1.0,1.0,1.0,1.0,0
3254,44062179c5b350bc,True,1.0,1.0,1.0,1.0,1.0,1.0,1.0,0
3255,440690fa94cb50d5,True,1.0,1.0,0.6108903111844798,1.0,1.0,1.0,0.8378709629935331,0
3256,44137cf5578956d1,True,1.0,1.0,0.9171001292804806,1.0,1.0,1.0,0.9654583872002003,0
3257,4413dc9f17ab56b0,True,1.0,1.0,0.8252341130015669,1.0,1.0,1.0,0.9271808804173195,0
3258,4417a92b5b1956b8,True,1.0,1.0,0.820355869375723,1.0,1.0,1.0,0.9251482789065513,0
3259,4421e25bf73a553b,True,1.0,1.0,0.6482250672967587,1.0,1.0,1.0,0.8534271113736495,0
3260,44230a68f8305c14,True,1.0,1.0,0.9938523766277769,1.0,1.0,1.0,0.9974384902615737,0
3261,442b2cf63c6f570a,True,1.0,1.0,0.8384762297079633,1.0,1.0,1.0,0.9326984290449847,0
3262,443099f672655d56,True,1.0,1.0,0.7984335050131205,1.0,1.0,1.0,0.9160139604221335,0
3263,44324a7aa04f5501,True,1.0,1.0,0.8254841838067292,1.0,1.0,1.0,0.9272850765861372,0
3264,4434242a192c58b4,True,1.0,1.0,1.0,1.0,1.0,1.0,1.0,0
3265,443b9c514efc5829,True,1.0,1.0,1.0,1.0,1.0,1.0,1.0,0
3266,444d8e18dcce5e49,True,1.0,1.0,0.832464703751814,1.0,1.0,1.0,0.9301936265632559,0
3267,44699d8556a1519e,True,1.0,1.0,0.7406172306585013,1.0,1.0,1.0,0.8919238461077089,0
3268,446dbb38653a51a8,True,1.0,1.0,1.0,1.0,1.0,1.0,1.0,0
3269,447650d1d57c58b7,True,1.0,1.0,0.6997894151578944,1.0,1.0,1.0,0.8749122563157893,0
3270,447a983c9fc45077,True,1.0,1.0,1.0,1.0,1.0,1.0,1.0,0
3271,447e7b334e165460,True,1.0,1.0,0.9676489413149867,1.0,1.0,1.0,0.9865203922145778,0
3272,448808123f695637,True,1.0,1.0,1.0,1.0,1.0,1.0,1.0,0
3273,44894928f21d5e38,True,1.0,1.0,0.9941351496224577,1.0,1.0,1.0,0.9975563123426907,0
3274,4495218e41b35f25,True,1.0,1.0,1.0,1.0,1.0,1.0,1.0,0
3275,449baff4aece5ab3,True,1.0,1.0,1.0,1.0,1.0,1.0,1.0,0
3276,449ed0c45858583f,True,1.0,1.0,0.8507516014146519,1.0,1.0,1.0,0.9378131672561049,0
3277,449f88cb93fe53d8,True,1.0,1.0,1.0,1.0,1.0,1.0,1.0,0
3278,44a4f1048fcc57ea,True,1.0,1.0,0.9340253763116694,1.0,1.0,1.0,0.9725105734631955,0
3279,44a82a16cdbc5813,True,1.0,1.0,1.0,1.0,1.0,1.0,1.0,0
3280,44b1999e4b2551b8,True,1.0,1.0,1.0,1.0,1.0,1.0,1.0,0
3281,44c38912946e580e,True,1.0,1.0,1.0,1.0,1.0,1.0,1.0,0
3282,44c39701a6d65696,True,1.0,1.0,0.9681122971901377,1.0,1.0,1.0,0.9867134571625574,0
3283,44cbdb68f39f579d,True,1.0,1.0,1.0,1.0,1.0,1.0,1.0,0
3284,44cc84f91c6b5bf5,True,1.0,1.0,1.0,1.0,1.0,1.0,1.0,0
3285,44cd06a315635c09,True,1.0,1.0,0.7355771518216037,1.0,1.0,1.0,0.8898238132590016,0
3286,44cedd469129548d,True,1.0,1.0,0.784732718390436,1.0,1.0,1.0,0.9103052993293484,0
3287,44de6aa3d6955912,True,1.0,1.0,1.0,1.0,1.0,1.0,1.0,0
3288,44e882ff27ec5566,True,1.0,1.0,0.9586238176696191,1.0,1.0,1.0,0.982759924029008,0
3289,44f6f13541dd526e,True,1.0,1.0,0.8769797473555018,1.0,1.0,1.0,0.9487415613981257,0
3290,44f736cbb0365616,True,1.0,1.0,0.9728765889248093,1.0,1.0,1.0,0.9886985787186706,0
3291,44f75400f3a15c14,True,1.0,1.0,0.9873836994966622,1.0,1.0,1.0,0.9947432081236093,0
3292,44f758bf2bee53ce,True,1.0,1.0,0.8699674779849841,1.0,1.0,1.0,0.9458197824937434,0
3293,4501554f824e59fc,True,1.0,1.0,0.899657175683005,1.0,1.0,1.0,0.9581904898679188,0
3294,4509bc830bbc5fbd,True,1.0,1.0,1.0,1.0,1.0,1.0,1.0,0
3295,450d66ced3175d35,True,1.0,1.0,0.8726228667707645,1.0,1.0,1.0,0.9469261944878186,0
3296,450df2d719cb5c88,True,1.0,1.0,0.8913255345222337,1.0,1.0,1.0,0.9547189727175974,0
3297,45102df6530d59e8,True,1.0,1.0,0.9219535828185988,1.0,1.0,1.0,0.9674806595077495,0
3298,4511645a5e9a5bcd,True,1.0,1.0,0.8746448472073838,1.0,1.0,1.0,0.9477686863364099,0
3299,451b114eef365ee0,True,1.0,1.0,0.9175853867397629,1.0,1.0,1.0,0.9656605778082344,0
3300,451f66014a765bce,True,1.0,1.0,1.0,1.0,1.0,1.0,1.0,0
3301,45224683225b5617,True,1.0,1.0,0.6006948147035774,1.0,1.0,1.0,0.833622839459824,0
3302,453bdd4f77af5c90,True,1.0,1.0,0.8919428389272374,1.0,1.0,1.0,0.954976182886349,0
3303,453be1f585b1589f,True,1.0,1.0,0.898148246111693,1.0,1.0,1.0,0.9575617692132053,0
3304,45408d0676b7570c,True,1.0,1.0,1.0,1.0,1.0,1.0,1.0,0
3305,4543b41a1fec5a97,True,1.0,1.0,0.760007745247355,1.0,1.0,1.0,0.9000032271863979,0
3306,4543fc207fbb553e,True,1.0,1.0,0.7193249161075007,1.0,1.0,1.0,0.8830520483781253,0
3307,45441aede44b5547,True,1.0,1.0,1.0,1.0,1.0,1.0,1.0,0
3308,454446c80b625c47,True,1.0,1.0,0.9627450528597254,1.0,1.0,1.0,0.984477105358219,0
3309,454e63f98e365a3a,True,1.0,1.0,1.0,1.0,1.0,1.0,1.0,0
3310,455037cfe9a95796,True,1.0,1.0,1.0,1.0,1.0,1.0,1.0,0
3311,4554dbd136da53b8,True,1.0,1.0,0.9056755125585088,1.0,1.0,1.0,0.960698130232712,0
3312,455f894b6e3b58ab,True,1.0,1.0,1.0,1.0,1.0,0.5,1.0,0
3313,455fdf27af915de2,True,0.5,1.0,1.0,1.0,1.0,1.0,0.5,0
3314,4566a3d9b5e95d9b,True,1.0,1.0,1.0,1.0,1.0,1.0,1.0,0
3315,456ef599efa85659,True,1.0,1.0,0.7949331236501197,1.0,1.0,1.0,0.91455546818755,0
3316,457acf87bc885550,True,1.0,1.0,0.7121036132031007,1.0,1.0,1.0,0.8800431721679587,0
3317,4581d95a873c5679,True,1.0,1.0,1.0,1.0,1.0,1.0,1.0,0
3318,45845be1b56d59c7,True,1.0,1.0,1.0,1.0,1.0,1.0,1.0,0
3319,45878940b52550ea,True,1.0,1.0,0.9850937579163135,1.0,1.0,1.0,0.993789065798464,0
3320,4588d3bc87cd5a49,True,1.0,1.0,0.749520377947658,1.0,1.0,1.0,0.8956334908115241,0
3321,458ab847ffa957e8,True,1.0,1.0,0.9072465098852734,1.0,1.0,1.0,0.9613527124521973,0
3322,458aff4d43725bd3,True,1.0,1.0,1.0,1.0,1.0,1.0,1.0,0
3323,458e833803315b4f,True,1.0,1.0,0.8023637367410807,1.0,1.0,1.0,0.9176515569754503,0
3324,458fa5236b795941,True,1.0,1.0,0.9167287291007322,1.0,1.0,1.0,0.9653036371253051,0
3325,45935e0787fd5a31,True,1.0,1.0,0.8582696840035883,1.0,1.0,1.0,0.9409457016681618,0
3326,45b494315ca85268,True,1.0,1.0,0.9126103439740687,1.0,1.0,1.0,0.9635876433225287,0
3327,45b4f09799295069,True,1.0,1.0,0.9846151574991056,1.0,1.0,1.0,0.9935896489579606,0
3328,45c1c24ad1d35bfb,True,1.0,1.0,0.830920004912666,1.0,1.0,1.0,0.9295500020469442,0
3329,45c3a52706c555df,True,1.0,1.0,0.7057044798770967,1.0,1.0,1.0,0.877376866615457,0
3330,45c4158a235e514a,True,0.0,1.0,0.0,0.0,1.0,1.0,0.0,0
3331,45c6be97d810541f,True,1.0,1.0,0.692484686933531,1.0,1.0,1.0,0.871868619555638,0
3332,45d416b638f95a9c,True,1.0,1.0,0.9839918686474934,1.0,1.0,1.0,0.9933299452697889,0
3333,45d6c16000b75270,True,1.0,1.0,1.0,1.0,1.0,1.0,1.0,0
3334,45d77984273c5205,True,1.0,1.0,1.0,1.0,1.0,1.0,1.0,0
3335,45e6bebee4305fb6,True,0.0,1.0,0.0,0.0,1.0,1.0,0.0,0
3336,45e8b10f95925c47,True,1.0,1.0,0.9081669838280624,1.0,1.0,1.0,0.9617362432616927,0
3337,45e9a0bc222452bf,True,1.0,1.0,1.0,0.0,1.0,1.0,0.5833333333333334,0
3338,45ebc34cbe405c3e,True,1.0,1.0,1.0,1.0,1.0,1.0,1.0,0
3339,45f13336bbd35146,True,1.0,1.0,0.8959039829909283,1.0,1.0,1.0,0.9566266595795535,0
3340,460110d5a345522d,True,1.0,1.0,1.0,1.0,1.0,1.0,1.0,0
3341,4606b66d9fe75354,True,1.0,1.0,1.0,1.0,1.0,1.0,1.0,0
3342,460c1bc090365d1b,True,1.0,1.0,0.9757613989735083,1.0,1.0,0.0,0.9899005829056285,0
3343,4624907fdacb5038,True,1.0,1.0,0.8928268272211446,1.0,1.0,1.0,0.9553445113421436,0
3344,462ba3dea9fb590b,True,1.0,1.0,1.0,1.0,1.0,1.0,1.0,0
3345,4631b80af7fb5f2f,True,1.0,1.0,1.0,1.0,1.0,1.0,1.0,0
3346,46320fa2dc795a5a,True,1.0,1.0,1.0,1.0,1.0,1.0,1.0,0
3347,46369836a9b654ee,True,1.0,1.0,0.8413513961113988,1.0,1.0,0.0,0.9338964150464162,0
3348,463c7c8c669d57cf,True,1.0,1.0,0.7895443814722755,1.0,1.0,1.0,0.9123101589467814,0
3349,463d1cf17f915536,True,1.0,1.0,0.797251296048303,1.0,1.0,1.0,0.9155213733534596,0
3350,4646c3058d13526c,True,1.0,1.0,0.8472740879108472,1.0,1.0,1.0,0.9363642032961863,0
3351,4655358777d95867,True,1.0,1.0,1.0,1.0,1.0,1.0,1.0,0
3352,465d43bf893d5e66,True,1.0,1.0,0.6613561920721199,1.0,1.0,1.0,0.8588984133633834,0
3353,465d879f0b205c8f,True,1.0,1.0,1.0,1.0,1.0,1.0,1.0,0
3354,465e7357a8965dcd,True,1.0,1.0,0.8722597751749511,1.0,1.0,1.0,0.9467749063228963,0
3355,4668c53b54255008,True,1.0,1.0,0.7882350338551686,1.0,1.0,1.0,0.9117645974396535,0
3356,466b634cd806541b,True,0.0,1.0,0.0,0.0,1.0,1.0,0.0,0
3357,467191a24ffe57aa,True,1.0,1.0,1.0,1.0,1.0,1.0,1.0,0
3358,4674e35da8425113,True,1.0,1.0,0.9879593588647029,1.0,1.0,1.0,0.9949830661936262,0
3359,467879c3d37054f5,True,1.0,1.0,0.8493813605848443,1.0,1.0,1.0,0.9372422335770185,0
3360,467a4f14137a5910,True,1.0,1.0,0.8695926865863105,1.0,1.0,1.0,0.9456636194109628,0
3361,469dfe790903577a,True,1.0,1.0,0.9107231310880449,1.0,1.0,1.0,0.9628013046200188,0
3362,46a90143da335a9a,True,1.0,1.0,1.0,1.0,1.0,1.0,1.0,0
3363,46a9bf6f100c5e0a,True,1.0,1.0,0.8124243199101056,1.0,1.0,1.0,0.9218434666292107,0
3364,46adda2ea05a50a4,True,1.0,1.0,0.9393049033783848,1.0,1.0,1.0,0.9747103764076602,0
3365,46aea2dcb1485353,True,1.0,1.0,0.8149898456078487,1.0,1.0,1.0,0.9229124356699371,0
3366,46b79218b0195050,True,1.0,1.0,0.9242413330259348,1.0,1.0,1.0,0.968433888760806,0
3367,46c8d578ddb55784,True,1.0,1.0,0.8031690873256978,1.0,1.0,1.0,0.9179871197190407,0
3368,46c94b5d7c89561c,True,1.0,1.0,0.872847061568016,1.0,1.0,1.0,0.9470196089866733,0
3369,46cd5885206b5c6d,True,1.0,1.0,0.9429855635001752,1.0,1.0,1.0,0.9762439847917396,0
3370,46ce401b30ac56e9,True,1.0,1.0,0.8883622881511425,1.0,1.0,1.0,0.9534842867296427,0
3371,46deeff0d0495df6,True,1.0,1.0,1.0,1.0,1.0,1.0,1.0,0
3372,46e5a6cf37de5493,True,0.0,1.0,0.0,0.0,1.0,1.0,0.0,0
3373,46e614a434b650e3,True,1.0,1.0,0.6108393779945036,1.0,1.0,1.0,0.8378497408310431,0
3374,46ee8e2727455a9f,True,1.0,1.0,0.973586150623725,1.0,1.0,1.0,0.988994229426552,0
3375,46f4d9ea67c75a76,True,1.0,1.0,1.0,1.0,1.0,1.0,1.0,0
3376,470d0eceeaf75102,True,1.0,1.0,0.9427150066118681,1.0,1.0,1.0,0.9761312527549451,0
3377,4711d15a356a54e9,True,1.0,1.0,1.0,0.0,1.0,1.0,0.5833333333333334,0
3378,471869e791085ef6,True,1.0,1.0,0.9047959181664084,1.0,1.0,1.0,0.9603316325693368,0
3379,471d0206688f5e3b,True,1.0,1.0,0.6891862786509957,1.0,1.0,1.0,0.8704942827712482,0
3380,472472b9f03a5b8f,True,1.0,1.0,0.9451633560122346,1.0,1.0,1.0,0.9771513983384311,0
3381,472899393e8f55e1,True,1.0,1.0,0.9105542007416164,1.0,1.0,1.0,0.9627309169756734,0
3382,47359dd210e254ea,True,1.0,1.0,1.0,1.0,1.0,1.0,1.0,0
3383,4738ed6a4f665c01,True,1.0,1.0,1.0,1.0,1.0,1.0,1.0,0
3384,473a047c10f45ef3,True,1.0,1.0,1.0,1.0,1.0,1.0,1.0,0
3385,4742cf16ab0f515b,True,1.0,1.0,1.0,1.0,1.0,1.0,1.0,0
3386,4745746f9a555951,True,1.0,1.0,0.9105068892107051,1.0,1.0,1.0,0.9627112038377937,0
3387,4749b2486da65268,True,1.0,1.0,1.0,1.0,1.0,1.0,1.0,0
3388,4749d401a5a95254,True,1.0,1.0,0.8575962375302754,1.0,1.0,1.0,0.940665098970948,0
3389,4750f239602d5627,True,1.0,1.0,0.8467985725283236,1.0,1.0,1.0,0.9361660718868015,0
3390,47510e3eddd950ad,True,1.0,1.0,0.8094955039986651,1.0,1.0,1.0,0.9206231266661105,0
3391,4755336a0e225d97,True,1.0,1.0,1.0,1.0,1.0,1.0,1.0,0
3392,4757ef31c4975240,True,1.0,1.0,1.0,1.0,1.0,1.0,1.0,0
3393,475a45837ca75030,True,1.0,1.0,1.0,1.0,1.0,1.0,1.0,0
3394,4763f30d505c5ea6,True,1.0,1.0,0.7652833244111013,1.0,1.0,1.0,0.9022013851712921,0
3395,4768080b04d5530e,True,1.0,1.0,0.951907231979721,1.0,1.0,1.0,0.9799613466582171,0
3396,476ad53b78325ef2,True,1.0,1.0,0.5576140286180684,1.0,1.0,1.0,0.8156725119241952,0
3397,476c37463b4f580e,True,1.0,1.0,1.0,1.0,1.0,1.0,1.0,0
3398,476c5597de1b5455,True,1.0,1.0,1.0,1.0,1.0,1.0,1.0,0
3399,476d6788dbd2518f,True,1.0,1.0,1.0,1.0,1.0,1.0,1.0,0
3400,47a83e9f70525906,True,1.0,1.0,0.911815253636793,1.0,1.0,1.0,0.9632563556819971,0
3401,47a8cb60d2275feb,True,1.0,1.0,1.0,1.0,1.0,1.0,1.0,0
3402,47af60921ec65144,True,1.0,1.0,0.859653071014901,1.0,1.0,1.0,0.9415221129228755,0
3403,47b1e103c4f1584a,True,1.0,1.0,0.7682766081541595,1.0,1.0,1.0,0.9034485867308998,0
3404,47b8a869ffed5965,True,1.0,1.0,1.0,1.0,1.0,1.0,1.0,0
3405,47bc25abb0705dc9,True,1.0,1.0,0.9500270449262989,1.0,1.0,1.0,0.9791779353859579,0
3406,47bf6a2499af5368,True,1.0,1.0,1.0,1.0,1.0,1.0,1.0,0
3407,47bfcc64021a518d,True,1.0,1.0,0.85176978439759,1.0,1.0,1.0,0.9382374101656624,0
3408,47c8c3903f245f96,True,1.0,1.0,1.0,1.0,1.0,1.0,1.0,0
3409,47c92818d9005eea,True,1.0,1.0,1.0,1.0,1.0,1.0,1.0,0
3410,47cdeda07aeb5b19,True,1.0,1.0,0.796705780652119,0.0,1.0,1.0,0.49862740860504956,0
3411,47d7aecedea25a0b,True,1.0,1.0,0.9864841975431203,1.0,1.0,1.0,0.9943684156429669,0
3412,47d82a7c046d57bc,True,1.0,1.0,0.8298565536052571,1.0,1.0,1.0,0.9291068973355238,0
3413,47da19c4edbe5b95,True,1.0,1.0,0.68505314726707,1.0,1.0,1.0,0.8687721446946125,0
3414,47e005481cf0579d,True,1.0,1.0,0.9918255761660191,1.0,1.0,1.0,0.9965939900691746,0
3415,47e0ff3bc36a5f69,True,1.0,1.0,1.0,1.0,1.0,1.0,1.0,0
3416,47e3bbbd82b2583b,True,1.0,0.0,0.0,1.0,1.0,1.0,0.0,0
3417,47e64379df6b55b2,True,1.0,1.0,1.0,0.0,1.0,1.0,0.5833333333333334,0
3418,47e96fba9c115fe7,True,1.0,1.0,0.9801524198263463,1.0,1.0,1.0,0.9917301749276444,0
3419,47ece51118f95d1d,True,1.0,1.0,1.0,1.0,1.0,1.0,1.0,0
3420,47f29dad0bec52d2,True,1.0,1.0,0.7065364836051661,1.0,1.0,1.0,0.8777235348354858,0
3421,47f3a90709ad56ed,True,1.0,1.0,0.8675820344362631,1.0,1.0,1.0,0.9448258476817762,0
3422,47f76d2da48f57ba,True,1.0,1.0,0.7385866980299929,1.0,1.0,1.0,0.8910777908458304,0
3423,47f8cc513134512b,True,1.0,1.0,0.9080034172746746,1.0,1.0,1.0,0.9616680905311145,0
3424,47f9e40a21f7510a,True,1.0,1.0,1.0,1.0,1.0,1.0,1.0,0
3425,47fae9a1708b5101,True,1.0,1.0,1.0,1.0,1.0,1.0,1.0,0
3426,47fdf7c04b155eac,True,1.0,1.0,0.62816176366304,1.0,1.0,0.0,0.8450674015262667,0
3427,4800c57e89db5eae,True,1.0,1.0,1.0,1.0,1.0,1.0,1.0,0
3428,480325e1f5085385,True,1.0,1.0,1.0,1.0,1.0,1.0,1.0,0
3429,480f8beca45f53cd,True,1.0,0.0,0.0,1.0,1.0,1.0,0.0,0
3430,48109ecc22f65d58,True,1.0,1.0,1.0,1.0,1.0,1.0,1.0,0
3431,48183678cb965e68,True,1.0,1.0,0.6916458744187046,1.0,1.0,1.0,0.8715191143411269,0
3432,482601c870805c11,True,1.0,1.0,1.0,1.0,1.0,1.0,1.0,0
3433,4826c59b43f6568a,True,1.0,1.0,0.8427707424488818,1.0,1.0,1.0,0.9344878093537008,0
3434,48271cdeceb35236,True,1.0,1.0,1.0,1.0,1.0,1.0,1.0,0
3435,4827434c5d3659cd,True,1.0,1.0,0.9770878934259543,1.0,1.0,1.0,0.990453288927481,0
3436,482989b8df6550b5,True,1.0,1.0,1.0,1.0,1.0,1.0,1.0,0
3437,483042d5dc175e99,True,1.0,1.0,0.7917232930235298,1.0,1.0,1.0,0.9132180387598042,0
3438,48321ca34be254e5,True,1.0,1.0,0.9240537122322275,1.0,1.0,1.0,0.9683557134300947,0
3439,483bb60b0a0451e6,True,1.0,1.0,0.9733943454802414,1.0,1.0,1.0,0.9889143106167673,0
3440,483faae37fd95b91,True,1.0,1.0,0.801043443147115,1.0,1.0,1.0,0.9171014346446312,0
3441,4849a426de8e5d24,True,1.0,1.0,0.8874317398830768,1.0,1.0,1.0,0.9530965582846154,0
3442,484acea96ad3506a,True,1.0,1.0,0.7629660901393124,1.0,1.0,1.0,0.9012358708913801,0
3443,484b6d9a28f350bd,True,1.0,1.0,0.9893181820528615,1.0,1.0,1.0,0.9955492425220256,0
3444,484bac10bd295459,True,1.0,1.0,0.92016162040302,1.0,1.0,1.0,0.9667340085012585,0
3445,485b3e83878255b2,True,1.0,1.0,0.8856925604077412,1.0,1.0,1.0,0.9523719001698921,0
3446,485b59c15a7d5e8f,True,1.0,1.0,0.8742853316241446,1.0,1.0,1.0,0.9476188881767268,0
3447,4860585d53665508,True,1.0,1.0,1.0,1.0,1.0,1.0,1.0,0
3448,4865eea1e54c5a8e,True,1.0,1.0,0.8619372950830859,1.0,1.0,1.0,0.9424738729512857,0
3449,4874da28248a5026,True,1.0,1.0,1.0,1.0,1.0,1.0,1.0,0
3450,48762908e4705b55,True,1.0,1.0,1.0,1.0,1.0,1.0,1.0,0
3451,4885d99d4c3959b8,True,1.0,1.0,0.794132572398016,1.0,1.0,1.0,0.91422190516584,0
3452,488822d6447b5b58,True,1.0,1.0,0.8028863628308469,1.0,1.0,1.0,0.9178693178461863,0
3453,4889752cac5f5e59,True,1.0,1.0,0.9501326895948964,1.0,1.0,1.0,0.9792219539978735,0
3454,488dd191f7dc59a8,True,1.0,1.0,0.7361386179958841,1.0,1.0,1.0,0.8900577574982851,0
3455,4899341a782f5409,True,1.0,1.0,1.0,1.0,1.0,1.0,1.0,0
3456,489bb0ed93455b69,True,1.0,1.0,0.8765821536619735,1.0,1.0,1.0,0.9485758973591555,0
3457,489facb8ac705f4a,True,1.0,1.0,1.0,1.0,1.0,1.0,1.0,0
3458,48a547f135595df8,True,1.0,1.0,0.9197513624064781,1.0,1.0,1.0,0.966563067669366,0
3459,48a6621d92dd5be3,True,1.0,1.0,0.8993580703623846,1.0,1.0,1.0,0.9580658626509936,0
3460,48b2f85cc68c5a0a,True,1.0,1.0,0.7972153946093854,1.0,1.0,1.0,0.9155064144205772,0
3461,48b3dd8be2b554b6,True,1.0,1.0,0.802865305255058,1.0,1.0,1.0,0.9178605438562742,0
3462,48b503ec9c5a5d7a,True,1.0,1.0,0.9396888965035378,1.0,1.0,1.0,0.9748703735431409,0
3463,48b6d9fdf22d5a23,True,1.0,1.0,0.7558617345646099,1.0,1.0,1.0,0.8982757227352541,0
3464,48ba976afe6a59c8,True,1.0,1.0,0.6845145770653848,1.0,1.0,1.0,0.8685477404439103,0
3465,48bbe3acc93450aa,True,1.0,1.0,0.786925672885773,1.0,1.0,1.0,0.911219030369072,0
3466,48d1f3140a8c5487,True,1.0,1.0,0.8614657173749697,1.0,1.0,1.0,0.9422773822395708,0
3467,48e14ad3c65c5156,True,1.0,1.0,0.916977883307058,1.0,1.0,1.0,0.9654074513779408,0
3468,48e9a54281845595,True,1.0,1.0,1.0,1.0,1.0,0.5,1.0,0
3469,48ee746b1bfb5e7a,True,1.0,1.0,1.0,1.0,1.0,1.0,1.0,0
3470,48ef77409741520d,True,1.0,1.0,0.9655755875863163,1.0,1.0,1.0,0.9856564948276318,0
3471,48f00d40d416591d,True,1.0,1.0,1.0,1.0,1.0,1.0,1.0,0
3472,48f6a3bdc0bf5d64,True,1.0,1.0,0.9169279466081195,1.0,1.0,1.0,0.9653866444200497,0
3473,48f70b92d6895a39,True,1.0,1.0,1.0,1.0,1.0,0.5,1.0,0
3474,48f72313812d5f53,True,1.0,1.0,1.0,1.0,1.0,1.0,1.0,0
3475,48f9e483baaf58a0,True,1.0,1.0,0.6525718605366224,1.0,1.0,1.0,0.8552382752235926,0
3476,4900cab7493059e2,True,1.0,1.0,1.0,1.0,1.0,1.0,1.0,0
3477,490463fd7e9e5769,True,1.0,1.0,0.7512053991884362,1.0,1.0,0.5,0.8963355829951817,0
3478,490475b585895e0e,True,1.0,1.0,0.9412669105304652,1.0,1.0,1.0,0.9755278793876938,0
3479,49074bfb7c9e5c26,True,1.0,1.0,0.867558190706758,1.0,1.0,1.0,0.9448159127944825,0
3480,4907817195ff5d6f,True,1.0,1.0,0.6820049248663966,1.0,1.0,1.0,0.8675020520276653,0
3481,4909b88b347c5764,True,1.0,1.0,1.0,1.0,1.0,1.0,1.0,0
3482,490f13844af5590d,True,1.0,1.0,1.0,1.0,1.0,1.0,1.0,0
3483,490f4995542058fc,True,1.0,1.0,0.9079069129827564,1.0,1.0,1.0,0.9616278804094819,0
3484,49119e0bd9335681,True,0.0,1.0,0.0,0.0,1.0,1.0,0.0,0
3485,491a9b7a44225a75,True,0.0,1.0,0.0,0.0,1.0,1.0,0.0,0
3486,491dce963f7f5b57,True,1.0,1.0,1.0,1.0,1.0,1.0,1.0,0
3487,4925a678992c5726,True,1.0,1.0,0.9227287830605388,1.0,1.0,1.0,0.9678036596085579,0
3488,492a64b807da5cfb,True,1.0,1.0,0.8641558517308932,1.0,1.0,1.0,0.9433982715545387,0
3489,4936360c43435011,True,1.0,1.0,0.9125168113033059,1.0,1.0,1.0,0.9635486713763775,0
3490,49365bdfac13581d,True,1.0,1.0,1.0,1.0,1.0,1.0,1.0,0
3491,4940444d511c5594,True,1.0,1.0,0.8750736151487171,1.0,1.0,1.0,0.9479473396452988,0
3492,49454db3d9ef54a1,True,1.0,1.0,0.7198238290719395,1.0,1.0,1.0,0.8832599287799748,0
3493,4946bc8012cb5e83,True,1.0,1.0,0.7593037935873473,1.0,1.0,1.0,0.8997099139947281,0
3494,4952a782e55057b7,True,1.0,1.0,0.9869360405676086,1.0,1.0,1.0,0.994556683569837,0
3495,495a149c042a5636,True,1.0,1.0,1.0,0.0,1.0,1.0,0.5833333333333334,0
3496,496b53024fb657ae,True,1.0,1.0,0.82408307094538,1.0,1.0,1.0,0.926701279560575,0
3497,4972962184a75fa7,True,1.0,1.0,0.7880732911053095,1.0,1.0,1.0,0.9116972046272123,0
3498,4986d2307c895bdb,True,1.0,1.0,0.6017431853229891,1.0,1.0,1.0,0.8340596605512455,0
3499,498bf3fdec5e5506,True,1.0,1.0,1.0,1.0,1.0,1.0,1.0,0
3500,498c6f15e5c856bb,True,1.0,1.0,0.6709838542169518,1.0,1.0,1.0,0.8629099392570633,0
3501,4999981a1cac596e,True,1.0,1.0,0.8659851217221507,1.0,1.0,1.0,0.9441604673842295,0
3502,499f1df141b05d36,True,1.0,1.0,0.7607476787911318,1.0,1.0,1.0,0.9003115328296382,0
3503,49a0d29c7058501c,True,1.0,1.0,0.9043271321275909,1.0,1.0,1.0,0.9601363050531629,0
3504,49a53d11de6d5b1d,True,1.0,1.0,1.0,1.0,1.0,1.0,1.0,0
3505,49a747ca28cd5d5f,True,1.0,1.0,0.8171076238229328,1.0,1.0,1.0,0.9237948432595552,0
3506,49ae6840ff7f5e91,True,1.0,1.0,0.9805685007227274,1.0,1.0,1.0,0.9919035419678032,0
3507,49b32cb088ae53fe,True,1.0,1.0,0.8898398520113457,1.0,1.0,1.0,0.9540999383380607,0
3508,49b8cbfbe63e5c09,True,1.0,1.0,0.6758779148481813,1.0,1.0,1.0,0.8649491311867422,0
3509,49bd1e2dd88457e3,True,1.0,1.0,1.0,1.0,1.0,1.0,1.0,0
3510,49bdbf5ee25c5024,True,1.0,1.0,0.7464556654353428,1.0,1.0,1.0,0.8943565272647263,0
3511,49c2b08936335901,True,1.0,1.0,0.7300558936635971,1.0,1.0,1.0,0.8875232890264989,0
3512,49c9a9f57deb5a8c,True,1.0,1.0,0.9124870089565449,1.0,1.0,1.0,0.9635362537318937,0
3513,49d00c5507175e01,True,1.0,1.0,0.8641997918230975,1.0,1.0,1.0,0.9434165799262906,0
3514,49d0c7d110f15c0e,True,1.0,1.0,0.7663290407517408,1.0,1.0,1.0,0.9026371003132253,0
3515,49d613966f25569b,True,1.0,1.0,0.9834115326116198,1.0,1.0,1.0,0.9930881385881749,0
3516,49e3bfda06d45f7e,True,1.0,1.0,0.9894253596714703,1.0,1.0,1.0,0.9955938998631128,0
3517,49ee466685265a80,True,1.0,1.0,1.0,1.0,1.0,1.0,1.0,0
3518,49f0872dbe1958e6,True,1.0,1.0,0.8297775011779492,1.0,1.0,1.0,0.9290739588241456,0
3519,49f205ebb9d559c2,True,1.0,0.0,0.0,0.0,1.0,1.0,0.0,0
3520,49f37d1d50ef5873,True,1.0,1.0,1.0,1.0,1.0,1.0,1.0,0
3521,49f69d3d75b65659,True,1.0,1.0,0.9962482190171504,1.0,1.0,1.0,0.9984367579238128,0
3522,4a07aac45fc35fcf,True,1.0,1.0,0.9330133182971188,1.0,1.0,1.0,0.9720888826237996,0
3523,4a07defcfe7f57fb,True,1.0,1.0,0.7295554366551883,1.0,1.0,1.0,0.8873147652729951,0
3524,4a096077f8165879,True,1.0,1.0,1.0,1.0,1.0,1.0,1.0,0
3525,4a0ba18cefc05c63,True,1.0,1.0,1.0,1.0,1.0,1.0,1.0,0
3526,4a1f69f3821e5ac5,True,0.0,1.0,0.0,0.0,1.0,0.0,0.0,0
3527,4a25aaca58b85ea5,True,1.0,1.0,0.9055023685684257,1.0,1.0,1.0,0.9606259869035106,0
3528,4a29aee6f5bd5073,True,1.0,1.0,0.7029811034071495,1.0,1.0,1.0,0.8762421264196455,0
3529,4a2f87a2fd42549e,True,1.0,1.0,1.0,1.0,1.0,1.0,1.0,0
3530,4a35a95ee57f5572,True,1.0,1.0,1.0,1.0,1.0,1.0,1.0,0
3531,4a40d0564325502c,True,1.0,1.0,0.7440468377706434,1.0,1.0,1.0,0.8933528490711015,0
3532,4a4316b978495bba,True,1.0,1.0,1.0,1.0,1.0,1.0,1.0,0
3533,4a46ef99ddf55b8d,True,1.0,1.0,1.0,1.0,1.0,1.0,1.0,0
3534,4a4a11299e125c20,True,1.0,0.0,0.0,1.0,1.0,1.0,0.0,0
3535,4a4bf6e11a875f33,True,1.0,1.0,0.8821716784116819,1.0,1.0,1.0,0.9509048660048673,0
3536,4a4ce3ba90ad5614,True,1.0,1.0,0.7317164074805028,1.0,1.0,1.0,0.8882151697835429,0
3537,4a557f1bfe3b5645,True,1.0,1.0,0.9995258968699189,1.0,1.0,1.0,0.999802457029133,0
3538,4a55d9d08b7752e8,True,1.0,1.0,0.8190933867326634,1.0,1.0,1.0,0.9246222444719431,0
3539,4a62cc0027965e10,True,1.0,1.0,0.923300317177217,1.0,1.0,1.0,0.9680417988238403,0
3540,4a66983ed3545869,True,1.0,1.0,0.7586183779296389,1.0,1.0,1.0,0.8994243241373496,0
3541,4a681a6497d35e68,True,1.0,1.0,1.0,1.0,1.0,1.0,1.0,0
3542,4a6ab6e35934543a,True,1.0,1.0,1.0,1.0,1.0,1.0,1.0,0
3543,4a6dd3df952b5703,True,0.0,1.0,0.0,0.0,1.0,1.0,0.0,0
3544,4a7156af749e54fc,True,1.0,1.0,0.8452842986786921,1.0,1.0,1.0,0.935535124449455,0
3545,4a71a24c376f5388,True,1.0,1.0,1.0,1.0,1.0,1.0,1.0,0
3546,4a7fd1bd37ed5463,True,1.0,1.0,0.7018468156967504,1.0,1.0,1.0,0.8757695065403127,0
3547,4a839f2910c150c6,True,1.0,1.0,1.0,1.0,1.0,1.0,1.0,0
3548,4a919f7ea2f65200,True,1.0,0.0,0.0,1.0,1.0,1.0,0.0,0
3549,4a9901b941be5695,True,1.0,1.0,0.7829537105461967,1.0,1.0,1.0,0.9095640460609152,0
3550,4a9a5d2dcc045ec4,True,1.0,1.0,0.8203675028830953,1.0,1.0,1.0,0.9251531262012898,0
3551,4aa06b58da9a56f8,True,1.0,1.0,0.724749648205868,1.0,1.0,1.0,0.8853123534191116,0
3552,4aab1b32b1ad58aa,True,0.0,1.0,0.0,0.0,1.0,1.0,0.0,0
3553,4ab74b20c99e5d20,True,1.0,1.0,0.9741995194049899,1.0,1.0,0.5,0.9892497997520792,0
3554,4abad0cd5fee5f43,True,1.0,1.0,0.806220956974203,1.0,1.0,1.0,0.9192587320725846,0
3555,4abb45d9ee1a5c5c,True,0.0,1.0,0.0,0.0,1.0,1.0,0.0,0
3556,4abc4549b6d45891,True,1.0,1.0,1.0,1.0,1.0,1.0,1.0,0
3557,4ac092ec1bee5e7a,True,1.0,1.0,1.0,1.0,1.0,1.0,1.0,0
3558,4ac1bcffb2bb5010,True,1.0,1.0,0.9763726904965482,1.0,1.0,1.0,0.990155287706895,0
3559,4ac7a80ebf915458,True,1.0,1.0,0.8587189778326302,1.0,1.0,1.0,0.9411329074302626,0
3560,4acc5a24f48858ae,True,1.0,1.0,1.0,1.0,1.0,1.0,1.0,0
3561,4acd373578e357d1,True,1.0,0.0,0.0,1.0,1.0,0.0,0.0,0
3562,4ad7866306895cca,True,1.0,1.0,0.9844574934964888,1.0,1.0,1.0,0.993523955623537,0
3563,4ae68544ec0f502c,True,1.0,1.0,0.8420466739483805,1.0,1.0,1.0,0.9341861141451586,0
3564,4ae7296f92115e83,True,1.0,1.0,0.9487734180811673,1.0,1.0,1.0,0.9786555908671529,0
3565,4ae996307c6d5733,True,1.0,1.0,0.5743831179714406,1.0,1.0,1.0,0.8226596324881003,0
3566,4af64a41372d564f,True,1.0,1.0,0.8384083703227536,1.0,1.0,1.0,0.9326701543011473,0
3567,4afad5f528f45dfe,True,1.0,1.0,1.0,1.0,1.0,1.0,1.0,0
3568,4b000a2bc6fe5305,True,1.0,1.0,0.7407771706774168,1.0,1.0,1.0,0.891990487782257,0
3569,4b04d67c77455726,True,1.0,1.0,0.9094455244690832,1.0,1.0,1.0,0.9622689685287847,0
3570,4b09402394995325,True,1.0,1.0,0.7253397134439752,1.0,1.0,1.0,0.8855582139349897,0
3571,4b0be4847dd45b5c,True,1.0,1.0,0.8969521571481751,1.0,1.0,1.0,0.9570633988117395,0
3572,4b22a759c31a52c5,True,1.0,1.0,0.9364313517867829,1.0,1.0,1.0,0.9735130632444928,0
3573,4b259f30bb73511d,True,1.0,1.0,1.0,1.0,1.0,1.0,1.0,0
3574,4b26762f1d5a509d,True,1.0,1.0,0.9239499545811055,1.0,1.0,1.0,0.9683124810754608,0
3575,4b3302a602155f76,True,1.0,1.0,0.8606553644925714,1.0,1.0,1.0,0.9419397352052381,0
3576,4b347fca93c65596,True,1.0,1.0,0.6801488324350167,1.0,1.0,1.0,0.8667286801812569,0
3577,4b3a1e85619e557f,True,1.0,1.0,1.0,1.0,1.0,1.0,1.0,0
3578,4b3c6a95987c552d,True,1.0,1.0,0.9213849986209655,1.0,1.0,1.0,0.9672437494254021,0
3579,4b3d6fc60b815701,True,1.0,1.0,0.7517968624181279,1.0,1.0,1.0,0.8965820260075533,0
3580,4b43cd9b3d3f576c,True,1.0,1.0,0.720956563734398,1.0,1.0,1.0,0.8837319015559991,0
3581,4b499c985f02545f,True,1.0,1.0,1.0,1.0,1.0,1.0,1.0,0
3582,4b4a268bee4c5ab5,True,1.0,1.0,1.0,1.0,1.0,1.0,1.0,0
3583,4b4c7883539d5eb9,True,1.0,1.0,1.0,1.0,1.0,1.0,1.0,0
3584,4b55193d36c35e4a,True,1.0,1.0,1.0,0.0,1.0,0.0,0.5833333333333334,0
3585,4b563d8a22145ed6,True,1.0,1.0,1.0,1.0,1.0,1.0,1.0,0
3586,4b5846fcc3725b95,True,1.0,1.0,0.7616403317400736,1.0,1.0,1.0,0.9006834715583639,0
3587,4b58ef9360555bac,True,1.0,1.0,1.0,1.0,1.0,1.0,1.0,0
3588,4b594a8e80915943,True,1.0,1.0,0.8034442832867827,1.0,1.0,1.0,0.9181017847028262,0
3589,4b5f475a2afc5ed0,True,1.0,1.0,1.0,1.0,1.0,1.0,1.0,0
3590,4b5fc0f1425c5288,True,1.0,1.0,1.0,1.0,1.0,1.0,1.0,0
3591,4b5fd21bc8bd5a8b,True,1.0,1.0,0.7442785684156533,1.0,1.0,1.0,0.8934494035065222,0
3592,4b6430ca30c45a3c,True,1.0,1.0,1.0,1.0,1.0,1.0,1.0,0
3593,4b683f53656f5bdd,True,1.0,1.0,1.0,1.0,1.0,0.5,1.0,0
3594,4b6b3a81cc235dbf,True,1.0,1.0,1.0,1.0,1.0,1.0,1.0,0
3595,4b6b5bac92ae5f56,True,1.0,1.0,1.0,1.0,1.0,1.0,1.0,0
3596,4b721ff0b7025f21,True,1.0,1.0,1.0,1.0,1.0,1.0,1.0,0
3597,4b7a9aaecd8b5c5e,True,1.0,1.0,0.9570518363409862,1.0,1.0,1.0,0.9821049318087441,0
3598,4b7b765455d1517c,True,1.0,1.0,1.0,1.0,1.0,1.0,1.0,0
3599,4b82ec1d991358e2,True,1.0,1.0,0.8909492593520274,1.0,1.0,1.0,0.9545621913966781,0
3600,4b85f48b7172519f,True,1.0,1.0,1.0,1.0,1.0,1.0,1.0,0
3601,4b875117d12e5ef6,True,1.0,1.0,0.977340894317873,1.0,1.0,1.0,0.9905587059657804,0
3602,4b892b0f3efa5255,True,1.0,1.0,1.0,1.0,1.0,1.0,1.0,0
3603,4b9402651fd85547,True,1.0,1.0,0.8833466516159145,1.0,1.0,1.0,0.9513944381732977,0
3604,4b9627827aff5013,True,1.0,1.0,0.9005396062257681,1.0,1.0,1.0,0.9585581692607367,0
3605,4b98bb0bbbc75b1f,True,1.0,1.0,0.9629009955850871,1.0,1.0,1.0,0.9845420814937863,0
3606,4ba033878f8b5284,True,1.0,1.0,0.9088716617956543,1.0,1.0,1.0,0.9620298590815226,0
3607,4ba0a7c883e85b4f,True,1.0,1.0,1.0,1.0,1.0,1.0,1.0,0
3608,4bb2fc18f5ee5dcb,True,1.0,1.0,0.789202559189968,1.0,1.0,1.0,0.9121677329958201,0
3609,4bb645483bf4594a,True,1.0,1.0,1.0,1.0,1.0,1.0,1.0,0
3610,4bbc76cff4355b53,True,1.0,1.0,0.9966031276107697,1.0,1.0,1.0,0.9985846365044875,0
3611,4bbfb5ec60205e63,True,1.0,1.0,1.0,1.0,1.0,1.0,1.0,0
3612,4bc122716deb519f,True,1.0,1.0,1.0,1.0,1.0,1.0,1.0,0
3613,4bc54773ae245d10,True,1.0,1.0,1.0,1.0,1.0,1.0,1.0,0
3614,4bc793d4a9ef5860,True,1.0,1.0,1.0,1.0,1.0,1.0,1.0,0
3615,4bc95052d6d8547e,True,1.0,1.0,0.7853156853166541,1.0,1.0,1.0,0.9105482022152724,0
3616,4bc96604c1c85606,True,1.0,1.0,1.0,1.0,1.0,1.0,1.0,0
3617,4bda94d100d65f0d,True,1.0,1.0,1.0,1.0,1.0,1.0,1.0,0
3618,4bdff78fdccd5f6d,True,1.0,1.0,1.0,1.0,1.0,1.0,1.0,0
3619,4be4c3659ea0575c,True,1.0,1.0,0.9633910405268468,1.0,1.0,1.0,0.984746266886186,0
3620,4bf65e0c75f05509,True,1.0,1.0,1.0,1.0,1.0,1.0,1.0,0
3621,4bf95781578b59ec,True,1.0,1.0,1.0,1.0,1.0,1.0,1.0,0
3622,4bfb085c53cc522f,True,1.0,1.0,0.749566876984512,1.0,1.0,1.0,0.8956528654102133,0
3623,4bfd04f7517b5381,True,1.0,1.0,1.0,1.0,1.0,1.0,1.0,0
3624,4bfd5690eb3d5c6e,True,1.0,1.0,0.7753029190925209,1.0,1.0,1.0,0.9063762162885505,0
3625,4c111cf640f258b4,True,1.0,1.0,0.6335685594454915,1.0,1.0,1.0,0.8473202331022881,0
3626,4c1a6bbf7aaa5228,True,1.0,1.0,0.9390204478596689,1.0,1.0,1.0,0.974591853274862,0
3627,4c22cdcc527e5a36,True,1.0,1.0,0.907476214720609,1.0,1.0,1.0,0.9614484228002538,0
3628,4c24c3efe0e4519d,True,1.0,1.0,0.8176517440920427,1.0,1.0,1.0,0.9240215600383511,0
3629,4c3547b853675e66,True,1.0,1.0,0.79422807087791,1.0,1.0,1.0,0.9142616961991292,0
3630,4c3718ea056c5656,True,1.0,1.0,1.0,1.0,1.0,0.5,1.0,0
3631,4c46222756735317,True,1.0,1.0,0.937814719069892,1.0,1.0,1.0,0.9740894662791216,0
3632,4c5164f4b17d5581,True,1.0,1.0,1.0,0.0,1.0,1.0,0.5833333333333334,0
3633,4c53b20bf0925c0c,True,1.0,1.0,0.8729532163259374,1.0,1.0,1.0,0.9470638401358071,0
3634,4c53f29ce2365ef1,True,0.0,1.0,0.0,0.0,1.0,1.0,0.0,0
3635,4c5501833dfd5bb4,True,1.0,1.0,0.7084678625740348,1.0,1.0,1.0,0.8785282760725145,0
3636,4c59eeddd50e5866,True,1.0,1.0,0.6111713604654885,1.0,1.0,1.0,0.8379880668606202,0
3637,4c5c196977b255f5,True,1.0,1.0,0.7366315771421678,1.0,1.0,1.0,0.89026315714257,0
3638,4c629e2da77a50c7,True,1.0,1.0,0.9790193340154268,1.0,1.0,1.0,0.9912580558397611,0
3639,4c684da98f405857,True,1.0,1.0,0.7485686293824402,1.0,1.0,1.0,0.89523692890935,0
3640,4c721a83046651e4,True,1.0,1.0,0.8976785536701651,1.0,1.0,1.0,0.9573660640292355,0
3641,4c771d89311d548a,True,1.0,1.0,1.0,0.0,1.0,1.0,0.5833333333333334,0
3642,4c775cb227b0519d,True,1.0,1.0,0.7885790923045861,1.0,1.0,1.0,0.9119079551269108,0
3643,4c7c3a0a401d5f38,True,1.0,1.0,0.8433238189162996,1.0,1.0,1.0,0.9347182578817915,0
3644,4c83b81ddcc757b1,True,1.0,1.0,0.884421908254592,1.0,1.0,1.0,0.9518424617727467,0
3645,4c8d222d98115a86,True,1.0,1.0,1.0,1.0,1.0,1.0,1.0,0
3646,4c9a89b8cd2853d6,True,1.0,1.0,0.8722171807161159,1.0,1.0,1.0,0.9467571586317151,0
3647,4c9e695fc66c583a,True,1.0,1.0,0.8400047415047647,1.0,1.0,1.0,0.9333353089603186,0
3648,4ca0e98b86fb5377,True,1.0,1.0,1.0,1.0,1.0,1.0,1.0,0
3649,4cac9f6cd85a5b47,True,1.0,1.0,0.9551190526263553,1.0,1.0,1.0,0.9812996052609814,0
3650,4cb4fba2908b5dbb,True,1.0,1.0,1.0,0.0,1.0,1.0,0.5833333333333334,0
3651,4cb70e4f5d4b5fdf,True,1.0,1.0,1.0,1.0,1.0,1.0,1.0,0
3652,4cbe138f73975e82,True,1.0,1.0,0.7979916673884717,1.0,1.0,1.0,0.9158298614118632,0
3653,4cc1186b46d85ec4,True,1.0,1.0,0.85586938840577,1.0,1.0,1.0,0.9399455785024041,0
3654,4cc313afb2665204,True,1.0,1.0,0.8162693668518418,1.0,1.0,1.0,0.9234455695216007,0
3655,4cc7fc580fe45bd1,True,1.0,1.0,1.0,1.0,1.0,1.0,1.0,0
3656,4cc916aa782854a6,True,1.0,1.0,1.0,1.0,1.0,1.0,1.0,0
3657,4cca4c982f9855c5,True,1.0,1.0,1.0,1.0,1.0,1.0,1.0,0
3658,4ccc9e33aa795ef1,True,1.0,1.0,1.0,1.0,1.0,1.0,1.0,0
3659,4ccda56c15a55d57,True,1.0,1.0,0.9620779354116047,1.0,1.0,1.0,0.9841991397548352,0
3660,4ccdd6c153335a2b,True,1.0,1.0,0.6751621502326685,1.0,1.0,1.0,0.8646508959302786,0
3661,4cd806a126f85b23,True,1.0,1.0,0.8961368043882557,1.0,1.0,1.0,0.9567236684951066,0
3662,4cdcf106cb5d5c63,True,1.0,1.0,1.0,1.0,1.0,1.0,1.0,0
3663,4cdd4e33b01a52a8,True,1.0,1.0,0.9038492334113604,1.0,1.0,1.0,0.9599371805880669,0
3664,4cdef6ce55a7542b,True,1.0,1.0,0.90023971026216,1.0,1.0,1.0,0.9584332126092333,0
3665,4ceacfb6be565ab3,True,1.0,1.0,0.7545189645945239,1.0,1.0,1.0,0.8977162352477183,0
3666,4ceb0bc19e0f57d5,True,1.0,1.0,0.9474199253417058,1.0,1.0,1.0,0.9780916355590441,0
3667,4cee76c8118b5609,True,1.0,1.0,0.833455240133516,1.0,1.0,1.0,0.9306063500556316,0
3668,4cf1c34e608158a6,True,1.0,1.0,1.0,1.0,1.0,1.0,1.0,0
3669,4cf608d9de4e5349,True,1.0,1.0,0.9132094188179071,1.0,1.0,1.0,0.9638372578407947,0
3670,4cf809416df6527e,True,1.0,1.0,1.0,1.0,1.0,1.0,1.0,0
3671,4cfa7ad13dc952b3,True,1.0,1.0,1.0,1.0,1.0,1.0,1.0,0
3672,4cfe4dc173bb5e2e,True,1.0,1.0,0.7898162993585742,1.0,1.0,0.5,0.9124234580660726,0
3673,4d098db703415f00,True,1.0,1.0,0.8124792051747579,1.0,1.0,1.0,0.9218663354894825,0
3674,4d0c174b077e5603,True,1.0,1.0,1.0,1.0,1.0,1.0,1.0,0
3675,4d0df74bfb035f8a,True,1.0,1.0,0.7341558742711448,1.0,1.0,0.5,0.8892316142796437,0
3676,4d13950871eb5917,True,1.0,1.0,0.7518660656053123,1.0,1.0,1.0,0.8966108606688801,0
3677,4d1a4e9606075497,True,1.0,1.0,1.0,1.0,1.0,0.0,1.0,0
3678,4d1e72e6a45853c3,True,1.0,1.0,1.0,1.0,1.0,1.0,1.0,0
3679,4d267b88562f52da,True,1.0,1.0,0.7879382116863042,1.0,1.0,1.0,0.9116409215359601,0
3680,4d2885661a535f9b,True,1.0,1.0,0.9682898419377228,1.0,1.0,1.0,0.9867874341407178,0
3681,4d2d174465585abf,True,1.0,1.0,1.0,1.0,1.0,1.0,1.0,0
3682,4d2fceb0b30f59cd,True,1.0,1.0,0.695203525166485,1.0,1.0,1.0,0.8730014688193687,0
3683,4d31d76919495557,True,1.0,0.0,0.0,1.0,1.0,1.0,0.0,0
3684,4d3807c5fd5d573f,True,1.0,1.0,1.0,0.0,1.0,1.0,0.5833333333333334,0
3685,4d38d745131c5de1,True,1.0,1.0,1.0,1.0,1.0,0.0,1.0,0
3686,4d48843c558b5807,True,1.0,1.0,1.0,1.0,1.0,1.0,1.0,0
3687,4d4e4d899fd95487,True,1.0,1.0,1.0,1.0,1.0,1.0,1.0,0
3688,4d4ed59397825822,True,1.0,1.0,0.9225886681737927,1.0,1.0,1.0,0.9677452784057469,0
3689,4d4ef3ee372d5afc,True,1.0,1.0,0.8447600282239225,1.0,1.0,1.0,0.9353166784266344,0
3690,4d50c69f430850a0,True,1.0,1.0,1.0,1.0,1.0,1.0,1.0,0
3691,4d55f6c3a3dc58fe,True,1.0,1.0,1.0,1.0,1.0,1.0,1.0,0
3692,4d5a01dea92b5867,True,1.0,1.0,1.0,1.0,1.0,1.0,1.0,0
3693,4d5c4013a6db5819,True,1.0,1.0,1.0,1.0,1.0,1.0,1.0,0
3694,4d6456183bd056bc,True,1.0,1.0,0.8196799593881552,1.0,1.0,1.0,0.9248666497450646,0
3695,4d6afade8dd35690,True,1.0,1.0,1.0,1.0,1.0,1.0,1.0,0
3696,4d6e0b4cf60f5e98,True,1.0,1.0,1.0,1.0,1.0,1.0,1.0,0
3697,4d6f4dbf01c2567c,True,1.0,1.0,1.0,1.0,1.0,1.0,1.0,0
3698,4d718caa6ebc5b37,True,0.0,1.0,0.0,0.0,1.0,1.0,0.0,0
3699,4d73f8250ae750ca,True,1.0,1.0,0.7853712431397715,1.0,1.0,1.0,0.9105713513082381,0
3700,4d7462e08df954a1,True,1.0,1.0,0.9489160063587558,1.0,1.0,1.0,0.9787150026494816,0
3701,4d7fd20d02ae5ed4,True,1.0,1.0,0.9450612923016163,1.0,1.0,1.0,0.9771088717923401,0
3702,4d88ae43c2f55d96,True,1.0,1.0,1.0,1.0,1.0,1.0,1.0,0
3703,4d8b083f00675de2,True,1.0,1.0,1.0,1.0,1.0,1.0,1.0,0
3704,4d8baa6e638f5cfb,True,1.0,1.0,1.0,1.0,1.0,1.0,1.0,0
3705,4d8c41cf686957d1,True,1.0,1.0,1.0,1.0,1.0,1.0,1.0,0
3706,4d94decfbcd35ae6,True,1.0,1.0,0.8035867076827974,1.0,1.0,1.0,0.9181611282011656,0
3707,4d9c7a900c6c5081,True,1.0,1.0,0.8638343753984691,1.0,1.0,1.0,0.9432643230826955,0
3708,4da3c27db2495e9e,True,1.0,1.0,0.8138242101623173,1.0,1.0,1.0,0.9224267542342989,0
3709,4dad8cf0704c5c43,True,1.0,1.0,1.0,1.0,1.0,1.0,1.0,0
3710,4db50b60ca1f57f1,True,1.0,1.0,0.8429632218802191,1.0,1.0,1.0,0.934568009116758,0
3711,4db7ecab510656e1,True,1.0,1.0,0.9720403205304718,1.0,1.0,1.0,0.9883501335543633,0
3712,4dba0d7ebbf95639,True,1.0,1.0,0.9039388810060944,1.0,1.0,1.0,0.9599745337525394,0
3713,4dbe96a8a7be58dc,True,1.0,1.0,0.7808682584182981,1.0,1.0,1.0,0.908695107674291,0
3714,4dca385d371c57fb,True,1.0,1.0,0.7265698307850941,1.0,1.0,1.0,0.8860707628271225,0
3715,4dd1ab3a667b5074,True,1.0,1.0,1.0,1.0,1.0,1.0,1.0,0
3716,4dd4ae3362325296,True,1.0,1.0,1.0,1.0,1.0,1.0,1.0,0
3717,4dd55e4b78955eca,True,1.0,1.0,0.9413528393818651,1.0,1.0,1.0,0.9755636830757771,0
3718,4dd817ed8b515ab1,True,1.0,1.0,1.0,1.0,1.0,1.0,1.0,0
3719,4dd9d92ade255f95,True,1.0,1.0,0.9688836900915825,1.0,1.0,1.0,0.9870348708714927,0
3720,4dd9f8881881500d,True,1.0,1.0,1.0,1.0,1.0,1.0,1.0,0
3721,4ddab8ee947255d9,True,1.0,1.0,0.584218170120016,1.0,1.0,1.0,0.82675757088334,0
3722,4dde36d102a4526b,True,1.0,1.0,1.0,1.0,1.0,1.0,1.0,0
3723,4de72cf1449b51c8,True,1.0,1.0,0.8576146746736579,1.0,1.0,1.0,0.9406727811140242,0
3724,4de864abe4f255bd,True,1.0,0.0,0.0,0.0,1.0,1.0,0.0,0
3725,4e00bf86cd1e5a14,True,1.0,1.0,0.7303965539580588,1.0,1.0,1.0,0.8876652308158578,0
3726,4e021aea953652b9,True,1.0,1.0,0.8717179132049634,1.0,1.0,1.0,0.946549130502068,0
3727,4e0667aa6ead5e7d,True,1.0,1.0,0.9671094421875918,1.0,1.0,1.0,0.9862956009114966,0
3728,4e09d6c847dc5d3e,True,1.0,1.0,1.0,1.0,1.0,1.0,1.0,0
3729,4e1193a7697853ba,True,1.0,1.0,0.8644115541056457,1.0,1.0,1.0,0.9435048142106858,0
3730,4e12d62c42575ac3,True,1.0,1.0,1.0,1.0,1.0,1.0,1.0,0
3731,4e19d097005e55b5,True,1.0,1.0,0.9735436971384268,1.0,1.0,1.0,0.9889765404743445,0
3732,4e1b2f2152b551e2,True,1.0,1.0,0.9444997752193277,1.0,1.0,1.0,0.9768749063413865,0
3733,4e1da51967095494,True,1.0,1.0,0.880040204131243,1.0,1.0,1.0,0.9500167517213512,0
3734,4e1e5dfc07e459cd,True,1.0,1.0,0.8365858189216998,1.0,1.0,1.0,0.9319107578840417,0
3735,4e252b23d8935563,True,1.0,1.0,0.9969166340461921,1.0,1.0,1.0,0.9987152641859134,0
3736,4e27d27410c85f81,True,1.0,1.0,0.729135498265223,1.0,1.0,1.0,0.8871397909438429,0
3737,4e2c083182d75cc1,True,1.0,1.0,0.878833622388332,1.0,1.0,1.0,0.9495140093284716,0
3738,4e2cc4b2c43055fe,True,1.0,1.0,0.6457379008346964,1.0,1.0,1.0,0.8523907920144568,0
3739,4e2f593274aa5417,True,1.0,1.0,1.0,1.0,1.0,1.0,1.0,0
3740,4e3103d8feb95170,True,1.0,1.0,0.8006341761078324,1.0,1.0,1.0,0.9169309067115968,0
3741,4e39c50ddb075303,True,1.0,1.0,1.0,1.0,1.0,1.0,1.0,0
3742,4e3f39fa6dfc5d12,True,1.0,1.0,0.7064487952044943,1.0,1.0,1.0,0.8776869980018726,0
3743,4e3fb4e28014505e,True,1.0,1.0,1.0,1.0,1.0,1.0,1.0,0
3744,4e496bfdb6b95697,True,1.0,1.0,1.0,1.0,1.0,1.0,1.0,0
3745,4e50c7903a8c5303,True,1.0,1.0,1.0,1.0,1.0,1.0,1.0,0
3746,4e52e843b10f55eb,True,1.0,1.0,1.0,1.0,1.0,1.0,1.0,0
3747,4e52fd2c46fa5a3f,True,1.0,1.0,1.0,1.0,1.0,1.0,1.0,0
3748,4e54c991bd0259cb,True,1.0,1.0,0.9271612823442978,1.0,1.0,1.0,0.9696505343101242,0
3749,4e5b53cea7145f00,True,1.0,1.0,1.0,1.0,1.0,1.0,1.0,0
3750,4e5e09ac14395d70,True,1.0,1.0,0.8849095452985982,1.0,1.0,1.0,0.9520456438744159,0
3751,4e60581353585fdc,True,1.0,1.0,0.8730139036636094,1.0,1.0,1.0,0.947089126526504,0
3752,4e72d5b688ca564f,True,1.0,1.0,1.0,1.0,1.0,1.0,1.0,0
3753,4e734888d8465563,True,1.0,1.0,1.0,1.0,1.0,1.0,1.0,0
3754,4e7cd1f8ab6353ff,True,1.0,1.0,0.7189174352236958,1.0,1.0,1.0,0.8828822646765399,0
3755,4e811c006997541d,True,1.0,1.0,1.0,1.0,1.0,1.0,1.0,0
3756,4e8e687d6fd55093,True,1.0,1.0,0.6582377165217241,1.0,1.0,1.0,0.8575990485507184,0
3757,4e9b792f30975e78,True,1.0,1.0,0.8569675838845198,1.0,1.0,1.0,0.9404031599518833,0
3758,4eab329460d853f6,True,1.0,1.0,0.9010800257614974,1.0,1.0,1.0,0.9587833440672906,0
3759,4eaf35cea96d5dd9,True,1.0,1.0,0.9978489947894584,1.0,1.0,1.0,0.999103747828941,0
3760,4eb5bcde81245591,True,1.0,1.0,0.8494664306295406,1.0,1.0,1.0,0.9372776794289752,0
3761,4ed3817e66d85c10,True,1.0,1.0,1.0,1.0,1.0,1.0,1.0,0
3762,4ed57aa187415e7f,True,1.0,1.0,0.7846116683235974,1.0,1.0,1.0,0.9102548618014988,0
3763,4ed6b1b83e0c5bbe,True,1.0,1.0,0.5614424150422732,1.0,1.0,1.0,0.8172676729342805,0
3764,4edc56ca4aac5896,True,1.0,1.0,0.9800008312130883,1.0,1.0,1.0,0.9916670130054536,0
3765,4ee4ab24a93f5375,True,1.0,1.0,0.9600468062346535,1.0,1.0,1.0,0.9833528359311057,0
3766,4ef621a8318b5085,True,1.0,1.0,0.956065387405503,1.0,1.0,1.0,0.9816939114189595,0
3767,4efe0ad78b655ecd,True,1.0,1.0,0.8438160152148005,1.0,1.0,1.0,0.9349233396728337,0
3768,4eff4682a7795fe1,True,1.0,1.0,1.0,1.0,1.0,1.0,1.0,0
3769,4f08dd3299925309,True,1.0,1.0,0.9582944262920046,1.0,1.0,1.0,0.9826226776216685,0
3770,4f099d4882445433,True,1.0,1.0,1.0,1.0,1.0,1.0,1.0,0
3771,4f12e3acfb125088,True,1.0,1.0,0.9489695256315619,1.0,1.0,1.0,0.9787373023464842,0
3772,4f2041f942aa5630,True,1.0,1.0,0.7636882061845099,1.0,1.0,1.0,0.9015367525768792,0
3773,4f21925f1a7c5983,True,1.0,1.0,1.0,1.0,1.0,1.0,1.0,0
3774,4f2ac10c0fc1566a,True,1.0,1.0,0.8036138124754317,1.0,1.0,1.0,0.9181724218647632,0
3775,4f359b56679c50ff,True,1.0,1.0,1.0,1.0,1.0,1.0,1.0,0
3776,4f37ec7f0ac75960,True,1.0,1.0,0.8212438298317966,1.0,1.0,1.0,0.9255182624299153,0
3777,4f466c389dce58e4,True,1.0,0.0,0.0,1.0,1.0,1.0,0.0,0
3778,4f47f41d84c450e8,True,1.0,1.0,1.0,1.0,1.0,1.0,1.0,0
3779,4f50d7c22352505e,True,1.0,1.0,1.0,1.0,1.0,1.0,1.0,0
3780,4f5b00e0de115593,True,0.0,1.0,0.0,0.0,1.0,1.0,0.0,0
3781,4f5d9ee9c2915058,True,1.0,1.0,0.8050367690960175,1.0,1.0,1.0,0.918765320456674,0
3782,4f5e535c78385629,True,1.0,1.0,1.0,1.0,1.0,1.0,1.0,0
3783,4f61422adb195d3c,True,1.0,1.0,0.699822090358495,1.0,1.0,1.0,0.8749258709827062,0
3784,4f61c0897822586c,True,1.0,1.0,1.0,1.0,1.0,1.0,1.0,0
3785,4f663e3f821e5c85,True,1.0,1.0,0.9911941940867445,1.0,1.0,1.0,0.9963309142028102,0
3786,4f67484c73e2503a,True,1.0,1.0,0.9131145779610623,1.0,1.0,1.0,0.9637977408171093,0
3787,4f68cdad89a65c7a,True,1.0,1.0,1.0,1.0,1.0,1.0,1.0,0
3788,4f6abcc897955dfd,True,1.0,1.0,1.0,1.0,1.0,0.0,1.0,0
3789,4f6fb990b8875e5f,True,1.0,1.0,1.0,1.0,1.0,1.0,1.0,0
3790,4f7b03242ab05a2d,True,1.0,1.0,0.8899471240355586,1.0,1.0,1.0,0.9541446350148162,0
3791,4f85a2301691525a,True,1.0,1.0,0.8042007694767142,1.0,1.0,1.0,0.9184169872819643,0
3792,4f87ef91e3425ebc,True,1.0,1.0,0.8380130954191308,1.0,1.0,1.0,0.9325054564246379,0
3793,4f8d9bfa869553bb,True,1.0,1.0,1.0,0.0,1.0,0.0,0.5833333333333334,0
3794,4f8e1da188be5033,True,1.0,1.0,0.7205717932252202,1.0,1.0,1.0,0.8835715805105084,0
3795,4f8fc653ac98588e,True,1.0,1.0,1.0,1.0,1.0,1.0,1.0,0
3796,4f98b9b2f76e57be,True,1.0,1.0,1.0,1.0,1.0,1.0,1.0,0
3797,4faa4706a50958e2,True,1.0,1.0,0.6056218514863578,1.0,1.0,0.5,0.8356757714526492,0
3798,4fabf8c780005e4f,True,1.0,1.0,1.0,1.0,1.0,1.0,1.0,0
3799,4fb652e8a58f5623,True,1.0,1.0,1.0,1.0,1.0,1.0,1.0,0
3800,4fbca0f4292355cb,True,1.0,1.0,0.8097978539351172,1.0,1.0,1.0,0.9207491058062988,0
3801,4fbdc88ce3f75540,True,1.0,1.0,0.8952009653977159,1.0,1.0,1.0,0.9563337355823815,0
3802,4fbe9cf1d64d58ef,True,1.0,1.0,1.0,0.0,1.0,1.0,0.5833333333333334,0
3803,4fbfc7dc71db50e2,True,1.0,1.0,0.8276424860002654,1.0,1.0,1.0,0.9281843691667772,0
3804,4fc373052fb55899,True,1.0,1.0,0.8505657049850422,0.0,1.0,1.0,0.5210690437437676,0
3805,4fd0583319865636,True,1.0,1.0,1.0,0.0,1.0,1.0,0.5833333333333334,0
3806,4fd76c8d85845816,True,1.0,1.0,0.7826135792461628,1.0,1.0,1.0,0.9094223246859011,0
3807,4fd76f9d056d5fb3,True,1.0,1.0,0.8850104002117194,1.0,1.0,1.0,0.952087666754883,0
3808,4fdf85786f785a83,True,1.0,1.0,0.9138260212857685,1.0,1.0,1.0,0.9640941755357368,0
3809,4ffa52567be45f39,True,1.0,1.0,0.8213353005278332,1.0,1.0,1.0,0.9255563752199305,0
3810,5004df3161065742,True,1.0,1.0,0.8714489612741569,1.0,1.0,1.0,0.9464370671975654,0
3811,5005f44bd2135f3b,True,1.0,1.0,0.8366197351773462,1.0,1.0,1.0,0.9319248896572275,0
3812,5009bb0ce61b5921,True,1.0,1.0,0.9393306154113934,1.0,1.0,1.0,0.9747210897547472,0
3813,5012cae5e4fc57a1,True,1.0,1.0,1.0,1.0,1.0,1.0,1.0,0
3814,50142143082f5c0e,True,1.0,1.0,1.0,1.0,1.0,1.0,1.0,0
3815,5016bf8ca2ee554c,True,1.0,1.0,0.89921201862595,1.0,1.0,1.0,0.9580050077608124,0
3816,5016d5a7a87a538d,True,1.0,1.0,0.9076213791844534,1.0,1.0,1.0,0.9615089079935223,0
3817,501de4adcf415443,True,1.0,1.0,0.9801320060179353,1.0,1.0,1.0,0.9917216691741397,0
3818,50202ba4b1b55f6b,True,1.0,1.0,1.0,1.0,1.0,1.0,1.0,0
3819,50209c502bd157c8,True,1.0,1.0,0.8260704697633803,1.0,1.0,1.0,0.9275293624014084,0
3820,5022f5d01ba85e74,True,1.0,1.0,0.8041493859933168,1.0,1.0,1.0,0.9183955774972153,0
3821,5027a61161365407,True,0.0,1.0,0.0,0.0,1.0,1.0,0.0,0
3822,502fadfdde3554b2,True,1.0,1.0,0.833666191422054,1.0,1.0,1.0,0.930694246425856,0
3823,502fc2f7b9415e11,True,1.0,1.0,1.0,1.0,1.0,1.0,1.0,0
3824,5041cdf76ecb5ee7,True,1.0,1.0,0.6782625495816402,1.0,1.0,1.0,0.8659427289923501,0
3825,50433807834059b1,True,1.0,1.0,0.7617634793871108,1.0,1.0,0.5,0.9007347830779628,0
3826,5056ce4462ad5960,True,1.0,1.0,0.8669427439008505,1.0,1.0,1.0,0.9445594766253543,0
3827,505e82147a375933,True,0.0,1.0,0.0,0.0,1.0,1.0,0.0,0
3828,505f4ccbd00d5e99,True,1.0,1.0,1.0,1.0,1.0,1.0,1.0,0
3829,50613cf56a8d5a38,True,1.0,1.0,0.9148649843077592,1.0,1.0,1.0,0.9645270767948997,0
3830,50628427853659fc,True,1.0,1.0,0.8175718575442963,1.0,1.0,1.0,0.9239882739767902,0
3831,5066b57b01cb56ec,True,1.0,1.0,1.0,1.0,1.0,1.0,1.0,0
3832,50676507e4e2554f,True,1.0,1.0,0.5578245545562492,1.0,1.0,0.0,0.8157602310651039,0
3833,50702dbe2f785ae5,True,1.0,1.0,0.7500211589345073,1.0,1.0,1.0,0.8958421495560446,0
3834,50708f973eec5e38,True,1.0,1.0,0.7497264732182929,1.0,1.0,1.0,0.8957193638409553,0
3835,507a3844cf3051de,True,1.0,1.0,0.7791471008763236,1.0,1.0,1.0,0.9079779586984681,0
3836,507c91dd2444555e,True,1.0,1.0,0.8507674787690359,1.0,1.0,1.0,0.9378197828204317,0
3837,508209397e8f5714,True,1.0,1.0,1.0,1.0,1.0,1.0,1.0,0
3838,50833a9c9b265db8,True,1.0,1.0,0.829831203015654,1.0,1.0,1.0,0.9290963345898559,0
3839,508511fd38a15d52,True,1.0,1.0,1.0,0.0,1.0,1.0,0.5833333333333334,0
3840,5085749584aa5377,True,1.0,1.0,0.7128292301722897,1.0,1.0,1.0,0.8803455125717874,0
3841,508cd663b9a85228,True,1.0,1.0,0.8734865615665794,1.0,1.0,1.0,0.9472860673194082,0
3842,5098fc0bc21450f9,True,1.0,1.0,1.0,1.0,1.0,1.0,1.0,0
3843,5099c20d468f5cf4,True,1.0,1.0,0.8933574216665714,1.0,1.0,1.0,0.9555655923610714,0
3844,50a0fd7b031e5ca6,True,1.0,1.0,0.6521493404197954,1.0,1.0,1.0,0.8550622251749148,0
3845,50a5b2cbb4515594,True,1.0,1.0,0.80090936402491,1.0,1.0,1.0,0.9170455683437124,0
3846,50a5cd7410e85782,True,1.0,1.0,0.8094622252622475,1.0,1.0,1.0,0.9206092605259365,0
3847,50aa287e430e5ab3,True,1.0,1.0,1.0,1.0,1.0,1.0,1.0,0
3848,50ab222cd07b5bcd,True,1.0,1.0,0.7274908239121515,1.0,1.0,1.0,0.8864545099633965,0
3849,50b72b9404da516c,True,1.0,1.0,1.0,1.0,1.0,1.0,1.0,0
3850,50cc657e2283511b,True,1.0,1.0,0.8784238835107704,1.0,1.0,1.0,0.9493432847961544,0
3851,50cf8d1fd8c250a5,True,1.0,1.0,1.0,1.0,1.0,1.0,1.0,0
3852,50d6986491d3510a,True,1.0,1.0,0.569847733045481,1.0,1.0,1.0,0.8207698887689504,0
3853,50dac69523a15131,True,1.0,1.0,0.9129826619912323,1.0,1.0,1.0,0.96374277582968,0
3854,50e5a63ba7ac5d51,True,1.0,1.0,1.0,1.0,1.0,0.0,1.0,0
3855,50e871f60296566b,True,0.0,1.0,0.0,0.0,1.0,1.0,0.0,0
3856,50eebed7d9655bb5,True,1.0,0.0,0.0,1.0,1.0,1.0,0.0,0
3857,50f111c89e0958a9,True,1.0,1.0,1.0,1.0,1.0,1.0,1.0,0
3858,50fef67a5a9a5a4b,True,1.0,1.0,0.8500822692482383,1.0,1.0,1.0,0.9375342788534325,0
3859,50ffc42cec865b2e,True,1.0,1.0,0.8365672130615841,1.0,1.0,1.0,0.9319030054423267,0
3860,5102468ad3745c60,True,1.0,1.0,1.0,1.0,1.0,1.0,1.0,0
3861,510e507046865b40,True,1.0,1.0,0.9727505993896894,1.0,1.0,1.0,0.9886460830790372,0
3862,5111244533fb5d1f,True,1.0,1.0,0.9707973014192048,1.0,1.0,1.0,0.9878322089246687,0
3863,511741d6df93540d,True,1.0,1.0,0.9344177565465774,1.0,1.0,1.0,0.9726740652277406,0
3864,511ba067a1835f86,True,1.0,1.0,1.0,1.0,1.0,1.0,1.0,0
3865,51259bf89422548a,True,1.0,1.0,0.7921032486014611,1.0,1.0,1.0,0.9133763535839421,0
3866,512b6941e1335e0f,True,1.0,1.0,1.0,1.0,1.0,1.0,1.0,0
3867,5138bac9ac59508f,True,1.0,1.0,0.6844610360686019,1.0,1.0,1.0,0.8685254316952508,0
3868,513a97511d135ebd,True,1.0,1.0,0.9248400834509842,1.0,1.0,1.0,0.9686833681045769,0
3869,513ac26c90be51d0,True,1.0,1.0,0.8413739726534754,1.0,1.0,1.0,0.9339058219389481,0
3870,5143553713f05db3,True,1.0,1.0,0.8213257878438576,1.0,1.0,1.0,0.9255524116016073,0
3871,5146509d64145fcc,True,1.0,1.0,1.0,1.0,1.0,1.0,1.0,0
3872,51467056c4f35555,True,1.0,1.0,0.7466848078109025,1.0,1.0,1.0,0.8944520032545427,0
3873,514964ba4d115d35,True,1.0,0.0,0.0,1.0,1.0,1.0,0.0,0
3874,5155241fdbbf57b3,True,1.0,1.0,1.0,1.0,1.0,1.0,1.0,0
3875,51552f78760d5a11,True,1.0,1.0,0.8782099199054395,1.0,1.0,1.0,0.949254133293933,0
3876,51586a8c23a4569a,True,1.0,1.0,1.0,1.0,1.0,1.0,1.0,0
3877,515b2946ba2457b5,True,1.0,0.0,0.0,1.0,1.0,1.0,0.0,0
3878,515fefed28a65a88,True,1.0,1.0,0.8912342821265783,1.0,1.0,1.0,0.9546809508860742,0
3879,5167871fd80b575d,True,1.0,1.0,0.921206482368846,1.0,1.0,1.0,0.9671693676536858,0
3880,516c42e0454456b6,True,1.0,1.0,1.0,1.0,1.0,1.0,1.0,0
3881,516cb0d01d1f5b32,True,1.0,1.0,1.0,1.0,1.0,1.0,1.0,0
3882,517530489c455086,True,1.0,1.0,1.0,1.0,1.0,1.0,1.0,0
3883,51754449a4dd5f27,True,1.0,1.0,1.0,1.0,1.0,1.0,1.0,0
3884,5177cf8521f05855,True,1.0,1.0,1.0,1.0,1.0,1.0,1.0,0
3885,517e199220ca522b,True,1.0,1.0,1.0,1.0,1.0,1.0,1.0,0
3886,518221a430885093,True,1.0,1.0,0.8159844099296948,1.0,1.0,1.0,0.9233268374707061,0
3887,518661c5f7625f5b,True,1.0,1.0,1.0,0.0,1.0,1.0,0.5833333333333334,0
3888,51a384b48ace570a,True,1.0,1.0,0.9342818518976788,1.0,1.0,1.0,0.9726174382906995,0
3889,51a80bf5fd575fa2,True,1.0,1.0,0.7494313305482689,1.0,1.0,1.0,0.8955963877284455,0
3890,51ab6f367130574d,True,1.0,1.0,0.8408260331991967,1.0,1.0,1.0,0.9336775138329987,0
3891,51b0141596d15905,True,1.0,1.0,0.7680038297494237,1.0,1.0,1.0,0.9033349290622598,0
3892,51b855943c3a54ee,True,1.0,1.0,0.9179412399376925,1.0,1.0,1.0,0.9658088499740386,0
3893,51bf8103b6cd5b4c,True,1.0,1.0,0.8848432448027126,1.0,1.0,1.0,0.9520180186677969,0
3894,51c2558524435a31,True,1.0,1.0,0.8360797981366987,1.0,1.0,1.0,0.9316999158902911,0
3895,51c83516a5d8585a,True,1.0,1.0,1.0,1.0,1.0,1.0,1.0,0
3896,51d4ce9889525c4f,True,1.0,1.0,0.7809458125763195,1.0,1.0,1.0,0.9087274219067997,0
3897,51d961409a285653,True,1.0,1.0,1.0,1.0,1.0,1.0,1.0,0
3898,51e4c182629c50a7,True,1.0,1.0,0.5841082480948275,1.0,1.0,1.0,0.8267117700395114,0
3899,51e697d3f5255ac3,True,1.0,1.0,1.0,1.0,1.0,1.0,1.0,0
3900,51e74fb3d9945768,True,1.0,1.0,0.7668696259089378,1.0,1.0,1.0,0.9028623441287241,0
3901,51e7c560a43d5a25,True,1.0,1.0,0.6277131911290235,1.0,1.0,1.0,0.8448804963037597,0
3902,51ed8d0e57055ed3,True,1.0,1.0,0.9531878967456645,1.0,1.0,1.0,0.9804949569773602,0
3903,51fd85d11ea75120,True,1.0,1.0,1.0,1.0,1.0,1.0,1.0,0
3904,52094c2441105f4d,True,1.0,1.0,0.9132935365255415,1.0,1.0,1.0,0.9638723068856422,0
3905,5209e1f6a97e592a,True,1.0,1.0,0.7251183854013185,1.0,1.0,1.0,0.885465993917216,0
3906,520c2defbbc958a0,True,1.0,1.0,0.8109254332637481,1.0,1.0,1.0,0.9212189305265617,0
3907,520e72270acb562a,True,1.0,1.0,0.8050464724393365,1.0,1.0,1.0,0.9187693635163902,0
3908,520f3dc854275784,True,1.0,1.0,0.9582599206587591,1.0,1.0,1.0,0.982608300274483,0
3909,521247f86d7f57c0,True,1.0,1.0,1.0,1.0,1.0,1.0,1.0,0
3910,5218653349a6502a,True,1.0,1.0,0.8368600832134545,1.0,1.0,1.0,0.9320250346722728,0
3911,52248a6939af5fd6,True,1.0,1.0,0.7859209032855572,1.0,1.0,1.0,0.9108003763689823,0
3912,522894525b4e5168,True,1.0,1.0,0.7183936726025316,1.0,1.0,1.0,0.8826640302510548,0
3913,522b72a25cbb5ef9,True,1.0,1.0,0.7469015999977816,1.0,1.0,1.0,0.8945423333324091,0
3914,5230f4ecc5e054f5,True,1.0,1.0,1.0,1.0,1.0,1.0,1.0,0
3915,5233faf7f9935f97,True,1.0,1.0,1.0,1.0,1.0,1.0,1.0,0
3916,5237b49651b35ffb,True,1.0,1.0,1.0,1.0,1.0,1.0,1.0,0
3917,5239e2cfe006568b,True,1.0,1.0,0.745192169748772,1.0,1.0,1.0,0.893830070728655,0
3918,523ab1ffcace56f6,True,1.0,1.0,1.0,1.0,1.0,1.0,1.0,0
3919,524695a4857859fe,True,1.0,1.0,1.0,1.0,1.0,1.0,1.0,0
3920,524ca5715b155976,True,1.0,1.0,1.0,1.0,1.0,1.0,1.0,0
3921,5250ee99c1f05d97,True,1.0,1.0,0.7434389777553271,1.0,1.0,1.0,0.8930995740647196,0
3922,5252cad32bf358b2,True,1.0,1.0,0.994142458113693,1.0,1.0,1.0,0.997559357547372,0
3923,5259a5b9d00d54a7,True,1.0,1.0,0.9814152339422202,1.0,1.0,1.0,0.9922563474759251,0
3924,526a568a22795441,True,1.0,1.0,1.0,1.0,1.0,1.0,1.0,0
3925,526b66c665085401,True,1.0,1.0,0.8515507743055397,1.0,1.0,1.0,0.9381461559606415,0
3926,52761f4f68355373,True,1.0,1.0,0.7654570155859154,1.0,1.0,1.0,0.9022737564941314,0
3927,5282504f73a759b9,True,1.0,1.0,0.9322224342049732,1.0,1.0,1.0,0.9717593475854055,0
3928,529d2e20dc615c3b,True,1.0,1.0,1.0,0.0,1.0,1.0,0.5833333333333334,0
3929,52a4ade5aede53d9,True,1.0,1.0,0.8648287709277688,1.0,1.0,1.0,0.9436786545532371,0
3930,52a632acca085891,True,1.0,1.0,0.9369965797584325,1.0,1.0,1.0,0.9737485748993469,0
3931,52a66f215e855378,True,1.0,1.0,0.7206969936542015,0.0,1.0,1.0,0.4669570806892506,0
3932,52a862ac6c845dbb,True,1.0,1.0,0.7988450430050095,1.0,1.0,0.5,0.9161854345854206,0
3933,52a92230f3245182,True,1.0,1.0,0.8530226704355629,1.0,1.0,1.0,0.9387594460148178,0
3934,52ab5e0a4e075cad,True,1.0,1.0,0.8196055908181291,1.0,1.0,1.0,0.9248356628408873,0
3935,52b2e626eca85976,True,1.0,0.0,0.0,1.0,1.0,1.0,0.0,0
3936,52b428b6ff135845,True,1.0,1.0,0.9863016274890953,1.0,1.0,1.0,0.994292344787123,0
3937,52bc37cb7789510b,True,1.0,1.0,0.7070722771981501,0.0,1.0,0.5,0.4612801154992292,0
3938,52bffad1e6895ff1,True,1.0,1.0,0.7964935759321966,1.0,1.0,1.0,0.9152056566384154,0
3939,52c1d14554bb51f5,True,1.0,1.0,1.0,1.0,1.0,1.0,1.0,0
3940,52c337a436ab5362,True,1.0,1.0,0.7686877025669433,1.0,1.0,1.0,0.9036198760695596,0
3941,52c6827af61d5b87,True,0.0,1.0,0.0,0.0,1.0,1.0,0.0,0
3942,52c77cea68eb5afc,True,1.0,1.0,1.0,1.0,1.0,1.0,1.0,0
3943,52cad7d83eb65e75,True,1.0,1.0,0.7396697849102285,1.0,1.0,1.0,0.8915290770459285,0
3944,52cb0688ae7c5bed,True,1.0,1.0,1.0,1.0,1.0,1.0,1.0,0
3945,52cb88473a965bac,True,1.0,1.0,0.8556870505070989,1.0,1.0,1.0,0.9398696043779579,0
3946,52d3f15d6ca75701,True,1.0,1.0,0.6735984255192974,1.0,1.0,1.0,0.8639993439663739,0
3947,52d4fbbe8bd551dc,True,1.0,1.0,0.8551660305436971,1.0,1.0,1.0,0.9396525127265405,0
3948,52d6d6f0e4305a44,True,1.0,1.0,1.0,1.0,1.0,1.0,1.0,0
3949,52d9d533ca4e5980,True,1.0,1.0,0.6326979575524577,1.0,1.0,1.0,0.846957482313524,0
3950,52dac3f651ae5950,True,1.0,1.0,0.8046065204935745,1.0,1.0,1.0,0.918586050205656,0
3951,52de85cf514f5afd,True,1.0,1.0,0.9399400723644595,1.0,1.0,1.0,0.9749750301518582,0
3952,52e0d1590e0e529d,True,1.0,1.0,0.5796990312755606,1.0,1.0,1.0,0.8248745963648169,0
3953,52ed9777731d5ba8,True,1.0,1.0,0.9401765151101047,1.0,1.0,1.0,0.9750735479625435,0
3954,52f07f442baa5fe5,True,0.0,1.0,0.0,0.0,1.0,1.0,0.0,0
3955,52f0b8a2023656cf,True,1.0,1.0,0.9121591224016272,1.0,1.0,1.0,0.9633996343340113,0
3956,52f7393aa83854f6,True,1.0,1.0,0.6227901362261068,1.0,1.0,1.0,0.8428292234275445,0
3957,52fae9c4f2025dc3,True,1.0,1.0,0.6757996694083805,1.0,1.0,1.0,0.8649165289201587,0
3958,52fb49766a14554c,True,1.0,1.0,1.0,1.0,1.0,1.0,1.0,0
3959,530176929c015182,True,1.0,1.0,1.0,1.0,1.0,1.0,1.0,0
3960,5303407715805679,True,1.0,1.0,1.0,1.0,1.0,1.0,1.0,0
3961,530df64bb4b5533f,True,1.0,1.0,1.0,1.0,1.0,0.0,1.0,0
3962,531415bb29245095,True,1.0,1.0,1.0,1.0,1.0,1.0,1.0,0
3963,5317b890d3e45958,True,1.0,1.0,0.6929525703690405,1.0,1.0,1.0,0.8720635709871002,0
3964,5322f39a6130560c,True,1.0,1.0,1.0,1.0,1.0,1.0,1.0,0
3965,5325126716b45ac4,True,1.0,1.0,0.9294481300349501,1.0,1.0,1.0,0.9706033875145627,0
3966,53259c7d4d8952eb,True,1.0,1.0,0.7834129976018281,1.0,1.0,1.0,0.9097554156674285,0
3967,5328fe5eba6e5d30,True,1.0,1.0,0.9334656310771874,1.0,1.0,1.0,0.9722773462821613,0
3968,533c27383d335f4f,True,1.0,1.0,1.0,1.0,1.0,1.0,1.0,0
3969,53400e82ca375c5f,True,1.0,1.0,0.5850206952332868,1.0,1.0,1.0,0.8270919563472029,0
3970,53414ba6577d5923,True,1.0,1.0,1.0,1.0,1.0,1.0,1.0,0
3971,534431abbbd75d4f,True,1.0,1.0,1.0,1.0,1.0,1.0,1.0,0
3972,534587f0abca573b,True,1.0,1.0,0.9272104346724444,1.0,1.0,1.0,0.9696710144468518,0
3973,534942a69dea5054,True,1.0,1.0,0.7546751992447543,1.0,1.0,1.0,0.8977813330186476,0
3974,534e6a7d7e8c528b,True,1.0,1.0,0.9527959780764739,1.0,1.0,1.0,0.9803316575318641,0
3975,534efc35151f543d,True,1.0,1.0,1.0,1.0,1.0,1.0,1.0,0
3976,5350c9f947cb5482,True,1.0,1.0,0.683071865227271,1.0,1.0,1.0,0.867946610511363,0
3977,5350e5a376c259f6,True,1.0,1.0,1.0,1.0,1.0,1.0,1.0,0
3978,535d4220196452ed,True,1.0,0.0,0.0,1.0,1.0,1.0,0.0,0
3979,535e19c081ec5c28,True,1.0,1.0,0.7948946508108768,1.0,1.0,1.0,0.9145394378378654,0
3980,5361459e4c1b5899,True,1.0,1.0,0.9311849504521257,1.0,1.0,1.0,0.9713270626883856,0
3981,5368a45f74ed5f66,True,1.0,1.0,1.0,1.0,1.0,1.0,1.0,0
3982,536a4f2c870d5e58,True,1.0,1.0,0.8409622243741054,1.0,1.0,1.0,0.9337342601558772,0
3983,536e9526257a57f2,True,1.0,0.0,0.0,1.0,1.0,1.0,0.0,0
3984,537935a8e7b653f2,True,1.0,1.0,0.5204267666245268,1.0,1.0,1.0,0.8001778194268861,0
3985,5379d354b9b95048,True,1.0,1.0,0.8213129721949417,1.0,1.0,1.0,0.9255470717478924,0
3986,5380625bddba59a2,True,1.0,1.0,1.0,1.0,1.0,1.0,1.0,0
3987,5382d1898c5f506d,True,1.0,1.0,0.9969805976382872,1.0,1.0,1.0,0.9987419156826197,0
3988,53834451cfa75fd0,True,1.0,1.0,0.7258117600909204,1.0,1.0,1.0,0.8857549000378834,0
3989,538ed1acbf145c8b,True,1.0,1.0,0.6356430424738451,1.0,1.0,1.0,0.8481846010307686,0
3990,53928c06f3005536,True,1.0,1.0,1.0,1.0,1.0,1.0,1.0,0
3991,5395d42cc65e5c06,True,1.0,1.0,0.9325485889846815,1.0,1.0,1.0,0.971895245410284,0
3992,5396af8f09455852,True,1.0,1.0,0.6415312787778217,1.0,1.0,1.0,0.8506380328240923,0
3993,53a22c2f65fd57d5,True,1.0,1.0,0.7168599365886954,1.0,1.0,1.0,0.8820249735786231,0
3994,53a7531622255064,True,1.0,1.0,1.0,1.0,1.0,1.0,1.0,0
3995,53ab46d6ca9d5b68,True,1.0,1.0,1.0,1.0,1.0,1.0,1.0,0
3996,53abaebc66d4549e,True,1.0,1.0,0.9683959183112955,1.0,1.0,1.0,0.9868316326297064,0
3997,53b9b277e6305400,True,1.0,1.0,0.9185996386857233,1.0,1.0,1.0,0.966083182785718,0
3998,53c908f42e685998,True,1.0,1.0,1.0,1.0,1.0,1.0,1.0,0
3999,53d3787367c75240,True,1.0,1.0,1.0,1.0,1.0,1.0,1.0,0
4000,53e360156fe05050,True,1.0,1.0,0.7874065353400395,1.0,1.0,1.0,0.9114193897250166,0
4001,53ed75baf8ef5022,True,1.0,1.0,0.8335576952834781,1.0,1.0,1.0,0.9306490397014492,0
4002,53f1331b9dd45ffa,True,1.0,1.0,1.0,1.0,1.0,1.0,1.0,0
4003,53f754a75b955383,True,1.0,1.0,1.0,1.0,1.0,1.0,1.0,0
4004,53f8bc4012fe5f29,True,1.0,1.0,0.38969024665143415,1.0,1.0,1.0,0.7457042694380975,0
4005,53feb52497035b3e,True,1.0,1.0,1.0,1.0,1.0,1.0,1.0,0
4006,540098f126795a8c,True,1.0,1.0,1.0,1.0,1.0,1.0,1.0,0
4007,5403d4e6179a5354,True,1.0,1.0,0.7477423717593464,1.0,1.0,1.0,0.8948926548997277,0
4008,540ec2943ea050c9,True,1.0,1.0,1.0,1.0,1.0,1.0,1.0,0
4009,54169f6efe825b79,True,1.0,1.0,1.0,1.0,1.0,1.0,1.0,0
4010,541d2d0ac174524b,True,1.0,1.0,0.7080203950135084,1.0,1.0,1.0,0.8783418312556286,0
4011,54220704df92547d,True,1.0,1.0,0.9769829750954706,1.0,1.0,1.0,0.990409572956446,0
4012,54229e2cb94b5adb,True,1.0,1.0,0.7345410275241624,1.0,1.0,1.0,0.8893920948017344,0
4013,5422a7cee0d35e47,True,1.0,1.0,0.7791485682759797,1.0,1.0,1.0,0.9079785701149916,0
4014,542304e2baf25357,True,1.0,1.0,0.9308445125141745,1.0,1.0,1.0,0.9711852135475727,0
4015,54292820fab05539,True,0.0,1.0,0.0,0.0,1.0,1.0,0.0,0
4016,542bec9a7d6e5c52,True,1.0,1.0,0.9622986620973129,1.0,1.0,1.0,0.9842911092072137,0
4017,542d8c3b05145bbe,True,1.0,1.0,0.7027893474519146,1.0,1.0,1.0,0.8761622281049645,0
4018,543075ac6a275db3,True,1.0,1.0,0.775506916313394,1.0,1.0,1.0,0.9064612151305808,0
4019,5444d6dfc06559c3,True,1.0,1.0,1.0,1.0,1.0,1.0,1.0,0
4020,5445d4283a475bf6,True,1.0,1.0,0.7292977793657864,1.0,1.0,1.0,0.8872074080690777,0
4021,544d2652bcc551db,True,1.0,1.0,1.0,1.0,1.0,1.0,1.0,0
4022,54511f27d12e5a58,True,1.0,1.0,0.8404454738759927,1.0,1.0,1.0,0.9335189474483303,0
4023,54580876ee835959,True,1.0,1.0,0.826493394075237,1.0,1.0,1.0,0.9277055808646821,0
4024,5469a6a592ef55d0,True,1.0,1.0,0.9505990778984472,1.0,1.0,1.0,0.9794162824576863,0
4025,546c6d1bfc455f77,True,1.0,1.0,1.0,1.0,1.0,1.0,1.0,0
4026,54718dd05cad553a,True,1.0,1.0,0.8709652924307728,1.0,1.0,1.0,0.9462355385128219,0
4027,5474ade2411457f3,True,1.0,1.0,1.0,1.0,1.0,1.0,1.0,0
4028,5487bbfde69354cb,True,1.0,1.0,0.8444754926165453,1.0,1.0,1.0,0.9351981219235604,0
4029,548b6b9700f25610,True,1.0,1.0,0.8457441202259243,1.0,1.0,1.0,0.9357267167608018,0
4030,5491f2f619e25dfb,True,1.0,1.0,0.8627385051788419,1.0,1.0,0.0,0.9428077104911842,0
4031,5496f69033515dd4,True,1.0,1.0,0.9184039023321807,1.0,1.0,1.0,0.966001625971742,0
4032,5498f9f2cfc55668,True,1.0,1.0,0.8313497372373816,1.0,1.0,1.0,0.9297290571822424,0
4033,549af9d2e33d5996,True,1.0,1.0,0.8308532185582093,1.0,1.0,1.0,0.929522174399254,0
4034,54a295777c3a5d46,True,1.0,1.0,0.7438220078697569,1.0,1.0,1.0,0.8932591699457321,0
4035,54a48973672c5352,True,1.0,1.0,1.0,1.0,1.0,1.0,1.0,0
4036,54a706251c0558d2,True,1.0,1.0,0.8851460556272044,1.0,1.0,1.0,0.9521441898446685,0
4037,54a9fe6636755234,True,1.0,1.0,1.0,1.0,1.0,1.0,1.0,0
4038,54ab49005da25b3e,True,1.0,1.0,0.6409804778613142,1.0,1.0,1.0,0.8504085324422143,0
4039,54acc07973fb52c8,True,1.0,1.0,0.9689266751713199,1.0,1.0,1.0,0.9870527813213833,0
4040,54ae4b189e79541b,True,1.0,1.0,1.0,1.0,1.0,0.5,1.0,0
4041,54b1308d42085066,True,1.0,1.0,0.811667337037333,1.0,1.0,1.0,0.9215280570988886,0
4042,54b1735112ed5840,True,1.0,1.0,0.9639862734124215,1.0,1.0,1.0,0.9849942805885089,0
4043,54b907a5a03b51ef,True,1.0,1.0,0.7799579969471245,1.0,1.0,1.0,0.908315832061302,0
4044,54bf100910bc5b10,True,1.0,1.0,1.0,1.0,1.0,1.0,1.0,0
4045,54c208abe15c56e5,True,1.0,1.0,1.0,1.0,1.0,1.0,1.0,0
4046,54c95aa7df955414,True,1.0,1.0,0.9658999099201534,1.0,1.0,1.0,0.9857916291333972,0
4047,54d1762cf973535b,True,1.0,1.0,1.0,1.0,1.0,1.0,1.0,0
4048,54d3c4a139e75250,True,1.0,1.0,1.0,1.0,1.0,1.0,1.0,0
4049,54d86279a0015154,True,1.0,1.0,1.0,1.0,1.0,1.0,1.0,0
4050,54d9604b5b265c99,True,1.0,1.0,0.8333757371483518,1.0,1.0,1.0,0.9305732238118133,0
4051,54db5162fc6c563c,True,1.0,1.0,0.9248818878922449,1.0,1.0,1.0,0.9687007866217687,0
4052,54e010de01625177,True,1.0,1.0,1.0,0.0,1.0,1.0,0.5833333333333334,0
4053,54e1372d95955eaa,True,1.0,1.0,0.937503926326579,1.0,1.0,1.0,0.9739599693027413,0
4054,54e1cb577c0a5f7e,True,1.0,1.0,0.7808888309863623,1.0,1.0,1.0,0.908703679577651,0
4055,54e57dfcbf295398,True,1.0,1.0,1.0,1.0,1.0,1.0,1.0,0
4056,54ed7e46291c5fcf,True,1.0,1.0,0.7755655720834198,1.0,1.0,1.0,0.9064856550347583,0
4057,54fbc5743190519c,True,0.0,1.0,0.0,0.0,1.0,0.5,0.0,0
4058,54fbe498c745542e,True,1.0,1.0,1.0,1.0,1.0,1.0,1.0,0
4059,54fc99ad3c555e09,True,1.0,1.0,0.7892967408818174,1.0,1.0,1.0,0.9122069753674239,0
4060,550045c2be39530a,True,1.0,1.0,0.9883679576755136,1.0,1.0,1.0,0.9951533156981306,0
4061,55016fc4cd15505d,True,1.0,1.0,1.0,1.0,1.0,1.0,1.0,0
4062,5503e65e815a58c7,True,1.0,1.0,0.8272485128855159,1.0,1.0,1.0,0.9280202137022983,0
4063,5517642e588e59d0,True,1.0,1.0,0.37361370575747876,1.0,1.0,1.0,0.7390057107322828,0
4064,551867c095c35991,True,1.0,1.0,1.0,1.0,1.0,1.0,1.0,0
4065,55194edb46265f3d,True,1.0,1.0,0.8853858264884346,1.0,1.0,1.0,0.952244094370181,0
4066,551afc276a1a5ab3,True,1.0,1.0,0.6210486569825545,1.0,1.0,1.0,0.8421036070760644,0
4067,551ce60633b65fd0,True,1.0,1.0,0.8897150279970589,1.0,1.0,1.0,0.9540479283321078,0
4068,551cf39c34f75b25,True,1.0,1.0,0.6044526695762666,1.0,1.0,1.0,0.8351886123234444,0
4069,55204d7112015beb,True,1.0,1.0,0.8050615544824271,1.0,1.0,1.0,0.9187756477010113,0
4070,5521dd071ee95c1a,True,1.0,1.0,0.9571684141567106,1.0,1.0,1.0,0.9821535058986294,0
4071,55237cf0b8c45ec9,True,1.0,1.0,0.8186421721180038,1.0,1.0,1.0,0.9244342383825016,0
4072,552fd48bfce35a20,True,1.0,1.0,1.0,1.0,1.0,1.0,1.0,0
4073,55368b53e7ba5dda,True,1.0,1.0,0.7190571016000601,1.0,1.0,1.0,0.882940459000025,0
4074,553c80b72cdc5c04,True,1.0,1.0,0.8617980210733543,1.0,1.0,1.0,0.9424158421138976,0
4075,553d5ef6d98e5728,True,1.0,1.0,0.7628197495679565,1.0,1.0,1.0,0.9011748956533152,0
4076,555226e5142f50ed,True,1.0,1.0,1.0,1.0,1.0,1.0,1.0,0
4077,555ac2e13627529e,True,1.0,1.0,1.0,1.0,1.0,1.0,1.0,0
4078,555af87f71415a3d,True,1.0,1.0,1.0,1.0,1.0,1.0,1.0,0
4079,556118fe6e455038,True,1.0,1.0,0.7201407198638585,1.0,1.0,1.0,0.883391966609941,0
4080,556283de632c5226,True,1.0,1.0,0.9138577128263587,1.0,1.0,1.0,0.9641073803443162,0
4081,55644491cba35aad,True,1.0,1.0,0.8022692716679699,1.0,1.0,1.0,0.9176121965283208,0
4082,5568ad08c60d510f,True,1.0,1.0,0.6766299824568609,1.0,1.0,0.5,0.8652624926903587,0
4083,5576401890e55a6e,True,1.0,1.0,1.0,1.0,1.0,1.0,1.0,0
4084,557690c1c31357b1,True,1.0,1.0,0.8958804802345282,1.0,1.0,1.0,0.9566168667643867,0
4085,55790fb5a5e853d0,True,1.0,1.0,0.9510061350032643,1.0,1.0,1.0,0.9795858895846935,0
4086,557a287c11cc5960,True,1.0,1.0,0.9287876770178,1.0,1.0,1.0,0.9703281987574167,0
4087,557fe4dc6b2a5c76,True,1.0,1.0,1.0,1.0,1.0,1.0,1.0,0
4088,5583c1447acd5f31,True,1.0,1.0,1.0,1.0,1.0,1.0,1.0,0
4089,5590042a1aaa5f92,True,1.0,1.0,0.9830544143201847,1.0,1.0,1.0,0.992939339300077,0
4090,5593d7326b9c59aa,True,1.0,1.0,1.0,1.0,1.0,1.0,1.0,0
4091,5593db2f64115fbf,True,1.0,1.0,1.0,0.0,1.0,1.0,0.5833333333333334,0
4092,5594163f2d8751f6,True,1.0,1.0,1.0,1.0,1.0,1.0,1.0,0
4093,55992af369b95456,True,1.0,1.0,0.8731127065461406,1.0,1.0,1.0,0.9471302943942254,0
4094,559c4c23eb5d565a,True,1.0,1.0,0.8601679814287486,1.0,1.0,1.0,0.9417366589286452,0
4095,559c83269c035643,True,1.0,1.0,1.0,1.0,1.0,1.0,1.0,0
4096,559e3fe66db15d66,True,1.0,1.0,1.0,1.0,1.0,1.0,1.0,0
4097,55a241ed2c5a553b,True,1.0,1.0,0.9124173351091525,1.0,1.0,1.0,0.9635072229621469,0
4098,55a584a116ec5e6d,True,1.0,1.0,1.0,1.0,1.0,1.0,1.0,0
4099,55a63ecf2e985abe,True,1.0,1.0,0.6126348838070392,1.0,1.0,1.0,0.838597868252933,0
4100,55a8886514eb5c1b,True,1.0,1.0,0.7606312426530158,1.0,1.0,1.0,0.90026301777209,0
4101,55b7f0c50f4a5157,True,1.0,1.0,1.0,1.0,1.0,1.0,1.0,0
4102,55ba1ce72f1b5160,True,1.0,1.0,1.0,1.0,1.0,1.0,1.0,0
4103,55bb551a2aa85849,True,1.0,1.0,0.9441439160011946,1.0,1.0,1.0,0.9767266316671644,0
4104,55bc862799d350f9,True,1.0,1.0,1.0,1.0,1.0,1.0,1.0,0
4105,55bd10ac74585a12,True,1.0,1.0,1.0,1.0,1.0,1.0,1.0,0
4106,55c604d608af594f,True,1.0,1.0,1.0,1.0,1.0,1.0,1.0,0
4107,55d102de4d6150f8,True,1.0,1.0,0.8528081037601846,1.0,1.0,1.0,0.9386700432334102,0
4108,55d3d0c71390575b,True,1.0,1.0,0.8408609408301009,1.0,1.0,1.0,0.9336920586792088,0
4109,55d6a50a401f52f7,True,1.0,1.0,0.9328512667232217,1.0,1.0,1.0,0.9720213611346757,0
4110,55dab3d9ebd95046,True,1.0,1.0,0.752360593734761,1.0,1.0,1.0,0.8968169140561505,0
4111,55de917b2f545939,True,1.0,1.0,0.8038004228623842,1.0,1.0,1.0,0.91825017619266,0
4112,55e018d3bd3d5abc,True,1.0,1.0,1.0,1.0,1.0,1.0,1.0,0
4113,55e7ff380d7e5491,True,1.0,1.0,1.0,1.0,1.0,1.0,1.0,0
4114,55eed45c895852b9,True,1.0,1.0,1.0,1.0,1.0,1.0,1.0,0
4115,5603aa72d59e58b2,True,1.0,1.0,1.0,0.0,1.0,1.0,0.5833333333333334,0
4116,561ac555b4a85edc,True,1.0,1.0,0.79514476880147,1.0,1.0,1.0,0.9146436536672792,0
4117,561e8ca2d7395a7a,True,1.0,1.0,0.6492110553124056,1.0,1.0,1.0,0.8538379397135024,0
4118,562019740aeb5d7e,True,1.0,1.0,1.0,1.0,1.0,1.0,1.0,0
4119,5624b4732b135079,True,1.0,1.0,0.7499370993524899,1.0,1.0,1.0,0.8958071247302041,0
4120,5628a405141e5e29,True,1.0,1.0,1.0,1.0,1.0,1.0,1.0,0
4121,562e11865ef75220,True,1.0,1.0,0.7398898260304018,1.0,1.0,1.0,0.8916207608460006,0
4122,562f38636f975be4,True,1.0,1.0,1.0,1.0,1.0,1.0,1.0,0
4123,563aa14962ba55f4,True,1.0,1.0,0.9487367851400845,1.0,1.0,1.0,0.978640327141702,0
4124,563cd0d9beb7563a,True,1.0,1.0,0.8206170978821326,1.0,1.0,1.0,0.9252571241175552,0
4125,563ef3c44a5a528e,True,1.0,1.0,0.5909447159305029,1.0,1.0,1.0,0.8295602983043762,0
4126,563fd35940785c61,True,1.0,1.0,0.7925877570507012,1.0,1.0,1.0,0.9135782321044589,0
4127,56464bef8d91590f,True,1.0,1.0,0.8284695506775711,1.0,1.0,1.0,0.928528979448988,0
4128,564b7ca4f210501e,True,1.0,1.0,0.5633473697749591,1.0,1.0,1.0,0.8180614040728997,0
4129,564bb94f846e5fe1,True,1.0,1.0,0.8367264663249895,1.0,1.0,1.0,0.9319693609687456,0
4130,5655270788dc5fa3,True,1.0,1.0,0.7054370333561868,1.0,1.0,1.0,0.8772654305650779,0
4131,56587c89d25856b7,True,1.0,1.0,0.9284384071051526,1.0,1.0,1.0,0.9701826696271469,0
4132,5659c2c128ec5db7,True,1.0,1.0,0.9736215752056514,1.0,1.0,1.0,0.9890089896690215,0
4133,565e485cbedb506f,True,1.0,1.0,1.0,1.0,1.0,1.0,1.0,0
4134,566394b6f104598e,True,1.0,1.0,0.8844625855455577,1.0,1.0,1.0,0.9518594106439823,0
4135,5667135252dd528a,True,1.0,1.0,0.9971437357722346,1.0,1.0,1.0,0.9988098899050977,0
4136,566bd5e6d09153e0,True,1.0,1.0,1.0,1.0,1.0,1.0,1.0,0
4137,566cac9a7c0358ce,True,1.0,1.0,0.8696386082929289,1.0,1.0,1.0,0.945682753455387,0
4138,566ee79ab35c5b14,True,1.0,1.0,0.9346762708098656,1.0,1.0,0.5,0.9727817795041106,0
4139,566f63e4108c5d48,True,1.0,1.0,0.673553486916238,1.0,1.0,1.0,0.8639806195484324,0
4140,56706b5fe8b4575f,True,1.0,1.0,0.7662652210778915,1.0,1.0,1.0,0.9026105087824549,0
4141,5671f9e107965dc3,True,1.0,1.0,0.8530371778063424,1.0,1.0,1.0,0.9387654907526427,0
4142,567469e556cf5e6b,True,1.0,1.0,0.7835603324936261,1.0,1.0,1.0,0.9098168052056775,0
4143,56780fc1a6bc53a8,True,1.0,1.0,1.0,1.0,1.0,1.0,1.0,0
4144,56783067f37c553f,True,1.0,1.0,0.7549996801186064,1.0,1.0,1.0,0.8979165333827527,0
4145,56886aeb0f685bea,True,1.0,1.0,0.933261106328237,1.0,1.0,1.0,0.9721921276367654,0
4146,569187407cd3517c,True,1.0,1.0,1.0,1.0,1.0,1.0,1.0,0
4147,5691c7c24fdd5e16,True,1.0,1.0,0.999941793215991,1.0,1.0,1.0,0.9999757471733295,0
4148,569670245b515d11,True,1.0,1.0,0.9724034396561824,1.0,1.0,1.0,0.988501433190076,0
4149,569a63e20e845d44,True,1.0,1.0,0.8735532467353219,1.0,1.0,1.0,0.947313852806384,0
4150,569da35d0f00545a,True,1.0,1.0,0.7989250838044812,1.0,1.0,1.0,0.9162187849185338,0
4151,569f53e485335820,True,1.0,1.0,0.8290036716775745,1.0,1.0,1.0,0.928751529865656,0
4152,56a1470952cb57a0,True,1.0,1.0,0.9002808464345925,1.0,1.0,1.0,0.9584503526810803,0
4153,56a45baf2fb55951,True,1.0,1.0,0.983193123381995,1.0,1.0,1.0,0.992997134742498,0
4154,56a5e83ad14c558a,True,1.0,1.0,0.9407722193781649,1.0,1.0,1.0,0.9753217580742354,0
4155,56acc09e62b45e21,True,1.0,1.0,0.9657431463569518,1.0,1.0,1.0,0.9857263109820632,0
4156,56af844c0e0a53ce,True,1.0,1.0,0.8710599801787122,1.0,1.0,1.0,0.9462749917411301,0
4157,56af8eae4788597f,True,1.0,1.0,1.0,1.0,1.0,1.0,1.0,0
4158,56b0ed5018c25d3f,True,1.0,1.0,1.0,1.0,1.0,0.5,1.0,0
4159,56b80cb2ca2c5983,True,1.0,1.0,0.7051839127667994,1.0,1.0,1.0,0.877159963652833,0
4160,56c64f7e47b15e0d,True,1.0,1.0,1.0,1.0,1.0,1.0,1.0,0
4161,56c652d4f2715e43,True,1.0,1.0,0.8283737427275765,1.0,1.0,1.0,0.9284890594698236,0
4162,56d552d6bb425954,True,1.0,1.0,0.85576622648721,1.0,1.0,1.0,0.9399025943696708,0
4163,56da58294b3d53c5,True,1.0,1.0,0.6768172341667432,1.0,1.0,1.0,0.8653405142361429,0
4164,56e1329f01d95164,True,1.0,1.0,1.0,1.0,1.0,1.0,1.0,0
4165,56f5294b63df53b9,True,1.0,1.0,1.0,1.0,1.0,1.0,1.0,0
4166,56fe5be4b9dc5c77,True,1.0,1.0,0.9266622859527635,1.0,1.0,1.0,0.9694426191469848,0
4167,57076e49ca7c5570,True,1.0,1.0,0.8362732526771071,1.0,1.0,0.5,0.9317805219487946,0
4168,570967c07a8251a2,True,1.0,1.0,0.905689088719033,1.0,1.0,1.0,0.9607037869662637,0
4169,570a5855539b5c7e,True,1.0,1.0,0.9074414639456638,1.0,1.0,1.0,0.9614339433106932,0
4170,570ba391cb6158c2,True,1.0,1.0,0.7003859117406712,1.0,1.0,1.0,0.875160796558613,0
4171,57139af318a45873,True,1.0,1.0,1.0,1.0,1.0,1.0,1.0,0
4172,57177f12c7045c13,True,0.0,1.0,0.0,0.0,1.0,1.0,0.0,0
4173,571bb034360052d9,True,1.0,1.0,1.0,1.0,1.0,1.0,1.0,0
4174,571c1c28470e5dcc,True,1.0,1.0,1.0,1.0,1.0,1.0,1.0,0
4175,572e6c81e32958f2,True,1.0,1.0,0.5264766535812557,1.0,1.0,1.0,0.8026986056588564,0
4176,574aa2eca31057d5,True,1.0,1.0,1.0,1.0,1.0,1.0,1.0,0
4177,574b305b50435885,True,1.0,1.0,1.0,1.0,1.0,1.0,1.0,0
4178,575317389c085760,True,1.0,1.0,0.9869209415013317,1.0,1.0,1.0,0.9945503922922215,0
4179,575453863ce05f35,True,1.0,1.0,1.0,1.0,1.0,1.0,1.0,0
4180,5757a661eb0f54d2,True,1.0,1.0,0.9228708734316057,1.0,1.0,1.0,0.9678628639298358,0
4181,575a40958ae65abd,True,1.0,1.0,1.0,1.0,1.0,1.0,1.0,0
4182,57730912486a5853,True,1.0,1.0,1.0,1.0,1.0,1.0,1.0,0
4183,5777bfe33e865897,True,1.0,1.0,0.8776699220379686,1.0,1.0,1.0,0.9490291341824868,0
4184,5785ba7017515a65,True,1.0,1.0,0.968890538534489,1.0,1.0,1.0,0.9870377243893703,0
4185,578a5ef598b9521f,True,1.0,1.0,1.0,1.0,1.0,1.0,1.0,0
4186,578adc6dc97d510f,True,1.0,1.0,0.8430699390608535,1.0,1.0,1.0,0.9346124746086889,0
4187,578b2f71b5d750a8,True,1.0,1.0,1.0,1.0,1.0,1.0,1.0,0
4188,578d2af2c3625ace,True,1.0,1.0,1.0,1.0,1.0,1.0,1.0,0
4189,578fc7fcef215f0f,True,1.0,1.0,1.0,1.0,1.0,1.0,1.0,0
4190,5795e118157f528f,True,1.0,1.0,1.0,0.0,1.0,1.0,0.5833333333333334,0
4191,57960c0eaa6b554b,True,1.0,1.0,0.9885843255912369,1.0,1.0,1.0,0.9952434689963487,0
4192,5798a6e25f2553e4,True,1.0,1.0,0.7852432747963093,1.0,1.0,1.0,0.9105180311651289,0
4193,579942d331b9571d,True,1.0,1.0,0.7741122723291171,1.0,1.0,1.0,0.9058801134704654,0
4194,57a77b8c90465bc4,True,1.0,1.0,0.7698506730503195,1.0,1.0,1.0,0.9041044471042997,0
4195,57a85d94e9c95004,True,1.0,1.0,1.0,1.0,1.0,1.0,1.0,0
4196,57af94e8290254bb,True,1.0,1.0,0.9978713687684809,1.0,1.0,1.0,0.9991130703202004,0
4197,57b2cc25579a5885,True,1.0,1.0,0.9802576161811951,1.0,1.0,1.0,0.9917740067421645,0
4198,57b605b889505738,True,1.0,1.0,1.0,1.0,1.0,1.0,1.0,0
4199,57be56626c61528e,True,1.0,1.0,0.5225528174845101,1.0,1.0,1.0,0.8010636739518793,0
4200,57d9e7f9125751e2,True,1.0,1.0,0.8650273929505687,1.0,1.0,1.0,0.9437614137294036,0
4201,57dceadaafe053ef,True,1.0,1.0,1.0,1.0,1.0,1.0,1.0,0
4202,57e7565904e05728,True,1.0,1.0,1.0,1.0,1.0,1.0,1.0,0
4203,57ec316cb2f65e46,True,1.0,1.0,0.6949127181459521,1.0,1.0,1.0,0.87288029922748,0
4204,57eebf7c02c05c63,True,1.0,0.0,0.0,1.0,1.0,1.0,0.0,0
4205,57f2781030b25387,True,1.0,1.0,0.8615481771927099,1.0,1.0,1.0,0.9423117404969625,0
4206,57fa478b9b1e5de3,True,1.0,1.0,1.0,1.0,1.0,1.0,1.0,0
4207,57fc7e48f73a5218,True,1.0,1.0,0.7787179641371879,1.0,1.0,1.0,0.9077991517238283,0
4208,580004d79c9b53b8,True,1.0,1.0,0.8494093326776769,1.0,1.0,1.0,0.9372538886156988,0
4209,5802564fbfb558f8,True,1.0,1.0,0.8297154676906102,1.0,1.0,1.0,0.9290481115377544,0
4210,580524859b485a1b,True,1.0,1.0,0.6721246360544987,1.0,1.0,1.0,0.8633852650227078,0
4211,5806eb348e3250d9,True,1.0,1.0,0.9212642479429665,1.0,1.0,0.0,0.9671934366429027,0
4212,580a10ad9ad55a5d,True,1.0,1.0,0.4964596953062677,1.0,1.0,1.0,0.7901915397109449,0
4213,580b253c853c5ef9,True,1.0,1.0,1.0,1.0,1.0,1.0,1.0,0
4214,580dac44fa305877,True,1.0,1.0,0.6267040438171594,1.0,1.0,1.0,0.8444600182571498,0
4215,58169843acb45a62,True,1.0,1.0,1.0,1.0,1.0,1.0,1.0,0
4216,5816a23cfee25d4e,True,1.0,1.0,1.0,1.0,1.0,1.0,1.0,0
4217,581a74871330567f,True,1.0,1.0,1.0,1.0,1.0,1.0,1.0,0
4218,581b5ae61b1c569d,True,1.0,1.0,0.9245478266193263,1.0,1.0,1.0,0.9685615944247193,0
4219,581e219460ef5789,True,1.0,1.0,0.792458527924674,1.0,1.0,1.0,0.9135243866352809,0
4220,5825e60bec9f59fb,True,1.0,1.0,1.0,1.0,1.0,1.0,1.0,0
4221,582a4716d1bd55bc,True,1.0,1.0,0.9855156398652465,1.0,1.0,1.0,0.9939648499438527,0
4222,582ac6cc2a1758a3,True,1.0,1.0,1.0,1.0,1.0,1.0,1.0,0
4223,582d1109ddf75e76,True,1.0,1.0,0.9123015626872036,1.0,1.0,1.0,0.9634589844530015,0
4224,583113c5db20565d,True,1.0,1.0,0.9586116394642487,1.0,1.0,1.0,0.9827548497767703,0
4225,58366177d30259f5,True,1.0,1.0,0.9334480546546965,1.0,1.0,1.0,0.9722700227727902,0
4226,583e9cc4115258e4,True,1.0,1.0,0.9933771339045778,1.0,1.0,1.0,0.9972404724602407,0
4227,583f7d0d8b27513c,True,1.0,1.0,1.0,1.0,1.0,1.0,1.0,0
4228,584a741051cd523f,True,1.0,1.0,0.8404099361380644,1.0,1.0,1.0,0.9335041400575269,0
4229,584c0bd68dbb55e9,True,1.0,1.0,0.8901739836805195,1.0,1.0,1.0,0.9542391598668831,0
4230,584d2d7503175ef5,True,1.0,1.0,0.7607427633648791,1.0,1.0,1.0,0.9003094847353662,0
4231,5856cd24d07c5b79,True,1.0,1.0,0.6886442682666402,1.0,1.0,1.0,0.8702684451111001,0
4232,585a681f4ad95682,True,1.0,1.0,1.0,0.0,1.0,1.0,0.5833333333333334,0
4233,5862cc032cf45893,True,1.0,1.0,0.8214091782192872,1.0,1.0,1.0,0.9255871575913698,0
4234,5865085ba43752de,True,1.0,1.0,0.948880978760268,1.0,1.0,1.0,0.9787004078167784,0
4235,5868a706ae7b5003,True,1.0,1.0,1.0,1.0,1.0,1.0,1.0,0
4236,586c5b66ad8158ee,True,1.0,1.0,0.9423478849891703,1.0,1.0,1.0,0.9759782854121543,0
4237,5876e4def8615813,True,1.0,1.0,0.8303064824565112,1.0,1.0,1.0,0.929294367690213,0
4238,58788ce811c755b5,True,1.0,1.0,1.0,1.0,1.0,1.0,1.0,0
4239,5883b0e7c7215e80,True,1.0,1.0,0.7245035290709831,1.0,1.0,1.0,0.8852098037795763,0
4240,58857855de47556e,True,0.0,1.0,0.0,0.0,1.0,1.0,0.0,0
4241,58863e0ecc6357c5,True,1.0,1.0,1.0,1.0,1.0,1.0,1.0,0
4242,58911c0c8e3f5906,True,1.0,1.0,0.9927007713851377,1.0,1.0,1.0,0.9969586547438074,0
4243,589acfd69c38539a,True,1.0,1.0,0.8730085828191473,1.0,1.0,1.0,0.947086909507978,0
4244,589c06909f1c5c27,True,1.0,1.0,0.8590582171852937,1.0,1.0,1.0,0.941274257160539,0
4245,58a10d0c924050cf,True,0.0,1.0,0.0,0.0,1.0,0.5,0.0,0
4246,58a74755dc6a506a,True,1.0,1.0,0.6186206354993148,1.0,1.0,1.0,0.8410919314580477,0
4247,58ad6156b5895541,True,1.0,1.0,0.7287333114951867,1.0,1.0,1.0,0.8869722131229945,0
4248,58b0a1db2a145780,True,1.0,1.0,1.0,1.0,1.0,1.0,1.0,0
4249,58b6adc2f0495506,True,1.0,1.0,0.9577968328229934,1.0,1.0,1.0,0.9824153470095807,0
4250,58b6d3046d18508e,True,1.0,1.0,0.8298952285549966,1.0,1.0,1.0,0.9291230118979152,0
4251,58b96e6ca9a95ff4,True,1.0,1.0,0.7242569066057059,1.0,1.0,1.0,0.8851070444190441,0
4252,58ba738c8dd15d55,True,1.0,1.0,0.9604755531656388,1.0,1.0,1.0,0.9835314804856828,0
4253,58c018c299d05214,True,1.0,1.0,0.8408544979727401,1.0,1.0,1.0,0.9336893741553084,0
4254,58c61cbce5825c91,True,1.0,1.0,0.6565251229271587,1.0,1.0,1.0,0.8568854678863161,0
4255,58cf6aaf126b5727,True,1.0,1.0,1.0,1.0,1.0,1.0,1.0,0
4256,58d40da0cce05d8c,True,1.0,1.0,1.0,1.0,1.0,1.0,1.0,0
4257,58d69daf413c5d5a,True,1.0,1.0,0.7584510339398791,1.0,1.0,1.0,0.8993545974749496,0
4258,58d75e229a0e52bc,True,1.0,1.0,1.0,1.0,1.0,1.0,1.0,0
4259,58dcca6583f6599e,True,0.0,1.0,0.0,0.0,1.0,1.0,0.0,0
4260,58dd10abb9ba5388,True,1.0,1.0,0.8169444897935761,1.0,1.0,1.0,0.9237268707473234,0
4261,58e19769184c5f43,True,1.0,1.0,1.0,1.0,1.0,1.0,1.0,0
4262,58f3f43098985e77,True,1.0,1.0,0.9951015380562913,1.0,1.0,1.0,0.9979589741901215,0
4263,59127196fe025553,True,1.0,1.0,1.0,1.0,1.0,1.0,1.0,0
4264,59159c92e5d9571d,True,1.0,1.0,0.8457467937986781,1.0,1.0,1.0,0.9357278307494492,0
4265,592abdaa0cb25437,True,1.0,1.0,1.0,0.0,1.0,1.0,0.5833333333333334,0
4266,592f536375e755b6,True,1.0,1.0,0.47840118257754394,1.0,1.0,1.0,0.78266715940731,0
4267,592f9e4317dd52e2,True,1.0,1.0,0.9096292628137246,1.0,1.0,1.0,0.9623455261723852,0
4268,5930f153954b5060,True,1.0,1.0,0.7394391415991718,1.0,1.0,1.0,0.8914329756663216,0
4269,593653db007b5826,True,1.0,1.0,1.0,1.0,1.0,1.0,1.0,0
4270,59402b7bd60b5da7,True,1.0,1.0,0.8195893142493036,1.0,1.0,1.0,0.9248288809372097,0
4271,594dba6254d4500b,True,1.0,1.0,0.8911134946830547,1.0,1.0,1.0,0.9546306227846061,0
4272,594e39f9024a5835,True,1.0,1.0,0.9088803729976199,1.0,1.0,1.0,0.9620334887490083,0
4273,59504d2ffda35a72,True,0.5,1.0,0.5456523279383388,0.0,1.0,0.5,0.1970109016538206,0
4274,595596a88cce5c9d,True,1.0,1.0,0.8599507333542225,1.0,1.0,1.0,0.9416461388975926,0
4275,5955c4ef15c75350,True,1.0,1.0,1.0,1.0,1.0,1.0,1.0,0
4276,595909c413ac56dd,True,1.0,1.0,1.0,1.0,1.0,1.0,1.0,0
4277,5966bd50b16558ca,True,1.0,1.0,0.7219598503448355,1.0,1.0,1.0,0.8841499376436813,0
4278,5971485918d155dd,True,1.0,1.0,1.0,1.0,1.0,1.0,1.0,0
4279,5971a8d84ff45bfa,True,1.0,1.0,0.8342157687966786,1.0,1.0,1.0,0.9309232369986161,0
4280,5975a1af11e25fe4,True,1.0,1.0,1.0,1.0,1.0,1.0,1.0,0
4281,59797b950d9e52ba,True,1.0,1.0,0.9551305098352139,1.0,1.0,1.0,0.9813043790980057,0
4282,597a23643be958dc,True,1.0,1.0,0.7987188358661047,1.0,1.0,1.0,0.9161328482775436,0
4283,597d1cf34bcc5e53,True,1.0,1.0,0.8553590754732727,1.0,1.0,1.0,0.9397329481138637,0
4284,597f506bb5fd5a83,True,1.0,1.0,1.0,1.0,1.0,1.0,1.0,0
4285,597fd00be3675d16,True,1.0,1.0,1.0,1.0,1.0,1.0,1.0,0
4286,5982df20d90a59cc,True,1.0,1.0,1.0,1.0,1.0,1.0,1.0,0
4287,598d8ce13c2e5452,True,1.0,1.0,1.0,1.0,1.0,1.0,1.0,0
4288,5992423b009757f2,True,1.0,1.0,0.7595917407867607,1.0,1.0,1.0,0.8998298919944836,0
4289,59928d37e9245bf3,True,1.0,1.0,1.0,1.0,1.0,1.0,1.0,0
4290,5997813b7cc55036,True,1.0,1.0,1.0,1.0,1.0,1.0,1.0,0
4291,599c8b2bc9b252a7,True,1.0,1.0,0.7426396151826503,1.0,1.0,1.0,0.8927665063261042,0
4292,599cd3d1986c5509,True,1.0,1.0,1.0,1.0,1.0,1.0,1.0,0
4293,599e006109385ae5,True,1.0,1.0,0.7799549471334649,1.0,1.0,1.0,0.9083145613056104,0
4294,59a1d448fbdf53f6,True,1.0,1.0,1.0,1.0,1.0,1.0,1.0,0
4295,59b32114d8b252c8,True,1.0,1.0,0.7489548804191879,1.0,1.0,1.0,0.8953978668413282,0
4296,59b4bb47cf6656cf,True,1.0,1.0,0.7689542016604662,1.0,1.0,1.0,0.9037309173585276,0
4297,59b5e5a171965609,True,1.0,1.0,0.877608089113483,1.0,1.0,1.0,0.9490033704639513,0
4298,59baf497f88254c8,True,1.0,1.0,0.8298182220425329,1.0,1.0,1.0,0.9290909258510553,0
4299,59bb570b4290572d,True,1.0,1.0,0.9134637064191191,1.0,1.0,1.0,0.9639432110079662,0
4300,59bf40c427da5eb1,True,1.0,0.0,0.0,1.0,1.0,1.0,0.0,0
4301,59c00098b95d53b8,True,1.0,1.0,0.9107287093408464,1.0,1.0,1.0,0.9628036288920194,0
4302,59c00a21c1315d9b,True,1.0,1.0,0.6656215408542646,1.0,1.0,1.0,0.8606756420226103,0
4303,59c19d828f665a79,True,1.0,1.0,0.9130867958805453,1.0,1.0,1.0,0.9637861649502272,0
4304,59c3714116c25a7c,True,1.0,1.0,0.8802101939422755,1.0,1.0,1.0,0.9500875808092815,0
4305,59c6eefd08af59b9,True,1.0,1.0,0.8214826404949063,1.0,1.0,1.0,0.9256177668728777,0
4306,59c8fb57fe4058ea,True,1.0,1.0,0.9042494370844549,1.0,1.0,1.0,0.960103932118523,0
4307,59cc5d51c60d5a1d,True,1.0,1.0,1.0,1.0,1.0,1.0,1.0,0
4308,59ced21f109a5320,True,1.0,1.0,1.0,1.0,1.0,1.0,1.0,0
4309,59d306aa441a5665,True,1.0,1.0,0.8376095186819308,1.0,1.0,1.0,0.9323372994508045,0
4310,59db265fc4cf5a41,True,1.0,1.0,1.0,1.0,1.0,1.0,1.0,0
4311,59dcc37e3f235412,True,1.0,1.0,1.0,1.0,1.0,1.0,1.0,0
4312,59e4fc5b37f55556,True,1.0,1.0,1.0,1.0,1.0,1.0,1.0,0
4313,59ea5c8c067e57e7,True,1.0,1.0,0.9050307763784264,1.0,1.0,0.0,0.9604294901576776,0
4314,59f118e966905d1e,True,1.0,1.0,1.0,1.0,1.0,1.0,1.0,0
4315,5a03ac06c53d5b19,True,1.0,1.0,1.0,1.0,1.0,1.0,1.0,0
4316,5a064a908e64596b,True,1.0,1.0,1.0,1.0,1.0,1.0,1.0,0
4317,5a06f03022ec5b67,True,1.0,1.0,1.0,1.0,1.0,1.0,1.0,0
4318,5a0af6d9e7a45c95,True,1.0,1.0,1.0,1.0,1.0,1.0,1.0,0
4319,5a0b3bf9218f56a2,True,1.0,1.0,1.0,1.0,1.0,0.5,1.0,0
4320,5a12337425265ea1,True,1.0,1.0,0.8194075639780464,1.0,1.0,1.0,0.9247531516575194,0
4321,5a13ac37ca725a30,True,1.0,1.0,0.6559044192396213,1.0,1.0,1.0,0.8566268413498422,0
4322,5a1f551705995574,True,0.0,1.0,0.0,0.0,1.0,1.0,0.0,0
4323,5a2719c85ee9570c,True,1.0,1.0,0.8909409787072343,1.0,1.0,1.0,0.9545587411280142,0
4324,5a2e2da8e6b75138,True,1.0,1.0,1.0,1.0,1.0,1.0,1.0,0
4325,5a35f8abb51c5303,True,1.0,1.0,1.0,1.0,1.0,1.0,1.0,0
4326,5a3613f60fb454d4,True,1.0,1.0,0.8725730549519473,0.0,1.0,1.0,0.5302387728966447,0
4327,5a37ffc78c1e5782,True,1.0,1.0,0.8789926388279846,1.0,1.0,1.0,0.9495802661783269,0
4328,5a3a4277dc785511,True,1.0,1.0,0.783043776816294,1.0,1.0,1.0,0.9096015736734558,0
4329,5a3ac99dc74c57ea,True,1.0,1.0,0.7973478591106039,1.0,1.0,1.0,0.9155616079627515,0
4330,5a41a7f756c551ce,True,1.0,1.0,0.8520868396060707,1.0,1.0,1.0,0.9383695165025294,0
4331,5a454b4d1c535366,True,1.0,1.0,0.7754023580065548,1.0,1.0,1.0,0.9064176491693979,0
4332,5a468d5e9d955993,True,1.0,1.0,1.0,1.0,1.0,1.0,1.0,0
4333,5a4709a2348f58a7,True,1.0,1.0,1.0,1.0,1.0,1.0,1.0,0
4334,5a4811a0bde955b3,True,1.0,1.0,0.8747227627066327,1.0,1.0,1.0,0.9478011511277636,0
4335,5a5e81f1432a51a1,True,1.0,1.0,0.9129106285790967,1.0,1.0,1.0,0.963712761907957,0
4336,5a73f6b4c9855899,True,1.0,1.0,0.6881531530100383,1.0,1.0,1.0,0.8700638137541826,0
4337,5a7626d57d61594b,True,1.0,1.0,0.7547499671147108,1.0,1.0,1.0,0.8978124862977962,0
4338,5a7633ce22365440,True,1.0,1.0,0.7238504571851225,1.0,1.0,1.0,0.884937690493801,0
4339,5a7acfd6f26553f9,True,1.0,1.0,1.0,1.0,1.0,1.0,1.0,0
4340,5a7f3e30fe075a16,True,1.0,1.0,1.0,1.0,1.0,1.0,1.0,0
4341,5a80299213875068,True,1.0,1.0,1.0,1.0,1.0,1.0,1.0,0
4342,5a8855c7c104596c,True,1.0,1.0,1.0,1.0,1.0,1.0,1.0,0
4343,5a8a6c9d92935076,True,1.0,1.0,1.0,1.0,1.0,1.0,1.0,0
4344,5a90354cbaa45cc2,True,1.0,1.0,0.809947116093194,1.0,1.0,1.0,0.9208112983721642,0
4345,5a907598a1985222,True,1.0,1.0,0.9495314653437015,1.0,1.0,1.0,0.9789714438932089,0
4346,5a918026bb9253a5,True,1.0,1.0,0.5788550612340871,1.0,1.0,1.0,0.8245229421808696,0
4347,5aa4b6dc8f0759b5,True,1.0,1.0,0.8336118885641375,1.0,1.0,1.0,0.9306716202350573,0
4348,5aac73b6f21a5a86,True,1.0,1.0,1.0,1.0,1.0,1.0,1.0,0
4349,5aad75c605655367,True,1.0,1.0,1.0,1.0,1.0,1.0,1.0,0
4350,5aae47691f185a21,True,1.0,1.0,1.0,1.0,1.0,1.0,1.0,0
4351,5aafc350fc705533,True,1.0,1.0,0.6531331151425648,1.0,1.0,1.0,0.8554721313094019,0
4352,5ab14dca42a058d9,True,1.0,1.0,0.87366464822238,1.0,1.0,1.0,0.9473602700926583,0
4353,5ab5923ac60c5e8a,True,1.0,1.0,0.863542228518258,1.0,1.0,1.0,0.9431425952159408,0
4354,5ab779b8a0995778,True,1.0,1.0,1.0,1.0,1.0,1.0,1.0,0
4355,5abd4abd73db5739,True,1.0,1.0,0.9778283812629459,1.0,1.0,1.0,0.9907618255262275,0
4356,5abe25231fd05639,True,1.0,1.0,0.9744663906148822,1.0,1.0,1.0,0.9893609960895343,0
4357,5abef8058afa529f,True,1.0,1.0,1.0,1.0,1.0,1.0,1.0,0
4358,5ac5a4a182b859f7,True,1.0,1.0,0.8302311870648152,1.0,1.0,1.0,0.9292629946103398,0
4359,5ad18b7f7b2a52c7,True,1.0,1.0,1.0,1.0,1.0,1.0,1.0,0
4360,5ad705654fd3547d,True,1.0,1.0,0.8509527660532064,1.0,1.0,1.0,0.9378969858555027,0
4361,5ad9f64f2d295e4b,True,1.0,1.0,1.0,1.0,1.0,1.0,1.0,0
4362,5ae0b5e6a95f5335,True,1.0,1.0,1.0,1.0,1.0,1.0,1.0,0
4363,5ae3a0ab54a950d7,True,1.0,1.0,1.0,1.0,1.0,1.0,1.0,0
4364,5ae9a8971a6754f1,True,1.0,1.0,0.9228320212451177,1.0,1.0,1.0,0.967846675518799,0
4365,5aed461803ae5673,True,1.0,1.0,1.0,1.0,1.0,0.5,1.0,0
4366,5af27ca0b8135d9d,True,1.0,1.0,0.8914364567907893,1.0,1.0,1.0,0.9547651903294955,0
4367,5b0d99a97ff55fa5,True,1.0,1.0,1.0,0.0,1.0,1.0,0.5833333333333334,0
4368,5b14b00087b051e3,True,1.0,1.0,1.0,1.0,1.0,1.0,1.0,0
4369,5b1954a42c2455e7,True,1.0,1.0,0.9801355501708451,1.0,1.0,1.0,0.9917231459045187,0
4370,5b1a620dcd675298,True,1.0,1.0,1.0,1.0,1.0,1.0,1.0,0
4371,5b1acae08f2e5d76,True,1.0,1.0,0.9741010893330002,1.0,1.0,1.0,0.9892087872220835,0
4372,5b20163cab175e68,True,1.0,1.0,0.7218826423029546,1.0,1.0,1.0,0.8841177676262312,0
4373,5b21d7acaa545a46,True,1.0,1.0,1.0,1.0,1.0,1.0,1.0,0
4374,5b24b678ff67555d,True,1.0,1.0,0.9560804826016106,1.0,1.0,1.0,0.9817002010840045,0
4375,5b265648c07a54b8,True,1.0,1.0,0.6653422969731851,1.0,1.0,1.0,0.8605592904054937,0
4376,5b272b7aa3315c4f,True,1.0,1.0,0.8927106809313775,1.0,1.0,1.0,0.9552961170547407,0
4377,5b39d0cccc8e55f2,True,1.0,1.0,1.0,1.0,1.0,1.0,1.0,0
4378,5b3bc72c557a5a17,True,1.0,1.0,0.7681618688113312,1.0,1.0,1.0,0.9034007786713879,0
4379,5b3db54a43ca52ed,True,1.0,1.0,0.9502429657355087,1.0,1.0,1.0,0.9792679023897953,0
4380,5b3f41f636aa5136,True,1.0,1.0,1.0,1.0,1.0,1.0,1.0,0
4381,5b4cbfe57b9b524b,True,1.0,1.0,0.9410275717133678,1.0,1.0,1.0,0.97542815488057,0
4382,5b4f392698d35a5f,True,1.0,1.0,0.820882170412836,1.0,1.0,1.0,0.9253675710053484,0
4383,5b61b9072cad5dbc,True,1.0,1.0,1.0,1.0,1.0,1.0,1.0,0
4384,5b6e0702773c5bdb,True,1.0,1.0,0.7421101673873396,1.0,1.0,1.0,0.8925459030780581,0
4385,5b707d3c85dd5ff0,True,1.0,1.0,0.7569718530958217,1.0,1.0,1.0,0.898738272123259,0
4386,5b7700fa99d95a94,True,1.0,1.0,0.9014471652047135,1.0,1.0,1.0,0.9589363188352973,0
4387,5b78dd344203528e,True,1.0,1.0,0.7075920491044912,1.0,1.0,1.0,0.8781633537935379,0
4388,5b7d7e1a42c95cd7,True,1.0,1.0,0.7331039798168202,1.0,1.0,1.0,0.8887933249236751,0
4389,5b834475a09a531c,True,1.0,1.0,0.7945959568540011,1.0,1.0,1.0,0.9144149820225005,0
4390,5b891b54880f5fab,True,1.0,1.0,0.6660620963158996,1.0,1.0,1.0,0.8608592067982915,0
4391,5b8d892592635d5f,True,1.0,1.0,1.0,1.0,1.0,1.0,1.0,0
4392,5bb280e3aebe5a67,True,1.0,1.0,0.659303917899448,1.0,1.0,1.0,0.8580432991247701,0
4393,5bb6cc197a7455e4,True,1.0,1.0,1.0,1.0,1.0,1.0,1.0,0
4394,5bbd26efb97658ec,True,1.0,1.0,0.7890036333673032,1.0,1.0,0.0,0.9120848472363763,0
4395,5bc7217fee5c5fc5,True,1.0,1.0,0.8354912380828009,1.0,1.0,1.0,0.9314546825345005,0
4396,5bd2bc00e2d358e0,True,1.0,1.0,1.0,1.0,1.0,1.0,1.0,0
4397,5bd8cf3fa67a524f,True,1.0,1.0,0.9139160482439607,1.0,1.0,1.0,0.964131686768317,0
4398,5bdbe484641a55fa,True,1.0,1.0,1.0,1.0,1.0,1.0,1.0,0
4399,5bdeb71025415ed9,True,1.0,1.0,0.5963754346891885,1.0,1.0,1.0,0.8318230977871619,0
4400,5bdef7e091525742,True,1.0,1.0,0.8810586987308223,1.0,1.0,1.0,0.950441124471176,0
4401,5be54baed8b35bd7,True,1.0,1.0,1.0,1.0,1.0,1.0,1.0,0
4402,5be85314d55654f1,True,1.0,1.0,1.0,1.0,1.0,1.0,1.0,0
4403,5be861ae85a75b45,True,1.0,1.0,0.8852869895647074,1.0,1.0,1.0,0.9522029123186281,0
4404,5bfd2094e1ed528c,True,1.0,1.0,1.0,1.0,1.0,1.0,1.0,0
4405,5c084920ee285003,True,1.0,1.0,0.7552016726106692,1.0,1.0,1.0,0.8980006969211122,0
4406,5c0a94addace52e2,True,1.0,1.0,0.7455084353730096,1.0,1.0,1.0,0.8939618480720873,0
4407,5c162b0d30f35b55,True,0.0,1.0,0.0,0.0,1.0,1.0,0.0,0
4408,5c1b8e332d105b79,True,1.0,1.0,1.0,1.0,1.0,1.0,1.0,0
4409,5c2c553d990d5a17,True,1.0,1.0,0.8867337952579861,1.0,1.0,1.0,0.9528057480241608,0
4410,5c3080b50d365629,True,1.0,1.0,0.8955438039674777,1.0,1.0,1.0,0.9564765849864489,0
4411,5c34deba76605c7b,True,1.0,1.0,1.0,1.0,1.0,1.0,1.0,0
4412,5c46c17f514b5153,True,0.0,1.0,0.0,0.0,1.0,1.0,0.0,0
4413,5c4c3448f7a1517f,True,1.0,1.0,1.0,1.0,1.0,0.0,1.0,0
4414,5c4d8dfcb0aa5541,True,1.0,1.0,0.693830883162075,1.0,1.0,1.0,0.8724295346508647,0
4415,5c4f8e6a644258d3,True,1.0,1.0,1.0,0.0,1.0,1.0,0.5833333333333334,0
4416,5c55fbcddea45f87,True,1.0,1.0,0.5779934042435415,1.0,1.0,1.0,0.824163918434809,0
4417,5c5a8066ceae51bc,True,1.0,1.0,0.8087063443403422,1.0,1.0,1.0,0.9202943101418093,0
4418,5c5d006eb7b854c3,True,1.0,1.0,0.9253034377133474,1.0,1.0,1.0,0.9688764323805614,0
4419,5c5e0e2c9d225b98,True,1.0,1.0,0.944769389730201,1.0,1.0,1.0,0.9769872457209171,0
4420,5c5f0c06d7035bb7,True,1.0,1.0,1.0,1.0,1.0,1.0,1.0,0
4421,5c665c5453cc54a0,True,1.0,1.0,0.9637953167813121,1.0,1.0,1.0,0.9849147153255468,0
4422,5c7513fea7b45963,True,1.0,1.0,1.0,1.0,1.0,1.0,1.0,0
4423,5c786c10eb7f57da,True,1.0,1.0,0.9066926339203453,1.0,1.0,1.0,0.961121930800144,0
4424,5c838efd36805c92,True,1.0,1.0,0.8178573550691054,1.0,1.0,1.0,0.924107231278794,0
4425,5c872773198c5689,True,1.0,1.0,0.6204149805253205,1.0,1.0,1.0,0.8418395752188835,0
4426,5c883441084d58d7,True,1.0,1.0,1.0,1.0,1.0,0.5,1.0,0
4427,5c8f6ebe705d5013,True,1.0,1.0,1.0,1.0,1.0,1.0,1.0,0
4428,5c9063357a725208,True,1.0,1.0,1.0,1.0,1.0,1.0,1.0,0
4429,5c934edce20758e5,True,1.0,1.0,0.9325853005325966,1.0,1.0,1.0,0.971910541888582,0
4430,5c9c6666d0725c64,True,1.0,1.0,1.0,1.0,1.0,1.0,1.0,0
4431,5c9d51dc830453c5,True,1.0,1.0,0.8207468613664138,1.0,1.0,1.0,0.9253111922360059,0
4432,5c9f7765dd945010,True,1.0,1.0,0.8790977374972053,1.0,1.0,1.0,0.9496240572905021,0
4433,5ca0bd6bc8e258c9,True,1.0,1.0,0.6358806719441569,1.0,1.0,1.0,0.8482836133100653,0
4434,5ca7353cbe4a5cf7,True,1.0,1.0,1.0,1.0,1.0,1.0,1.0,0
4435,5ca8a2941e3f56c2,True,1.0,1.0,0.9460794731074909,1.0,1.0,1.0,0.9775331137947879,0
4436,5cb436b6276f59ae,True,1.0,1.0,1.0,0.0,1.0,1.0,0.5833333333333334,0
4437,5cb9850a89b6578e,True,1.0,1.0,0.9921335467956899,1.0,1.0,1.0,0.9967223111648709,0
4438,5cbb02f3e0e253e5,True,1.0,1.0,1.0,1.0,1.0,1.0,1.0,0
4439,5cc24961cbed5fd0,True,1.0,1.0,0.7812726556268176,1.0,1.0,1.0,0.9088636065111739,0
4440,5cd75b90a44e5a65,True,0.0,1.0,0.0,0.0,1.0,1.0,0.0,0
4441,5cdca96b002d5331,True,1.0,1.0,0.9143153889557394,1.0,1.0,1.0,0.964298078731558,0
4442,5cdf559f99b859a4,True,0.0,1.0,0.0,0.0,1.0,1.0,0.0,0
4443,5ce3b2260be35a1e,True,1.0,1.0,1.0,1.0,1.0,1.0,1.0,0
4444,5cea066f5bc9523b,True,1.0,1.0,0.7506447721357191,1.0,1.0,1.0,0.896101988389883,0
4445,5cf3fc5bbafd57bf,True,1.0,1.0,1.0,1.0,1.0,1.0,1.0,0
4446,5cf43f51d45c552f,True,1.0,1.0,1.0,1.0,1.0,1.0,1.0,0
4447,5cfbf7afa66458c3,True,1.0,1.0,1.0,1.0,1.0,1.0,1.0,0
4448,5cffd130ff2c510a,True,1.0,1.0,0.9404317826231229,1.0,1.0,1.0,0.9751799094263012,0
4449,5d003b19e1a25253,True,1.0,1.0,0.8016889651816588,1.0,1.0,1.0,0.9173704021590244,0
4450,5d004fb36ca95fa0,True,1.0,1.0,1.0,1.0,1.0,1.0,1.0,0
4451,5d058c203f765173,True,1.0,1.0,1.0,1.0,1.0,1.0,1.0,0
4452,5d12ad55fdd858e1,True,1.0,1.0,0.8725122719255716,1.0,1.0,1.0,0.9468801133023215,0
4453,5d1312c4f2aa5bbf,True,1.0,1.0,0.7582733360824621,1.0,1.0,1.0,0.8992805567010258,0
4454,5d2ee89308f958be,True,1.0,1.0,0.7459953773131446,1.0,1.0,1.0,0.8941647405471436,0
4455,5d3573d6da7952d3,True,1.0,1.0,0.9207181451746077,1.0,1.0,1.0,0.9669658938227532,0
4456,5d3e45ad38ef5b9c,True,1.0,1.0,0.9572510698754575,1.0,1.0,1.0,0.9821879457814408,0
4457,5d3fbc3605fb5bb9,True,1.0,1.0,0.988949529378911,1.0,1.0,1.0,0.9953956372412129,0
4458,5d47863332065766,True,1.0,1.0,1.0,1.0,1.0,1.0,1.0,0
4459,5d5cef2e5d6b5d6b,True,1.0,1.0,0.783088150799802,1.0,1.0,1.0,0.9096200628332509,0
4460,5d5d1442b83d5c5c,True,1.0,1.0,0.5856732905686876,1.0,1.0,1.0,0.8273638710702865,0
4461,5d5dfc678c9759a1,True,1.0,1.0,0.8393988730098347,1.0,1.0,1.0,0.9330828637540978,0
4462,5d68790fd55c5e41,True,1.0,1.0,0.8686263888421618,1.0,1.0,1.0,0.9452609953509007,0
4463,5d68b0c80cab59c4,True,1.0,1.0,0.8899226626701835,1.0,1.0,1.0,0.9541344427792432,0
4464,5d78f0d383a95860,True,1.0,1.0,1.0,1.0,1.0,0.0,1.0,0
4465,5d7c7edca69d5e73,True,0.0,1.0,0.0,0.0,1.0,0.0,0.0,0
4466,5d7e99b7eea65475,True,1.0,1.0,0.9125742683570207,1.0,1.0,1.0,0.9635726118154254,0
4467,5d7eedc503ef575c,True,1.0,1.0,1.0,1.0,1.0,1.0,1.0,0
4468,5d7fa55b96075e5c,True,1.0,1.0,0.6441508961763193,1.0,1.0,1.0,0.8517295400734662,0
4469,5d8677f177185a61,True,1.0,1.0,0.8577897197870064,1.0,1.0,1.0,0.9407457165779194,0
4470,5d87c059eba15807,True,1.0,1.0,0.9615720446597054,1.0,1.0,1.0,0.9839883519415439,0
4471,5d9e2570d7565e91,True,1.0,0.0,0.0,1.0,1.0,0.0,0.0,0
4472,5da61ef9efda5191,True,1.0,1.0,0.6230001911446675,1.0,1.0,1.0,0.8429167463102781,0
4473,5dae1d43c2e55113,True,1.0,1.0,0.9238797167386368,1.0,1.0,1.0,0.9682832153077653,0
4474,5db9d1088a615a4b,True,1.0,1.0,1.0,1.0,1.0,1.0,1.0,0
4475,5dbf07df40a55d2e,True,1.0,1.0,1.0,1.0,1.0,1.0,1.0,0
4476,5dc491914c6a595f,True,1.0,1.0,0.923531272203216,1.0,1.0,1.0,0.9681380300846733,0
4477,5dca8b6e3d2a5c2d,True,1.0,1.0,1.0,1.0,1.0,1.0,1.0,0
4478,5dcc8367111b5fad,True,1.0,1.0,1.0,1.0,1.0,1.0,1.0,0
4479,5ddaadb992ef5c1f,True,1.0,1.0,1.0,1.0,1.0,1.0,1.0,0
4480,5ddfd1fe80af5ceb,True,1.0,1.0,0.8759601343922131,1.0,1.0,1.0,0.9483167226634222,0
4481,5dea796da1ce5b02,True,1.0,1.0,0.821976639884839,1.0,1.0,1.0,0.9258235999520164,0
4482,5e02e80df7fe5f5b,True,1.0,1.0,0.7488621653409988,1.0,1.0,1.0,0.8953592355587494,0
4483,5e092c66c1bf5f3b,True,1.0,1.0,0.9348330668347556,1.0,1.0,1.0,0.9728471111811482,0
4484,5e119121956f52be,True,1.0,1.0,1.0,1.0,1.0,1.0,1.0,0
4485,5e25570a2f725a17,True,1.0,1.0,0.9178208544070993,1.0,1.0,1.0,0.9657586893362913,0
4486,5e279bb4bb105df9,True,1.0,1.0,0.8158948607236117,1.0,1.0,1.0,0.923289525301505,0
4487,5e2b839cccb95921,True,1.0,1.0,1.0,1.0,1.0,1.0,1.0,0
4488,5e48f684248053bd,True,1.0,1.0,1.0,1.0,1.0,1.0,1.0,0
4489,5e4da70ec09f5282,True,1.0,1.0,0.4611238707783976,1.0,1.0,1.0,0.775468279490999,0
4490,5e4dd8c91b8453bf,True,1.0,1.0,1.0,1.0,1.0,1.0,1.0,0
4491,5e4f0ddf24da5f97,True,1.0,1.0,0.8782751209842531,1.0,1.0,1.0,0.9492813004101054,0
4492,5e5a77fb1990565b,True,1.0,1.0,0.6203212876487714,1.0,1.0,1.0,0.8418005365203213,0
4493,5e5b6eaacd3f5bdd,True,1.0,1.0,0.7868297615753018,1.0,1.0,1.0,0.9111790673230424,0
4494,5e74b6a61b715f47,True,0.0,1.0,0.0,0.0,1.0,1.0,0.0,0
4495,5e80270349cb530c,True,1.0,1.0,0.8047478932279236,1.0,1.0,1.0,0.9186449555116348,0
4496,5e81fdb02c275b17,True,1.0,1.0,1.0,1.0,1.0,1.0,1.0,0
4497,5e89299dadf05ad1,True,1.0,1.0,0.8149716573812185,1.0,1.0,1.0,0.9229048572421744,0
4498,5e8d717cc46a5988,True,1.0,1.0,1.0,1.0,1.0,1.0,1.0,0
4499,5e96a7620956567a,True,1.0,1.0,0.8489131431799982,1.0,1.0,1.0,0.9370471429916659,0
4500,5e9e03ce875059ed,True,1.0,1.0,0.818887349677407,1.0,1.0,1.0,0.9245363956989197,0
4501,5e9e8c31277d5edc,True,1.0,1.0,0.9734125184626357,1.0,1.0,1.0,0.9889218826927649,0
4502,5ea2a4ecc18752fa,True,1.0,1.0,1.0,1.0,1.0,1.0,1.0,0
4503,5ea36cebd2575b16,True,1.0,1.0,1.0,1.0,1.0,1.0,1.0,0
4504,5ea6697ab5c552b6,True,1.0,1.0,1.0,1.0,1.0,1.0,1.0,0
4505,5ebe40763ac05b5c,True,1.0,1.0,0.6607033938760402,1.0,1.0,1.0,0.8586264141150167,0
4506,5ebf3103a78b5e39,True,1.0,1.0,1.0,1.0,1.0,0.5,1.0,0
4507,5ec473ffad5c55ba,True,1.0,1.0,0.9477728684493062,1.0,1.0,1.0,0.978238695187211,0
4508,5ed4446679c35566,True,1.0,1.0,0.9548131043109434,0.0,1.0,1.0,0.5645054601295597,0
4509,5ee074d138be53d4,True,1.0,1.0,1.0,1.0,1.0,1.0,1.0,0
4510,5ee1455d53695e5b,True,1.0,1.0,0.7827816112218261,1.0,1.0,1.0,0.9094923380090942,0
4511,5ee6495d99475e62,True,1.0,1.0,0.7948557822221451,0.0,1.0,0.0,0.4978565759258938,0
4512,5ee6f86b7dec5484,True,1.0,1.0,1.0,1.0,1.0,1.0,1.0,0
4513,5eef9aece027548e,True,1.0,1.0,1.0,1.0,1.0,1.0,1.0,0
4514,5f09264f730f5366,True,1.0,1.0,1.0,1.0,1.0,1.0,1.0,0
4515,5f09eaa4509f5997,True,1.0,1.0,0.6929905365821017,1.0,1.0,0.5,0.8720793902425424,0
4516,5f0ef7cc5f0a5b02,True,1.0,1.0,1.0,1.0,1.0,1.0,1.0,0
4517,5f2aad4e03625d30,True,1.0,1.0,0.911255992207073,1.0,1.0,1.0,0.9630233300862804,0
4518,5f2c3f928abe5f5b,True,1.0,1.0,0.727295612237516,1.0,1.0,1.0,0.8863731717656317,0
4519,5f2d040ee3bf5c6e,True,1.0,1.0,1.0,1.0,1.0,1.0,1.0,0
4520,5f2fff93dc3356d6,True,1.0,1.0,0.9221216716399901,1.0,1.0,1.0,0.9675506965166626,0
4521,5f3da1e584905c8e,True,1.0,1.0,1.0,1.0,1.0,1.0,1.0,0
4522,5f3fbfc334c0579c,True,1.0,1.0,1.0,0.0,1.0,1.0,0.5833333333333334,0
4523,5f402207dd7d5977,True,1.0,1.0,0.5779786450019513,1.0,1.0,0.5,0.8241577687508131,0
4524,5f42f18776195578,True,1.0,1.0,0.8991976835311482,1.0,1.0,1.0,0.9579990348046451,0
4525,5f448f3d0f8c5e95,True,1.0,1.0,0.9165936195525669,1.0,1.0,1.0,0.9652473414802362,0
4526,5f4945f6b9b45024,True,1.0,1.0,1.0,1.0,1.0,1.0,1.0,0
4527,5f4ad64db9ac5419,True,1.0,1.0,1.0,1.0,1.0,1.0,1.0,0
4528,5f548f26b9a7572f,True,1.0,1.0,1.0,1.0,1.0,1.0,1.0,0
4529,5f70e91ff9d250f5,True,1.0,1.0,0.8918720250701131,1.0,1.0,1.0,0.9549466771125471,0
4530,5f78b2fcada85eef,True,1.0,1.0,0.8217161070644464,1.0,1.0,1.0,0.925715044610186,0
4531,5f859ab2a2205477,True,1.0,1.0,0.5924705640597953,1.0,1.0,1.0,0.830196068358248,0
4532,5f88affe449253a9,True,1.0,1.0,0.9760857791042212,1.0,1.0,1.0,0.9900357412934255,0
4533,5f8d8f88750f57b7,True,1.0,1.0,0.8456655125227742,1.0,1.0,1.0,0.9356939635511559,0
4534,5f8eb8f944eb596c,True,1.0,1.0,1.0,1.0,1.0,1.0,1.0,0
4535,5fadffd02da256e5,True,1.0,1.0,0.8981952113250905,1.0,1.0,1.0,0.9575813380521211,0
4536,5fb039973cf85b11,True,1.0,1.0,0.9458447763960021,1.0,1.0,1.0,0.9774353234983342,0
4537,5fd5fdcf5c1552b9,True,1.0,1.0,1.0,1.0,1.0,1.0,1.0,0
4538,5fd68bb785b258ef,True,1.0,1.0,0.8008172683383435,1.0,1.0,1.0,0.9170071951409765,0
4539,5fde0c8c8f4b5ecb,True,1.0,1.0,0.7346567813621829,1.0,1.0,1.0,0.8894403255675764,0
4540,5fe06174763b5c36,True,1.0,1.0,0.8952025618143947,1.0,1.0,1.0,0.9563344007559978,0
4541,5fe40d882c3b545f,True,1.0,1.0,1.0,1.0,1.0,1.0,1.0,0
4542,5fe951e403f25012,True,1.0,1.0,1.0,1.0,1.0,1.0,1.0,0
4543,5fed3ec5ed1351c1,True,1.0,1.0,0.9877470844881056,1.0,1.0,1.0,0.9948946185367107,0
4544,5feede5c5a3c5116,True,1.0,1.0,0.5539439899255063,0.0,1.0,1.0,0.39747666246896096,0
4545,5ff30edb240758c4,True,1.0,1.0,0.8524545830459009,1.0,1.0,1.0,0.9385227429357922,0
4546,5ff5c54200fe53fb,True,1.0,1.0,0.792615830838913,1.0,1.0,1.0,0.9135899295162138,0
4547,5fffee1a19495dc6,True,1.0,1.0,0.8029135581036406,1.0,1.0,1.0,0.9178806492098502,0
4548,60021a9f6c585c16,True,1.0,0.0,0.0,1.0,1.0,1.0,0.0,0
4549,6004740a8a8052f8,True,1.0,1.0,0.9733753543040323,1.0,1.0,1.0,0.9889063976266801,0
4550,6011fd3aa3a85fa1,True,1.0,1.0,0.8742748932699119,1.0,1.0,1.0,0.9476145388624633,0
4551,6012210b020c53a9,True,1.0,1.0,0.8320745387569937,1.0,1.0,1.0,0.930031057815414,0
4552,6012a63b7a3b52c7,True,1.0,1.0,0.7433467361141048,1.0,1.0,1.0,0.8930611400475437,0
4553,601c3cce2a215275,True,1.0,1.0,0.827067041482137,1.0,1.0,1.0,0.9279446006175571,0
4554,601eee0a0e2d52a3,True,1.0,1.0,1.0,1.0,1.0,1.0,1.0,0
4555,60216ba3ee9557d9,True,1.0,1.0,0.8066052721593093,1.0,1.0,1.0,0.9194188633997123,0
4556,6021973f81a75e0b,True,1.0,1.0,0.7913080637788865,1.0,1.0,1.0,0.9130450265745361,0
4557,602213f964f651c1,True,1.0,1.0,1.0,1.0,1.0,1.0,1.0,0
4558,602c93fe201356c2,True,1.0,1.0,1.0,1.0,1.0,1.0,1.0,0
4559,602e1bc4f8575d4e,True,1.0,0.0,0.0,1.0,1.0,1.0,0.0,0
4560,603d4a913f315a41,True,1.0,1.0,1.0,1.0,1.0,1.0,1.0,0
4561,6042c6249f31509b,True,1.0,1.0,0.5502262851750083,1.0,1.0,1.0,0.8125942854895868,0
4562,604bdac2bba05309,True,1.0,1.0,1.0,1.0,1.0,1.0,1.0,0
4563,604f30d83d8652ae,True,1.0,1.0,1.0,1.0,1.0,1.0,1.0,0
4564,6050bcf9baab54f6,True,1.0,1.0,0.7135051947466402,1.0,1.0,1.0,0.8806271644777667,0
4565,6058f9d8998e5a95,True,1.0,1.0,1.0,1.0,1.0,1.0,1.0,0
4566,605ac5873f015baf,True,1.0,1.0,0.8708507230004868,1.0,1.0,1.0,0.9461878012502029,0
4567,60615c7f766c5a10,True,1.0,1.0,1.0,1.0,1.0,1.0,1.0,0
4568,6062e3ace278511a,True,1.0,1.0,0.7401999124731165,1.0,1.0,1.0,0.8917499635304651,0
4569,60681597a59d5cf9,True,1.0,1.0,0.7044233122743416,1.0,1.0,1.0,0.8768430467809757,0
4570,607298120f23583c,True,1.0,1.0,0.9676005885422685,1.0,1.0,1.0,0.9865002452259451,0
4571,60729ba7537a5622,True,1.0,1.0,0.9506543458140373,1.0,1.0,1.0,0.9794393107558488,0
4572,6074e965781b510e,True,1.0,1.0,1.0,1.0,1.0,1.0,1.0,0
4573,607b63930d2855da,True,1.0,0.0,0.0,0.0,1.0,0.0,0.0,0
4574,607fd9c5903d5376,True,1.0,1.0,1.0,1.0,1.0,1.0,1.0,0
4575,60826aa0bcfc5225,True,1.0,1.0,1.0,1.0,1.0,1.0,1.0,0
4576,6083bfcb495d5f9a,True,1.0,1.0,1.0,1.0,1.0,1.0,1.0,0
4577,608913faecb959b4,True,1.0,1.0,0.9264263457967548,1.0,1.0,1.0,0.9693443107486478,0
4578,608c6909618b5642,True,1.0,1.0,0.7211788628414778,1.0,1.0,1.0,0.8838245261839491,0
4579,608f33b279a15cfc,True,1.0,1.0,1.0,1.0,1.0,1.0,1.0,0
4580,6092bab95402500f,True,1.0,1.0,0.8835840256828759,1.0,1.0,1.0,0.9514933440345317,0
4581,6097ef5cbbfd5dd9,True,1.0,1.0,0.9591882862448187,1.0,1.0,1.0,0.9829951192686744,0
4582,60991b5c52d85113,True,1.0,1.0,1.0,1.0,1.0,1.0,1.0,0
4583,609d74e2399c53ad,True,1.0,1.0,0.7042242126661352,1.0,1.0,1.0,0.8767600886108897,0
4584,60a317c40ae656c0,True,0.0,1.0,0.0,0.0,1.0,1.0,0.0,0
4585,60a560bfff6f528b,True,1.0,1.0,0.660337605711868,1.0,1.0,1.0,0.858474002379945,0
4586,60a62673dd78534c,True,1.0,1.0,0.7818966156180334,1.0,1.0,1.0,0.9091235898408473,0
4587,60abcfb4e1c756d8,True,1.0,1.0,1.0,1.0,1.0,0.5,1.0,0
4588,60ae22c26d59572e,True,1.0,1.0,0.8874966046927265,1.0,1.0,1.0,0.9531235852886359,0
4589,60af77348f6257b6,True,1.0,1.0,0.5132346073333481,1.0,1.0,1.0,0.797181086388895,0
4590,60b09bc0e48c5d97,True,1.0,1.0,0.9880233502658528,1.0,1.0,1.0,0.9950097292774386,0
4591,60b2a90a21b15e4a,True,1.0,1.0,1.0,1.0,1.0,1.0,1.0,0
4592,60b3c9715d995c1d,True,1.0,1.0,0.9834369261057265,1.0,1.0,1.0,0.9930987192107193,0
4593,60b5ba011ea65e68,True,1.0,1.0,0.7407250668709291,1.0,1.0,1.0,0.8919687778628872,0
4594,60c5f18db58c54da,True,1.0,1.0,0.858905735432845,1.0,1.0,1.0,0.9412107230970187,0
4595,60c9aabf696a5756,True,1.0,1.0,1.0,1.0,1.0,1.0,1.0,0
4596,60cfc7f20f825d8a,True,1.0,1.0,0.8747953497775224,1.0,1.0,1.0,0.9478313957406344,0
4597,60dfaa1afc395c5d,True,1.0,1.0,0.7703425908162337,1.0,1.0,1.0,0.9043094128400974,0
4598,60e35d8a323b5b5f,True,1.0,1.0,0.8356586022998849,1.0,1.0,1.0,0.931524417624952,0
4599,60e45802b0245195,True,1.0,1.0,1.0,1.0,1.0,1.0,1.0,0
4600,60e8f2447c205324,True,0.0,1.0,0.0,0.0,1.0,1.0,0.0,0
4601,60e9369e91da5d9c,True,1.0,1.0,0.9260135296557356,1.0,1.0,1.0,0.9691723040232233,0
4602,60e98c18f487568c,True,1.0,0.0,0.0,1.0,1.0,1.0,0.0,0
4603,60f2c00b9ced513f,True,1.0,1.0,0.8487285601589495,1.0,1.0,1.0,0.9369702333995623,0
4604,60f76df7b8a95157,True,1.0,1.0,0.8713085695156739,1.0,1.0,1.0,0.9463785706315307,0
4605,60f8e416f5f457b3,True,1.0,1.0,0.7736032580492266,1.0,1.0,1.0,0.9056680241871776,0
4606,60f9200ffade5c53,True,1.0,1.0,0.8610597866992681,1.0,1.0,1.0,0.9421082444580283,0
4607,60fa28b4cd8a57fb,True,1.0,1.0,0.7033901704473947,1.0,1.0,1.0,0.8764125710197478,0
4608,60fbe2351f325132,True,1.0,1.0,1.0,1.0,1.0,1.0,1.0,0
4609,60fe616f485b5589,True,1.0,0.0,0.0,0.0,1.0,1.0,0.0,0
4610,610271d0c1515c8c,True,1.0,1.0,0.8766355397082422,1.0,1.0,1.0,0.9485981415451009,0
4611,61046515c9885bf5,True,1.0,1.0,0.7491144986282672,1.0,1.0,1.0,0.8954643744284446,0
4612,6104f0887cc25767,True,1.0,1.0,1.0,1.0,1.0,1.0,1.0,0
4613,611145a947d95451,True,1.0,1.0,0.8221400343137659,1.0,1.0,1.0,0.9258916809640692,0
4614,61138bee69015264,True,0.0,1.0,0.0,1.0,1.0,1.0,0.0,0
4615,611576c7588c543b,True,1.0,1.0,1.0,0.0,1.0,1.0,0.5833333333333334,0
4616,611a1729dd145afb,True,1.0,1.0,1.0,1.0,1.0,1.0,1.0,0
4617,611bde5a2b585c9d,True,1.0,1.0,0.755453617230021,1.0,1.0,1.0,0.8981056738458421,0
4618,611ff428aa8a5e86,True,1.0,1.0,0.8119580758965207,1.0,1.0,1.0,0.921649198290217,0
4619,6121050efd515252,True,1.0,1.0,1.0,1.0,1.0,1.0,1.0,0
4620,6123057c78785150,True,1.0,1.0,1.0,1.0,1.0,1.0,1.0,0
4621,61232ab3e2085282,True,1.0,1.0,1.0,1.0,1.0,1.0,1.0,0
4622,612827ed516257e8,True,1.0,1.0,0.9426959161487347,1.0,1.0,1.0,0.9761232983953061,0
4623,612903ce91a2507c,True,1.0,1.0,1.0,0.0,1.0,1.0,0.5833333333333334,0
4624,613181e5c29d526a,True,1.0,1.0,0.922005479375481,1.0,1.0,1.0,0.9675022830731171,0
4625,6136d15f12905f36,True,1.0,1.0,1.0,1.0,1.0,1.0,1.0,0
4626,613770d7f39051be,True,1.0,1.0,0.8428718568917699,1.0,1.0,1.0,0.9345299403715708,0
4627,613c91adcbe55cd5,True,1.0,1.0,0.7842545257242737,1.0,1.0,1.0,0.910106052385114,0
4628,613c9ac33f6951ca,True,1.0,1.0,0.8098385679936638,1.0,1.0,1.0,0.92076606999736,0
4629,61421159b240530d,True,1.0,1.0,1.0,1.0,1.0,1.0,1.0,0
4630,614a0b6a482455af,True,1.0,1.0,0.868764511187718,1.0,1.0,1.0,0.9453185463282159,0
4631,614c50b897445f89,True,1.0,1.0,0.8483014008887763,1.0,1.0,1.0,0.9367922503703235,0
4632,614cdeb09cc25923,True,1.0,1.0,0.9752258196832713,1.0,1.0,1.0,0.9896774248680297,0
4633,614d5297c1a05a46,True,1.0,1.0,0.9277068582309521,1.0,1.0,1.0,0.96987785759623,0
4634,6151a6ef02ee5f8e,True,1.0,1.0,0.7434164709386673,1.0,1.0,1.0,0.8930901962244446,0
4635,61530f7ee9945c70,True,1.0,1.0,0.9531725025500682,1.0,1.0,1.0,0.9804885427291952,0
4636,615329a491785c3a,True,1.0,1.0,1.0,1.0,1.0,1.0,1.0,0
4637,6154b9589f9553fa,True,0.0,1.0,0.0,0.0,1.0,1.0,0.0,0
4638,6157148c5fa25838,True,1.0,1.0,0.9381186379444149,1.0,1.0,1.0,0.9742160991435062,0
4639,61573a0820cc553a,True,1.0,1.0,0.6902184683454518,1.0,1.0,1.0,0.870924361810605,0
4640,6157537c48ab553d,True,1.0,1.0,0.8488847690613324,1.0,1.0,1.0,0.9370353204422218,0
4641,6162470f2d0c5e13,True,1.0,1.0,0.8255300380973535,1.0,1.0,1.0,0.927304182540564,0
4642,6162cfa976a1521f,True,0.5,1.0,0.7106476096116362,0.0,1.0,1.0,0.23138491866909086,0
4643,616382bea2ff5853,True,1.0,1.0,0.9563496590849331,1.0,1.0,1.0,0.9818123579520556,0
4644,616439dd808d57f1,True,1.0,1.0,1.0,1.0,1.0,1.0,1.0,0
4645,616812339ccb533e,True,1.0,1.0,1.0,1.0,1.0,1.0,1.0,0
4646,616ca25e91ac5136,True,1.0,1.0,1.0,1.0,1.0,1.0,1.0,0
4647,616ead76f75f5b62,True,1.0,0.0,0.0,1.0,1.0,1.0,0.0,0
4648,616fa9b07f5653ef,True,1.0,1.0,0.799009598194706,1.0,1.0,1.0,0.9162539992477942,0
4649,61720db8cab2508a,True,1.0,1.0,0.7259573565907833,1.0,1.0,1.0,0.8858155652461597,0
4650,61766a0be9165cb7,True,1.0,1.0,0.5180591914238837,1.0,1.0,1.0,0.7991913297599517,0
4651,61768c493892576d,True,1.0,1.0,0.8664519463656821,1.0,1.0,1.0,0.9443549776523676,0
4652,617ceb438e0d5324,True,1.0,1.0,1.0,1.0,1.0,1.0,1.0,0
4653,6183ed1d16f05d11,True,1.0,1.0,1.0,1.0,1.0,1.0,1.0,0
4654,61874b16298352f3,True,1.0,1.0,0.869313658667629,1.0,1.0,1.0,0.9455473577781787,0
4655,61876d1f48505069,True,1.0,1.0,0.586540979146577,1.0,1.0,1.0,0.8277254079777404,0
4656,618902d469b5516e,True,1.0,1.0,0.821521552224484,1.0,1.0,1.0,0.925633980093535,0
4657,618e368153135092,True,1.0,1.0,1.0,1.0,1.0,1.0,1.0,0
4658,61984566807c5b11,True,0.0,1.0,0.0,0.0,1.0,1.0,0.0,0
4659,619d1afc63c35621,True,1.0,1.0,1.0,1.0,1.0,1.0,1.0,0
4660,61a236d173ef5055,True,0.0,1.0,0.0,0.0,1.0,1.0,0.0,0
4661,61a7d33a4c3b5977,True,1.0,1.0,0.9320212272375976,1.0,1.0,1.0,0.971675511348999,0
4662,61a9157ac995542c,True,1.0,1.0,1.0,1.0,1.0,1.0,1.0,0
4663,61b108df4a5f53fb,True,1.0,1.0,0.9397687951270866,1.0,1.0,1.0,0.9749036646362862,0
4664,61b15ca533845a97,True,1.0,1.0,0.9931856107293461,1.0,1.0,1.0,0.9971606711372276,0
4665,61b6aabef76153af,True,1.0,1.0,1.0,1.0,1.0,1.0,1.0,0
4666,61b99cf0e08d559a,True,1.0,1.0,1.0,1.0,1.0,1.0,1.0,0
4667,61be266ee38a5891,True,1.0,1.0,0.8114157951188331,1.0,1.0,1.0,0.9214232479661805,0
4668,61c31afab34d5e94,True,1.0,1.0,0.8940326634895458,1.0,1.0,1.0,0.955846943120644,0
4669,61c5308743b35db2,True,1.0,1.0,0.5653957029145555,1.0,1.0,1.0,0.8189148762143982,0
4670,61c675d850d75cd1,True,1.0,1.0,0.9070424140319391,1.0,1.0,1.0,0.9612676725133079,0
4671,61d114c5cfb25663,True,1.0,1.0,0.6896759909874082,1.0,1.0,1.0,0.8706983295780867,0
4672,61d71be9811b5554,True,1.0,1.0,0.888683632593161,1.0,1.0,1.0,0.9536181802471505,0
4673,61d7fbf592275c75,True,1.0,1.0,0.5638464841701779,1.0,1.0,0.5,0.8182693684042408,0
4674,61d847c3a95f5032,True,1.0,1.0,1.0,1.0,1.0,1.0,1.0,0
4675,61d8eb4fd2395520,True,1.0,1.0,0.6969622760419583,1.0,1.0,1.0,0.8737342816841492,0
4676,61e0ce212ed75a50,True,1.0,1.0,1.0,1.0,1.0,1.0,1.0,0
4677,61e104b6c5d35dc6,True,1.0,1.0,0.7906443433033024,0.0,1.0,1.0,0.49610180970970935,0
4678,61e3a4acbdf55ffe,True,1.0,1.0,0.9098410578713687,1.0,1.0,1.0,0.9624337741130703,0
4679,61f8e636db175a83,True,1.0,1.0,1.0,1.0,1.0,1.0,1.0,0
4680,62013ac84b3a57e5,True,1.0,1.0,0.8584182620382457,1.0,1.0,1.0,0.9410076091826024,0
4681,6201f6d1b5f65431,True,1.0,1.0,0.8895339122281598,1.0,1.0,1.0,0.9539724634283999,0
4682,62053f814af95fce,True,1.0,1.0,0.8826033422259577,1.0,1.0,0.0,0.9510847259274824,0
4683,620a34ec02795768,True,1.0,1.0,0.86567932623683,1.0,1.0,1.0,0.9440330525986792,0
4684,620f272061ea5f3a,True,1.0,1.0,1.0,0.0,1.0,1.0,0.5833333333333334,0
4685,62108a4000e85dae,True,1.0,1.0,1.0,1.0,1.0,1.0,1.0,0
4686,6215ad2b225e5b1a,True,1.0,1.0,0.8833540298339118,1.0,1.0,1.0,0.9513975124307965,0
4687,621a9591a97758b8,True,1.0,1.0,0.70451058111932,1.0,1.0,1.0,0.8768794087997166,0
4688,6225b347244658c1,True,1.0,1.0,0.8450812556784222,1.0,1.0,1.0,0.9354505231993425,0
4689,6227e5b0f0d4592e,True,1.0,1.0,0.9220547403358202,1.0,1.0,1.0,0.9675228084732584,0
4690,622867ce25805447,True,1.0,1.0,0.8911044149742151,1.0,1.0,1.0,0.9546268395725898,0
4691,622dde55dc125052,True,1.0,1.0,1.0,1.0,1.0,1.0,1.0,0
4692,6233d1b3e62a5772,True,1.0,1.0,1.0,1.0,1.0,1.0,1.0,0
4693,6239683a6e0d556d,True,1.0,1.0,1.0,1.0,1.0,1.0,1.0,0
4694,6239cdb801bc51c2,True,1.0,1.0,0.7707287626650132,1.0,1.0,1.0,0.9044703177770889,0
4695,624602ce65455c07,True,0.0,1.0,0.0,0.0,1.0,1.0,0.0,0
4696,62462203db6b5ba5,True,1.0,1.0,0.9395192447929739,1.0,1.0,1.0,0.9747996853304057,0
4697,6246c97eee435b98,True,1.0,1.0,0.8542165516607807,1.0,1.0,1.0,0.9392568965253253,0
4698,6247bc8d9df7529d,True,1.0,1.0,1.0,1.0,1.0,1.0,1.0,0
4699,624b5f7f1f4a503e,True,1.0,1.0,0.7205697226621096,1.0,1.0,0.5,0.883570717775879,0
4700,624f26fa47485b3d,True,1.0,1.0,0.7672018604396874,1.0,1.0,1.0,0.9030007751832031,0
4701,6250b1bc5d735d1a,True,1.0,1.0,0.9147268125462,1.0,1.0,1.0,0.9644695052275832,0
4702,62515ff6d52a5e89,True,1.0,1.0,0.8914562074948655,1.0,1.0,1.0,0.9547734197895273,0
4703,625804443c0555ac,True,1.0,1.0,0.974282544224481,1.0,1.0,1.0,0.989284393426867,0
4704,625a015c1f7c5170,True,1.0,1.0,1.0,0.0,1.0,0.0,0.5833333333333334,0
4705,625bda810b66583a,True,1.0,1.0,0.7206250347812235,1.0,1.0,1.0,0.8835937644921765,0
4706,62667ead92a35fbd,True,1.0,1.0,1.0,1.0,1.0,1.0,1.0,0
4707,626859d4351b5ffe,True,0.0,1.0,0.0,0.0,1.0,1.0,0.0,0
4708,6268acf58d415ae8,True,1.0,1.0,0.8211304177988189,1.0,1.0,1.0,0.9254710074161746,0
4709,626b5dc253965ecb,True,1.0,1.0,0.9544047122204588,1.0,1.0,1.0,0.9810019634251912,0
4710,62735179d4f258ea,True,1.0,1.0,0.8291885952733093,1.0,1.0,1.0,0.9288285813638789,0
4711,627ed4c9950753e9,True,1.0,1.0,1.0,1.0,1.0,1.0,1.0,0
4712,6280a12d79b4518a,True,1.0,1.0,0.9049324382084001,1.0,1.0,1.0,0.9603885159201667,0
4713,6289749098c55328,True,1.0,1.0,0.7563810451739925,1.0,1.0,1.0,0.8984921021558302,0
4714,6292d2ef6730548d,True,1.0,1.0,0.7921149562342479,1.0,1.0,1.0,0.9133812317642699,0
4715,629368f516d85124,True,1.0,1.0,1.0,1.0,1.0,1.0,1.0,0
4716,62974364debd5463,True,1.0,1.0,0.6736709442205948,1.0,1.0,1.0,0.8640295600919146,0
4717,629a5819ea0a55b8,True,1.0,1.0,0.8659662914637942,1.0,1.0,1.0,0.9441526214432475,0
4718,629ad0d696ed5a25,True,1.0,1.0,1.0,1.0,1.0,1.0,1.0,0
4719,629f93034f995ebc,True,1.0,1.0,1.0,1.0,1.0,1.0,1.0,0
4720,62a97d527fd45916,True,1.0,1.0,0.9034983567643596,1.0,1.0,1.0,0.9597909819851499,0
4721,62aefe5efb00563f,True,1.0,1.0,0.8529301695272875,1.0,1.0,1.0,0.9387209039697031,0
4722,62b0d1b0d5b35c44,True,0.0,0.0,0.0,0.0,1.0,1.0,0.0,0
4723,62b620262e1b5b25,True,1.0,1.0,1.0,1.0,1.0,1.0,1.0,0
4724,62bae469f29c5ecb,True,1.0,1.0,0.9265973084476619,1.0,1.0,1.0,0.9694155451865258,0
4725,62c0730b5f435548,True,1.0,1.0,0.8557811117234754,1.0,1.0,1.0,0.9399087965514482,0
4726,62c5045db3c159aa,True,1.0,1.0,1.0,1.0,1.0,1.0,1.0,0
4727,62c59eb9ece45d86,True,1.0,1.0,0.7813040370784066,1.0,1.0,1.0,0.9088766821160027,0
4728,62d339c4086d51ba,True,1.0,1.0,0.7725193692187771,1.0,1.0,1.0,0.9052164038411572,0
4729,62d4c8dfdef65bc5,True,1.0,1.0,0.8620815905600322,1.0,1.0,1.0,0.9425339960666802,0
4730,62de32eb450356e0,True,1.0,1.0,0.8554572320936358,1.0,1.0,1.0,0.9397738467056816,0
4731,62e7b4eb1cc954ad,True,1.0,1.0,0.724355406964993,1.0,1.0,1.0,0.8851480862354139,0
4732,62e8d8891ff45c7b,True,1.0,1.0,0.8242834768982303,1.0,1.0,1.0,0.9267847820409294,0
4733,62eac0a6b7e05fbf,True,1.0,1.0,1.0,1.0,1.0,1.0,1.0,0
4734,62ebe5d1697f5b73,True,1.0,1.0,1.0,1.0,1.0,1.0,1.0,0
4735,62fc6bfdfba650ed,True,1.0,1.0,1.0,1.0,1.0,1.0,1.0,0
4736,6303f880d5c05166,True,1.0,1.0,1.0,1.0,1.0,1.0,1.0,0
4737,63070010ae7159f2,True,1.0,1.0,0.9855084079639782,1.0,1.0,1.0,0.9939618366516575,0
4738,631115d8e54d58fc,True,1.0,1.0,0.8156324909768646,1.0,1.0,1.0,0.9231802045736935,0
4739,631249cc108f5e1e,True,1.0,1.0,0.8494362422506042,1.0,1.0,1.0,0.9372651009377518,0
4740,6316ea076a0e597f,True,1.0,1.0,0.8451782377301171,1.0,1.0,1.0,0.9354909323875488,0
4741,631712394f5b5d72,True,1.0,1.0,0.6509490199427116,1.0,1.0,1.0,0.8545620916427965,0
4742,631ef1b9ceeb5d0d,True,1.0,1.0,0.8870606099049527,1.0,1.0,1.0,0.9529419207937303,0
4743,6321c384f59c5265,True,1.0,1.0,0.9699799233277896,1.0,1.0,1.0,0.9874916347199122,0
4744,6322316826a2547a,True,1.0,1.0,0.8693680938838687,1.0,1.0,1.0,0.9455700391182787,0
4745,63266bfd8e1f5f15,True,1.0,1.0,1.0,1.0,1.0,1.0,1.0,0
4746,6326d00e52115da4,True,1.0,1.0,1.0,1.0,1.0,1.0,1.0,0
4747,6326e62f04625791,True,1.0,1.0,1.0,1.0,1.0,1.0,1.0,0
4748,632a1b53a6875b22,True,1.0,1.0,0.8996390681970214,1.0,1.0,1.0,0.9581829450820923,0
4749,633df956d5645243,True,1.0,1.0,1.0,1.0,1.0,1.0,1.0,0
4750,6347504b632c5be1,True,1.0,1.0,0.811972592828387,1.0,1.0,1.0,0.9216552470118279,0
4751,6347553d03555ffa,True,1.0,1.0,1.0,1.0,1.0,1.0,1.0,0
4752,6350e3b4ec0a59dc,True,1.0,1.0,0.9319100591758133,1.0,1.0,1.0,0.9716291913232555,0
4753,635495c0e2295c4d,True,1.0,1.0,1.0,0.0,1.0,1.0,0.5833333333333334,0
4754,63573ea2fdb85b0e,True,1.0,1.0,0.8340971253976439,1.0,1.0,1.0,0.9308738022490184,0
4755,635d0bb58aa95282,True,1.0,1.0,0.7322319488727065,1.0,1.0,1.0,0.888429978696961,0
4756,635eb3ecbf415418,True,1.0,1.0,0.9133364761928738,1.0,1.0,1.0,0.9638901984136975,0
4757,635faea61539589a,True,1.0,1.0,0.8605982127775307,1.0,1.0,1.0,0.9419159219906378,0
4758,6360aa4dd01151c3,True,1.0,1.0,0.8139659378240544,1.0,1.0,0.0,0.9224858074266894,0
4759,6361bbead79c5ac2,True,1.0,1.0,0.8323439704280947,1.0,1.0,1.0,0.9301433210117062,0
4760,6363aa6d3d715e03,True,1.0,1.0,0.6992540143525486,1.0,1.0,1.0,0.8746891726468954,0
4761,6370add5182e51b7,True,1.0,1.0,1.0,1.0,1.0,1.0,1.0,0
4762,63768cbe8b2d5c65,True,1.0,0.0,0.0,1.0,1.0,1.0,0.0,0
4763,6376b9b848385361,True,1.0,1.0,1.0,1.0,1.0,1.0,1.0,0
4764,637b2eb74b0d5144,True,1.0,1.0,0.693622503339507,1.0,1.0,1.0,0.8723427097247946,0
4765,637b5b88f5a2566c,True,1.0,1.0,0.8301267597512277,1.0,1.0,1.0,0.9292194832296783,0
4766,63873e2afca95e70,True,1.0,1.0,0.9020568690053458,1.0,1.0,1.0,0.9591903620855607,0
4767,6387e5c4dd2f5e2a,True,1.0,1.0,0.9786513810754599,1.0,1.0,1.0,0.991104742114775,0
4768,6389fb6f9d675e3b,True,1.0,1.0,0.6344962652942638,1.0,1.0,1.0,0.8477067772059432,0
4769,638b83e65dd259f8,True,1.0,1.0,1.0,1.0,1.0,1.0,1.0,0
4770,63930f7b3b0e5872,True,1.0,1.0,0.7965136491656273,1.0,1.0,1.0,0.9152140204856781,0
4771,639352b63c715c1f,True,1.0,1.0,1.0,1.0,1.0,1.0,1.0,0
4772,6394162caa7c5821,True,1.0,1.0,0.7461157263071615,1.0,1.0,1.0,0.8942148859613174,0
4773,63980d0b4c9352c4,True,1.0,1.0,0.7890489313823584,1.0,1.0,0.5,0.9121037214093161,0
4774,639b55d4b2b65d0a,True,1.0,1.0,0.9137375689889121,1.0,1.0,1.0,0.9640573204120466,0
4775,639c2678cce95d68,True,1.0,1.0,0.8398073545458801,1.0,1.0,1.0,0.9332530643941167,0
4776,639ed89313465584,True,1.0,1.0,1.0,1.0,1.0,1.0,1.0,0
4777,63a10444501d5ead,True,1.0,1.0,1.0,1.0,1.0,1.0,1.0,0
4778,63a48cda986b569b,True,1.0,1.0,0.7666582087795977,1.0,1.0,1.0,0.9027742536581657,0
4779,63a80bcca90b5dec,True,1.0,1.0,0.9148612002870853,1.0,1.0,1.0,0.9645255001196188,0
4780,63ab092351905a60,True,1.0,1.0,0.8932842800889267,1.0,1.0,1.0,0.9555351167037195,0
4781,63b69a3c54e95277,True,1.0,1.0,0.6085028160667115,1.0,1.0,1.0,0.8368761733611297,0
4782,63b91b18f46a5a96,True,1.0,1.0,1.0,1.0,1.0,1.0,1.0,0
4783,63bd566666b75e4a,True,1.0,1.0,0.8795217824014641,1.0,1.0,1.0,0.9498007426672768,0
4784,63c1254fe8ef5145,True,1.0,0.0,0.0,1.0,1.0,1.0,0.0,0
4785,63c145828c3b5fd8,True,1.0,1.0,0.760068518071725,1.0,1.0,1.0,0.9000285491965521,0
4786,63c33ef5af265f74,True,1.0,1.0,0.6712225663115562,1.0,1.0,1.0,0.8630094026298151,0
4787,63d6fbc938bc58cb,True,1.0,0.0,0.0,1.0,1.0,1.0,0.0,0
4788,63d80f7499fc5784,True,1.0,1.0,0.896624600741008,1.0,1.0,1.0,0.9569269169754199,0
4789,63ec12363eef5e89,True,1.0,1.0,0.9101147800369961,1.0,1.0,1.0,0.962547825015415,0
4790,63ec67c4a58a5e5b,True,1.0,0.0,0.0,1.0,1.0,1.0,0.0,0
4791,63eeb15e6e3e5504,True,1.0,1.0,0.8534031210259897,1.0,1.0,1.0,0.9389179670941624,0
4792,63efdfe040865222,True,1.0,1.0,0.6545680331841189,1.0,1.0,1.0,0.8560700138267162,0
4793,63f4362f90ef55a1,True,1.0,1.0,0.8441541304198358,1.0,1.0,1.0,0.935064221008265,0
4794,63f6c401c24557e1,True,1.0,1.0,0.913949835481197,1.0,1.0,1.0,0.9641457647838321,0
4795,63fd66d1098f5c53,True,1.0,0.0,0.0,1.0,1.0,1.0,0.0,0
4796,6404a27bddb85488,True,1.0,1.0,1.0,1.0,1.0,1.0,1.0,0
4797,6410f5684be757b5,True,0.0,1.0,0.0,0.0,1.0,1.0,0.0,0
4798,64185eb977005752,True,1.0,1.0,1.0,1.0,1.0,1.0,1.0,0
4799,6419172479825092,True,1.0,1.0,1.0,1.0,1.0,1.0,1.0,0
4800,641e208507255987,True,1.0,1.0,0.9073428154216576,1.0,1.0,1.0,0.961392839759024,0
4801,6420c06f99465b53,True,1.0,1.0,1.0,1.0,1.0,1.0,1.0,0
4802,642a177df62954ad,True,0.0,1.0,0.0,0.0,1.0,0.5,0.0,0
4803,642ba15d21c05f4e,True,1.0,1.0,1.0,1.0,1.0,1.0,1.0,0
4804,643b177aa4235fe7,True,1.0,1.0,1.0,1.0,1.0,1.0,1.0,0
4805,644b16fd65f956b8,True,1.0,1.0,1.0,1.0,1.0,1.0,1.0,0
4806,644d0407ee0a5337,True,1.0,1.0,0.9802630979144283,1.0,1.0,1.0,0.9917762907976785,0
4807,6451d6a270c75f58,True,1.0,1.0,1.0,1.0,1.0,1.0,1.0,0
4808,645e303a25a65190,True,1.0,1.0,0.8201260446324291,1.0,1.0,1.0,0.9250525185968455,0
4809,645e36c611b552ce,True,1.0,1.0,0.8570858612463785,1.0,1.0,1.0,0.9404524421859911,0
4810,645f5f6b94345fc3,True,1.0,1.0,0.7482128235341843,1.0,1.0,1.0,0.8950886764725768,0
4811,646244aaa99d5c9c,True,1.0,1.0,0.9381113604180678,1.0,1.0,1.0,0.9742130668408615,0
4812,6469176632cf52a0,True,1.0,1.0,0.9292418184975885,1.0,1.0,1.0,0.9705174243739952,0
4813,6477761567345e00,True,1.0,1.0,0.9209116495094665,1.0,1.0,1.0,0.9670465206289444,0
4814,6477d5ad590955ba,True,1.0,1.0,0.8692681779548186,1.0,1.0,1.0,0.9455284074811745,0
4815,647a42b4e5075f16,True,1.0,1.0,0.9213607550420058,1.0,1.0,1.0,0.9672336479341691,0
4816,647c05f9fa725528,True,1.0,1.0,1.0,1.0,1.0,1.0,1.0,0
4817,6482eb343a2b5329,True,1.0,1.0,0.8740106920598103,1.0,1.0,1.0,0.9475044550249209,0
4818,64859d25f1b555dd,True,1.0,1.0,0.9123227950406989,1.0,1.0,1.0,0.9634678312669579,0
4819,6486c6ab411c5baf,True,1.0,1.0,0.911273251520015,1.0,1.0,1.0,0.9630305214666729,0
4820,64883fdea50b5b8c,True,1.0,1.0,0.9366145334734944,1.0,1.0,1.0,0.9735893889472894,0
4821,648b875dc34259c2,True,1.0,0.0,0.0,1.0,1.0,1.0,0.0,0
4822,6492ae3886505280,True,1.0,1.0,0.7248215715119383,1.0,1.0,1.0,0.8853423214633076,0
4823,6496c4adf0f65e78,True,1.0,1.0,0.9714033423485533,1.0,1.0,1.0,0.9880847259785638,0
4824,6498149e85ef5b8d,True,1.0,1.0,1.0,1.0,1.0,1.0,1.0,0
4825,649b2096884957a9,True,1.0,1.0,1.0,1.0,1.0,1.0,1.0,0
4826,649c1659d8975ae3,True,1.0,1.0,0.6731711249747564,1.0,1.0,1.0,0.863821302072815,0
4827,649ee93e67cc58bb,True,1.0,1.0,0.9996089233940006,1.0,1.0,1.0,0.9998370514141669,0
4828,64a1d44d73015a60,True,1.0,1.0,1.0,1.0,1.0,1.0,1.0,0
4829,64a417561b53530f,True,1.0,1.0,1.0,1.0,1.0,1.0,1.0,0
4830,64a52073ea395752,True,1.0,1.0,0.8292620773264318,1.0,1.0,1.0,0.9288591988860132,0
4831,64a7186ab49b5cdc,True,1.0,1.0,0.8164628413614373,1.0,1.0,1.0,0.9235261839005989,0
4832,64a8b055818c5bef,True,1.0,1.0,0.6986901219541694,1.0,1.0,1.0,0.8744542174809039,0
4833,64b35b9f9f84585a,True,1.0,1.0,0.7073040450486302,1.0,1.0,1.0,0.878043352103596,0
4834,64b6d412bf15576e,True,1.0,1.0,0.771541994223877,1.0,1.0,1.0,0.9048091642599488,0
4835,64b99da814205341,True,1.0,1.0,0.8301252232395006,1.0,1.0,1.0,0.9292188430164586,0
4836,64bb182ef4035065,True,1.0,1.0,1.0,1.0,1.0,1.0,1.0,0
4837,64cdae0a751357ee,True,1.0,1.0,0.9830618582457331,1.0,1.0,1.0,0.9929424409357223,0
4838,64d046ec9cee51d4,True,1.0,1.0,0.8658793225182791,1.0,1.0,1.0,0.9441163843826162,0
4839,64edcbd39d2b5f08,True,1.0,1.0,0.9819241304880763,1.0,1.0,1.0,0.9924683877033651,0
4840,64ee149f402a5601,True,1.0,1.0,0.9832758573088072,1.0,1.0,1.0,0.993031607212003,0
4841,64f47c2f2c7754cb,True,1.0,1.0,0.9548960292251842,1.0,1.0,1.0,0.9812066788438267,0
4842,64f56e62619850b2,True,1.0,1.0,1.0,1.0,1.0,1.0,1.0,0
4843,64f5ed7f37905836,True,1.0,1.0,0.7709039581047455,1.0,1.0,1.0,0.9045433158769773,0
4844,6507522e38405857,True,1.0,1.0,1.0,1.0,1.0,1.0,1.0,0
4845,650c7a9e7ea45062,True,1.0,1.0,0.9267047142329832,1.0,1.0,1.0,0.9694602975970762,0
4846,650d84864184549e,True,1.0,1.0,0.8564164350565681,1.0,1.0,1.0,0.9401735146069035,0
4847,650ed02359615f58,True,1.0,1.0,0.7060720709115287,1.0,1.0,1.0,0.8775300295464703,0
4848,65107c981e1c568c,True,1.0,1.0,1.0,1.0,1.0,1.0,1.0,0
4849,65130561cbfb567a,True,1.0,1.0,0.9212103245382676,1.0,1.0,1.0,0.9671709685576114,0
4850,651f88b4c46e50a2,True,1.0,1.0,0.9698590350734612,1.0,1.0,1.0,0.9874412646139422,0
4851,65271f4c14985330,True,1.0,1.0,1.0,1.0,1.0,1.0,1.0,0
4852,652e91c4f9b1505a,True,1.0,1.0,0.8379033840885294,1.0,1.0,0.0,0.9324597433702205,0
4853,6532afe679315809,True,1.0,1.0,1.0,1.0,1.0,1.0,1.0,0
4854,6535e6022ba0547c,True,1.0,1.0,0.8720082618999406,1.0,1.0,1.0,0.9466701091249753,0
4855,653d8cea5acd5614,True,1.0,1.0,0.8968740848950936,1.0,1.0,1.0,0.9570308687062891,0
4856,653ebb370df45ca5,True,1.0,1.0,0.7923516551448898,1.0,1.0,1.0,0.9134798563103708,0
4857,6544f1c9668c58c3,True,1.0,1.0,0.8673180295693996,1.0,1.0,1.0,0.9447158456539165,0
4858,65451b2015ec58c7,True,1.0,1.0,0.5687455344049218,1.0,1.0,1.0,0.8203106393353842,0
4859,6545ddda66325e39,True,1.0,1.0,1.0,1.0,1.0,1.0,1.0,0
4860,6545ea70cb285327,True,1.0,1.0,0.9156475984058633,1.0,1.0,1.0,0.964853166002443,0
4861,6548b286c3365867,True,1.0,1.0,0.7867766110410249,1.0,1.0,1.0,0.9111569212670938,0
4862,654f6079561e5cdb,True,1.0,1.0,0.9273202963466056,1.0,1.0,1.0,0.9697167901444189,0
4863,655917ea5da455c8,True,1.0,1.0,0.9522907814175515,1.0,1.0,1.0,0.9801211589239798,0
4864,655c3f17ee2d5683,True,1.0,1.0,1.0,1.0,1.0,1.0,1.0,0
4865,65612a858cc756b3,True,1.0,1.0,0.9290043249351608,1.0,1.0,1.0,0.9704184687229837,0
4866,6561633171e75bb6,True,1.0,1.0,1.0,1.0,1.0,1.0,1.0,0
4867,65676c8917335c2c,True,1.0,1.0,0.9815782490827517,1.0,1.0,1.0,0.9923242704511465,0
4868,656d501570ce5e54,True,1.0,1.0,0.9313487536636655,1.0,1.0,1.0,0.9713953140265273,0
4869,657274955033592a,True,1.0,1.0,0.8671939901341741,1.0,1.0,1.0,0.9446641625559059,0
4870,65729e98f81a526e,True,1.0,1.0,1.0,1.0,1.0,1.0,1.0,0
4871,6578cf959d7f52a7,True,1.0,1.0,0.7848339971413747,1.0,1.0,1.0,0.9103474988089061,0
4872,657ea52878935352,True,1.0,1.0,0.6602681230021724,1.0,1.0,1.0,0.8584450512509051,0
4873,65858c2fe6b5501f,True,1.0,1.0,1.0,1.0,1.0,1.0,1.0,0
4874,65871def84015af2,True,1.0,1.0,1.0,1.0,1.0,1.0,1.0,0
4875,659373708e8e5a4f,True,1.0,1.0,0.5603771197424635,1.0,1.0,1.0,0.8168237998926932,0
4876,659d1e0ce6cd5c97,True,1.0,1.0,1.0,1.0,1.0,1.0,1.0,0
4877,65a5be18fdb7508d,True,1.0,0.0,0.0,1.0,1.0,1.0,0.0,0
4878,65ae67808d1f5de5,True,1.0,1.0,0.7777503750990353,1.0,1.0,1.0,0.9073959896245981,0
4879,65b16bfce348521f,True,1.0,1.0,1.0,1.0,1.0,1.0,1.0,0
4880,65b19795c92c5d77,True,1.0,1.0,1.0,0.0,1.0,1.0,0.5833333333333334,0
4881,65b76ee44ba5521c,True,1.0,1.0,1.0,1.0,1.0,1.0,1.0,0
4882,65bed9b54a335206,True,1.0,1.0,0.7902767295693653,1.0,1.0,1.0,0.9126153039872356,0
4883,65caa24efb4556af,True,1.0,1.0,0.4791281845435036,1.0,1.0,1.0,0.7829700768931266,0
4884,65cf19209dc55631,True,1.0,1.0,0.8357698058081404,1.0,1.0,1.0,0.9315707524200585,0
4885,65d05fc646de5ce6,True,1.0,1.0,0.7186849010346955,1.0,1.0,1.0,0.8827853754311231,0
4886,65d2b64fb7375094,True,1.0,1.0,0.8325893394463081,1.0,1.0,1.0,0.9302455581026283,0
4887,65dbd10f84db5a53,True,1.0,1.0,0.9389002623758,1.0,1.0,1.0,0.9745417759899166,0
4888,65e41bd322a25dd1,True,1.0,1.0,0.6263724287696606,1.0,1.0,1.0,0.8443218453206919,0
4889,65f236a74a3d53a4,True,1.0,1.0,0.9165380844565194,1.0,1.0,1.0,0.965224201856883,0
4890,65fc12f7836f58ed,True,1.0,1.0,1.0,1.0,1.0,1.0,1.0,0
4891,65fd7014a79b5cba,True,1.0,1.0,1.0,1.0,1.0,1.0,1.0,0
4892,65fed1ea595559ba,True,1.0,1.0,0.6034330426332514,1.0,1.0,1.0,0.8347637677638547,0
4893,660451aead9653b7,True,1.0,1.0,0.8572156006345402,1.0,1.0,1.0,0.9405065002643918,0
4894,660e14c77a1c550b,True,1.0,1.0,0.6281888825247929,1.0,1.0,1.0,0.845078701051997,0
4895,661278fc8a9c57d3,True,1.0,1.0,0.9685413544407441,1.0,1.0,1.0,0.9868922310169767,0
4896,66129006472354e7,True,1.0,1.0,0.7967581955435502,1.0,1.0,1.0,0.9153159148098126,0
4897,6618e0dc30c95169,True,1.0,1.0,1.0,1.0,1.0,1.0,1.0,0
4898,661cdcf44ebe5c68,True,1.0,1.0,0.9261570744477012,1.0,1.0,1.0,0.9692321143532089,0
4899,661ce644db6d5546,True,1.0,1.0,1.0,1.0,1.0,1.0,1.0,0
4900,661d0a5bf2735f03,True,1.0,1.0,0.8642929887025468,1.0,1.0,1.0,0.9434554119593944,0
4901,662212c87d0d5b09,True,1.0,1.0,1.0,1.0,1.0,1.0,1.0,0
4902,66225fc71bd35554,True,1.0,1.0,1.0,1.0,1.0,1.0,1.0,0
4903,662cb541b8db54a1,True,1.0,1.0,0.7883239158864411,1.0,1.0,1.0,0.9118016316193506,0
4904,662d6c1f51815bad,True,1.0,1.0,0.9169306190585171,1.0,1.0,1.0,0.9653877579410488,0
4905,662ddec48b93598e,True,1.0,1.0,0.911648482203385,1.0,1.0,1.0,0.9631868675847438,0
4906,66329b9ed3785e0e,True,1.0,1.0,0.623399035988323,1.0,1.0,1.0,0.8430829316618013,0
4907,6632c49f6f675b7b,True,1.0,1.0,1.0,1.0,1.0,1.0,1.0,0
4908,6639fa7905a3599b,True,1.0,1.0,0.4582728632152883,1.0,1.0,1.0,0.7742803596730368,0
4909,663c00bac2e05721,True,1.0,1.0,0.48409199389100716,1.0,1.0,1.0,0.7850383307879197,0
4910,664106f910475a53,True,1.0,1.0,0.7601470366301508,1.0,1.0,1.0,0.9000612652625629,0
4911,6648a1c53b8c5994,True,1.0,1.0,1.0,1.0,1.0,1.0,1.0,0
4912,66583dab627951a2,True,1.0,1.0,0.7344074942919636,1.0,1.0,1.0,0.8893364559549849,0
4913,6659724ab0a8566c,True,1.0,1.0,0.8675177333780524,1.0,1.0,1.0,0.9447990555741885,0
4914,666573b1628a5475,True,1.0,1.0,0.6463534862317276,1.0,1.0,1.0,0.8526472859298865,0
4915,6666f491ef505a49,True,1.0,1.0,0.7537156900268516,1.0,1.0,1.0,0.8973815375111881,0
4916,666e41a5d36c50cc,True,1.0,1.0,0.9747958650688352,1.0,1.0,0.0,0.9894982771120148,0
4917,667140c426e45393,True,1.0,1.0,0.842186175594148,1.0,1.0,1.0,0.9342442398308949,0
4918,667360ba7d595e46,True,1.0,1.0,0.7780065166697806,1.0,1.0,1.0,0.9075027152790752,0
4919,667ad9e70e1d525c,True,1.0,1.0,0.7259988409197584,1.0,1.0,1.0,0.8858328503832326,0
4920,667afe1f010351c5,True,0.0,1.0,0.0,0.0,1.0,0.5,0.0,0
4921,667ea4f79faf5baa,True,1.0,1.0,0.6478464682824926,1.0,1.0,1.0,0.853269361784372,0
4922,667fff5344295416,True,1.0,1.0,0.7965000844758671,1.0,1.0,1.0,0.9152083685316112,0
4923,668835640c6057e0,True,1.0,1.0,0.7217452297234871,1.0,1.0,1.0,0.8840605123847863,0
4924,6688db9c3a425bb6,True,1.0,1.0,0.7429280230968764,1.0,1.0,1.0,0.8928866762903652,0
4925,66908680155c550a,True,1.0,1.0,0.9656449743896265,1.0,1.0,1.0,0.9856854059956777,0
4926,669972d5c4c55872,True,1.0,0.0,0.0,1.0,1.0,1.0,0.0,0
4927,669b4ffc8b8a5f21,True,1.0,1.0,0.9084166547209974,1.0,1.0,1.0,0.9618402728004156,0
4928,669bad5f20bd5256,True,1.0,1.0,0.9443613798917908,1.0,1.0,1.0,0.9768172416215796,0
4929,66a0abcb3eac57df,True,1.0,1.0,0.7370495966986299,1.0,1.0,1.0,0.8904373319577624,0
4930,66a6a72cc5145dd5,True,1.0,1.0,0.8191435670660852,1.0,1.0,1.0,0.9246431529442022,0
4931,66a897321eb45503,True,1.0,1.0,0.7800067767393863,1.0,1.0,1.0,0.9083361569747442,0
4932,66a924c7d02159cf,True,1.0,1.0,0.9320482202185095,1.0,1.0,1.0,0.971686758424379,0
4933,66b9427f41385b55,True,1.0,1.0,0.7628152351765858,1.0,1.0,1.0,0.9011730146569107,0
4934,66ba432a760c586c,True,1.0,1.0,0.8438608678526156,1.0,1.0,1.0,0.9349420282719233,0
4935,66c2b2bf35745563,True,1.0,1.0,0.9500498660858551,1.0,1.0,1.0,0.9791874442024396,0
4936,66ca1ffcef4354e9,True,1.0,1.0,0.7476390550488748,1.0,1.0,1.0,0.8948496062703645,0
4937,66ccc68c8f755683,True,1.0,0.0,0.0,1.0,1.0,0.0,0.0,0
4938,66cd30f395c45537,True,1.0,1.0,0.7266143330391269,1.0,1.0,1.0,0.8860893054329696,0
4939,66ce3cbf239358c2,True,1.0,1.0,1.0,1.0,1.0,1.0,1.0,0
4940,66d152defe7b59e2,True,1.0,1.0,1.0,0.0,1.0,1.0,0.5833333333333334,0
4941,66d5ea23c45c51c4,True,1.0,1.0,0.8385516740554432,1.0,1.0,1.0,0.9327298641897679,0
4942,66dca10d8f315889,True,1.0,0.0,0.0,0.0,1.0,0.5,0.0,0
4943,66dd7339f01b58c2,True,1.0,1.0,0.835234668666666,1.0,1.0,1.0,0.9313477786111108,0
4944,66e559e29cca52e0,True,1.0,1.0,1.0,1.0,1.0,1.0,1.0,0
4945,66e75a9c2da75db6,True,1.0,1.0,1.0,1.0,1.0,1.0,1.0,0
4946,66f664c031765c74,True,1.0,1.0,0.7613821957171251,1.0,1.0,1.0,0.9005759148821354,0
4947,66f8bdd077ff5fc3,True,1.0,1.0,1.0,1.0,1.0,1.0,1.0,0
4948,66f9739ef19d5742,True,1.0,1.0,1.0,1.0,1.0,1.0,1.0,0
4949,66fff80a93805b34,True,1.0,1.0,1.0,1.0,1.0,1.0,1.0,0
4950,6704953640e55b83,True,1.0,1.0,1.0,1.0,1.0,1.0,1.0,0
4951,67077701cdd85c9d,True,1.0,1.0,0.8552504648411289,1.0,1.0,1.0,0.9396876936838036,0
4952,67094a5dcc8c5ff6,True,1.0,1.0,0.9198077993707219,1.0,1.0,1.0,0.9665865830711341,0
4953,670f9d50643c5874,True,1.0,1.0,0.7360329729466136,1.0,1.0,1.0,0.8900137387277557,0
4954,6717940e53d45558,True,1.0,1.0,1.0,1.0,1.0,1.0,1.0,0
4955,671da9103fe05141,True,1.0,1.0,0.8823282736968918,1.0,1.0,1.0,0.9509701140403717,0
4956,671dcd0d1c86592c,True,1.0,1.0,0.6017879610795334,1.0,1.0,1.0,0.8340783171164722,0
4957,67286bba873e56f1,True,1.0,1.0,1.0,1.0,1.0,1.0,1.0,0
4958,6732b99133eb5d36,True,1.0,1.0,1.0,1.0,1.0,1.0,1.0,0
4959,67339e7fe4135722,True,1.0,1.0,0.7349723641109531,1.0,1.0,1.0,0.8895718183795638,0
4960,673a88a4037f5b6b,True,1.0,1.0,0.5436661165816785,1.0,1.0,1.0,0.8098608819090328,0
4961,673cfe7af7db5911,True,1.0,1.0,1.0,1.0,1.0,1.0,1.0,0
4962,6740833c5f9d571a,True,1.0,1.0,0.9321636157456228,1.0,1.0,1.0,0.9717348398940094,0
4963,6743ebcc6f5259b8,True,1.0,1.0,0.7676345434211236,1.0,1.0,0.0,0.9031810597588015,0
4964,6745b762c9df5f94,True,1.0,1.0,1.0,1.0,1.0,1.0,1.0,0
4965,6747e9a7ad2f5643,True,1.0,1.0,0.9415798306726778,1.0,1.0,0.0,0.9756582627802824,0
4966,674e6f0f529a51f7,True,1.0,1.0,0.5461089797548456,1.0,1.0,1.0,0.810878741564519,0
4967,674ebcb39a4d528f,True,1.0,1.0,0.9085523426054486,1.0,1.0,1.0,0.961896809418937,0
4968,6761ba552b3759fa,True,1.0,1.0,0.9259163920832921,1.0,1.0,1.0,0.969131830034705,0
4969,67628d15c5b45860,True,1.0,1.0,0.838501998747646,1.0,1.0,1.0,0.9327091661448526,0
4970,6762c1ac11a15adf,True,1.0,1.0,0.8468645001382961,1.0,1.0,1.0,0.93619354172429,0
4971,676880c7e31252c0,True,1.0,1.0,0.643085721522081,1.0,1.0,1.0,0.8512857173008671,0
4972,6770ba617cae540e,True,1.0,1.0,0.6870249522164292,1.0,1.0,1.0,0.8695937300901789,0
4973,6771ec6dba275364,True,1.0,1.0,0.9686290661062315,1.0,1.0,1.0,0.9869287775442631,0
4974,677d8d1e838b5793,True,1.0,1.0,1.0,1.0,1.0,1.0,1.0,0
4975,6781255a85605dd5,True,1.0,1.0,1.0,1.0,1.0,1.0,1.0,0
4976,6782b9c3686f58f3,True,1.0,1.0,0.6763854096190521,1.0,1.0,1.0,0.8651605873412717,0
4977,67958aa8e9015aaf,True,1.0,1.0,1.0,1.0,1.0,1.0,1.0,0
4978,6795e4cf76f55755,True,1.0,1.0,0.9198847672567938,1.0,1.0,1.0,0.966618653023664,0
4979,679b181821395966,True,1.0,1.0,0.9306727211704688,1.0,1.0,1.0,0.9711136338210288,0
4980,679c8386480d5023,True,1.0,1.0,1.0,1.0,1.0,0.5,1.0,0
4981,67a6bdeb096350ec,True,1.0,1.0,0.7850412832256637,1.0,1.0,1.0,0.9104338680106933,0
4982,67abcf0964415891,True,1.0,1.0,1.0,1.0,1.0,1.0,1.0,0
4983,67b05cf704325e6b,True,1.0,1.0,0.9111125722283323,1.0,1.0,1.0,0.9629635717618051,0
4984,67bb26a522b45b5a,True,1.0,1.0,1.0,1.0,1.0,1.0,1.0,0
4985,67c138fc9ac459b5,True,1.0,1.0,0.9181500422832234,1.0,1.0,1.0,0.965895850951343,0
4986,67c2aef1f35a523e,True,1.0,1.0,1.0,1.0,1.0,1.0,1.0,0
4987,67d74f48ba2a548e,True,1.0,1.0,0.9022780804450202,1.0,1.0,1.0,0.9592825335187584,0
4988,67dbad26dd165f16,True,1.0,1.0,0.6858481158190454,1.0,1.0,1.0,0.8691033815912689,0
4989,67debdeae60b5fa4,True,1.0,1.0,0.7958515844264099,1.0,1.0,1.0,0.9149381601776708,0
4990,67dff3c1993f57a5,True,1.0,1.0,0.6636553348392508,1.0,1.0,0.0,0.8598563895163545,0
4991,67e27e4b89325f31,True,1.0,1.0,1.0,1.0,1.0,1.0,1.0,0
4992,67e538558b0b5f93,True,1.0,1.0,0.7597120851500151,1.0,1.0,1.0,0.899880035479173,0
4993,67e6aea894f0568f,True,1.0,1.0,0.881284366935454,1.0,1.0,1.0,0.9505351528897724,0
4994,67eac979dc2b5c12,True,1.0,1.0,0.8349907223410571,1.0,1.0,1.0,0.9312461343087738,0
4995,67f7d1c129be5c4b,True,1.0,1.0,0.7991138868447764,1.0,1.0,1.0,0.9162974528519902,0
4996,67fee242b1a35834,True,1.0,1.0,0.7694965130340007,1.0,1.0,1.0,0.9039568804308337,0
4997,6801df96fcdd5bd9,True,1.0,1.0,1.0,1.0,1.0,1.0,1.0,0
4998,680c8d90658556da,True,1.0,0.0,0.0,1.0,1.0,0.0,0.0,0
4999,680e24fa0952531b,True,1.0,1.0,0.9856064210944818,1.0,1.0,1.0,0.9940026754560342,0
5000,680f4753a59c5a24,True,1.0,1.0,0.884245002096538,1.0,1.0,1.0,0.9517687508735575,0
5001,68188bae28595f7c,True,0.0,1.0,0.0,0.0,1.0,1.0,0.0,0
5002,681dc1d77f125936,True,1.0,0.0,0.0,1.0,1.0,1.0,0.0,0
5003,682413e506fc5bac,True,1.0,1.0,0.9490191246595828,1.0,1.0,1.0,0.9787579686081594,0
5004,682660223761501d,True,1.0,1.0,1.0,1.0,1.0,1.0,1.0,0
5005,6828c3caaaca56e1,True,1.0,1.0,0.9034765202091322,1.0,1.0,1.0,0.9597818834204718,0
5006,6829197915d25514,True,1.0,1.0,1.0,1.0,1.0,1.0,1.0,0
5007,6832568ebd835696,True,1.0,1.0,0.881614494288876,1.0,1.0,1.0,0.9506727059536982,0
5008,683e518fbfa650d5,True,1.0,1.0,1.0,1.0,1.0,1.0,1.0,0
5009,6840e07af4275492,True,1.0,1.0,0.9163305023077806,1.0,1.0,1.0,0.9651377092949085,0
5010,684a977a365b5e73,True,1.0,1.0,1.0,1.0,1.0,1.0,1.0,0
5011,684ac2e9651d5e63,True,1.0,1.0,0.8715513168710232,1.0,1.0,1.0,0.9464797153629263,0
5012,684dc9c8167b5189,True,1.0,1.0,0.6883694440768676,1.0,1.0,1.0,0.8701539350320281,0
5013,684ff3674eeb54ea,True,1.0,1.0,0.8651609947494391,1.0,1.0,1.0,0.9438170811455997,0
5014,68505dcbf4fb5f32,True,1.0,1.0,0.7921185470083659,1.0,1.0,1.0,0.9133827279201525,0
5015,68513836ad24543b,True,1.0,1.0,1.0,0.0,1.0,1.0,0.5833333333333334,0
5016,68559679a9bd5d3c,True,1.0,1.0,0.9830792339420187,1.0,1.0,0.0,0.9929496808091743,0
5017,6856c3ad77315d3c,True,1.0,1.0,1.0,1.0,1.0,1.0,1.0,0
5018,685911b9ba8b554f,True,1.0,1.0,0.8099088560607853,1.0,1.0,1.0,0.9207953566919939,0
5019,685e5e9083185108,True,1.0,1.0,1.0,1.0,1.0,1.0,1.0,0
5020,68643a176fcb5c7c,True,1.0,1.0,1.0,1.0,1.0,1.0,1.0,0
5021,6871543e963f5bdf,True,1.0,1.0,1.0,1.0,1.0,1.0,1.0,0
5022,6872fa29d1345d03,True,1.0,1.0,0.9715205923580326,1.0,1.0,1.0,0.9881335801491803,0
5023,687da3cabde458b5,True,1.0,1.0,0.7945431301001606,1.0,1.0,1.0,0.9143929708750669,0
5024,687dc7e79cf65570,True,1.0,1.0,0.8985538352759381,1.0,1.0,1.0,0.9577307646983075,0
5025,687fa6fce3ab5f91,True,1.0,1.0,0.8451937544561793,1.0,1.0,1.0,0.9354973976900748,0
5026,6881586931a25031,True,1.0,1.0,1.0,1.0,1.0,1.0,1.0,0
5027,6884907db45c5cad,True,1.0,1.0,0.9113042905542621,1.0,1.0,1.0,0.9630434543976092,0
5028,6891e8163e4d5e58,True,0.0,1.0,0.0,0.0,1.0,1.0,0.0,0
5029,6892e067e25257f8,True,1.0,1.0,0.7413623808872285,1.0,1.0,1.0,0.8922343253696785,0
5030,6894aab92b0058dd,True,1.0,1.0,1.0,1.0,1.0,1.0,1.0,0
5031,6895a6d7719f5b3e,True,1.0,1.0,1.0,1.0,1.0,0.5,1.0,0
5032,689abfdd66235378,True,1.0,1.0,0.8912730566469613,1.0,1.0,1.0,0.9546971069362339,0
5033,689b619dfd3652c3,True,1.0,1.0,1.0,1.0,1.0,1.0,1.0,0
5034,689ed7a2ee4b583d,True,1.0,1.0,0.8455164033908122,1.0,1.0,1.0,0.9356318347461717,0
5035,68a3518b15a75c25,True,1.0,1.0,0.6038353448362955,1.0,1.0,1.0,0.8349313936817898,0
5036,68aac08d307653e5,True,1.0,1.0,0.7649698624295078,1.0,1.0,1.0,0.9020707760122949,0
5037,68b2ef4a0f9d505e,True,1.0,1.0,1.0,1.0,1.0,1.0,1.0,0
5038,68b64b027ed2512a,True,1.0,1.0,0.6522027910313772,1.0,1.0,1.0,0.8550844962630739,0
5039,68b83d28894e5bc1,True,0.0,1.0,0.0,0.0,1.0,1.0,0.0,0
5040,68ba851239655c3a,True,1.0,1.0,0.5994228125534645,1.0,1.0,1.0,0.8330928385639437,0
5041,68ba9a9b2d6f572d,True,1.0,1.0,0.7884186054898802,1.0,1.0,1.0,0.9118410856207834,0
5042,68bbcb5f42845480,True,1.0,1.0,1.0,1.0,1.0,1.0,1.0,0
5043,68c666c7045f5609,True,1.0,1.0,0.7716180300936253,1.0,1.0,1.0,0.9048408458723438,0
5044,68ca75d95a615a5d,True,1.0,1.0,0.9464690060489521,1.0,1.0,1.0,0.9776954191870635,0
5045,68d1f5f305cf5aae,True,1.0,1.0,0.9866149839424776,1.0,1.0,1.0,0.9944229099760323,0
5046,68d46e380acc5f56,True,1.0,1.0,0.9599162249455063,0.0,1.0,1.0,0.5666317603939609,0
5047,68d4846662cd53c3,True,1.0,1.0,0.7277075596931694,1.0,1.0,1.0,0.8865448165388207,0
5048,68df055f82485e95,True,0.0,1.0,0.0,0.0,1.0,1.0,0.0,0
5049,68e2e4227c355dd9,True,1.0,1.0,0.8831026045705208,1.0,1.0,1.0,0.9512927519043837,0
5050,68e8dda3806f5b88,True,1.0,1.0,0.8970243637785859,1.0,1.0,1.0,0.957093484907744,0
5051,68ea9d09300c5886,True,1.0,1.0,1.0,1.0,1.0,1.0,1.0,0
5052,68ece717ce6553e7,True,1.0,1.0,1.0,1.0,1.0,1.0,1.0,0
5053,68f10c13166b592b,True,1.0,1.0,0.9627081296055402,1.0,1.0,1.0,0.9844617206689751,0
5054,6907c80d73775279,True,1.0,1.0,0.885320501250966,1.0,1.0,1.0,0.9522168755212359,0
5055,6907f601feee5114,True,1.0,1.0,0.6985324418926218,1.0,1.0,1.0,0.8743885174552591,0
5056,690cbb033f3750c7,True,1.0,1.0,1.0,1.0,1.0,1.0,1.0,0
5057,690d5fcd5dd056dc,True,1.0,1.0,1.0,1.0,1.0,1.0,1.0,0
5058,690e07e19bf55c7c,True,1.0,1.0,0.7068951754143965,1.0,1.0,1.0,0.8778729897559986,0
5059,690efce01f2054a7,True,1.0,1.0,0.7975293055077949,1.0,1.0,1.0,0.9156372106282479,0
5060,690f682660e358dc,True,1.0,1.0,1.0,1.0,1.0,1.0,1.0,0
5061,690fef019ad25dd6,True,1.0,1.0,1.0,1.0,1.0,1.0,1.0,0
5062,69124bf1a9185f06,True,1.0,1.0,0.6571421109495702,1.0,1.0,1.0,0.8571425462289876,0
5063,6914bcabdeec5e0f,True,1.0,1.0,0.7318078224739922,1.0,1.0,1.0,0.8882532593641633,0
5064,69153018527e5315,True,1.0,1.0,0.8258542844277647,1.0,1.0,1.0,0.9274392851782354,0
5065,6916caadd44a5806,True,1.0,1.0,0.9598723833198215,1.0,1.0,1.0,0.9832801597165922,0
5066,6919975cab1c5345,True,1.0,0.0,0.0,0.0,1.0,0.5,0.0,0
5067,6919cfa3396a52ff,True,1.0,1.0,1.0,1.0,1.0,1.0,1.0,0
5068,691a4ca60e745bea,True,1.0,1.0,0.6638955058141586,1.0,1.0,1.0,0.8599564607558995,0
5069,6922b2ea23cd51a3,True,1.0,1.0,0.9187868510778404,1.0,1.0,1.0,0.9661611879491002,0
5070,6929a902435e56b0,True,1.0,1.0,0.8848438820583168,1.0,1.0,1.0,0.9520182841909653,0
5071,692bea45f3de5fd0,True,1.0,1.0,0.7627771219181589,0.0,1.0,1.0,0.4844904674658996,0
5072,693ca321449e5a83,True,1.0,1.0,0.837342440501178,1.0,1.0,1.0,0.9322260168754909,0
5073,69486575fad551b7,True,1.0,1.0,1.0,1.0,1.0,1.0,1.0,0
5074,6950076b024c51db,True,1.0,1.0,0.9479580708074985,1.0,1.0,1.0,0.9783158628364577,0
5075,69575edb6db5507f,True,1.0,1.0,0.8603681406581154,1.0,1.0,1.0,0.941820058607548,0
5076,695990349fc551a7,True,1.0,1.0,0.7260314544654056,1.0,1.0,1.0,0.8858464393605857,0
5077,695beb73604159b7,True,1.0,1.0,1.0,0.0,1.0,1.0,0.5833333333333334,0
5078,695cc61845975896,True,1.0,1.0,0.9817223437204755,1.0,1.0,1.0,0.9923843098835313,0
5079,695d7450eb3958c1,True,1.0,1.0,0.8471050798192227,1.0,1.0,0.5,0.9362937832580095,0
5080,69610203b8c35c96,True,1.0,1.0,1.0,1.0,1.0,1.0,1.0,0
5081,69616d6f715256dc,True,1.0,1.0,0.7588912577950275,1.0,1.0,1.0,0.8995380240812615,0
5082,69742b86e6b25ecc,True,1.0,1.0,0.7717525748451601,1.0,1.0,1.0,0.9048969061854834,0
5083,697882c22eb65ca7,True,1.0,0.0,0.0,0.0,1.0,1.0,0.0,0
5084,69792eb6a5415c5f,True,1.0,1.0,0.7659936394003197,1.0,1.0,1.0,0.9024973497501332,0
5085,697c73f258ef5745,True,1.0,0.0,0.0,1.0,1.0,0.0,0.0,0
5086,697f7ae6d60f5f2d,True,1.0,1.0,1.0,1.0,1.0,1.0,1.0,0
5087,69938a4507ba5419,True,1.0,1.0,0.8829776412039997,1.0,1.0,1.0,0.9512406838349999,0
5088,69966a921d43544d,True,1.0,1.0,0.9739126870452041,1.0,1.0,1.0,0.989130286268835,0
5089,69976d75e3a5521e,True,1.0,1.0,1.0,1.0,1.0,1.0,1.0,0
5090,699a6c3e2fc4597e,True,1.0,1.0,0.8640449362365342,1.0,1.0,1.0,0.9433520567652226,0
5091,69a1f3e84f6758b0,True,1.0,1.0,0.899829641033157,1.0,1.0,1.0,0.958262350430482,0
5092,69a3d7249bc85849,True,1.0,1.0,1.0,1.0,1.0,1.0,1.0,0
5093,69a4cff1f35655ff,True,1.0,1.0,0.6446294453716814,1.0,1.0,1.0,0.8519289355715339,0
5094,69acf2f6a20454a0,True,1.0,1.0,0.7117486380324229,1.0,1.0,1.0,0.879895265846843,0
5095,69ad18166f085da8,True,1.0,1.0,1.0,1.0,1.0,1.0,1.0,0
5096,69b32d0447ac5c28,True,1.0,1.0,1.0,1.0,1.0,1.0,1.0,0
5097,69baa41122b45e43,True,1.0,1.0,0.9608944313816501,1.0,1.0,1.0,0.9837060130756875,0
5098,69bc8107e82b54db,True,1.0,1.0,0.7571375624990102,1.0,1.0,1.0,0.898807317707921,0
5099,69bcdc8c577252f4,True,1.0,1.0,1.0,1.0,1.0,1.0,1.0,0
5100,69bedd73861656f1,True,1.0,1.0,0.7117747250682916,1.0,1.0,1.0,0.8799061354451215,0
5101,69c991e96f74541f,True,1.0,1.0,0.7309659552709437,1.0,1.0,1.0,0.8879024813628932,0
5102,69ce68dff3ff566d,True,1.0,1.0,0.5790480801054885,1.0,1.0,1.0,0.8246033667106202,0
5103,69d2af69b1b75698,True,1.0,1.0,1.0,1.0,1.0,1.0,1.0,0
5104,69d75ac905035187,True,1.0,1.0,0.8150132668382959,1.0,1.0,1.0,0.9229221945159566,0
5105,69dcc80901db5a29,True,0.0,1.0,0.0,0.0,1.0,1.0,0.0,0
5106,69ddc43178e9572a,True,1.0,1.0,1.0,1.0,1.0,1.0,1.0,0
5107,69dec5959d7d53a9,True,1.0,1.0,0.6931743988263457,1.0,1.0,1.0,0.8721559995109773,0
5108,69df428fe853580e,True,1.0,1.0,1.0,1.0,1.0,1.0,1.0,0
5109,69e0bc4a585d504a,True,1.0,1.0,0.8408548904542505,1.0,1.0,1.0,0.9336895376892711,0
5110,69e3344606a55c73,True,1.0,1.0,0.9859530446249536,1.0,1.0,1.0,0.994147101927064,0
5111,69e8a01f073d5080,True,1.0,1.0,0.6041022930908106,1.0,1.0,1.0,0.8350426221211711,0
5112,69e8fff107b05199,True,1.0,1.0,0.854569174574458,1.0,1.0,1.0,0.9394038227393575,0
5113,69ed5efe731251d0,True,1.0,1.0,0.8902714907853819,1.0,1.0,1.0,0.9542797878272425,0
5114,69f1c6885a4859c9,True,1.0,1.0,0.891083287069859,1.0,1.0,1.0,0.954618036279108,0
5115,69f27d25f8a45de1,True,1.0,1.0,1.0,1.0,1.0,1.0,1.0,0
5116,69f50b1f6c4d5f4b,True,1.0,1.0,1.0,1.0,1.0,1.0,1.0,0
5117,69f80a41cbaa5c1b,True,1.0,1.0,0.7742588455358803,1.0,1.0,0.0,0.9059411856399501,0
5118,69fab78920a55a7a,True,1.0,1.0,0.5668953831831263,1.0,1.0,1.0,0.8195397429929693,0
5119,6a064f6f4529550a,True,1.0,1.0,0.7280098476841902,1.0,1.0,1.0,0.8866707698684125,0
5120,6a090fe8d71a5f38,True,1.0,1.0,1.0,1.0,1.0,1.0,1.0,0
5121,6a0cdff04e6b596e,True,1.0,1.0,0.8631275585062907,1.0,1.0,1.0,0.9429698160442879,0
5122,6a101cae21b1532d,True,1.0,0.0,0.0,1.0,1.0,1.0,0.0,0
5123,6a13232f3c97575a,True,1.0,1.0,0.8224086180115315,1.0,1.0,1.0,0.9260035908381381,0
5124,6a2adb1da8dd53f3,True,1.0,1.0,0.9053763550784679,1.0,1.0,1.0,0.960573481282695,0
5125,6a3518e83ad751f6,True,0.0,1.0,0.0,0.0,1.0,1.0,0.0,0
5126,6a383816e5c1568b,True,1.0,1.0,0.8441765448174068,1.0,1.0,1.0,0.9350735603405861,0
5127,6a4e62fc55535e82,True,1.0,1.0,0.8433230313872099,1.0,1.0,1.0,0.9347179297446707,0
5128,6a5a73243cbe5f1d,True,1.0,1.0,0.9038550350139267,1.0,1.0,1.0,0.9599395979224695,0
5129,6a5b0bbd55395628,True,1.0,1.0,0.8228730890788654,1.0,1.0,1.0,0.9261971204495273,0
5130,6a5c90faa1cc5f03,True,1.0,1.0,0.8287344060823543,1.0,1.0,1.0,0.9286393358676476,0
5131,6a5d6dff67a45a95,True,1.0,1.0,0.9223740087132998,1.0,1.0,1.0,0.9676558369638748,0
5132,6a5ed1c72b9a5d47,True,1.0,1.0,0.6415881966954412,1.0,1.0,1.0,0.8506617486231005,0
5133,6a6362156db75390,True,1.0,1.0,0.8685802227669599,1.0,1.0,1.0,0.9452417594862332,0
5134,6a66294fe97f54db,True,1.0,1.0,0.9116920634619866,1.0,1.0,1.0,0.9632050264424944,0
5135,6a8087fb9f3e5751,True,1.0,1.0,0.8654694033509645,1.0,1.0,1.0,0.9439455847295685,0
5136,6a833f3690205bac,True,1.0,1.0,0.7877106280726932,1.0,1.0,1.0,0.9115460950302888,0
5137,6a8571daa3445923,True,1.0,1.0,1.0,0.0,1.0,1.0,0.5833333333333334,0
5138,6a85f61bdde35d74,True,1.0,1.0,0.8772760844860377,1.0,1.0,1.0,0.9488650352025157,0
5139,6a87e3be62aa5b5b,True,1.0,1.0,1.0,1.0,1.0,1.0,1.0,0
5140,6a8a6b3a7d5f55cd,True,1.0,1.0,1.0,0.0,1.0,1.0,0.5833333333333334,0
5141,6a934e9ad62352ee,True,1.0,1.0,0.7849039495926263,1.0,1.0,1.0,0.9103766456635943,0
5142,6a947d290fe257ce,True,1.0,1.0,0.9552124221952485,1.0,1.0,1.0,0.9813385092480202,0
5143,6a9642ab1a745aac,True,1.0,1.0,0.42069920090804064,1.0,1.0,1.0,0.7586246670450169,0
5144,6a9d9f877efb51e3,True,1.0,1.0,0.7791721769810829,1.0,1.0,1.0,0.9079884070754511,0
5145,6aa26df6c6d052cb,True,1.0,1.0,0.6432177065022725,1.0,1.0,1.0,0.8513407110426136,0
5146,6aa2d225dc0d5b6e,True,1.0,1.0,1.0,1.0,1.0,1.0,1.0,0
5147,6aaf052582e35b0c,True,1.0,1.0,1.0,1.0,1.0,1.0,1.0,0
5148,6abe0ed266f258d9,True,1.0,1.0,1.0,1.0,1.0,1.0,1.0,0
5149,6ac3f5626d2b555b,True,1.0,1.0,1.0,1.0,1.0,1.0,1.0,0
5150,6ac603d43fbb57ef,True,1.0,1.0,0.9417118421840486,1.0,1.0,1.0,0.9757132675766869,0
5151,6ad6e6d54e845206,True,1.0,1.0,1.0,1.0,1.0,1.0,1.0,0
5152,6adef8f2b0795473,True,1.0,1.0,1.0,0.0,1.0,1.0,0.5833333333333334,0
5153,6ae2bcc5c2c050e4,True,0.0,1.0,0.0,0.0,1.0,1.0,0.0,0
5154,6ae88d39556d57ec,True,1.0,1.0,1.0,1.0,1.0,1.0,1.0,0
5155,6af09cbf5d405f49,True,1.0,1.0,0.6078576416881362,1.0,1.0,0.5,0.8366073507033901,0
5156,6af296d59322504d,True,1.0,1.0,1.0,1.0,1.0,1.0,1.0,0
5157,6af6e8242e045406,True,1.0,0.0,0.0,1.0,1.0,1.0,0.0,0
5158,6afbce15383553d7,True,1.0,1.0,1.0,1.0,1.0,1.0,1.0,0
5159,6b0a15391789599e,True,1.0,1.0,1.0,1.0,1.0,1.0,1.0,0
5160,6b0d21782a3b5a22,True,1.0,1.0,0.6336968190497969,1.0,1.0,1.0,0.8473736746040821,0
5161,6b0ff02cbbf25aa3,True,1.0,0.0,0.0,1.0,1.0,1.0,0.0,0
5162,6b183b48b7175f38,True,1.0,1.0,0.8673475622400115,1.0,1.0,1.0,0.9447281509333382,0
5163,6b19d4325f075ad0,True,1.0,0.0,0.0,1.0,1.0,1.0,0.0,0
5164,6b258d7ddf7d53f3,True,1.0,1.0,1.0,1.0,1.0,1.0,1.0,0
5165,6b2cda5004dc5df9,True,1.0,1.0,1.0,1.0,1.0,1.0,1.0,0
5166,6b363ffce294521f,True,1.0,1.0,0.9032988436463413,1.0,1.0,1.0,0.9597078515193088,0
5167,6b3d5914f92b54d9,True,1.0,1.0,0.6754461310238695,1.0,1.0,1.0,0.8647692212599457,0
5168,6b4ae810d2195d79,True,1.0,1.0,1.0,1.0,1.0,1.0,1.0,0
5169,6b4cf0c1208155f5,True,1.0,1.0,0.9025469158761625,1.0,1.0,1.0,0.9593945482817343,0
5170,6b50fb6bf8265936,True,1.0,1.0,0.8580355737666793,1.0,1.0,1.0,0.9408481557361164,0
5171,6b521512edb15e2f,True,1.0,1.0,1.0,1.0,1.0,1.0,1.0,0
5172,6b52f2b62f215cb4,True,1.0,1.0,0.9289058614872202,1.0,1.0,1.0,0.9703774422863418,0
5173,6b580c6ff00b511f,True,1.0,1.0,0.8125295469854393,1.0,1.0,1.0,0.9218873112439331,0
5174,6b5a3fa1663e5a8d,True,1.0,1.0,1.0,1.0,1.0,1.0,1.0,0
5175,6b5b038496cb56ba,True,1.0,1.0,1.0,1.0,1.0,1.0,1.0,0
5176,6b61ec04ecb25221,True,1.0,1.0,0.8338841961074461,1.0,1.0,1.0,0.9307850817114359,0
5177,6b678e4f19c05dea,True,1.0,1.0,1.0,1.0,1.0,1.0,1.0,0
5178,6b68c09f87b85dc8,True,1.0,1.0,1.0,1.0,1.0,1.0,1.0,0
5179,6b6afd7690245e14,True,1.0,1.0,0.7945962524346596,1.0,1.0,1.0,0.9144151051811082,0
5180,6b72426a8dd155bb,True,1.0,1.0,0.8456948201021881,1.0,1.0,1.0,0.9357061750425784,0
5181,6b7c5199f84e5aac,True,1.0,1.0,0.946685268543389,1.0,1.0,1.0,0.9777855285597455,0
5182,6b7e5348100b5572,True,1.0,1.0,0.9707125842356004,1.0,1.0,1.0,0.9877969100981668,0
5183,6b8554204c935ab0,True,1.0,1.0,1.0,1.0,1.0,1.0,1.0,0
5184,6b8774b008675f8d,True,1.0,1.0,0.7465160284397981,1.0,1.0,1.0,0.8943816785165826,0
5185,6b895016e28d513c,True,1.0,1.0,1.0,1.0,1.0,1.0,1.0,0
5186,6b8b72c830b85a62,True,1.0,1.0,0.7357536950139074,1.0,1.0,1.0,0.8898973729224614,0
5187,6b8daf3b57175e70,True,1.0,1.0,1.0,1.0,1.0,1.0,1.0,0
5188,6b96870196f95d29,True,1.0,1.0,0.8788498901188946,1.0,1.0,1.0,0.9495207875495394,0
5189,6b97412307ad5c16,True,0.0,1.0,0.0,0.0,1.0,1.0,0.0,0
5190,6b977574e52a5f1b,True,1.0,1.0,1.0,1.0,1.0,1.0,1.0,0
5191,6b9c0c971f9d5b9a,True,1.0,1.0,0.8802782915033988,1.0,1.0,1.0,0.9501159547930828,0
5192,6b9ddb691b38551a,True,1.0,1.0,0.7230165308893314,1.0,1.0,1.0,0.884590221203888,0
5193,6ba5ed2f323f53e2,True,1.0,1.0,1.0,1.0,1.0,1.0,1.0,0
5194,6bacccc5dd3652c3,True,1.0,1.0,0.7746885570203836,1.0,1.0,1.0,0.9061202320918266,0
5195,6bb2c2106e435a57,True,1.0,1.0,0.815023687567478,1.0,1.0,1.0,0.9229265364864491,0
5196,6bb854e8312e5c30,True,1.0,1.0,0.9996254299651132,1.0,1.0,1.0,0.9998439291521305,0
5197,6bc26fb97d7f5d48,True,1.0,1.0,0.6998793770937229,1.0,1.0,1.0,0.8749497404557179,0
5198,6bc3bf1ef6a85616,True,1.0,1.0,1.0,1.0,1.0,1.0,1.0,0
5199,6bcfc8d05b4c5d96,True,1.0,1.0,1.0,1.0,1.0,1.0,1.0,0
5200,6bd234c45e885cb2,True,1.0,0.0,0.0,1.0,1.0,1.0,0.0,0
5201,6bd5888420e851a1,True,1.0,1.0,1.0,1.0,1.0,1.0,1.0,0
5202,6bd6995e2a275d91,True,1.0,1.0,0.7453569472840583,1.0,1.0,1.0,0.8938987280350243,0
5203,6bd962139e2658da,True,1.0,1.0,1.0,1.0,1.0,1.0,1.0,0
5204,6be41ab63cf05b6e,True,1.0,1.0,0.9392390608545842,1.0,1.0,1.0,0.9746829420227434,0
5205,6bea22b0ee0e5929,True,1.0,1.0,1.0,1.0,1.0,1.0,1.0,0
5206,6bf0e7ba6477572b,True,1.0,1.0,1.0,1.0,1.0,1.0,1.0,0
5207,6bf9b9cf5ae25aba,True,1.0,1.0,0.7507837247015144,1.0,1.0,1.0,0.8961598852922977,0
5208,6c00b2782d3b5f6e,True,1.0,1.0,0.7447357744552601,1.0,1.0,1.0,0.893639906023025,0
5209,6c08755130155f96,True,1.0,1.0,1.0,1.0,1.0,1.0,1.0,0
5210,6c130d90781359d4,True,1.0,1.0,0.9330754757390392,1.0,1.0,1.0,0.972114781557933,0
5211,6c1a4bb1d99b52a3,True,1.0,1.0,0.8607304908002984,1.0,1.0,1.0,0.9419710378334577,0
5212,6c28c001109f5718,True,1.0,1.0,0.7763828784618496,1.0,1.0,1.0,0.906826199359104,0
5213,6c321000d6c0527a,True,1.0,1.0,1.0,1.0,1.0,1.0,1.0,0
5214,6c3a055d6ac15aa9,True,1.0,1.0,0.895411914187567,1.0,1.0,1.0,0.9564216309114864,0
5215,6c3bb8f40a9a533c,True,1.0,1.0,1.0,0.0,1.0,1.0,0.5833333333333334,0
5216,6c4bebeaa24a53ce,True,1.0,1.0,0.7209397452821485,1.0,1.0,1.0,0.8837248938675618,0
5217,6c578cebcf47592b,True,1.0,1.0,0.8534187436793449,1.0,1.0,1.0,0.9389244765330603,0
5218,6c5d84e81aca5755,True,1.0,1.0,0.7443425491305562,1.0,1.0,1.0,0.8934760621377317,0
5219,6c62867b6d7a51fa,True,1.0,1.0,0.9867897957463254,1.0,1.0,1.0,0.9944957482276356,0
5220,6c62956221e4511e,True,1.0,1.0,0.8783645616580609,1.0,1.0,1.0,0.9493185673575253,0
5221,6c64511810415244,True,1.0,1.0,1.0,1.0,1.0,1.0,1.0,0
5222,6c6a6b002f715d03,True,1.0,1.0,0.8229166629068739,1.0,1.0,1.0,0.9262152762111975,0
5223,6c7142e6f9435ab6,True,1.0,1.0,1.0,1.0,1.0,1.0,1.0,0
5224,6c737af6c9a752dc,True,1.0,1.0,0.8895464492264108,1.0,1.0,1.0,0.9539776871776712,0
5225,6c76134176255a21,True,1.0,1.0,1.0,1.0,1.0,1.0,1.0,0
5226,6c81fef5b490580a,True,1.0,1.0,0.8738730267039776,1.0,1.0,0.0,0.9474470944599908,0
5227,6c8305cdaa0653ca,True,1.0,1.0,1.0,1.0,1.0,1.0,1.0,0
5228,6c84787939055fe8,True,1.0,0.0,0.0,1.0,1.0,1.0,0.0,0
5229,6c84b52f0d155cac,True,1.0,1.0,0.9684028583857688,1.0,1.0,1.0,0.9868345243274037,0
5230,6c8a49ddb7435fbf,True,1.0,1.0,1.0,1.0,1.0,0.0,1.0,0
5231,6c8af7c93b5751c4,True,1.0,1.0,0.9715380286515096,1.0,1.0,1.0,0.9881408452714623,0
5232,6c8d2b130c4d5288,True,1.0,1.0,0.8590390863626699,1.0,1.0,1.0,0.9412662859844457,0
5233,6c903f55bc7650e1,True,1.0,1.0,0.974676473888046,1.0,1.0,1.0,0.9894485307866857,0
5234,6c9959c7421b59a0,True,1.0,1.0,1.0,1.0,1.0,1.0,1.0,0
5235,6c996448c2e45ca1,True,1.0,1.0,0.7886768190493026,1.0,1.0,1.0,0.9119486746038761,0
5236,6c9e40634f705f56,True,1.0,1.0,0.7672514295528855,1.0,1.0,1.0,0.903021428980369,0
5237,6cad8c31d4725496,True,1.0,1.0,0.9674289720034307,1.0,1.0,1.0,0.9864287383347629,0
5238,6cb33358dfbc5a84,True,1.0,1.0,0.8769497685937985,1.0,1.0,1.0,0.948729070247416,0
5239,6cbc045e25c2506d,True,1.0,1.0,1.0,1.0,1.0,1.0,1.0,0
5240,6cc0563c1a0d5c3a,True,1.0,1.0,0.924216836085192,0.0,1.0,0.0,0.5517570150354967,0
5241,6cc1bbadf8f25f7c,True,1.0,1.0,0.9278877606346576,1.0,1.0,1.0,0.969953233597774,0
5242,6ccc026f6fc55bb0,True,1.0,1.0,1.0,1.0,1.0,1.0,1.0,0
5243,6cd0498ce2d857f3,True,1.0,1.0,1.0,1.0,1.0,1.0,1.0,0
5244,6cd23fffac65568b,True,1.0,1.0,0.8296009593841321,1.0,1.0,1.0,0.9290003997433883,0
5245,6cd6a10cb3595110,True,1.0,1.0,0.6404559517008219,1.0,1.0,1.0,0.8501899798753425,0
5246,6cd97f45067e5bea,True,1.0,1.0,0.9494518680030367,1.0,1.0,1.0,0.9789382783345987,0
5247,6cdf58d03f8e5493,True,1.0,1.0,0.6755956004546162,1.0,1.0,1.0,0.8648315001894235,0
5248,6ce0bfddedef5981,True,1.0,1.0,1.0,0.0,1.0,1.0,0.5833333333333334,0
5249,6ce3e4a1792651a8,True,1.0,1.0,0.7386030725559851,1.0,1.0,1.0,0.8910846135649938,0
5250,6ce7347fb53b5d83,True,1.0,1.0,0.9026826938164376,0.0,1.0,1.0,0.542784455756849,0
5251,6cec94a1d70c5cf4,True,1.0,1.0,0.8449398876391274,1.0,1.0,1.0,0.9353916198496365,0
5252,6cf6aa937d7c5c71,True,1.0,1.0,0.7113229258059087,1.0,1.0,1.0,0.8797178857524619,0
5253,6cfeeb3aab5b5681,True,1.0,1.0,1.0,1.0,1.0,1.0,1.0,0
5254,6d024ab27b8e517b,True,1.0,1.0,0.8854581745541434,1.0,1.0,1.0,0.9522742393975597,0
5255,6d088615a8c05649,True,1.0,1.0,0.7114298769017962,1.0,1.0,1.0,0.8797624487090818,0
5256,6d08dce7cfaa5035,True,1.0,1.0,1.0,1.0,1.0,1.0,1.0,0
5257,6d0a7f0bb4e7584b,True,1.0,1.0,0.8665060036925313,1.0,1.0,1.0,0.9443775015385546,0
5258,6d2178f2992f5d22,True,1.0,1.0,1.0,1.0,1.0,0.5,1.0,0
5259,6d26431aced45f83,True,1.0,1.0,0.8557344068362002,1.0,1.0,1.0,0.93988933618175,0
5260,6d2b59f78d995d9c,True,1.0,1.0,1.0,1.0,1.0,1.0,1.0,0
5261,6d3bb2ecca3e54b4,True,1.0,1.0,1.0,1.0,1.0,1.0,1.0,0
5262,6d3db8abd9ad52eb,True,1.0,1.0,1.0,1.0,1.0,1.0,1.0,0
5263,6d3f9d5ca5e05aa2,True,1.0,1.0,0.7816724068794176,1.0,1.0,1.0,0.9090301695330907,0
5264,6d4a26f442705f49,True,1.0,1.0,1.0,1.0,1.0,1.0,1.0,0
5265,6d4f69f0aabc5c4e,True,1.0,1.0,0.7209344238726878,1.0,1.0,1.0,0.8837226766136199,0
5266,6d540c863075575c,True,1.0,1.0,0.996732040434584,1.0,1.0,1.0,0.9986383501810767,0
5267,6d585a6698f55c8b,True,1.0,1.0,0.8202353701719431,1.0,1.0,1.0,0.9250980709049763,0
5268,6d593ca981fd56b8,True,1.0,1.0,0.823110279149409,1.0,1.0,1.0,0.926295949645587,0
5269,6d5f5983c8eb5615,True,1.0,1.0,0.9521327697884191,1.0,1.0,0.0,0.9800553207451745,0
5270,6d605a6595d75fa9,True,1.0,1.0,1.0,1.0,1.0,1.0,1.0,0
5271,6d66b095f93750f7,True,1.0,1.0,0.9790666919414992,1.0,1.0,1.0,0.991277788308958,0
5272,6d72ae3e84185e81,True,1.0,1.0,1.0,1.0,1.0,1.0,1.0,0
5273,6d72d039fb9a551b,True,1.0,1.0,0.8497943253528,1.0,1.0,0.5,0.9374143022303333,0
5274,6d7754fdda3a50a6,True,1.0,1.0,0.7742365426072966,1.0,1.0,1.0,0.9059318927530402,0
5275,6d7ca07eac51558e,True,1.0,1.0,1.0,1.0,1.0,1.0,1.0,0
5276,6d7d043389ac52c5,True,1.0,1.0,0.8371814719298337,1.0,1.0,1.0,0.9321589466374306,0
5277,6d83f0adc26e5ee5,True,1.0,1.0,0.6212884406097734,1.0,1.0,1.0,0.842203516920739,0
5278,6d846dadde695838,True,1.0,1.0,0.7771898504977861,1.0,1.0,1.0,0.9071624377074109,0
5279,6d8767e46d975896,True,1.0,1.0,1.0,1.0,1.0,1.0,1.0,0
5280,6d9063dd44bc55cc,True,1.0,1.0,0.7868575241508501,1.0,1.0,1.0,0.9111906350628542,0
5281,6d92cfa21e805f31,True,1.0,1.0,0.8642397101206996,1.0,1.0,1.0,0.9434332125502914,0
5282,6d93bbdab42255a9,True,1.0,1.0,1.0,1.0,1.0,1.0,1.0,0
5283,6d9b7998b38a52a3,True,1.0,1.0,0.778622731114633,1.0,1.0,1.0,0.9077594712977638,0
5284,6d9c2a30a6435937,True,1.0,1.0,0.9181602372933393,1.0,1.0,1.0,0.9659000988722246,0
5285,6da3bcc544be52d3,True,1.0,1.0,0.815257790929364,1.0,1.0,1.0,0.9230240795539016,0
5286,6dc36068505c5de2,True,1.0,1.0,1.0,1.0,1.0,1.0,1.0,0
5287,6dca7faa6d145d77,True,1.0,1.0,0.9233523734722189,1.0,1.0,1.0,0.968063488946758,0
5288,6dcb6aa97a07588b,True,1.0,1.0,0.9039484977315315,1.0,1.0,1.0,0.9599785407214715,0
5289,6dcd43697e01597d,True,1.0,1.0,1.0,1.0,1.0,1.0,1.0,0
5290,6dd2d5f52cc55546,True,1.0,1.0,0.9714698307444325,1.0,1.0,1.0,0.9881124294768467,0
5291,6dd8c9210247547d,True,1.0,1.0,0.8097962485446585,1.0,1.0,1.0,0.9207484368936077,0
5292,6ddd79643130526d,True,1.0,1.0,1.0,1.0,1.0,1.0,1.0,0
5293,6de13c6c9af05cac,True,1.0,1.0,0.7620593043467211,1.0,1.0,1.0,0.9008580434778004,0
5294,6de81a38cd7655dd,True,1.0,1.0,1.0,1.0,1.0,1.0,1.0,0
5295,6de8e1962fc4559a,True,1.0,1.0,0.917489325693115,1.0,1.0,1.0,0.9656205523721312,0
5296,6debfcfccc75589c,True,1.0,1.0,0.8040878846694599,1.0,1.0,1.0,0.9183699519456083,0
5297,6df712116b7353cc,True,1.0,1.0,0.9602708809021286,1.0,1.0,1.0,0.9834462003758869,0
5298,6df89719fce05527,True,1.0,1.0,0.9074504459469113,1.0,1.0,1.0,0.9614376858112129,0
5299,6dfba05513f05909,True,1.0,1.0,0.5415734635763695,1.0,1.0,1.0,0.8089889431568206,0
5300,6dfed7a32cf45d59,True,1.0,1.0,0.928891926325954,1.0,1.0,1.0,0.9703716359691476,0
5301,6e0a467af0205f04,True,1.0,1.0,0.9401601314527008,1.0,1.0,1.0,0.9750667214386253,0
5302,6e0bd197608f5bc5,True,1.0,1.0,1.0,1.0,1.0,1.0,1.0,0
5303,6e0bfaa448c5587d,True,1.0,1.0,0.8263813168073124,1.0,1.0,1.0,0.9276588820030468,0
5304,6e10835f184d5921,True,1.0,1.0,0.8021515981355057,1.0,1.0,1.0,0.9175631658897941,0
5305,6e163d828a555eee,True,1.0,1.0,1.0,1.0,1.0,1.0,1.0,0
5306,6e190fde9f8958f1,True,1.0,1.0,0.9664418109085392,1.0,1.0,1.0,0.9860174212118914,0
5307,6e344e75ca4e543e,True,1.0,1.0,0.6033624060438442,1.0,1.0,1.0,0.8347343358516017,0
5308,6e395976280452e1,True,1.0,1.0,0.965009795876521,1.0,1.0,1.0,0.9854207482818836,0
5309,6e3c7a34388e5ae3,True,1.0,1.0,1.0,1.0,1.0,1.0,1.0,0
5310,6e3cf172a2755fae,True,0.0,1.0,0.0,0.0,1.0,1.0,0.0,0
5311,6e49c17c51db5a5c,True,1.0,1.0,0.9395115148197976,1.0,1.0,1.0,0.9747964645082489,0
5312,6e49f2f1c4e456f1,True,1.0,1.0,0.8535242273339985,1.0,1.0,1.0,0.9389684280558327,0
5313,6e575fd36c4d5de3,True,1.0,1.0,0.9455823373073288,1.0,1.0,1.0,0.9773259738780536,0
5314,6e59104beb995339,True,1.0,1.0,0.9510016009655118,1.0,1.0,1.0,0.9795840004022965,0
5315,6e5a14ce293c5ae8,True,1.0,1.0,1.0,1.0,1.0,1.0,1.0,0
5316,6e5ae240ac8a5862,True,1.0,1.0,1.0,1.0,1.0,1.0,1.0,0
5317,6e67504ab65f5314,True,1.0,1.0,0.768595025174063,1.0,1.0,1.0,0.9035812604891929,0
5318,6e6c19ea921f550d,True,1.0,1.0,0.889863049967694,1.0,1.0,1.0,0.9541096041532059,0
5319,6e6d55e69a6a5d18,True,1.0,1.0,0.8582469638484171,1.0,1.0,1.0,0.9409362349368404,0
5320,6e7339e7dc70532a,True,1.0,1.0,1.0,1.0,1.0,1.0,1.0,0
5321,6e738e56c7f854d0,True,1.0,1.0,0.9570025606430006,1.0,1.0,1.0,0.982084400267917,0
5322,6e738f032ad75169,True,1.0,1.0,0.8946869726334276,1.0,1.0,1.0,0.9561195719305949,0
5323,6e778c30490d5f50,True,1.0,1.0,0.7049133886748568,1.0,1.0,1.0,0.8770472452811903,0
5324,6e79ddf19ead53f1,True,1.0,1.0,1.0,1.0,1.0,1.0,1.0,0
5325,6e813b55dcb35df7,True,1.0,1.0,1.0,1.0,1.0,1.0,1.0,0
5326,6e821a856fe45177,True,1.0,1.0,1.0,1.0,1.0,1.0,1.0,0
5327,6e8b9e53215c58a3,True,1.0,1.0,0.8519336669565379,1.0,1.0,1.0,0.9383056945652242,0
5328,6e9027bc59c857a9,True,1.0,1.0,0.7669520082506361,1.0,1.0,1.0,0.9028966701044316,0
5329,6e944f00e04c5f1c,True,1.0,1.0,0.8103282443493006,1.0,1.0,1.0,0.9209701018122086,0
5330,6e983b745cb9535b,True,0.0,1.0,0.0,0.0,1.0,1.0,0.0,0
5331,6ea198f259b85e49,True,1.0,1.0,1.0,1.0,1.0,1.0,1.0,0
5332,6ea317e632e850f5,True,1.0,1.0,1.0,1.0,1.0,1.0,1.0,0
5333,6eac1c0e2bbd57bb,True,1.0,1.0,0.9489660115442402,1.0,1.0,0.5,0.9787358381434333,0
5334,6eac35cd4c6e53b0,True,1.0,1.0,1.0,1.0,1.0,1.0,1.0,0
5335,6ebf87c3da335680,True,1.0,1.0,1.0,1.0,1.0,1.0,1.0,0
5336,6ec2148215205936,True,1.0,1.0,0.6728334478435164,1.0,1.0,1.0,0.8636806032681319,0
5337,6ec94adda61e5483,True,1.0,1.0,1.0,1.0,1.0,1.0,1.0,0
5338,6ecc4586af155c50,True,1.0,1.0,1.0,1.0,1.0,1.0,1.0,0
5339,6ed01f269a835519,True,1.0,1.0,0.7931403580317349,1.0,1.0,1.0,0.913808482513223,0
5340,6ed328b05b54553e,True,1.0,1.0,0.9977808640040757,1.0,1.0,1.0,0.9990753600016982,0
5341,6edc8f2bcb3054be,True,1.0,1.0,0.8613614999577095,1.0,1.0,1.0,0.9422339583157123,0
5342,6ef9b5c13bb952cd,True,1.0,1.0,0.9293997826393713,1.0,1.0,1.0,0.9705832427664047,0
5343,6efb5186a9e55a68,True,1.0,1.0,1.0,1.0,1.0,1.0,1.0,0
5344,6efbee464bcd5780,True,1.0,1.0,0.8859379702592465,1.0,1.0,1.0,0.952474154274686,0
5345,6f045b164624549f,True,1.0,1.0,1.0,1.0,1.0,1.0,1.0,0
5346,6f0538a6ba9c5b7f,True,1.0,1.0,1.0,1.0,1.0,1.0,1.0,0
5347,6f07313e88ab56fd,True,1.0,1.0,0.9679717123520737,1.0,1.0,1.0,0.9866548801466974,0
5348,6f0e15842e1b5924,True,1.0,1.0,0.8528902893905254,1.0,1.0,1.0,0.9387042872460523,0
5349,6f11adda2af357ff,True,1.0,1.0,0.975309653472208,1.0,1.0,0.5,0.98971235561342,0
5350,6f1be4d182475bc8,True,1.0,1.0,1.0,1.0,1.0,1.0,1.0,0
5351,6f2459c4df665173,True,1.0,1.0,0.9652022192395008,1.0,1.0,1.0,0.9855009246831253,0
5352,6f2baa8c8c8e5942,True,1.0,1.0,1.0,1.0,1.0,1.0,1.0,0
5353,6f2e14d0955e5e5a,True,1.0,1.0,1.0,1.0,1.0,1.0,1.0,0
5354,6f2f0885518356ef,True,1.0,1.0,0.8415226263756671,1.0,1.0,1.0,0.9339677609898613,0
5355,6f31e863bab65c62,True,1.0,1.0,0.8596198539677448,1.0,1.0,1.0,0.9415082724865602,0
5356,6f385b24c5a651bf,True,1.0,1.0,0.8569665714754335,1.0,1.0,1.0,0.940402738114764,0
5357,6f393be3019c508a,True,1.0,1.0,0.7921440401355703,1.0,1.0,1.0,0.9133933500564876,0
5358,6f44533cf2965b47,True,1.0,1.0,1.0,1.0,1.0,1.0,1.0,0
5359,6f4f660648e15c84,True,1.0,1.0,1.0,1.0,1.0,1.0,1.0,0
5360,6f525eba8afc547c,True,1.0,1.0,0.9610574156114461,1.0,1.0,1.0,0.9837739231714359,0
5361,6f5b0bae72eb5307,True,1.0,1.0,0.75499696077783,1.0,1.0,1.0,0.8979154003240959,0
5362,6f61120208385a02,True,1.0,1.0,0.9059231946672782,1.0,1.0,1.0,0.9608013311113659,0
5363,6f6d4e85ebdb5013,True,1.0,1.0,1.0,1.0,1.0,1.0,1.0,0
5364,6f7355de329659f2,True,1.0,1.0,0.8775045417978639,1.0,1.0,1.0,0.94896022574911,0
5365,6f790c3c333058b2,True,1.0,1.0,0.762383662255865,1.0,1.0,1.0,0.9009931926066104,0
5366,6f7a20c618a9573e,True,1.0,1.0,0.8527528635144219,1.0,1.0,1.0,0.9386470264643424,0
5367,6f7c844cb6c0587a,True,1.0,1.0,0.7670753905003934,1.0,1.0,1.0,0.902948079375164,0
5368,6f8043e8b0a95706,True,1.0,1.0,1.0,1.0,1.0,1.0,1.0,0
5369,6f81927cafa65005,True,1.0,1.0,1.0,1.0,1.0,1.0,1.0,0
5370,6f8a5e89c0325aa8,True,1.0,1.0,0.8983930216532483,1.0,1.0,1.0,0.9576637590221869,0
5371,6f8c03f8038757cc,True,1.0,1.0,1.0,1.0,1.0,1.0,1.0,0
5372,6fa01275a4525b26,True,1.0,0.0,0.0,1.0,1.0,1.0,0.0,0
5373,6fa0a76b37b558bd,True,1.0,1.0,0.8792263104329151,1.0,1.0,1.0,0.949677629347048,0
5374,6fb754e903985d44,True,1.0,1.0,1.0,1.0,1.0,1.0,1.0,0
5375,6fb8d5597c8c5881,True,1.0,1.0,0.9547151200327865,1.0,1.0,1.0,0.981131300013661,0
5376,6fbdacdf660253b6,True,1.0,1.0,0.8461709132774357,1.0,1.0,1.0,0.9359045471989315,0
5377,6fbe0e06902e5304,True,1.0,1.0,0.9650047545950874,1.0,1.0,1.0,0.9854186477479532,0
5378,6fc2a1e0a7915147,True,1.0,1.0,0.7146612312197828,1.0,1.0,1.0,0.8811088463415762,0
5379,6fc4fc2702305dfa,True,1.0,1.0,1.0,1.0,1.0,1.0,1.0,0
5380,6fcec1c4552351ed,True,1.0,1.0,0.7412494942795023,1.0,1.0,1.0,0.8921872892831259,0
5381,6fd56fa51891517e,True,0.0,1.0,0.0,0.0,1.0,1.0,0.0,0
5382,6fdde744b66451da,True,1.0,1.0,0.9525808582378007,1.0,1.0,1.0,0.9802420242657502,0
5383,6fdea0636809523e,True,1.0,1.0,1.0,1.0,1.0,1.0,1.0,0
5384,6fe17a5e4d755f59,True,1.0,1.0,1.0,1.0,1.0,1.0,1.0,0
5385,6fe1f4f8dbcd57b5,True,1.0,1.0,0.8047781355077976,1.0,1.0,1.0,0.9186575564615823,0
5386,6fe374eabe7b5dea,True,1.0,1.0,0.9745521991193702,1.0,1.0,1.0,0.9893967496330709,0
5387,6fed9368351f54d5,True,1.0,1.0,1.0,1.0,1.0,1.0,1.0,0
5388,6fee6df4d64b5d9d,True,1.0,1.0,0.9023494018142844,1.0,1.0,1.0,0.9593122507559517,0
5389,6ff86f7f95cb502a,True,1.0,1.0,1.0,1.0,1.0,1.0,1.0,0
5390,6ffc117437175255,True,1.0,1.0,0.8729692001590886,1.0,1.0,1.0,0.9470705000662868,0
5391,700237dffc2d5be7,True,1.0,0.0,0.0,1.0,1.0,1.0,0.0,0
5392,700cac410af95cc4,True,1.0,1.0,1.0,1.0,1.0,1.0,1.0,0
5393,7015bc44f34252f4,True,1.0,1.0,1.0,1.0,1.0,1.0,1.0,0
5394,701c95bcdaa65c14,True,1.0,1.0,0.8253436635834984,1.0,1.0,1.0,0.9272265264931243,0
5395,701eca801b6f5ba9,True,1.0,1.0,1.0,1.0,1.0,1.0,1.0,0
5396,701f0be254de56dc,True,1.0,1.0,0.7459027253207429,1.0,1.0,1.0,0.8941261355503096,0
5397,7021139b47cf5370,True,1.0,1.0,0.8857004038953937,1.0,1.0,1.0,0.9523751682897474,0
5398,7022b42a3743507a,True,1.0,1.0,1.0,0.0,1.0,1.0,0.5833333333333334,0
5399,702320a088cf5d53,True,1.0,1.0,0.7215556335052322,1.0,1.0,1.0,0.8839815139605135,0
5400,702351f9d23159ad,True,1.0,1.0,0.9168652163058774,1.0,1.0,1.0,0.9653605067941156,0
5401,70297f5b95955dce,True,1.0,1.0,0.8644139280379901,1.0,1.0,1.0,0.9435058033491627,0
5402,702b40dba11550ae,True,1.0,1.0,1.0,1.0,1.0,1.0,1.0,0
5403,702cb8df08c15df6,True,1.0,1.0,0.8374963986560106,1.0,1.0,1.0,0.932290166106671,0
5404,70322003ab525a2e,True,1.0,0.0,0.0,1.0,1.0,1.0,0.0,0
5405,703aa650ece25a02,True,1.0,1.0,0.9829516302909282,1.0,1.0,1.0,0.9928965126212201,0
5406,70428e7a613e55cc,True,1.0,1.0,1.0,1.0,1.0,1.0,1.0,0
5407,704527beccac5701,True,1.0,1.0,0.6091106012011157,1.0,1.0,1.0,0.8371294171671315,0
5408,7048a63246a75ea4,True,1.0,1.0,0.87553807251366,1.0,1.0,1.0,0.9481408635473584,0
5409,704fafc3d8fd5258,True,1.0,1.0,1.0,1.0,1.0,1.0,1.0,0
5410,7053e82f2f1c5364,True,1.0,1.0,0.9799160880570136,1.0,1.0,1.0,0.991631703357089,0
5411,70633315e71a5979,True,1.0,1.0,0.9596450962159923,1.0,1.0,1.0,0.9831854567566634,0
5412,70645140f08352ca,True,1.0,1.0,0.885890190432229,1.0,1.0,1.0,0.9524542460134288,0
5413,70679dba8428549e,True,0.0,1.0,0.0,0.0,1.0,1.0,0.0,0
5414,706a6c85e65858c8,True,1.0,1.0,0.8379213969552722,1.0,1.0,1.0,0.9324672487313634,0
5415,706cc8e44dbd557d,True,1.0,0.0,0.0,1.0,1.0,1.0,0.0,0
5416,7077e840fef95b8f,True,1.0,1.0,0.7815197552996,1.0,1.0,0.5,0.9089665647081667,0
5417,70847cda9b3d5b07,True,1.0,1.0,0.9701719641108513,1.0,1.0,1.0,0.9875716517128547,0
5418,7084e524e59c50ab,True,1.0,1.0,0.9036179777073625,1.0,1.0,1.0,0.9598408240447345,0
5419,708d081d555a5aa7,True,1.0,1.0,0.7604354088060554,1.0,1.0,1.0,0.9001814203358564,0
5420,709f0d99dfa0567e,True,1.0,1.0,0.8025327902565254,1.0,1.0,1.0,0.9177219959402189,0
5421,70a70a9054d75d9f,True,1.0,1.0,1.0,1.0,1.0,1.0,1.0,0
5422,70ac542a408b5b93,True,1.0,1.0,0.9915084934229736,1.0,1.0,1.0,0.9964618722595723,0
5423,70af821c5fe95428,True,1.0,1.0,0.9299911549436308,1.0,1.0,1.0,0.9708296478931796,0
5424,70b89bff643e5ef0,True,1.0,0.0,0.0,1.0,1.0,1.0,0.0,0
5425,70b8b9ad6d6f54f7,True,1.0,1.0,1.0,1.0,1.0,1.0,1.0,0
5426,70b8c89829d05f30,True,1.0,1.0,1.0,1.0,1.0,1.0,1.0,0
5427,70b9e5ded0b057d7,True,1.0,1.0,1.0,0.0,1.0,1.0,0.5833333333333334,0
5428,70bd598e1c305d92,True,1.0,1.0,1.0,1.0,1.0,1.0,1.0,0
5429,70becaf36f845b1d,True,1.0,1.0,1.0,1.0,1.0,1.0,1.0,0
5430,70bf5f0d100d580f,True,1.0,1.0,1.0,0.0,1.0,1.0,0.5833333333333334,0
5431,70ce3fce14785ae5,True,1.0,1.0,1.0,1.0,1.0,1.0,1.0,0
5432,70d3c6183c525745,True,1.0,1.0,1.0,1.0,1.0,1.0,1.0,0
5433,70d79606f745562e,True,1.0,1.0,1.0,1.0,1.0,1.0,1.0,0
5434,70d9d518ad0f5382,True,1.0,1.0,0.934423714146615,0.0,1.0,1.0,0.5560098808944228,0
5435,70da6b21101d555f,True,1.0,1.0,1.0,1.0,1.0,0.0,1.0,0
5436,70e50d9b18305fa4,True,1.0,1.0,0.8048346993145898,1.0,1.0,1.0,0.9186811247144124,0
5437,70e6b8db27e55b53,True,1.0,1.0,1.0,1.0,1.0,1.0,1.0,0
5438,70e6f01ee485510a,True,1.0,1.0,0.8070708907810091,1.0,1.0,1.0,0.9196128711587539,0
5439,70ee383e3b335c16,True,1.0,1.0,0.7873343857628556,1.0,1.0,1.0,0.9113893274011898,0
5440,70f3a3d098bf5381,True,1.0,1.0,1.0,1.0,1.0,1.0,1.0,0
5441,70f718ebc8b4505e,True,1.0,1.0,0.9505899953265013,1.0,1.0,1.0,0.9794124980527089,0
5442,70f72122f1605fa1,True,1.0,1.0,0.8071578225731365,1.0,1.0,1.0,0.9196490927388069,0
5443,71017c020a0b5a75,True,1.0,1.0,0.9152219513302302,1.0,1.0,1.0,0.9646758130542626,0
5444,71031bf46f1b5cb8,True,1.0,1.0,0.9978528962789927,1.0,1.0,1.0,0.9991053734495803,0
5445,71057ab084a75ce6,True,1.0,1.0,0.9760411269308156,1.0,1.0,1.0,0.9900171362211733,0
5446,7117e9fc77fd5606,True,1.0,1.0,0.6145680445697904,1.0,1.0,1.0,0.8394033519040794,0
5447,71217bf1294b5c4b,True,1.0,1.0,1.0,1.0,1.0,1.0,1.0,0
5448,71220ef085f459fc,True,1.0,1.0,0.9865967632465938,1.0,1.0,1.0,0.9944153180194141,0
5449,712427ff1635596c,True,1.0,1.0,1.0,0.0,1.0,1.0,0.5833333333333334,0
5450,71246cbb6de459d6,True,1.0,1.0,0.9058948530538211,1.0,1.0,1.0,0.9607895221057587,0
5451,712475eda7975c99,True,1.0,1.0,0.9988803354503352,1.0,1.0,1.0,0.9995334731043064,0
5452,712bbcdd69af5f26,True,1.0,1.0,0.8077035054364804,1.0,1.0,1.0,0.9198764605985336,0
5453,71357a4fc5c65199,True,1.0,1.0,0.9001057642924897,1.0,1.0,1.0,0.9583774017885375,0
5454,7135ce0e5eea5907,True,1.0,1.0,0.9516715813515321,1.0,1.0,1.0,0.9798631588964716,0
5455,713c5a168c2452dc,True,1.0,1.0,0.9155509908346084,1.0,1.0,1.0,0.9648129128477535,0
5456,7140077d03e25c2c,True,1.0,1.0,0.8124318984580952,1.0,1.0,1.0,0.9218466243575397,0
5457,71405d414236553c,True,1.0,1.0,0.5416019082253147,1.0,1.0,1.0,0.8090007950938811,0
5458,7145c064885a53c4,True,1.0,1.0,0.7463618489452507,1.0,1.0,1.0,0.8943174370605211,0
5459,714a2012b2a75d4f,True,1.0,1.0,0.9499494635553518,1.0,1.0,1.0,0.9791456098147299,0
5460,71531dafe28052ac,True,1.0,0.0,0.0,1.0,1.0,1.0,0.0,0
5461,7155820d49975164,True,1.0,1.0,0.9259732310173697,1.0,1.0,1.0,0.969155512923904,0
5462,715cff26bcee5d6a,True,1.0,1.0,0.8530397504591878,1.0,1.0,1.0,0.9387665626913283,0
5463,715d1ae75d215269,True,1.0,1.0,0.8911164322143738,1.0,1.0,1.0,0.954631846755989,0
5464,71629f355b5e5b19,True,1.0,1.0,1.0,1.0,1.0,1.0,1.0,0
5465,71674e79275f5abb,True,1.0,0.0,0.0,1.0,1.0,1.0,0.0,0
5466,71729b03a1e95896,True,1.0,0.0,0.0,1.0,1.0,1.0,0.0,0
5467,7178178922315ef7,True,1.0,1.0,1.0,1.0,1.0,1.0,1.0,0
5468,717d8be0b970524e,True,1.0,1.0,1.0,1.0,1.0,1.0,1.0,0
5469,7186e23637965344,True,1.0,1.0,0.7696324346898796,1.0,1.0,1.0,0.9040135144541166,0
5470,718c914ede2f5229,True,1.0,1.0,0.8440009561309565,1.0,1.0,1.0,0.9350003983878986,0
5471,718ebae5b23855f7,True,1.0,1.0,1.0,1.0,1.0,1.0,1.0,0
5472,719a6c965dd55d00,True,1.0,1.0,1.0,1.0,1.0,1.0,1.0,0
5473,719eb7fea14c5b94,True,1.0,1.0,0.8994004854955522,1.0,1.0,1.0,0.9580835356231466,0
5474,71a5ed00dbe85089,True,1.0,1.0,1.0,1.0,1.0,1.0,1.0,0
5475,71adcc94aa6856a6,True,1.0,1.0,0.9296611542896586,1.0,1.0,1.0,0.970692147620691,0
5476,71ae69a9499e559c,True,1.0,1.0,0.8125382755871386,1.0,1.0,1.0,0.9218909481613077,0
5477,71af26e14ba65545,True,1.0,1.0,1.0,1.0,1.0,0.5,1.0,0
5478,71bacc65bda2569c,True,1.0,1.0,0.7717506199820389,1.0,1.0,1.0,0.9048960916591828,0
5479,71c1fef0966d5df4,True,1.0,1.0,0.9646817823963403,1.0,1.0,1.0,0.9852840759984751,0
5480,71c32c511a445d13,True,1.0,1.0,0.6259614662014589,1.0,1.0,1.0,0.8441506109172745,0
5481,71c47324c7eb5657,True,1.0,1.0,0.8380473633574972,1.0,1.0,0.5,0.9325197347322906,0
5482,71dedbc865b25faf,True,1.0,1.0,0.8601559265876071,1.0,1.0,1.0,0.9417316360781696,0
5483,71e2924dcf525bc7,True,1.0,1.0,0.6307356809438199,1.0,1.0,1.0,0.846139867059925,0
5484,71e87d45fe895277,True,1.0,1.0,1.0,1.0,1.0,1.0,1.0,0
5485,71ed3e4fcadc5322,True,1.0,1.0,0.7276280827303774,1.0,1.0,1.0,0.8865117011376572,0
5486,71f883f1ec8f5e37,True,1.0,1.0,1.0,1.0,1.0,1.0,1.0,0
5487,71fefe3bc0f0591e,True,1.0,1.0,0.8035455829872683,1.0,1.0,1.0,0.9181439929113617,0
5488,72080a4a90a65d4b,True,1.0,1.0,0.7698266779857341,1.0,1.0,1.0,0.9040944491607226,0
5489,720963308f01575e,True,1.0,1.0,1.0,1.0,1.0,1.0,1.0,0
5490,720c4f312c0f529e,True,1.0,1.0,1.0,1.0,1.0,1.0,1.0,0
5491,7217a95078bf52f2,True,1.0,1.0,0.7036445707964443,1.0,1.0,1.0,0.8765185711651852,0
5492,72191253c85a5227,True,1.0,1.0,0.9705177736367726,1.0,1.0,1.0,0.987715739015322,0
5493,7229dee5d2685deb,True,1.0,1.0,0.737669020950477,1.0,1.0,1.0,0.8906954253960322,0
5494,722ad5b3698c52c6,True,1.0,1.0,1.0,1.0,1.0,1.0,1.0,0
5495,722ed88251d25420,True,1.0,1.0,1.0,1.0,1.0,1.0,1.0,0
5496,7231c4ecc0395010,True,1.0,1.0,0.9244904495974042,1.0,1.0,1.0,0.9685376873322517,0
5497,7238724f2bff58f0,True,1.0,1.0,1.0,1.0,1.0,1.0,1.0,0
5498,7240e214b6bc5b44,True,1.0,1.0,1.0,1.0,1.0,1.0,1.0,0
5499,7251f2907bd952cb,True,1.0,1.0,0.9710085054946008,1.0,1.0,1.0,0.9879202106227503,0
5500,725b2a708c8e55f1,True,1.0,1.0,1.0,1.0,1.0,1.0,1.0,0
5501,725cc9599c3455ad,True,1.0,1.0,1.0,1.0,1.0,1.0,1.0,0
5502,7263ccb23351549b,True,1.0,1.0,0.6491108189050955,1.0,1.0,1.0,0.8537961745437898,0
5503,726a691895a75bfc,True,1.0,1.0,0.9640052173279822,1.0,1.0,1.0,0.9850021738866591,0
5504,72720a5350e75184,True,1.0,1.0,0.8325758594710806,1.0,1.0,1.0,0.9302399414462835,0
5505,7272f8ee7e64591e,True,1.0,1.0,0.818450564421651,1.0,1.0,1.0,0.9243544018423545,0
5506,7276ff87d3c2557c,True,1.0,1.0,1.0,1.0,1.0,1.0,1.0,0
5507,72779ff1ead25f44,True,1.0,1.0,0.7769106800364667,1.0,1.0,1.0,0.9070461166818612,0
5508,72781f1cbd405769,True,1.0,1.0,0.7271666803103642,1.0,1.0,1.0,0.8863194501293185,0
5509,727ed49214315cd6,True,1.0,1.0,1.0,1.0,1.0,1.0,1.0,0
5510,72808a9b1e7f5f15,True,1.0,1.0,1.0,1.0,1.0,1.0,1.0,0
5511,7287189737c85540,True,1.0,1.0,1.0,1.0,1.0,1.0,1.0,0
5512,7288ac3781fd51a8,True,1.0,1.0,1.0,1.0,1.0,1.0,1.0,0
5513,728988dc8a8b502a,True,1.0,1.0,0.8264209941765136,1.0,1.0,0.5,0.927675414240214,0
5514,7291b74b016d5672,True,1.0,1.0,1.0,1.0,1.0,1.0,1.0,0
5515,72928620ac2a55a0,True,1.0,1.0,1.0,1.0,1.0,1.0,1.0,0
5516,729b53c777da522e,True,1.0,1.0,0.7823724026384197,1.0,1.0,1.0,0.9093218344326749,0
5517,729c7f95c12f5dd4,True,1.0,1.0,1.0,1.0,1.0,1.0,1.0,0
5518,72a43a590e3758f8,True,1.0,1.0,0.8883422087405883,1.0,1.0,1.0,0.9534759203085784,0
5519,72a9c8aa9d1a580c,True,1.0,1.0,0.8854322947092398,1.0,1.0,1.0,0.95226345612885,0
5520,72b0f2dcaf1f59a1,True,1.0,1.0,0.8950448134495855,1.0,1.0,1.0,0.9562686722706607,0
5521,72be63ed04f15f97,True,1.0,1.0,1.0,1.0,1.0,1.0,1.0,0
5522,72c1d1069773561d,True,1.0,1.0,1.0,1.0,1.0,1.0,1.0,0
5523,72c898c5c6a45939,True,1.0,1.0,0.9413605611262325,1.0,1.0,1.0,0.9755669004692636,0
5524,72cb0bed47ab5464,True,1.0,1.0,1.0,1.0,1.0,1.0,1.0,0
5525,72cccfbb9c6f5e9e,True,1.0,1.0,0.9155502699202033,1.0,1.0,1.0,0.9648126124667513,0
5526,72d13a5ce3af5ca6,True,1.0,1.0,1.0,1.0,1.0,1.0,1.0,0
5527,72d6e0ab829553ed,True,1.0,1.0,1.0,1.0,1.0,1.0,1.0,0
5528,72d842bc596b536b,True,1.0,1.0,1.0,1.0,1.0,1.0,1.0,0
5529,72e48f99d8265b71,True,1.0,1.0,0.9440791268219441,1.0,1.0,1.0,0.9766996361758101,0
5530,72fe517eb6fe5e27,True,1.0,1.0,1.0,1.0,1.0,0.0,1.0,0
5531,7316c116f05d57a5,True,1.0,1.0,1.0,1.0,1.0,1.0,1.0,0
5532,731f133ce3055d30,True,1.0,1.0,0.9051910941265238,1.0,1.0,1.0,0.9604962892193849,0
5533,7320f05fb6675c76,True,1.0,1.0,0.8733395757708982,0.0,1.0,1.0,0.5305581565712075,0
5534,7326774073dd5f7d,True,1.0,1.0,0.8073328787014863,1.0,1.0,1.0,0.9197220327922859,0
5535,7328fe7f857051ea,True,1.0,1.0,1.0,1.0,1.0,1.0,1.0,0
5536,73298d57a59e5252,True,1.0,1.0,0.7258249317265812,1.0,1.0,1.0,0.885760388219409,0
5537,7335659408525112,True,1.0,1.0,0.862716565718584,1.0,1.0,1.0,0.9427985690494101,0
5538,7346e23546d15b29,True,1.0,1.0,0.6646514732239763,1.0,1.0,1.0,0.8602714471766569,0
5539,73471e4908bc5708,True,1.0,1.0,0.6610887126420901,1.0,1.0,1.0,0.8587869636008709,0
5540,734ef653644c55b9,True,1.0,1.0,0.9386054337660787,1.0,1.0,0.0,0.9744189307358662,0
5541,735587b14e39568c,True,1.0,1.0,0.7903283801739317,1.0,1.0,1.0,0.9126368250724716,0
5542,736e564340a8557f,True,1.0,1.0,0.9148014350190765,1.0,1.0,1.0,0.9645005979246152,0
5543,736e79c663bf5310,True,1.0,1.0,0.846996725191181,1.0,1.0,1.0,0.9362486354963254,0
5544,737920796b595b0f,True,1.0,1.0,0.7210495955706369,1.0,1.0,1.0,0.8837706648210988,0
5545,7383ddb2fac255cb,True,1.0,1.0,0.6165478337662997,1.0,1.0,1.0,0.8402282640692915,0
5546,7385c74727eb53b5,True,1.0,1.0,0.9473085942404978,1.0,1.0,1.0,0.9780452476002074,0
5547,73864df7d2d25214,True,1.0,1.0,0.8671400863057325,1.0,1.0,1.0,0.9446417026273886,0
5548,73872fdc28995ad6,True,1.0,0.0,0.0,1.0,1.0,1.0,0.0,0
5549,73939fc4dcdf57c4,True,0.0,1.0,0.0,0.0,1.0,0.0,0.0,0
5550,7398c63b60075187,True,1.0,1.0,1.0,1.0,1.0,1.0,1.0,0
5551,7399b61d44ea592a,True,1.0,1.0,0.9987825843589084,1.0,1.0,1.0,0.9994927434828785,0
5552,73a3a880d8d8522c,True,1.0,1.0,0.7582901456388728,1.0,1.0,1.0,0.8992875606828635,0
5553,73aaa82bd3bb596c,True,1.0,1.0,1.0,1.0,1.0,1.0,1.0,0
5554,73b1bfef98ae5664,True,1.0,1.0,1.0,1.0,1.0,1.0,1.0,0
5555,73b4c0560bd85b5e,True,1.0,1.0,1.0,1.0,1.0,1.0,1.0,0
5556,73ba0e501a005971,True,1.0,1.0,0.7916942689806874,1.0,1.0,1.0,0.9132059454086198,0
5557,73bc1971e0735c22,True,1.0,1.0,0.9162360611356154,1.0,1.0,1.0,0.9650983588065065,0
5558,73bc5ba81812539f,True,1.0,1.0,1.0,0.0,1.0,1.0,0.5833333333333334,0
5559,73bf16c0312158a2,True,1.0,1.0,0.936670534295212,1.0,1.0,1.0,0.973612722623005,0
5560,73c6bf15d3cc58e4,True,1.0,1.0,0.8191141164297248,1.0,1.0,1.0,0.9246308818457187,0
5561,73c8918f6d995213,True,1.0,1.0,0.8094716700411544,1.0,1.0,1.0,0.9206131958504811,0
5562,73c897c7de1454af,True,1.0,1.0,0.7322322198275175,1.0,1.0,1.0,0.8884300915947989,0
5563,73ce0b2145845c71,True,1.0,1.0,0.5240861765145325,1.0,1.0,1.0,0.8017025735477219,0
5564,73e0459194ce577f,True,1.0,1.0,1.0,1.0,1.0,1.0,1.0,0
5565,73e3a1a2ed275417,True,1.0,1.0,0.6461543904782547,1.0,1.0,1.0,0.8525643293659395,0
5566,73e4db7c9a4d5076,True,1.0,1.0,0.7489982067151896,1.0,1.0,1.0,0.8954159194646624,0
5567,73eda22129255831,True,1.0,1.0,0.9438289022119853,1.0,1.0,1.0,0.9765953759216606,0
5568,73f2ce543024548e,True,1.0,1.0,0.9818757547973846,1.0,1.0,1.0,0.9924482311655769,0
5569,73fabf2a0bdc5af4,True,1.0,1.0,0.8218016990599027,1.0,1.0,1.0,0.9257507079416261,0
5570,73fe2f6dea43577f,True,1.0,0.0,0.0,1.0,1.0,0.5,0.0,0
5571,7404939e443458cc,True,1.0,1.0,1.0,1.0,1.0,1.0,1.0,0
5572,740f68663d3255e1,True,1.0,1.0,0.7115899312657143,1.0,1.0,1.0,0.8798291380273809,0
5573,741d60ca8b7b5cb4,True,0.0,1.0,0.0,0.0,1.0,1.0,0.0,0
5574,741ee8b9ea3059a5,True,1.0,1.0,1.0,1.0,1.0,1.0,1.0,0
5575,742119ab3b9753a7,True,1.0,1.0,0.9664488140557822,1.0,1.0,1.0,0.9860203391899093,0
5576,742456f4f1c65425,True,1.0,1.0,1.0,0.0,1.0,1.0,0.5833333333333334,0
5577,7427658d61b55fb8,True,1.0,1.0,1.0,1.0,1.0,1.0,1.0,0
5578,74277113f82c56f3,True,1.0,1.0,0.9455712970531015,1.0,1.0,1.0,0.9773213737721257,0
5579,742ac4ddb9d7557d,True,1.0,1.0,0.9605062937276613,1.0,1.0,1.0,0.9835442890531922,0
5580,742ec95b24ee529c,True,1.0,1.0,0.9799356397926634,1.0,1.0,1.0,0.9916398499136098,0
5581,74308c04628b5879,True,1.0,1.0,0.7696122223331806,1.0,1.0,1.0,0.9040050926388252,0
5582,7444ae8aea51554e,True,1.0,1.0,1.0,1.0,1.0,1.0,1.0,0
5583,744f8d8edaf859fe,True,1.0,0.0,0.0,1.0,1.0,1.0,0.0,0
5584,7461c860b4d25bf2,True,1.0,1.0,1.0,1.0,1.0,1.0,1.0,0
5585,74693ae387e752fa,True,1.0,1.0,0.972955524616766,1.0,1.0,1.0,0.9887314685903191,0
5586,74707039ce5550d1,True,1.0,1.0,0.7597897819344671,1.0,1.0,1.0,0.8999124091393612,0
5587,747a1e62def55db5,True,1.0,1.0,0.7712972489186235,1.0,1.0,1.0,0.9047071870494264,0
5588,747f309bac56509f,True,1.0,1.0,0.9439090577988692,1.0,1.0,1.0,0.9766287740828622,0
5589,74831c9ae5a15f99,True,1.0,1.0,1.0,1.0,1.0,1.0,1.0,0
5590,748779bcdb5b5a49,True,1.0,1.0,0.9502077093399992,1.0,1.0,1.0,0.9792532122249996,0
5591,748a5531d6415e0c,True,1.0,1.0,1.0,1.0,1.0,1.0,1.0,0
5592,748d7e95687d5d26,True,1.0,1.0,1.0,1.0,1.0,1.0,1.0,0
5593,7498dbe0e2b65539,True,1.0,1.0,0.6483134679112017,1.0,1.0,1.0,0.8534639449630007,0
5594,749a8604cf285389,True,1.0,1.0,0.8799581400843126,1.0,1.0,1.0,0.9499825583684635,0
5595,749a9bb4860f5cc1,True,1.0,1.0,0.799060321675431,1.0,1.0,1.0,0.9162751340314296,0
5596,749ac04eaa475981,True,1.0,1.0,1.0,1.0,1.0,1.0,1.0,0
5597,74a397722f465751,True,1.0,1.0,1.0,1.0,1.0,1.0,1.0,0
5598,74a8af10863e5455,True,1.0,1.0,1.0,1.0,1.0,1.0,1.0,0
5599,74a8e53c9a6f50a3,True,1.0,1.0,1.0,1.0,1.0,1.0,1.0,0
5600,74abadad5fd65d44,True,1.0,1.0,1.0,0.0,1.0,1.0,0.5833333333333334,0
5601,74b5ee27fa1b5612,True,1.0,1.0,0.8350847962520487,1.0,1.0,1.0,0.9312853317716869,0
5602,74c77891a7d45a15,True,1.0,1.0,0.8470716777147803,1.0,1.0,1.0,0.9362798657144918,0
5603,74c8385c2d845cde,True,1.0,1.0,0.990171730712307,1.0,1.0,1.0,0.9959048877967946,0
5604,74cc0056b2c05248,True,1.0,0.0,0.0,1.0,1.0,1.0,0.0,0
5605,74cdabf6dd8e5052,True,1.0,1.0,1.0,1.0,1.0,1.0,1.0,0
5606,74cf2bc3433f59dd,True,1.0,1.0,0.8155529629549989,1.0,1.0,0.5,0.9231470678979162,0
5607,74d0c56b12f25f92,True,1.0,1.0,0.7242838487446331,1.0,1.0,1.0,0.8851182703102638,0
5608,74d1662073cd5fc1,True,1.0,1.0,0.9873356653666857,1.0,1.0,1.0,0.9947231939027857,0
5609,74d72b3cd99d5ab4,True,1.0,1.0,0.9519057642629671,1.0,1.0,1.0,0.9799607351095697,0
5610,74da64c81fe1552e,True,1.0,1.0,0.8831617909834766,1.0,1.0,1.0,0.9513174129097819,0
5611,74deabca4e1259f5,True,1.0,1.0,1.0,1.0,1.0,1.0,1.0,0
5612,74df22cda10a5cf9,True,1.0,1.0,1.0,1.0,1.0,1.0,1.0,0
5613,74df9f9decc45b84,True,1.0,1.0,1.0,1.0,1.0,1.0,1.0,0
5614,74ea43025c935b2e,True,1.0,1.0,0.9420450395986064,1.0,1.0,1.0,0.9758520998327528,0
5615,74f87045b75156f4,True,1.0,1.0,0.8691999224402206,1.0,1.0,1.0,0.9454999676834253,0
5616,7505cca154d95d60,True,1.0,1.0,0.9752474712632915,1.0,1.0,1.0,0.9896864463597047,0
5617,7508fad57cde547d,True,1.0,1.0,1.0,1.0,1.0,1.0,1.0,0
5618,750b8c926ffd5895,True,1.0,1.0,1.0,1.0,1.0,1.0,1.0,0
5619,750d0f9df6ef55a2,True,1.0,1.0,1.0,1.0,1.0,1.0,1.0,0
5620,75128a99a5765e31,True,0.0,1.0,0.0,0.0,1.0,1.0,0.0,0
5621,75151361dbe658bb,True,1.0,1.0,1.0,1.0,1.0,1.0,1.0,0
5622,7515bed58abd5f21,True,1.0,1.0,0.8940360856603702,1.0,1.0,1.0,0.9558483690251544,0
5623,752255614d7f569a,True,1.0,1.0,0.7244648043304197,1.0,1.0,1.0,0.8851936684710081,0
5624,752b0c820740589e,True,1.0,1.0,0.882010477248021,1.0,1.0,1.0,0.9508376988533421,0
5625,754bdad5455f53ad,True,1.0,1.0,0.8632679629607226,1.0,1.0,1.0,0.9430283179003011,0
5626,75523a91f0b15884,True,1.0,1.0,1.0,1.0,1.0,1.0,1.0,0
5627,755461a5329554de,True,1.0,0.0,0.0,1.0,1.0,0.0,0.0,0
5628,75570ebf4f3551c1,True,1.0,1.0,0.6878848618512436,1.0,1.0,1.0,0.8699520257713514,0
5629,7569116c33145d2a,True,1.0,1.0,1.0,1.0,1.0,1.0,1.0,0
5630,756ce42a326f5033,True,1.0,1.0,0.6665824941023445,1.0,1.0,1.0,0.8610760392093102,0
5631,757c23c6819c589c,True,1.0,1.0,0.8008245853466329,1.0,1.0,1.0,0.9170102438944303,0
5632,757fb1d7679c5dc2,True,1.0,1.0,0.9524636322028057,1.0,1.0,1.0,0.9801931800845024,0
5633,7580af9b56085218,True,1.0,1.0,1.0,1.0,1.0,1.0,1.0,0
5634,75811dfc02ce59f7,True,1.0,1.0,1.0,0.0,1.0,1.0,0.5833333333333334,0
5635,7582f7769dfb5d11,True,1.0,1.0,1.0,1.0,1.0,1.0,1.0,0
5636,75857e1f177b5af4,True,1.0,1.0,0.6537426879365335,1.0,1.0,1.0,0.8557261199735556,0
5637,758cc7a721c2546d,True,1.0,1.0,0.7598338197780127,1.0,1.0,1.0,0.8999307582408386,0
5638,759441833751576b,True,1.0,1.0,1.0,1.0,1.0,1.0,1.0,0
5639,7595830169065d37,True,1.0,1.0,0.7160509373702426,1.0,1.0,1.0,0.8816878905709343,0
5640,7597912d2a175b46,True,1.0,1.0,1.0,1.0,1.0,1.0,1.0,0
5641,75994f74c5485493,True,1.0,1.0,0.9869969840186996,1.0,1.0,1.0,0.9945820766744582,0
5642,759af2e479de5bbb,True,1.0,1.0,0.5837035216403264,1.0,1.0,1.0,0.8265431340168027,0
5643,75a1c2654839522e,True,1.0,1.0,0.7585517887803915,1.0,1.0,1.0,0.8993965786584965,0
5644,75a76122cf43569e,True,1.0,1.0,0.8673801426094879,1.0,1.0,1.0,0.9447417260872867,0
5645,75a8be89195651aa,True,1.0,1.0,1.0,1.0,1.0,1.0,1.0,0
5646,75aa8f2b9b6250e4,True,1.0,1.0,0.9517823177570438,1.0,1.0,1.0,0.9799092990654349,0
5647,75abd414138d5a4e,True,1.0,1.0,0.6072741585915797,1.0,1.0,1.0,0.8363642327464915,0
5648,75b0adddd02558ba,True,1.0,1.0,0.9439399402848244,1.0,1.0,1.0,0.9766416417853435,0
5649,75b312bbd4e25c17,True,1.0,1.0,1.0,1.0,1.0,1.0,1.0,0
5650,75b3192cd5825661,True,1.0,1.0,0.9888007225944536,1.0,1.0,1.0,0.9953336344143556,0
5651,75b6813b1f4556ce,True,1.0,1.0,1.0,1.0,1.0,1.0,1.0,0
5652,75bb2e7612425d57,True,1.0,1.0,1.0,1.0,1.0,1.0,1.0,0
5653,75bf56ae8b9d5673,True,1.0,0.0,0.0,1.0,1.0,1.0,0.0,0
5654,75c40d79f7135ea0,True,1.0,1.0,0.75930427425318,1.0,1.0,1.0,0.8997101142721583,0
5655,75c7777c6f415535,True,1.0,1.0,1.0,1.0,1.0,1.0,1.0,0
5656,75c91bd683535274,True,1.0,1.0,0.7770094289149062,1.0,1.0,1.0,0.9070872620478777,0
5657,75cfb9c37e425214,True,1.0,1.0,1.0,1.0,1.0,1.0,1.0,0
5658,75d9973be85e50f0,True,1.0,1.0,0.7874033880940036,1.0,1.0,1.0,0.9114180783725015,0
5659,75e0217f16f459c4,True,1.0,1.0,1.0,1.0,1.0,1.0,1.0,0
5660,75e25b5026885256,True,1.0,1.0,0.9257093841582603,1.0,1.0,1.0,0.9690455767326084,0
5661,75f36091b3ec57e5,True,0.0,1.0,0.0,0.0,1.0,1.0,0.0,0
5662,75f5cc1f425c501d,True,1.0,1.0,1.0,1.0,1.0,1.0,1.0,0
5663,75f8f9a90db75078,True,1.0,1.0,0.8061186856198269,1.0,1.0,1.0,0.9192161190082612,0
5664,75f91ced021c543e,True,1.0,1.0,1.0,1.0,1.0,1.0,1.0,0
5665,75f9d978b4d757a2,True,1.0,1.0,0.7959071437633355,1.0,1.0,1.0,0.9149613099013898,0
5666,75ffe77189e95d43,True,1.0,1.0,0.8218029888461992,1.0,1.0,1.0,0.925751245352583,0
5667,7602906d3c785da3,True,1.0,1.0,1.0,1.0,1.0,1.0,1.0,0
5668,7602fcbad344586a,True,1.0,1.0,0.7944649173651824,1.0,1.0,1.0,0.9143603822354928,0
5669,76031bb4f8f7566d,True,1.0,1.0,1.0,1.0,1.0,1.0,1.0,0
5670,7606dcaf85735093,True,1.0,1.0,0.6576613955107162,1.0,1.0,1.0,0.8573589147961318,0
5671,7607a0bd144e53b0,True,1.0,1.0,1.0,1.0,1.0,1.0,1.0,0
5672,761985c4330555f2,True,1.0,1.0,1.0,1.0,1.0,1.0,1.0,0
5673,761d3f2365c25886,True,1.0,1.0,0.9252869638893867,1.0,1.0,1.0,0.9688695682872445,0
5674,7631ace833c857ba,True,1.0,1.0,0.854600657874268,1.0,1.0,1.0,0.9394169407809451,0
5675,76375396b08e5143,True,1.0,1.0,1.0,1.0,1.0,1.0,1.0,0
5676,763821f100605f76,True,1.0,1.0,0.9436798424896446,1.0,1.0,1.0,0.9765332677040185,0
5677,763bab6e8b6b5826,True,1.0,1.0,0.6331042815874083,1.0,1.0,1.0,0.8471267839947535,0
5678,7643b4b3f33d5910,True,1.0,1.0,0.9752436608953998,1.0,1.0,1.0,0.9896848587064166,0
5679,76473ec469ed5a65,True,0.0,1.0,0.0,0.0,1.0,1.0,0.0,0
5680,76476276b198570d,True,1.0,1.0,0.8528173243419774,1.0,1.0,1.0,0.9386738851424905,0
5681,7648e7b33ecf55d5,True,1.0,1.0,1.0,1.0,1.0,1.0,1.0,0
5682,764bbbaf51f85bd8,True,1.0,0.0,0.0,1.0,1.0,0.5,0.0,0
5683,765dacfed4925185,True,1.0,1.0,1.0,1.0,1.0,1.0,1.0,0
5684,76615d386ce6519e,True,1.0,1.0,1.0,1.0,1.0,1.0,1.0,0
5685,76664d864c4d5595,True,1.0,1.0,1.0,1.0,1.0,1.0,1.0,0
5686,766a723ba30f574c,True,1.0,1.0,1.0,1.0,1.0,1.0,1.0,0
5687,767995ca4ab75a14,True,1.0,1.0,1.0,1.0,1.0,1.0,1.0,0
5688,767ce55e55515539,True,1.0,1.0,0.8734075600428043,1.0,1.0,1.0,0.947253150017835,0
5689,767f7fdfb0a356e0,True,1.0,1.0,1.0,1.0,1.0,1.0,1.0,0
5690,7682ed33c75a5116,True,1.0,1.0,0.5928750226614383,1.0,1.0,1.0,0.8303645927755993,0
5691,7683c293a5a55dce,True,1.0,1.0,1.0,1.0,1.0,1.0,1.0,0
5692,7684ff2627555f4e,True,1.0,1.0,0.9094244409550665,1.0,1.0,1.0,0.9622601837312778,0
5693,7686d88b5ae4513e,True,1.0,1.0,1.0,0.0,1.0,1.0,0.5833333333333334,0
5694,768ae2e06b1e5d90,True,1.0,1.0,0.9353410039262239,1.0,1.0,1.0,0.9730587516359265,0
5695,769a27bde35050d1,True,1.0,1.0,0.8245356238404271,1.0,1.0,1.0,0.9268898432668445,0
5696,769b9c472f935b0c,True,1.0,1.0,1.0,1.0,1.0,1.0,1.0,0
5697,76a07493339e5e81,True,1.0,1.0,1.0,1.0,1.0,1.0,1.0,0
5698,76a0c83f0b6453a0,True,1.0,1.0,1.0,1.0,1.0,1.0,1.0,0
5699,76a494d09cd75446,True,1.0,1.0,0.7497733686160181,1.0,1.0,1.0,0.8957389035900075,0
5700,76b1b05efba353fe,True,1.0,1.0,0.8434703453528217,1.0,1.0,1.0,0.9347793105636756,0
5701,76b3e192b5e45727,True,1.0,1.0,0.8271267538429834,1.0,1.0,1.0,0.9279694807679096,0
5702,76b4369e21a15a7a,True,1.0,1.0,1.0,1.0,1.0,1.0,1.0,0
5703,76b708c365e45536,True,1.0,1.0,1.0,1.0,1.0,1.0,1.0,0
5704,76cd37d3370f5d04,True,1.0,1.0,1.0,1.0,1.0,1.0,1.0,0
5705,76cf7bb2e9625482,True,1.0,1.0,0.8768747269126377,1.0,1.0,1.0,0.9486978028802658,0
5706,76d34ae8c95156b2,True,1.0,1.0,1.0,1.0,1.0,1.0,1.0,0
5707,76d3db995c9e5946,True,1.0,1.0,0.7880355915780279,1.0,1.0,1.0,0.911681496490845,0
5708,76dceae4c9c353b5,True,1.0,1.0,0.7147102652117079,1.0,1.0,1.0,0.8811292771715449,0
5709,76dd2e9ad6f753b8,True,0.0,1.0,0.0,0.0,1.0,1.0,0.0,0
5710,76df9fb807c9580a,True,1.0,1.0,0.8188808097569287,1.0,1.0,1.0,0.9245336707320536,0
5711,76e0272a57f55674,True,1.0,1.0,0.7971892433873903,1.0,1.0,1.0,0.9154955180780794,0
5712,76e72a3b44205ec0,True,1.0,1.0,1.0,1.0,1.0,1.0,1.0,0
5713,76ec850d346b5ca7,True,1.0,1.0,1.0,1.0,1.0,1.0,1.0,0
5714,76f053cb2f8851c7,True,1.0,1.0,1.0,1.0,1.0,1.0,1.0,0
5715,76f952632729540f,True,1.0,1.0,0.863818662868825,1.0,1.0,1.0,0.9432577761953439,0
5716,77071a33907c58f2,True,1.0,1.0,0.8850815473281619,1.0,1.0,1.0,0.9521173113867342,0
5717,77072386dfbb5af8,True,1.0,1.0,0.8845252137142392,1.0,1.0,0.0,0.9518855057142663,0
5718,770c714d82535180,True,1.0,1.0,0.9647582704732852,1.0,1.0,1.0,0.9853159460305355,0
5719,77155a60b2ae5e75,True,1.0,1.0,0.8933753215856971,1.0,1.0,1.0,0.9555730506607071,0
5720,77160cf8a6b8581d,True,1.0,1.0,0.7662887724803361,1.0,1.0,1.0,0.9026203218668067,0
5721,771a9923745f59c5,True,1.0,1.0,0.9857605477815685,1.0,1.0,1.0,0.9940668949089869,0
5722,771b7e7196585f07,True,1.0,1.0,1.0,1.0,1.0,1.0,1.0,0
5723,771c4e378bef58e4,True,1.0,1.0,1.0,0.0,1.0,1.0,0.5833333333333334,0
5724,77218354c5c25657,True,1.0,1.0,1.0,1.0,1.0,1.0,1.0,0
5725,7727bf26f5845499,True,1.0,1.0,0.7275789666028796,1.0,1.0,1.0,0.8864912360845332,0
5726,772a0e9ce5825b3a,True,1.0,1.0,0.952573637217295,1.0,1.0,1.0,0.9802390155072063,0
5727,773005dea0fc53ab,True,1.0,1.0,0.8340300722519837,1.0,1.0,1.0,0.9308458634383264,0
5728,7730f64417df5d47,True,1.0,1.0,0.8930462323753181,1.0,1.0,1.0,0.9554359301563826,0
5729,7736a52445b1522d,True,1.0,1.0,1.0,1.0,1.0,1.0,1.0,0
5730,77398398b6c550c2,True,1.0,1.0,0.8815442428782169,1.0,1.0,1.0,0.9506434345325904,0
5731,773ae953dba953b4,True,1.0,1.0,0.8481497240023992,1.0,1.0,1.0,0.9367290516676663,0
5732,774006a654915196,True,1.0,1.0,0.829853192548469,1.0,1.0,1.0,0.9291054968951954,0
5733,77412f2abf325814,True,1.0,1.0,0.7100824679024611,1.0,1.0,1.0,0.8792010282926922,0
5734,774160714b7e5ca4,True,1.0,1.0,1.0,1.0,1.0,1.0,1.0,0
5735,77424ed925b45c77,True,1.0,1.0,0.6044758695489574,1.0,1.0,1.0,0.8351982789787322,0
5736,774432c5e7b25128,True,1.0,1.0,0.8573365624875031,1.0,1.0,1.0,0.9405569010364596,0
5737,774aad2507f75660,True,1.0,1.0,0.8064212738613724,0.0,1.0,1.0,0.5026755307755718,0
5738,774ebe12eab151b6,True,1.0,1.0,1.0,1.0,1.0,1.0,1.0,0
5739,77519294678a5fed,True,1.0,1.0,0.4540180416315826,1.0,1.0,1.0,0.7725075173464928,0
5740,7752ef9225b65783,True,1.0,1.0,1.0,1.0,1.0,1.0,1.0,0
5741,7755fb23f28f5b2f,True,1.0,0.0,0.0,1.0,1.0,0.0,0.0,0
5742,7758c231f45d51de,True,1.0,1.0,0.812981212503472,1.0,1.0,1.0,0.9220755052097799,0
5743,775df8f025845f5f,True,1.0,1.0,0.7088108149958542,1.0,1.0,1.0,0.8786711729149393,0
5744,775e5b7f1b235e12,True,1.0,1.0,0.7701900324423059,1.0,1.0,1.0,0.9042458468509608,0
5745,776069d80826529d,True,1.0,1.0,0.8981281735079115,1.0,1.0,1.0,0.9575534056282965,0
5746,7762b47b2ed156a9,True,1.0,1.0,0.9992562258831191,1.0,1.0,1.0,0.9996900941179664,0
5747,7766bcc52078528c,True,1.0,1.0,1.0,1.0,1.0,1.0,1.0,0
5748,7767ce3fbd5f5f50,True,1.0,1.0,0.8521830503354345,1.0,1.0,1.0,0.938409604306431,0
5749,777328bf3a3d5e15,True,1.0,1.0,0.8255779230515711,1.0,1.0,1.0,0.9273241346048212,0
5750,77761cd0edf15867,True,1.0,1.0,0.9169687248844658,1.0,1.0,1.0,0.9654036353685275,0
5751,7777f9476f1e5bb0,True,1.0,1.0,0.7371278128587073,1.0,1.0,1.0,0.8904699220244613,0
5752,7779c453de865aff,True,1.0,1.0,0.899447390801917,1.0,1.0,1.0,0.9581030795007988,0
5753,777c2c183e49504e,True,1.0,1.0,0.9677722784832151,1.0,1.0,1.0,0.9865717827013395,0
5754,777cf50be27a5d4b,True,1.0,1.0,1.0,1.0,1.0,1.0,1.0,0
5755,7780e502545a5df7,True,1.0,1.0,0.6160361915184643,1.0,1.0,1.0,0.8400150797993602,0
5756,778219f3cac65d35,True,1.0,1.0,0.8348377349672111,1.0,1.0,1.0,0.9311823895696714,0
5757,77868241ec115a11,True,1.0,1.0,0.7190422001144889,1.0,1.0,1.0,0.8829342500477037,0
5758,7786cc7e34a05294,True,1.0,1.0,1.0,1.0,1.0,1.0,1.0,0
5759,778dc72ff2ec5e94,True,1.0,1.0,1.0,1.0,1.0,1.0,1.0,0
5760,77919997d5c352d8,True,1.0,1.0,1.0,1.0,1.0,1.0,1.0,0
5761,779852a1160f56f9,True,1.0,1.0,0.8310625966378333,1.0,1.0,1.0,0.9296094152657638,0
5762,77a891db719c5273,True,1.0,1.0,0.9319630384785392,1.0,1.0,1.0,0.9716512660327247,0
5763,77ae9dba6f05550d,True,1.0,1.0,0.8003625141831817,1.0,1.0,1.0,0.9168177142429924,0
5764,77b5e5af1c1057fc,True,1.0,1.0,0.9010844264972633,1.0,1.0,1.0,0.9587851777071931,0
5765,77b99279c5265bab,True,1.0,0.0,0.0,1.0,1.0,1.0,0.0,0
5766,77bff1fe494e52dd,True,1.0,1.0,1.0,0.0,1.0,1.0,0.5833333333333334,0
5767,77c1bc7a68b55fb9,True,1.0,1.0,0.9011854093596601,1.0,1.0,1.0,0.9588272538998583,0
5768,77c3cf2f4a1a5f31,True,1.0,1.0,0.9598229518384119,1.0,1.0,1.0,0.9832595632660049,0
5769,77cf9dfc36c35df7,True,1.0,1.0,0.7943851700008382,1.0,1.0,1.0,0.9143271541670158,0
5770,77daa055e4ed5ae2,True,1.0,1.0,0.7915460002537311,1.0,1.0,1.0,0.913144166772388,0
5771,77db0b134a185494,True,1.0,1.0,0.8687078341024783,1.0,1.0,1.0,0.9452949308760327,0
5772,77dce92bdc8752d4,True,1.0,1.0,0.8970388960706008,1.0,1.0,1.0,0.9570995400294171,0
5773,77dd24d1d09c5e50,True,1.0,1.0,0.884604699166099,0.0,1.0,1.0,0.5352519579858745,0
5774,77e18238b9d55c97,True,1.0,1.0,1.0,1.0,1.0,1.0,1.0,0
5775,77e9812a54d05caf,True,1.0,1.0,1.0,1.0,1.0,0.5,1.0,0
5776,77ebf0edb75c5b69,True,1.0,1.0,0.7387223550358131,1.0,1.0,1.0,0.8911343145982554,0
5777,77ee60147e0e55b7,True,1.0,1.0,0.8836439300677302,1.0,1.0,1.0,0.9515183041948876,0
5778,77f0818999145e8f,True,1.0,1.0,1.0,1.0,1.0,1.0,1.0,0
5779,77f11643ced5562a,True,1.0,1.0,0.8380743291541636,1.0,1.0,1.0,0.9325309704809014,0
5780,77f45b5536f854bf,True,1.0,1.0,1.0,1.0,1.0,1.0,1.0,0
5781,77f9c895af8b59f3,True,1.0,1.0,1.0,1.0,1.0,1.0,1.0,0
5782,77fa15ffcefb580e,True,1.0,1.0,0.6490003077775224,1.0,1.0,1.0,0.8537501282406343,0
5783,780eada83bbc57b1,True,1.0,1.0,0.8049693884014626,1.0,1.0,1.0,0.9187372451672761,0
5784,781386f5659b5cdf,True,1.0,1.0,0.9707928595508247,1.0,1.0,1.0,0.987830358146177,0
5785,7819725bfb845e82,True,1.0,1.0,1.0,1.0,1.0,1.0,1.0,0
5786,782f0fff66145718,True,1.0,1.0,0.8363940266233036,0.0,1.0,1.0,0.5151641777597099,0
5787,784c48e2a44c5036,True,1.0,1.0,0.8831819664100221,1.0,1.0,0.5,0.9513258193375093,0
5788,784ddfd058865dcb,True,1.0,1.0,0.7187144857401218,1.0,1.0,1.0,0.8827977023917174,0
5789,7857a22b3bc85bb4,True,1.0,1.0,0.9277141933079462,1.0,1.0,1.0,0.969880913878311,0
5790,785a51e5263b5bec,True,1.0,1.0,0.8013965918433671,1.0,1.0,1.0,0.9172485799347362,0
5791,785b0e9d5d505db4,True,0.0,1.0,0.0,0.0,1.0,1.0,0.0,0
5792,7868ce187ae55819,True,1.0,1.0,1.0,1.0,1.0,1.0,1.0,0
5793,786c64badbb15a9c,True,1.0,1.0,0.7514932962004208,1.0,1.0,1.0,0.8964555400835087,0
5794,786f447064055cfd,True,1.0,1.0,1.0,1.0,1.0,1.0,1.0,0
5795,787484f52b4753b2,True,1.0,0.0,0.0,1.0,1.0,1.0,0.0,0
5796,78754f4862d65445,True,1.0,1.0,0.8459075277874499,1.0,1.0,1.0,0.9357948032447707,0
5797,7884402f265258ff,True,1.0,1.0,0.8475708906674934,1.0,1.0,1.0,0.9364878711114555,0
5798,788ea82253cb559c,True,1.0,1.0,1.0,1.0,1.0,1.0,1.0,0
5799,789af91cd1755b7e,True,1.0,1.0,1.0,1.0,1.0,1.0,1.0,0
5800,789c2205e7865e94,True,1.0,1.0,0.9090339191599188,1.0,1.0,1.0,0.9620974663166328,0
5801,789eca1c50f85cb4,True,1.0,1.0,0.5659671982863655,1.0,1.0,1.0,0.8191529992859857,0
5802,78a46fe48bf15051,True,1.0,1.0,0.7282335672384849,1.0,1.0,1.0,0.8867639863493687,0
5803,78a50eb4d40e5ffa,True,1.0,1.0,1.0,1.0,1.0,1.0,1.0,0
5804,78a8c3b8447d5489,True,1.0,1.0,0.7316600999407046,1.0,1.0,1.0,0.8881917083086268,0
5805,78a98ffdcd4b558a,True,0.0,1.0,0.0,0.0,1.0,1.0,0.0,0
5806,78adf1b8ed315c4f,True,1.0,1.0,0.8803045669745139,1.0,1.0,1.0,0.9501269029060474,0
5807,78b4153a6d3e5b33,True,1.0,1.0,1.0,1.0,1.0,1.0,1.0,0
5808,78beb0eba954535e,True,0.0,1.0,0.0,0.0,1.0,1.0,0.0,0
5809,78c1a7b545cf5592,True,1.0,1.0,1.0,1.0,1.0,1.0,1.0,0
5810,78c26c7e63c3534c,True,1.0,0.0,0.0,1.0,1.0,1.0,0.0,0
5811,78c9157a55905d81,True,1.0,1.0,0.9120392659643644,1.0,1.0,1.0,0.9633496941518184,0
5812,78cfb731b49c5aed,True,1.0,1.0,0.7931708422853629,0.0,1.0,1.0,0.4971545176189012,0
5813,78e0e3e1292d5431,True,1.0,1.0,1.0,1.0,1.0,1.0,1.0,0
5814,78e3ba9d36dc59a0,True,1.0,1.0,1.0,1.0,1.0,1.0,1.0,0
5815,78e6dbb9ee735559,True,1.0,1.0,0.8549934829315765,1.0,1.0,1.0,0.9395806178881569,0
5816,78e8eab14d8e5d65,True,1.0,1.0,0.851803373777631,1.0,1.0,1.0,0.9382514057406796,0
5817,78ea729667c1558b,True,1.0,1.0,0.8612142379364259,1.0,1.0,1.0,0.9421725991401774,0
5818,78f8d55c59105b7b,True,1.0,1.0,1.0,1.0,1.0,1.0,1.0,0
5819,78f941ea974f5084,True,1.0,1.0,1.0,1.0,1.0,1.0,1.0,0
5820,7900996a42f35f67,True,1.0,1.0,1.0,1.0,1.0,1.0,1.0,0
5821,7900d1167dfe5c24,True,1.0,1.0,1.0,1.0,1.0,1.0,1.0,0
5822,790a5a0973815ab3,True,1.0,1.0,0.8923676052415502,1.0,1.0,1.0,0.9551531688506459,0
5823,790e0f5c7fce5627,True,1.0,1.0,1.0,1.0,1.0,1.0,1.0,0
5824,792d9ff087745f33,True,1.0,1.0,1.0,1.0,1.0,1.0,1.0,0
5825,79322494f7975811,True,1.0,1.0,1.0,1.0,1.0,1.0,1.0,0
5826,794584aa724a55f4,True,1.0,1.0,1.0,1.0,1.0,1.0,1.0,0
5827,794b439e9922527b,True,1.0,1.0,0.7355156194499861,1.0,1.0,1.0,0.8897981747708276,0
5828,79551644e9715069,True,1.0,1.0,0.8533912631905436,1.0,1.0,1.0,0.9389130263293932,0
5829,795696bd00095944,True,1.0,1.0,1.0,1.0,1.0,1.0,1.0,0
5830,7956c9ed4b855859,True,1.0,0.0,0.0,1.0,1.0,1.0,0.0,0
5831,7956fe13f69e53dc,True,1.0,1.0,0.9809078971017683,1.0,1.0,1.0,0.9920449571257368,0
5832,79596c3c8ac45e5e,True,1.0,1.0,1.0,1.0,1.0,1.0,1.0,0
5833,795b989aef8a5b42,True,1.0,1.0,1.0,0.0,1.0,1.0,0.5833333333333334,0
5834,795d49f6b8ec5f69,True,1.0,1.0,0.8472740154852448,1.0,1.0,1.0,0.936364173118852,0
5835,7964bed69f7e597e,True,1.0,0.0,0.0,1.0,1.0,1.0,0.0,0
5836,796a327cace65d27,True,1.0,1.0,1.0,1.0,1.0,1.0,1.0,0
5837,797606b9788852f2,True,1.0,1.0,1.0,1.0,1.0,1.0,1.0,0
5838,7984326209765d68,True,1.0,1.0,0.8411003076604152,1.0,1.0,1.0,0.9337917948585064,0
5839,798842f0b1c253b4,True,1.0,1.0,0.94200377033089,1.0,1.0,1.0,0.9758349043045375,0
5840,798f1981bb285b09,True,1.0,1.0,0.6175619476190743,1.0,1.0,1.0,0.8406508115079476,0
5841,79984c4826f653fd,True,1.0,1.0,1.0,1.0,1.0,1.0,1.0,0
5842,79a151c333745253,True,0.0,1.0,0.0,0.0,1.0,1.0,0.0,0
5843,79bb6b3243f151a6,True,1.0,1.0,0.9601926327647146,1.0,1.0,1.0,0.9834135969852977,0
5844,79bba6381fb85a36,True,1.0,1.0,0.9692080649053917,1.0,1.0,1.0,0.9871700270439132,0
5845,79bdb6b499245d65,True,1.0,1.0,1.0,1.0,1.0,1.0,1.0,0
5846,79c024b87e175129,True,1.0,1.0,0.9535179351192667,1.0,1.0,1.0,0.9806324729663611,0
5847,79c9f05d61955e2d,True,1.0,1.0,0.6489692129628882,1.0,1.0,1.0,0.85373717206787,0
5848,79cfc07ef4645c81,True,1.0,1.0,0.85498875113488,1.0,1.0,1.0,0.9395786463062,0
5849,79d36fbd8d115f06,True,1.0,1.0,0.7995869760360911,1.0,1.0,0.0,0.9164945733483713,0
5850,79d3720b23b6533e,True,1.0,1.0,0.8475111969549393,1.0,1.0,1.0,0.9364629987312246,0
5851,79e011726ebe5aa0,True,1.0,0.0,0.0,1.0,1.0,0.5,0.0,0
5852,79e5694685065280,True,1.0,1.0,0.9155328682160098,1.0,1.0,1.0,0.9648053617566706,0
5853,79e582695923514a,True,1.0,1.0,0.7017937457052226,1.0,1.0,1.0,0.8757473940438428,0
5854,79e7ccb136775266,True,1.0,1.0,0.6896996267578126,1.0,1.0,0.5,0.8707081778157552,0
5855,79ea5e55d0385928,True,1.0,1.0,0.8243511744924641,1.0,1.0,1.0,0.92681298937186,0
5856,79ea7fb311c4574a,True,1.0,1.0,0.9290890335894348,1.0,1.0,1.0,0.9704537639955978,0
5857,79ecc8e6e5fa5dd5,True,1.0,1.0,1.0,1.0,1.0,1.0,1.0,0
5858,79efd3e82ef059b6,True,0.0,1.0,0.0,0.0,1.0,1.0,0.0,0
5859,79fab476b73a5d06,True,1.0,1.0,0.7194033899557675,1.0,1.0,1.0,0.883084745814903,0
5860,7a140c5865295d91,True,1.0,1.0,1.0,1.0,1.0,1.0,1.0,0
5861,7a146021c3485224,True,1.0,1.0,1.0,1.0,1.0,1.0,1.0,0
5862,7a18ceb376d859c1,True,1.0,1.0,0.743799871595982,1.0,1.0,1.0,0.8932499464983259,0
5863,7a1b61727c255889,True,1.0,1.0,0.3982102380346785,1.0,1.0,1.0,0.7492542658477827,0
5864,7a2abf5475ac59ca,True,1.0,1.0,1.0,1.0,1.0,1.0,1.0,0
5865,7a35be74d30b5a74,True,1.0,1.0,1.0,1.0,1.0,1.0,1.0,0
5866,7a3e0625f3c751ce,True,1.0,1.0,0.79839475751843,1.0,1.0,1.0,0.9159978156326792,0
5867,7a3e5ab8218e550f,True,1.0,1.0,1.0,1.0,1.0,1.0,1.0,0
5868,7a5ad5a3fcd85c7a,True,1.0,1.0,0.9033527430507579,1.0,1.0,1.0,0.9597303096044825,0
5869,7a61f0a7cbe15387,True,1.0,1.0,1.0,0.0,1.0,1.0,0.5833333333333334,0
5870,7a64a496ba815aa8,True,1.0,1.0,0.771372687864047,1.0,1.0,1.0,0.904738619943353,0
5871,7a6d3719323a5188,True,1.0,1.0,1.0,1.0,1.0,1.0,1.0,0
5872,7a735f01957d5f72,True,1.0,1.0,0.8727283793974187,1.0,1.0,1.0,0.9469701580822578,0
5873,7a754395c711541c,True,1.0,1.0,0.9438391778584543,1.0,1.0,1.0,0.9765996574410226,0
5874,7a7e8074ee5c5389,True,0.0,1.0,0.0,0.0,1.0,1.0,0.0,0
5875,7a7ff4cc1f1a501e,True,1.0,1.0,0.7274179008468374,1.0,1.0,1.0,0.8864241253528489,0
5876,7a8c81a7cd1256e0,True,1.0,1.0,0.7674061582365017,1.0,1.0,1.0,0.903085899265209,0
5877,7a90cd45ef505058,True,1.0,1.0,1.0,1.0,1.0,1.0,1.0,0
5878,7a91cd530cac57fc,True,1.0,1.0,0.8370408174962446,1.0,1.0,1.0,0.9321003406234353,0
5879,7a9225f5c4355f92,True,1.0,1.0,0.9871412842180154,1.0,1.0,1.0,0.9946422017575065,0
5880,7aaa1817f97e5e5e,True,0.0,1.0,0.0,0.0,1.0,1.0,0.0,0
5881,7aaa5ff3f0d255ef,True,1.0,1.0,1.0,0.0,1.0,1.0,0.5833333333333334,0
5882,7abf60c1594953cf,True,1.0,1.0,1.0,1.0,1.0,1.0,1.0,0
5883,7ac633604a3c572d,True,1.0,1.0,1.0,1.0,1.0,1.0,1.0,0
5884,7ac6ec682a515136,True,0.0,1.0,0.0,0.0,1.0,1.0,0.0,0
5885,7ae00644dbef537f,True,0.0,1.0,0.0,0.0,1.0,1.0,0.0,0
5886,7ae0a03be0c357d2,True,1.0,1.0,0.6742288486544924,1.0,1.0,1.0,0.864262020272705,0
5887,7aeb6cedbf4353ef,True,1.0,1.0,0.8382278444521803,1.0,1.0,1.0,0.9325949351884084,0
5888,7aed9edff97256c0,True,1.0,1.0,0.8671498817709375,1.0,1.0,1.0,0.944645784071224,0
5889,7af0e9b8a12056e8,True,1.0,1.0,0.8731039731460549,1.0,1.0,1.0,0.9471266554775228,0
5890,7af63267db5c5415,True,1.0,1.0,1.0,1.0,1.0,1.0,1.0,0
5891,7af7ff61308e5e5c,True,1.0,0.0,0.0,1.0,1.0,1.0,0.0,0
5892,7b00e131a2885ecf,True,1.0,1.0,1.0,1.0,1.0,1.0,1.0,0
5893,7b095ec7e3f95c4a,True,1.0,1.0,0.9936042490478976,1.0,1.0,1.0,0.9973351037699573,0
5894,7b13f467f23c5a2b,True,1.0,1.0,0.992309236257517,1.0,1.0,1.0,0.9967955151072987,0
5895,7b22018666ac5b0e,True,1.0,0.0,0.0,1.0,1.0,1.0,0.0,0
5896,7b263d7980f55503,True,1.0,1.0,1.0,1.0,1.0,1.0,1.0,0
5897,7b2758fa57ef54b7,True,1.0,1.0,0.6075371968080662,1.0,1.0,1.0,0.8364738320033608,0
5898,7b281124be57507a,True,1.0,0.0,0.0,1.0,1.0,1.0,0.0,0
5899,7b29ee091c295f7a,True,1.0,1.0,1.0,1.0,1.0,1.0,1.0,0
5900,7b2f3235b4cb5374,True,1.0,1.0,0.664191371721816,1.0,1.0,1.0,0.8600797382174233,0
5901,7b37b72faaa25b5d,True,1.0,1.0,0.9888521397339121,1.0,1.0,1.0,0.9953550582224633,0
5902,7b3ba1d953a15802,True,1.0,1.0,0.8516501443668871,1.0,1.0,0.5,0.9381875601528696,0
5903,7b3e1c9932625243,True,1.0,1.0,0.5778299512704451,1.0,1.0,1.0,0.8240958130293521,0
5904,7b429e3d4ad159a2,True,1.0,1.0,1.0,1.0,1.0,1.0,1.0,0
5905,7b4383b378035cb7,True,1.0,0.0,0.0,1.0,1.0,1.0,0.0,0
5906,7b48c1c9cf995c36,True,1.0,1.0,0.848214007295682,1.0,1.0,1.0,0.9367558363732008,0
5907,7b4a9abdf718584b,True,1.0,1.0,1.0,1.0,1.0,1.0,1.0,0
5908,7b4ba1d02376503b,True,1.0,1.0,0.7864741159978882,1.0,1.0,1.0,0.9110308816657868,0
5909,7b4fca2db9255996,True,1.0,1.0,1.0,1.0,1.0,1.0,1.0,0
5910,7b5a966f89f35abe,True,1.0,1.0,0.6909342366370984,1.0,1.0,1.0,0.871222598598791,0
5911,7b6749c7b2795906,True,1.0,1.0,0.8034298782436065,1.0,1.0,1.0,0.9180957826015027,0
5912,7b73da0bb98b5e56,True,1.0,1.0,0.9525079852417094,1.0,1.0,1.0,0.9802116605173788,0
5913,7b7a36c1491a54e2,True,1.0,1.0,0.6957990405807036,1.0,1.0,1.0,0.87324960024196,0
5914,7b7cac50a37a5c24,True,1.0,1.0,1.0,1.0,1.0,1.0,1.0,0
5915,7b7ce3374d1e51dc,True,1.0,1.0,1.0,1.0,1.0,1.0,1.0,0
5916,7b7d556d563f5ac4,True,1.0,0.0,0.0,1.0,1.0,1.0,0.0,0
5917,7b8bb16c6e9b512c,True,1.0,1.0,0.769350988622835,1.0,1.0,1.0,0.9038962452595145,0
5918,7b8d8487706f501e,True,1.0,1.0,1.0,1.0,1.0,1.0,1.0,0
5919,7ba76233a35553c2,True,1.0,1.0,1.0,1.0,1.0,1.0,1.0,0
5920,7bacd3cec5df553f,True,1.0,1.0,1.0,1.0,1.0,1.0,1.0,0
5921,7bb27993dd475c3d,True,1.0,1.0,1.0,1.0,1.0,1.0,1.0,0
5922,7bb715f6c245555e,True,1.0,0.0,0.0,1.0,1.0,1.0,0.0,0
5923,7bbacd116bd75f85,True,1.0,1.0,0.8825827189465071,1.0,1.0,1.0,0.9510761328943781,0
5924,7bbb4260e163517f,True,1.0,1.0,0.8245934647955858,1.0,1.0,0.5,0.9269139436648274,0
5925,7bbb6cfc4f135e50,True,1.0,1.0,0.8023881389316938,1.0,1.0,1.0,0.9176617245548724,0
5926,7bc20084dcb15f05,True,1.0,1.0,1.0,1.0,1.0,1.0,1.0,0
5927,7bcc91de36385afe,True,1.0,1.0,0.833871944893811,1.0,1.0,1.0,0.930779977039088,0
5928,7bce82e059a05030,True,1.0,1.0,0.8115184177874039,1.0,1.0,1.0,0.9214660074114183,0
5929,7bd486db42e35b18,True,1.0,1.0,1.0,1.0,1.0,1.0,1.0,0
5930,7bd504ce0e1950b9,True,1.0,1.0,0.9645299191999279,1.0,1.0,1.0,0.9852207996666366,0
5931,7be1e4f2c85e50a8,True,1.0,1.0,0.8847255516263669,1.0,1.0,0.5,0.9519689798443195,0
5932,7be2f6436ce95042,True,1.0,1.0,1.0,1.0,1.0,1.0,1.0,0
5933,7be8784c329456b4,True,1.0,1.0,1.0,1.0,1.0,1.0,1.0,0
5934,7bea1ee3e6bc584d,True,1.0,1.0,1.0,1.0,1.0,1.0,1.0,0
5935,7beae7492ff45866,True,1.0,1.0,0.9382658939348869,1.0,1.0,1.0,0.9742774558062028,0
5936,7bf4d5a2cad05f50,True,1.0,1.0,0.8371280012187098,1.0,1.0,1.0,0.9321366671744625,0
5937,7bfd8ff8489158cc,True,1.0,1.0,0.8931726797796703,1.0,1.0,1.0,0.9554886165748626,0
5938,7c04e29efc0c5e46,True,1.0,1.0,1.0,0.0,1.0,1.0,0.5833333333333334,0
5939,7c0a753f5a2f5230,True,1.0,1.0,1.0,1.0,1.0,1.0,1.0,0
5940,7c150adbe5225f20,True,1.0,1.0,0.8754652397027035,1.0,1.0,1.0,0.9481105165427932,0
5941,7c2c92e3afdd555f,True,1.0,1.0,0.7191701258450433,1.0,1.0,1.0,0.8829875524354347,0
5942,7c2df54ec2df5a6e,True,1.0,1.0,0.9683037827577211,1.0,1.0,1.0,0.986793242815717,0
5943,7c30e0debf0c532b,True,1.0,1.0,1.0,1.0,1.0,1.0,1.0,0
5944,7c33d9bd65e956e1,True,1.0,1.0,1.0,1.0,1.0,1.0,1.0,0
5945,7c42db62ed515a8c,True,1.0,1.0,1.0,1.0,1.0,1.0,1.0,0
5946,7c4757c2c9675f2b,True,1.0,1.0,0.6904842964088796,1.0,1.0,1.0,0.8710351235036998,0
5947,7c49f7aca6c05e2a,True,1.0,1.0,0.9790517612169495,1.0,1.0,1.0,0.991271567173729,0
5948,7c541724eabb537a,True,1.0,1.0,0.7318489169343065,1.0,1.0,1.0,0.8882703820559611,0
5949,7c57d68b038450cd,True,1.0,1.0,1.0,1.0,1.0,1.0,1.0,0
5950,7c62648ff8a25812,True,1.0,1.0,0.8417541363672667,1.0,1.0,1.0,0.9340642234863612,0
5951,7c68734f0453501c,True,1.0,1.0,0.9774270897925071,1.0,1.0,1.0,0.990594620746878,0
5952,7c6e9037e7dd5e8c,True,1.0,1.0,0.8343251384189787,1.0,1.0,1.0,0.9309688076745745,0
5953,7c75567759e15900,True,1.0,1.0,1.0,1.0,1.0,1.0,1.0,0
5954,7c7c063205ec5f3c,True,1.0,1.0,1.0,1.0,1.0,1.0,1.0,0
5955,7c7ce7ea08b15930,True,1.0,1.0,0.7869507476995882,1.0,1.0,1.0,0.9112294782081617,0
5956,7c7dc37236745d94,True,1.0,1.0,1.0,1.0,1.0,1.0,1.0,0
5957,7c7e92d50f92564b,True,1.0,1.0,0.88100116971959,1.0,1.0,1.0,0.9504171540498292,0
5958,7c8900e0a2ef5024,True,1.0,1.0,0.723482253380679,1.0,1.0,1.0,0.8847842722419496,0
5959,7c8cb841bdfd5c56,True,1.0,1.0,1.0,1.0,1.0,1.0,1.0,0
5960,7c8dfd86366157b2,True,1.0,1.0,0.6768149995636232,1.0,1.0,1.0,0.8653395831515097,0
5961,7c94fd89afb95a88,True,1.0,1.0,1.0,1.0,1.0,1.0,1.0,0
5962,7ca54b5a28ae5667,True,1.0,1.0,0.5875571360009414,1.0,1.0,1.0,0.8281488066670589,0
5963,7caa2336614b5ad3,True,1.0,1.0,0.9611579557189347,1.0,1.0,1.0,0.9838158148828895,0
5964,7cb9260c8be35c5c,True,1.0,0.0,0.0,1.0,1.0,1.0,0.0,0
5965,7cbf7bab041151e1,True,1.0,1.0,0.9663335638780903,1.0,1.0,1.0,0.9859723182825376,0
5966,7cc4cef34e635c5a,True,1.0,1.0,1.0,1.0,1.0,1.0,1.0,0
5967,7cc683dca0155801,True,1.0,1.0,1.0,1.0,1.0,1.0,1.0,0
5968,7ccd759aa0535b9a,True,1.0,1.0,0.8214906549893265,1.0,1.0,1.0,0.9256211062455527,0
5969,7ccf4b40faff5ac4,True,1.0,1.0,1.0,1.0,1.0,1.0,1.0,0
5970,7ccfef5040b359df,True,1.0,1.0,1.0,1.0,1.0,1.0,1.0,0
5971,7cdcc814be255d9f,True,1.0,1.0,1.0,1.0,1.0,1.0,1.0,0
5972,7cdcf11e211759cf,True,1.0,1.0,0.6284414334031966,1.0,1.0,1.0,0.8451839305846652,0
5973,7ce6c5c094c55055,True,1.0,1.0,0.7830959667680625,1.0,1.0,1.0,0.9096233194866926,0
5974,7cead15dfaab593e,True,1.0,1.0,0.7946413868826682,1.0,1.0,1.0,0.9144339112011117,0
5975,7ceb065003f25449,True,1.0,1.0,1.0,1.0,1.0,1.0,1.0,0
5976,7cee421600545b00,True,1.0,1.0,0.735927984272689,1.0,1.0,1.0,0.8899699934469538,0
5977,7cf4a1ba9b6054f9,True,1.0,0.0,0.0,1.0,1.0,1.0,0.0,0
5978,7d10959013575b2d,True,1.0,1.0,0.7611837570259672,1.0,1.0,1.0,0.9004932320941531,0
5979,7d1fdeb7e341522d,True,1.0,1.0,1.0,1.0,1.0,1.0,1.0,0
5980,7d2043fe1fd75586,True,1.0,1.0,0.7994001374352954,1.0,1.0,1.0,0.9164167239313731,0
5981,7d22e4c9e8605ed2,True,1.0,1.0,0.8742890076296638,1.0,1.0,1.0,0.9476204198456933,0
5982,7d24bd01f77c5d87,True,1.0,1.0,0.8238321653839855,1.0,1.0,1.0,0.9265967355766606,0
5983,7d296a6ef0955155,True,1.0,1.0,0.9322286302080741,1.0,1.0,1.0,0.9717619292533642,0
5984,7d32ec3f13b9525b,True,1.0,1.0,1.0,1.0,1.0,1.0,1.0,0
5985,7d368be282b85528,True,1.0,1.0,0.9189730312103659,1.0,1.0,1.0,0.9662387630043191,0
5986,7d3779771cae5d94,True,1.0,1.0,1.0,1.0,1.0,1.0,1.0,0
5987,7d399fe8e4335fc3,True,1.0,1.0,0.7792115083983999,1.0,1.0,1.0,0.9080047951660001,0
5988,7d40448fd04e5e28,True,1.0,1.0,1.0,1.0,1.0,1.0,1.0,0
5989,7d423cc4c7b9541a,True,1.0,1.0,1.0,0.0,1.0,1.0,0.5833333333333334,0
5990,7d4c548895955e0d,True,1.0,1.0,0.9253848188247421,1.0,1.0,1.0,0.9689103411769758,0
5991,7d51b80c3aa25109,True,1.0,1.0,0.7020542496712612,1.0,1.0,1.0,0.8758559373630255,0
5992,7d51dcbc514953ea,True,1.0,1.0,0.9714133139471807,1.0,1.0,1.0,0.9880888808113252,0
5993,7d5618d384ac5071,True,1.0,1.0,0.8338717697387115,1.0,1.0,1.0,0.9307799040577964,0
5994,7d59e0ea1e0d524b,True,1.0,1.0,0.6827258459786647,1.0,1.0,1.0,0.8678024358244437,0
5995,7d5f417c01fb5a87,True,1.0,1.0,0.6537330812303487,1.0,1.0,1.0,0.855722117179312,0
5996,7d635921b94555f6,True,1.0,1.0,1.0,0.0,1.0,1.0,0.5833333333333334,0
5997,7d664c7260d45737,True,1.0,1.0,0.961832332540557,1.0,1.0,1.0,0.984096805225232,0
5998,7d66b9b9d4df5fe8,True,0.0,1.0,0.0,0.0,1.0,1.0,0.0,0
5999,7d6a50d3acb55383,True,1.0,1.0,0.9166556440518322,1.0,1.0,1.0,0.9652731850215966,0
6000,7d6c25f47aa658e8,True,1.0,1.0,1.0,1.0,1.0,1.0,1.0,0
6001,7d6f05aa48385ce8,True,1.0,1.0,0.7558787490314416,1.0,1.0,1.0,0.898282812096434,0
6002,7d70562315ff5bc1,True,1.0,1.0,1.0,1.0,1.0,1.0,1.0,0
6003,7d71a7025fde56f3,True,1.0,1.0,0.7467586944735292,1.0,1.0,1.0,0.8944827893639705,0
6004,7d74c894066f5b2c,True,1.0,1.0,1.0,1.0,1.0,1.0,1.0,0
6005,7d74fbed5a8c534c,True,1.0,1.0,0.8478150093516428,1.0,1.0,1.0,0.9365895872298511,0
6006,7d80c95c24645b06,True,1.0,1.0,1.0,1.0,1.0,1.0,1.0,0
6007,7d923c664b7b5dae,True,1.0,1.0,0.9688838891128297,1.0,1.0,1.0,0.9870349537970124,0
6008,7d930b1f5365521f,True,1.0,1.0,1.0,1.0,1.0,1.0,1.0,0
6009,7d9515c88f0254f4,True,1.0,1.0,0.9420973032796998,1.0,1.0,1.0,0.9758738763665415,0
6010,7d966991a14353b3,True,1.0,1.0,0.8385735203009457,0.0,1.0,1.0,0.5160723001253941,0
6011,7d99843a72555dd3,True,1.0,1.0,1.0,1.0,1.0,1.0,1.0,0
6012,7da6ba784b8b5ff0,True,1.0,1.0,0.7566187010206892,1.0,1.0,1.0,0.8985911254252872,0
6013,7da863f64a5f5e90,True,1.0,1.0,0.9638494409891412,1.0,1.0,1.0,0.9849372670788088,0
6014,7da9641127dd514b,True,1.0,1.0,0.7592599762203913,1.0,1.0,1.0,0.8996916567584964,0
6015,7daa0ad6ca5356fc,True,1.0,1.0,1.0,1.0,1.0,1.0,1.0,0
6016,7dac1567fa8d574c,True,1.0,1.0,0.7820742552448098,1.0,1.0,1.0,0.9091976063520041,0
6017,7dacba492564549f,True,1.0,1.0,0.8813692093254911,1.0,1.0,1.0,0.9505705038856213,0
6018,7dae0a8be0545755,True,1.0,1.0,0.8632963170270267,1.0,1.0,1.0,0.9430401320945944,0
6019,7db2c53b0e9e5971,True,1.0,1.0,0.7269631692143504,1.0,1.0,1.0,0.8862346538393128,0
6020,7db6a3bd77405292,True,1.0,1.0,1.0,1.0,1.0,1.0,1.0,0
6021,7db790f4d8965df8,True,1.0,1.0,0.8067976614090204,1.0,1.0,1.0,0.919499025587092,0
6022,7dbe342f2b1c57c5,True,1.0,1.0,0.9138051119323599,1.0,1.0,1.0,0.96408546330515,0
6023,7dc47eb4f41e523d,True,1.0,1.0,1.0,1.0,1.0,1.0,1.0,0
6024,7dd7ec944ff15821,True,1.0,1.0,1.0,1.0,1.0,1.0,1.0,0
6025,7dd9388d605c50a1,True,1.0,1.0,0.850659228271779,1.0,1.0,1.0,0.9377746784465746,0
6026,7dda9e548f79596b,True,1.0,1.0,1.0,1.0,1.0,1.0,1.0,0
6027,7defd0c32cd8546a,True,1.0,1.0,1.0,1.0,1.0,1.0,1.0,0
6028,7df1cd3745675ca9,True,0.0,1.0,0.0,0.0,1.0,1.0,0.0,0
6029,7df960d73e50560b,True,1.0,1.0,1.0,0.0,1.0,1.0,0.5833333333333334,0
6030,7dfae2f3b33a5d6e,True,1.0,1.0,1.0,1.0,1.0,1.0,1.0,0
6031,7dfe5f8b766b5893,True,1.0,1.0,1.0,1.0,1.0,1.0,1.0,0
6032,7e052b9f5ca25531,True,1.0,0.0,0.0,1.0,1.0,1.0,0.0,0
6033,7e082b46989356a4,True,1.0,1.0,1.0,1.0,1.0,1.0,1.0,0
6034,7e134ea5ffa259f2,True,1.0,1.0,0.9692170697217801,1.0,1.0,1.0,0.9871737790507417,0
6035,7e1cc7d77132505a,True,1.0,1.0,1.0,1.0,1.0,1.0,1.0,0
6036,7e21aeb3afc2592b,True,1.0,0.0,0.0,1.0,1.0,1.0,0.0,0
6037,7e238e859ebb5720,True,1.0,1.0,0.8883846798296231,1.0,1.0,1.0,0.9534936165956763,0
6038,7e2675bbae325f36,True,1.0,1.0,0.8847107649671789,1.0,1.0,1.0,0.9519628187363246,0
6039,7e2dc290d51f5137,True,1.0,1.0,0.7183886680569253,1.0,1.0,1.0,0.8826619450237189,0
6040,7e35bd1fea5b50da,True,1.0,1.0,1.0,1.0,1.0,1.0,1.0,0
6041,7e3ae733f7ef5c8f,True,1.0,1.0,0.8017632186591865,1.0,1.0,1.0,0.9174013411079943,0
6042,7e3d6e037fbc506c,True,1.0,1.0,1.0,0.0,1.0,1.0,0.5833333333333334,0
6043,7e5925fce8df5e44,True,1.0,1.0,1.0,1.0,1.0,1.0,1.0,0
6044,7e5bb23808a850ca,True,1.0,1.0,1.0,1.0,1.0,1.0,1.0,0
6045,7e647d942b9f57ed,True,1.0,1.0,1.0,1.0,1.0,1.0,1.0,0
6046,7e6d49b500545236,True,0.0,1.0,0.0,0.0,1.0,1.0,0.0,0
6047,7e7480ffa3aa55a4,True,1.0,1.0,0.7836406017805579,1.0,1.0,1.0,0.9098502507418992,0
6048,7e76a2b3918656f9,True,1.0,1.0,0.62020671407177,1.0,1.0,1.0,0.8417527975299043,0
6049,7e7acb8e97a9520d,True,1.0,1.0,0.8505051010110326,1.0,1.0,1.0,0.937710458754597,0
6050,7e8549121120596a,True,1.0,1.0,1.0,1.0,1.0,1.0,1.0,0
6051,7e862e783690532d,True,1.0,1.0,1.0,1.0,1.0,1.0,1.0,0
6052,7e87b622a4e35128,True,1.0,1.0,0.8483201595346286,1.0,1.0,1.0,0.9368000664727619,0
6053,7e8979818a51520e,True,1.0,1.0,0.9308031224190014,1.0,1.0,1.0,0.9711679676745839,0
6054,7e8b3ed18d295d9c,True,1.0,1.0,1.0,1.0,1.0,1.0,1.0,0
6055,7e8ca7a00f83587d,True,1.0,1.0,0.8919670063392441,1.0,1.0,1.0,0.9549862526413517,0
6056,7e9101f6d01a53e0,True,1.0,1.0,0.5837743519973254,1.0,1.0,1.0,0.8265726466655523,0
6057,7e97cc0349b4590b,True,1.0,1.0,0.9352446424543973,1.0,1.0,1.0,0.9730186010226656,0
6058,7e9f20074e1b5e68,True,1.0,1.0,0.9071671422358127,1.0,1.0,1.0,0.9613196425982554,0
6059,7ea67f197fe25ba7,True,1.0,1.0,0.609041745811923,1.0,1.0,1.0,0.8371007274216345,0
6060,7eab8efaacef55bb,True,1.0,1.0,1.0,1.0,1.0,1.0,1.0,0
6061,7eaba7fa332d55cd,True,1.0,1.0,0.8512998808282164,1.0,1.0,1.0,0.9380416170117568,0
6062,7eb19d771c975618,True,1.0,1.0,0.8763240004761439,1.0,1.0,1.0,0.9484683335317267,0
6063,7eb33ecbb32d5a60,True,1.0,1.0,1.0,1.0,1.0,1.0,1.0,0
6064,7eb4ec2ae9fe5702,True,1.0,1.0,0.759866751780743,1.0,1.0,1.0,0.899944479908643,0
6065,7eb910e54ef55811,True,1.0,1.0,1.0,1.0,1.0,1.0,1.0,0
6066,7ebca95e877a557b,True,1.0,1.0,1.0,1.0,1.0,1.0,1.0,0
6067,7ec8d2521964548f,True,1.0,1.0,0.7549245520337023,1.0,1.0,1.0,0.8978852300140426,0
6068,7ed4005bb9385a16,True,1.0,1.0,0.8750464610833202,1.0,1.0,1.0,0.9479360254513834,0
6069,7ed454741a7f54d5,True,1.0,1.0,0.9114665777001758,1.0,1.0,1.0,0.9631110740417399,0
6070,7ed9d0ca20ac5e2c,True,1.0,1.0,0.9833997603615338,0.0,1.0,1.0,0.5764165668173057,0
6071,7edc6539f71a5a79,True,1.0,1.0,0.886180374739765,1.0,1.0,1.0,0.9525751561415688,0
6072,7edfabe116e25844,True,1.0,1.0,0.8822897452732481,1.0,1.0,1.0,0.95095406053052,0
6073,7ef3374d49a45a86,True,1.0,1.0,0.7187420661629015,1.0,1.0,1.0,0.8828091942345423,1
6074,7ef36a2139b45d9a,True,1.0,1.0,1.0,1.0,1.0,1.0,1.0,1
6075,7ef6481e00005279,True,1.0,1.0,0.8977848711488698,1.0,1.0,1.0,0.9574103629786958,1
6076,7eff17574e8d53d2,True,1.0,1.0,1.0,1.0,1.0,1.0,1.0,1
6077,7effab69ce785772,True,1.0,1.0,1.0,1.0,1.0,1.0,1.0,1
6078,7f002eadb0845994,True,1.0,1.0,0.6750632218651251,1.0,1.0,1.0,0.8646096757771354,1
6079,7f00cbbc74695c32,True,1.0,1.0,1.0,1.0,1.0,1.0,1.0,1
6080,7f02ca014f7253db,True,1.0,1.0,0.8353461899936828,1.0,1.0,1.0,0.9313942458307012,1
6081,7f0309b4cbb85029,True,1.0,1.0,0.8586414840359927,1.0,1.0,1.0,0.9411006183483304,1
6082,7f08b90f7a44554b,True,1.0,1.0,0.7152949579871188,1.0,1.0,1.0,0.8813728991612996,1
6083,7f0cb33eb150567e,True,1.0,1.0,1.0,1.0,1.0,1.0,1.0,1
6084,7f0cd8a968f45cf9,True,1.0,1.0,0.9717142312056993,1.0,1.0,1.0,0.9882142630023747,1
6085,7f163959c6e05719,True,1.0,1.0,1.0,1.0,1.0,1.0,1.0,1
6086,7f19b2fd14435b73,True,1.0,1.0,0.8273915980236325,1.0,1.0,1.0,0.9280798325098468,1
6087,7f1f382094685881,True,1.0,1.0,1.0,1.0,1.0,1.0,1.0,1
6088,7f20b37cfbb7573b,True,1.0,1.0,0.9023360372836567,1.0,1.0,1.0,0.9593066822015236,1
6089,7f2934ac111854f5,True,1.0,1.0,1.0,1.0,1.0,0.5,1.0,1
6090,7f2a06cede325573,True,1.0,1.0,1.0,1.0,1.0,1.0,1.0,1
6091,7f2cd560a3c3528a,True,1.0,1.0,0.8690484106251891,1.0,1.0,1.0,0.9454368377604955,1
6092,7f2edc964c6d5323,True,1.0,1.0,0.8041989371668137,1.0,1.0,1.0,0.9184162238195057,1
6093,7f396948993153fe,True,1.0,1.0,1.0,1.0,1.0,1.0,1.0,1
6094,7f3a478c21ce55f9,True,1.0,1.0,0.8713182148265667,1.0,1.0,1.0,0.9463825895110695,1
6095,7f3ebea7b3415f87,True,1.0,1.0,0.8967006745004941,1.0,1.0,1.0,0.9569586143752059,1
6096,7f47c3fca9075a31,True,1.0,1.0,0.8829400850971971,1.0,1.0,1.0,0.9512250354571655,1
6097,7f54c08f50ef5ace,True,1.0,1.0,0.9141050367037529,1.0,1.0,1.0,0.9642104319598971,1
6098,7f572219da4e5fd4,True,1.0,1.0,1.0,1.0,1.0,1.0,1.0,1
6099,7f5f77992cd859ef,True,1.0,1.0,0.616174664373541,1.0,1.0,1.0,0.8400727768223087,1
6100,7f62e2a838405444,True,1.0,1.0,1.0,1.0,1.0,1.0,1.0,1
6101,7f78c5aac332551d,True,1.0,1.0,1.0,1.0,1.0,1.0,1.0,1
6102,7f86145a2a8a514b,True,1.0,1.0,0.9132448299637378,1.0,1.0,1.0,0.9638520124848907,1
6103,7f890846214d583a,True,1.0,1.0,1.0,1.0,1.0,1.0,1.0,1
6104,7f92403d0c6e5b5d,True,1.0,1.0,1.0,1.0,1.0,1.0,1.0,1
6105,7f93aad83fb15871,True,1.0,1.0,1.0,1.0,1.0,1.0,1.0,1
6106,7f9c22da74d35642,True,1.0,1.0,0.8786393910264378,1.0,1.0,1.0,0.9494330795943492,1
6107,7f9f4661a4875959,True,1.0,1.0,0.7246329161694492,1.0,1.0,1.0,0.8852637150706039,1
6108,7fa02fbd7287526f,True,1.0,1.0,0.9316677169546095,1.0,1.0,1.0,0.971528215397754,1
6109,7fa739c174a55eaa,True,1.0,1.0,0.7975028795279794,1.0,1.0,1.0,0.9156261998033247,1
6110,7fa812aae88d5752,True,1.0,1.0,0.8976398233702981,1.0,1.0,1.0,0.9573499264042908,1
6111,7fad5a0c8cdd5fc4,True,1.0,1.0,1.0,1.0,1.0,1.0,1.0,1
6112,7fae2ae6ad895261,True,1.0,1.0,1.0,1.0,1.0,1.0,1.0,1
6113,7fb1c845280a55aa,True,1.0,1.0,0.89083621621375,1.0,1.0,1.0,0.9545150900890625,1
6114,7fb4ab2c7e8c527f,True,1.0,1.0,1.0,1.0,1.0,1.0,1.0,1
6115,7fb88e704c1a5cca,True,1.0,1.0,1.0,1.0,1.0,1.0,1.0,1
6116,7fbe5b01c5a9525c,True,1.0,1.0,0.8445746371928967,1.0,1.0,1.0,0.9352394321637071,1
6117,7fbe895b20a45dfb,True,1.0,1.0,0.9428449990824295,1.0,1.0,1.0,0.9761854162843456,1
6118,7fc1ce68acb7562c,True,1.0,1.0,0.8846024151339735,1.0,1.0,1.0,0.9519176729724889,1
6119,7fc46d2957805648,True,1.0,1.0,1.0,1.0,1.0,1.0,1.0,1
6120,7fc551e4e0375d00,True,1.0,1.0,0.8318202278415975,1.0,1.0,0.5,0.9299250949339989,1
6121,7fcc4151553a50e8,True,1.0,1.0,1.0,1.0,1.0,1.0,1.0,1
6122,7fcd06d455d55572,True,1.0,1.0,0.6723508549007088,1.0,1.0,1.0,0.8634795228752953,1
6123,7fcd3691c57b5f49,True,1.0,1.0,0.9042610902158437,1.0,1.0,1.0,0.9601087875899349,1
6124,7fcf6a30139b5d3e,True,1.0,1.0,0.8361091658622176,1.0,1.0,1.0,0.9317121524425906,1
6125,7fd8acb62ee556d0,True,1.0,1.0,0.7970231143356599,1.0,1.0,1.0,0.9154262976398583,1
6126,7fd97ff49f5b5761,True,1.0,1.0,0.7494081954378227,1.0,1.0,1.0,0.8955867480990928,1
6127,7fdcd804a7a95b6c,True,1.0,1.0,1.0,1.0,1.0,1.0,1.0,1
6128,7fded53ec049537a,True,1.0,1.0,1.0,1.0,1.0,1.0,1.0,1
6129,7fdfa29d75525f46,True,1.0,1.0,1.0,1.0,1.0,1.0,1.0,1
6130,7feaf6410f1854a8,True,1.0,1.0,1.0,1.0,1.0,1.0,1.0,1
6131,7fef3d49daa652cb,True,1.0,1.0,0.8159017521655622,1.0,1.0,1.0,0.9232923967356509,1
6132,7ff005be930e5ad6,True,1.0,1.0,0.650270663767433,1.0,1.0,1.0,0.8542794432364303,1
6133,7ff27f83a8995932,True,1.0,1.0,0.9755204577739844,1.0,1.0,1.0,0.9898001907391603,1
6134,7ffaa3cf8bf45474,True,1.0,1.0,0.9784229649316932,1.0,1.0,1.0,0.9910095687215389,1
6135,7ffe3cd6cd995118,True,1.0,1.0,1.0,1.0,1.0,1.0,1.0,1
6136,7ffee2481b68517c,True,1.0,1.0,0.7849705668109535,1.0,1.0,0.5,0.9104044028378974,1
6137,8013f74ddcf055db,True,1.0,1.0,0.74915892974337,1.0,1.0,1.0,0.8954828873930708,1
6138,80199eddf2cc590f,True,1.0,1.0,1.0,0.0,1.0,1.0,0.5833333333333334,1
6139,801f4878074a5a59,True,1.0,1.0,0.8226471291875644,1.0,1.0,1.0,0.9261029704948185,1
6140,802ea08c7ae1530a,True,1.0,1.0,1.0,1.0,1.0,1.0,1.0,1
6141,803569f800575929,True,1.0,1.0,0.8968748124607032,1.0,1.0,1.0,0.9570311718586263,1
6142,80386d2e9c215d3b,True,1.0,1.0,0.8392428725942342,1.0,1.0,1.0,0.9330178635809309,1
6143,803addaf65355261,True,1.0,1.0,0.7344355875024366,1.0,1.0,1.0,0.8893481614593486,1
6144,804236dcfffa523e,True,1.0,1.0,0.787294540032838,1.0,1.0,1.0,0.9113727250136825,1
6145,8043aa566aa45878,True,1.0,1.0,0.7671035940669314,1.0,1.0,1.0,0.9029598308612213,1
6146,805158120d1c552e,True,1.0,1.0,1.0,1.0,1.0,1.0,1.0,1
6147,8051c60f20705909,True,1.0,1.0,0.7576632373209385,1.0,1.0,1.0,0.8990263488837243,1
6148,805fed6cba8c5fd3,True,1.0,1.0,0.9798017345805247,1.0,1.0,1.0,0.9915840560752187,1
6149,8060b1342b775188,True,1.0,1.0,0.8476532751625692,1.0,1.0,1.0,0.9365221979844037,1
6150,8062fe1c1def5111,True,1.0,1.0,1.0,1.0,1.0,1.0,1.0,1
6151,8067c4f48fe45421,True,0.0,1.0,0.0,0.0,1.0,1.0,0.0,1
6152,806b014bc8c15160,True,1.0,1.0,1.0,1.0,1.0,1.0,1.0,1
6153,806b0f2b2ade5454,True,1.0,1.0,1.0,1.0,1.0,1.0,1.0,1
6154,80722f66bc3b54c0,True,1.0,1.0,0.8126243763868514,1.0,1.0,1.0,0.9219268234945215,1
6155,8072e0c324205e72,True,1.0,1.0,1.0,1.0,1.0,1.0,1.0,1
6156,80752a827b8253fe,True,1.0,1.0,0.8663815743261741,1.0,1.0,1.0,0.9443256559692393,1
6157,80767d5d26ef52bf,True,1.0,1.0,0.9453357735576638,1.0,1.0,1.0,0.97722323898236,1
6158,80793d56acc15d48,True,1.0,1.0,1.0,1.0,1.0,1.0,1.0,1
6159,807c1ce92e235b11,True,1.0,1.0,1.0,1.0,1.0,1.0,1.0,1
6160,807f6b90b60d5685,True,1.0,1.0,0.8095229408503963,1.0,1.0,1.0,0.9206345586876651,1
6161,8084b4b0d97b5d93,True,1.0,1.0,1.0,1.0,1.0,1.0,1.0,1
6162,808e5edcddce51c3,True,1.0,1.0,0.8576604837473693,1.0,1.0,1.0,0.9406918682280705,1
6163,809107982e485725,True,1.0,1.0,0.7143140360959507,1.0,1.0,1.0,0.8809641817066461,1
6164,80957a180a325353,True,1.0,1.0,1.0,1.0,1.0,1.0,1.0,1
6165,80a22559c9565d0a,True,1.0,1.0,1.0,1.0,1.0,1.0,1.0,1
6166,80a4b14aef3f5a52,True,1.0,1.0,1.0,1.0,1.0,1.0,1.0,1
6167,80a81ca168f454b9,True,1.0,1.0,0.9627323502716193,1.0,1.0,1.0,0.9844718126131747,1
6168,80ad06a7a2975213,True,1.0,1.0,1.0,1.0,1.0,1.0,1.0,1
6169,80ae73dfb4c45e8d,True,1.0,1.0,0.8760243796023689,1.0,1.0,1.0,0.948343491500987,1
6170,80ae852346955098,True,1.0,1.0,0.6894816361601004,1.0,1.0,1.0,0.8706173484000418,1
6171,80b61a3a73f55af9,True,1.0,1.0,0.9840138612433678,1.0,1.0,1.0,0.9933391088514032,1
6172,80bc2d8487e552f1,True,1.0,1.0,1.0,1.0,1.0,1.0,1.0,1
6173,80c159e90ae755f3,True,1.0,1.0,0.842194481008253,1.0,1.0,1.0,0.9342477004201054,1
6174,80c267878c6a54fa,True,1.0,1.0,1.0,1.0,1.0,1.0,1.0,1
6175,80cbc88e2410561e,True,1.0,1.0,0.7780890088491175,1.0,1.0,1.0,0.9075370870204656,1
6176,80d8679b8c215769,True,1.0,1.0,1.0,1.0,1.0,1.0,1.0,1
6177,80dea9d7cb445906,True,1.0,1.0,0.9794204578096316,1.0,1.0,1.0,0.9914251907540131,1
6178,80df9e4f79c65d4d,True,1.0,1.0,0.7723964190997081,1.0,1.0,1.0,0.9051651746248783,1
6179,80ea2a91b1845071,True,1.0,1.0,1.0,1.0,1.0,1.0,1.0,1
6180,80f6c94fed0c5519,True,1.0,1.0,0.8692463078150496,1.0,1.0,1.0,0.9455192949229373,1
6181,80fb7c16b92856a3,True,1.0,1.0,0.6636443367832768,1.0,1.0,1.0,0.859851806993032,1
6182,80fc476837d9530d,True,1.0,1.0,0.9364639134462163,1.0,1.0,1.0,0.9735266306025901,1
6183,80fdf1c45abd5c48,True,1.0,1.0,0.7530323153344334,1.0,1.0,1.0,0.8970967980560139,1
6184,810b73ca95975db9,True,1.0,1.0,1.0,1.0,1.0,1.0,1.0,1
6185,81102abfeaa25562,True,1.0,1.0,0.8736117531127755,1.0,1.0,1.0,0.9473382304636564,1
6186,8113ea1b58245172,True,1.0,1.0,0.7568498259728017,1.0,1.0,1.0,0.8986874274886674,1
6187,81161847b27b5bad,True,1.0,1.0,0.7700929728757088,1.0,1.0,1.0,0.9042054053648787,1
6188,8118acf21ab154f7,True,1.0,1.0,0.8578577299530629,1.0,1.0,1.0,0.9407740541471096,1
6189,812464919a4f5362,True,1.0,1.0,0.7911630614416272,1.0,1.0,1.0,0.9129846089340113,1
6190,8127022f9d745e8c,True,1.0,1.0,1.0,1.0,1.0,1.0,1.0,1
6191,8128635441b358c4,True,1.0,1.0,0.9222179669868297,1.0,1.0,1.0,0.9675908195778457,1
6192,81286af2aa9c5e17,True,1.0,1.0,0.6401146921160576,1.0,1.0,1.0,0.8500477883816906,1
6193,812a8e70ad07507d,True,1.0,1.0,0.9646593064379171,1.0,1.0,1.0,0.9852747110157988,1
6194,812b2b639eb759f4,True,1.0,1.0,0.9281504446930872,1.0,1.0,1.0,0.9700626852887863,1
6195,812d49975bf357fc,True,1.0,1.0,0.8343808124661155,1.0,1.0,1.0,0.9309920051942148,1
6196,812dd82ab5fb5742,True,1.0,1.0,0.7601175384557406,1.0,1.0,1.0,0.9000489743565586,1
6197,81353cb7d48a5728,True,1.0,1.0,0.8046593912697314,1.0,1.0,1.0,0.9186080796957214,1
6198,8135a67aa74e586c,True,1.0,1.0,0.8357252115247019,1.0,1.0,1.0,0.9315521714686259,1
6199,81410acd84c0516a,True,1.0,1.0,1.0,1.0,1.0,1.0,1.0,1
6200,81464a4119075069,True,1.0,1.0,0.876236662280948,1.0,1.0,1.0,0.9484319426170617,1
6201,814a2807af5f51f7,True,1.0,1.0,0.9785543349228678,1.0,1.0,1.0,0.9910643062178616,1
6202,814b5e08c20e57af,True,1.0,1.0,1.0,1.0,1.0,1.0,1.0,1
6203,814c6b482fd850ab,True,1.0,1.0,0.9432627303565574,1.0,1.0,1.0,0.9763594709818989,1
6204,814e85810b7757bb,True,1.0,1.0,0.9239694727560835,1.0,1.0,1.0,0.9683206136483681,1
6205,815153cb27f95a7c,True,1.0,0.0,0.0,1.0,1.0,1.0,0.0,1
6206,8153e70fc0545d5a,True,1.0,1.0,0.6869227203438586,1.0,1.0,1.0,0.8695511334766076,1
6207,815422a6d14358fc,True,1.0,1.0,1.0,1.0,1.0,1.0,1.0,1
6208,815565a62f775c7c,True,1.0,1.0,0.5914562244174951,1.0,1.0,1.0,0.829773426840623,1
6209,815ff18b70a75b8f,True,1.0,1.0,0.8141245706349957,1.0,1.0,1.0,0.9225519044312481,1
6210,8164612a623156ae,True,1.0,1.0,1.0,1.0,1.0,1.0,1.0,1
6211,8166c5e0f62a5a19,True,1.0,1.0,0.9828548621638343,1.0,1.0,1.0,0.9928561925682643,1
6212,816a869e91ae5d17,True,1.0,1.0,1.0,1.0,1.0,1.0,1.0,1
6213,816c515aa3dc5462,True,1.0,1.0,0.9615325000471976,1.0,1.0,1.0,0.9839718750196657,1
6214,8172f888cc1f5c0f,True,1.0,1.0,0.7642595390650478,1.0,1.0,1.0,0.9017748079437699,1
6215,8179a26d74615228,True,1.0,1.0,0.9042305992820653,1.0,1.0,1.0,0.9600960830341938,1
6216,817f460a4ad7577a,True,1.0,1.0,1.0,0.0,1.0,1.0,0.5833333333333334,1
6217,8181a3050dfa51b4,True,1.0,1.0,0.7669520328945311,1.0,1.0,1.0,0.9028966803727213,1
6218,8183cdc6ff5a5726,True,1.0,1.0,0.8825723605455942,1.0,1.0,1.0,0.9510718168939976,1
6219,8187be48a9d95d91,True,1.0,1.0,0.9294550174030742,1.0,1.0,1.0,0.9706062572512809,1
6220,81917c1e1a9b5cdc,True,1.0,1.0,1.0,1.0,1.0,1.0,1.0,1
6221,81935f2cb7d45945,True,1.0,1.0,0.9247870568545254,1.0,1.0,1.0,0.9686612736893855,1
6222,81997d01d8f65c19,True,1.0,1.0,0.9813715193689297,1.0,1.0,1.0,0.9922381330703874,1
6223,8199bcc7c60a521c,True,1.0,1.0,0.8695011492259781,1.0,1.0,1.0,0.9456254788441575,1
6224,819d34b59e6159ad,True,1.0,1.0,1.0,1.0,1.0,1.0,1.0,1
6225,819d4bdcb0855118,True,1.0,0.0,0.0,1.0,1.0,1.0,0.0,1
6226,81a0a6181d335250,True,1.0,1.0,1.0,0.0,1.0,1.0,0.5833333333333334,1
6227,81a473b817565cb9,True,1.0,1.0,0.793422240624304,1.0,1.0,1.0,0.9139259335934601,1
6228,81a726148d245594,True,1.0,1.0,1.0,0.0,1.0,1.0,0.5833333333333334,1
6229,81aa7cde0f3f5b68,True,1.0,1.0,1.0,1.0,1.0,1.0,1.0,1
6230,81ac4c9af9ea5562,True,1.0,1.0,0.922472500279151,1.0,1.0,1.0,0.9676968751163129,1
6231,81b16700f22d5688,True,1.0,1.0,1.0,1.0,1.0,1.0,1.0,1
6232,81b86d3bfe9758ac,True,1.0,1.0,0.8013422744915977,1.0,1.0,1.0,0.9172259477048325,1
6233,81b89c24f6a5579f,True,1.0,1.0,0.8240787833047838,1.0,1.0,1.0,0.92669949304366,1
6234,81b8a8b98a655f0f,True,1.0,1.0,1.0,1.0,1.0,1.0,1.0,1
6235,81ba62d61b225021,True,1.0,1.0,1.0,1.0,1.0,1.0,1.0,1
6236,81c5dc6459f75000,True,1.0,1.0,1.0,1.0,1.0,1.0,1.0,1
6237,81c70798936b5140,True,1.0,1.0,1.0,1.0,1.0,1.0,1.0,1
6238,81d6a870aab05080,True,1.0,1.0,0.8925406183020904,1.0,1.0,1.0,0.955225257625871,1
6239,81d893bd99de519b,True,1.0,1.0,1.0,1.0,1.0,1.0,1.0,1
6240,81de41d688185082,True,1.0,1.0,0.8853285156971121,1.0,1.0,1.0,0.9522202148737967,1
6241,81e0ac3869b95ef4,True,1.0,1.0,1.0,1.0,1.0,1.0,1.0,1
6242,81e0cc64152b5264,True,1.0,1.0,1.0,1.0,1.0,1.0,1.0,1
6243,81e5ddc060675e0b,True,1.0,1.0,1.0,0.0,1.0,1.0,0.5833333333333334,1
6244,81e7354de4e35a97,True,1.0,1.0,0.8012953200928088,1.0,1.0,1.0,0.9172063833720037,1
6245,81f1c631c7325b0f,True,0.0,1.0,0.0,0.0,1.0,1.0,0.0,1
6246,81f49ac925aa5781,True,1.0,1.0,1.0,1.0,1.0,1.0,1.0,1
6247,81f6d1d0bc835cb3,True,1.0,1.0,0.9961689263975072,1.0,1.0,1.0,0.9984037193322948,1
6248,820636c082c1539b,True,1.0,1.0,0.9178465642246908,1.0,1.0,1.0,0.9657694017602877,1
6249,8208f7794645559d,True,1.0,1.0,1.0,1.0,1.0,1.0,1.0,1
6250,8209b6700b535e8e,True,1.0,0.0,0.0,0.0,1.0,1.0,0.0,1
6251,820e9a9314405b62,True,1.0,1.0,1.0,1.0,1.0,1.0,1.0,1
6252,8220631d2c6a52f4,True,1.0,1.0,1.0,1.0,1.0,1.0,1.0,1
6253,82226888c99e531c,True,1.0,1.0,1.0,0.0,1.0,1.0,0.5833333333333334,1
6254,8224a14715c2577b,True,1.0,1.0,0.8501815480523095,1.0,1.0,1.0,0.9375756450217957,1
6255,8227648b1da95adb,True,1.0,1.0,0.866003493893937,1.0,1.0,1.0,0.9441681224558071,1
6256,82291c12e1485f32,True,1.0,0.0,0.0,1.0,1.0,1.0,0.0,1
6257,822d92ab3f13502b,True,1.0,1.0,1.0,1.0,1.0,1.0,1.0,1
6258,8237f47b224952b4,True,1.0,1.0,0.9981188440298906,1.0,1.0,1.0,0.9992161850124545,1
6259,8239fb2f8d705dea,True,1.0,1.0,0.8364554166578105,1.0,1.0,1.0,0.931856423607421,1
6260,823f87e2960853d9,True,1.0,1.0,0.9051864457665707,1.0,1.0,1.0,0.9604943524027378,1
6261,824944b52b98552b,True,1.0,1.0,0.9606579074138298,1.0,1.0,1.0,0.9836074614224292,1
6262,824cd4fff1e25cb4,True,1.0,1.0,0.8258191707710457,1.0,1.0,1.0,0.9274246544879358,1
6263,82521f61cf965167,True,1.0,1.0,0.4615389189003258,1.0,1.0,1.0,0.7756412162084692,1
6264,825269c866465320,True,1.0,1.0,0.9005921645490538,1.0,1.0,1.0,0.9585800685621058,1
6265,82531fc4fe8f5a26,True,1.0,1.0,1.0,1.0,1.0,1.0,1.0,1
6266,82551627c2415e8e,True,1.0,0.0,0.0,1.0,1.0,1.0,0.0,1
6267,825663ce94fe5df1,True,1.0,1.0,0.7409148552800808,1.0,1.0,1.0,0.8920478563667004,1
6268,826112ca75e750af,True,1.0,1.0,1.0,1.0,1.0,1.0,1.0,1
6269,826b4daba60a5648,True,1.0,1.0,0.5567303600382735,1.0,1.0,1.0,0.815304316682614,1
6270,828b1011212253c6,True,1.0,1.0,1.0,1.0,1.0,1.0,1.0,1
6271,828cf870f41a50ed,True,1.0,1.0,0.9590417228981151,1.0,1.0,1.0,0.9829340512075481,1
6272,8294a047fcda5698,True,1.0,1.0,0.7703899259018705,1.0,1.0,1.0,0.904329135792446,1
6273,8299207e310b595e,True,1.0,1.0,0.8758473451724172,1.0,1.0,1.0,0.9482697271551738,1
6274,829e3a1622565a63,True,1.0,1.0,0.7281117645744138,1.0,1.0,1.0,0.8867132352393391,1
6275,82ab50d6b3ef5a43,True,1.0,1.0,0.9194409283441072,1.0,1.0,1.0,0.966433720143378,1
6276,82ab6983691a5599,True,1.0,1.0,1.0,1.0,1.0,1.0,1.0,1
6277,82b1cb7113515dfb,True,1.0,1.0,1.0,1.0,1.0,1.0,1.0,1
6278,82b3e6e3bfa15ecf,True,1.0,1.0,0.6689451078130688,1.0,1.0,1.0,0.8620604615887787,1
6279,82b415fbbc725562,True,1.0,1.0,1.0,1.0,1.0,1.0,1.0,1
6280,82b52ede639d544d,True,1.0,1.0,1.0,1.0,1.0,1.0,1.0,1
6281,82b8033d05e355f1,True,1.0,1.0,1.0,1.0,1.0,1.0,1.0,1
6282,82ba424ca77e5a4a,True,1.0,1.0,0.6765972395080516,1.0,1.0,1.0,0.8652488497950216,1
6283,82bebb2c1ca55736,True,1.0,1.0,0.9892602794046013,1.0,1.0,1.0,0.9955251164185839,1
6284,82c913dd14e05a84,True,1.0,1.0,1.0,0.0,1.0,1.0,0.5833333333333334,1
6285,82c9641923725260,True,1.0,1.0,1.0,1.0,1.0,1.0,1.0,1
6286,82cd122751085a80,True,1.0,1.0,1.0,1.0,1.0,1.0,1.0,1
6287,82cd87ad4f1d5969,True,1.0,1.0,1.0,1.0,1.0,1.0,1.0,1
6288,82e1485de4fa5b71,True,1.0,1.0,0.7032431948133264,1.0,1.0,1.0,0.8763513311722194,1
6289,82e565141eb55f88,True,1.0,1.0,1.0,1.0,1.0,1.0,1.0,1
6290,82e6bac5509d5471,True,1.0,1.0,0.7790526327901954,1.0,1.0,1.0,0.9079385969959147,1
6291,82e84851ea985ba8,True,1.0,1.0,1.0,1.0,1.0,1.0,1.0,1
6292,82ee38a271b15bb1,True,0.0,1.0,0.0,0.0,1.0,1.0,0.0,1
6293,82ef8b099fb55f0c,True,1.0,1.0,1.0,1.0,1.0,1.0,1.0,1
6294,82f70d5f3a11576d,True,1.0,1.0,0.881181188122544,1.0,1.0,1.0,0.9504921617177265,1
6295,82fd7dab2b6b5101,True,1.0,1.0,0.9506206947635975,1.0,1.0,1.0,0.9794252894848322,1
6296,83158ad924fc506c,True,1.0,1.0,1.0,1.0,1.0,1.0,1.0,1
6297,8317ed430d8e50c3,True,1.0,1.0,1.0,1.0,1.0,1.0,1.0,1
6298,831a14b3c0bb5c50,True,1.0,1.0,0.940552564916651,1.0,1.0,1.0,0.9752302353819379,1
6299,831e535bf528567d,True,1.0,1.0,1.0,1.0,1.0,1.0,1.0,1
6300,83212ddd15375812,True,1.0,1.0,1.0,1.0,1.0,1.0,1.0,1
6301,8322121dbb82511f,True,1.0,1.0,0.9689269478602508,1.0,1.0,1.0,0.9870528949417712,1
6302,83242e2595a85111,True,1.0,1.0,1.0,1.0,1.0,1.0,1.0,1
6303,83280d03b9995f85,True,1.0,1.0,0.9199135326349887,1.0,1.0,1.0,0.9666306385979119,1
6304,83291306454c5e84,True,1.0,1.0,0.8277069587392634,1.0,1.0,1.0,0.9282112328080263,1
6305,833189ada8fa5ba2,True,1.0,1.0,1.0,1.0,1.0,1.0,1.0,1
6306,833545ff73da5eb5,True,1.0,1.0,1.0,1.0,1.0,0.0,1.0,1
6307,83472e2adb545cd5,True,1.0,1.0,1.0,1.0,1.0,1.0,1.0,1
6308,834a23e3dd25542c,True,1.0,1.0,0.8481892855984118,1.0,1.0,1.0,0.9367455356660049,1
6309,834a7c22e2c55c71,True,1.0,1.0,0.677499711255204,1.0,1.0,1.0,0.8656248796896683,1
6310,834cf95826ec5c73,True,1.0,1.0,0.8429819619284705,1.0,1.0,1.0,0.9345758174701961,1
6311,8350f9ff4dcf5e4b,True,1.0,1.0,1.0,1.0,1.0,1.0,1.0,1
6312,8354786ba35c5440,True,1.0,1.0,0.8908082652615827,1.0,1.0,1.0,0.9545034438589929,1
6313,835d02f9df8d5117,True,1.0,1.0,1.0,1.0,1.0,1.0,1.0,1
6314,835d1fae4f5b5e45,True,1.0,1.0,0.9109240792758162,1.0,1.0,1.0,0.96288503303159,1
6315,8362f66ef1aa51b1,True,1.0,1.0,0.8629386155435322,1.0,1.0,1.0,0.942891089809805,1
6316,8364af67153a5193,True,1.0,1.0,0.8445825030784302,1.0,1.0,1.0,0.9352427096160126,1
6317,836615f5978b56e5,True,1.0,1.0,1.0,0.0,1.0,1.0,0.5833333333333334,1
6318,83671631057f50a4,True,0.0,1.0,0.0,0.0,1.0,1.0,0.0,1
6319,8367526c1c4c5bfd,True,1.0,1.0,1.0,1.0,1.0,1.0,1.0,1
6320,8371ac42ba585d35,True,1.0,1.0,0.8569411894373368,1.0,1.0,1.0,0.940392162265557,1
6321,8379e27735535cc1,True,1.0,1.0,0.9404406402549574,1.0,1.0,1.0,0.9751836001062323,1
6322,837ce609a8ec58e9,True,1.0,1.0,0.9910712875837113,1.0,1.0,1.0,0.9962797031598797,1
6323,83873a51bef051ac,True,1.0,1.0,0.8698909144640693,1.0,1.0,1.0,0.9457878810266956,1
6324,838caf9ffb875248,True,1.0,1.0,0.7884127568800372,1.0,1.0,1.0,0.9118386487000155,1
6325,8390620a5e745bfa,True,1.0,1.0,0.8090999734496979,1.0,1.0,1.0,0.9204583222707075,1
6326,839206ee819e582f,True,1.0,1.0,0.9678091628992039,1.0,1.0,1.0,0.9865871512080017,1
6327,8396adcdedb55337,True,1.0,1.0,0.6239418441955942,1.0,1.0,1.0,0.8433091017481642,1
6328,83a4e663032f5c9a,True,1.0,1.0,0.5331829443794541,1.0,1.0,1.0,0.8054928934914392,1
6329,83a4f915caf15aca,True,1.0,1.0,1.0,1.0,1.0,1.0,1.0,1
6330,83a9fe7e03fd5755,True,1.0,1.0,0.6134262304610328,1.0,1.0,1.0,0.8389275960254303,1
6331,83aba0a1454c59e4,True,1.0,1.0,1.0,1.0,1.0,1.0,1.0,1
6332,83b2e42ed5eb568f,True,1.0,1.0,1.0,1.0,1.0,1.0,1.0,1
6333,83b935eff1815935,True,1.0,1.0,0.9231721319997565,1.0,1.0,1.0,0.9679883883332319,1
6334,83be5aa78f7652de,True,1.0,1.0,1.0,1.0,1.0,1.0,1.0,1
6335,83c72c93de355a6b,True,1.0,1.0,1.0,0.0,1.0,1.0,0.5833333333333334,1
6336,83c7a6c3c0b15b36,True,1.0,1.0,0.998551850519565,1.0,1.0,1.0,0.999396604383152,1
6337,83cb0b794de45f7e,True,1.0,1.0,0.8308602967181455,1.0,1.0,1.0,0.9295251236325607,1
6338,83d03e995ce55e9b,True,1.0,1.0,1.0,0.0,1.0,1.0,0.5833333333333334,1
6339,83d3fda04c1f57bd,True,1.0,1.0,1.0,1.0,1.0,1.0,1.0,1
6340,83d8368f99cb5470,True,1.0,1.0,0.6956648327108655,1.0,1.0,1.0,0.873193680296194,1
6341,83d9a73b7a3650c7,True,1.0,1.0,0.8329058762892811,1.0,1.0,1.0,0.9303774484538673,1
6342,83dd1484eb265a3c,True,1.0,1.0,1.0,1.0,1.0,1.0,1.0,1
6343,83e42a2487695ac5,True,1.0,1.0,0.732904817893896,1.0,1.0,1.0,0.8887103407891234,1
6344,83e71223f25a5137,True,1.0,1.0,0.7516796319879618,1.0,1.0,1.0,0.896533179994984,1
6345,83e895f722575452,True,1.0,0.0,0.0,1.0,1.0,1.0,0.0,1
6346,83ec4461559c5388,True,1.0,1.0,1.0,1.0,1.0,1.0,1.0,1
6347,83f2ecc101925a5d,True,1.0,1.0,1.0,1.0,1.0,1.0,1.0,1
6348,83f9ceae9dad56d9,True,1.0,0.0,0.0,1.0,1.0,1.0,0.0,1
6349,83fd1c194c0c5441,True,1.0,1.0,0.7205446149270851,1.0,1.0,1.0,0.8835602562196189,1
6350,840d3a1a7a935536,True,1.0,1.0,0.9924128436044773,1.0,1.0,1.0,0.996838684835199,1
6351,840de743ab1c50cc,True,1.0,1.0,0.8386217644995926,1.0,1.0,1.0,0.9327590685414968,1
6352,840f4e28181e53d9,True,1.0,1.0,0.9418417042050011,1.0,1.0,1.0,0.9757673767520837,1
6353,84136b2623ef5618,True,1.0,1.0,0.87236892738302,1.0,1.0,1.0,0.9468203864095917,1
6354,8413eaf2b8e45e3b,True,1.0,1.0,0.8564050711064597,1.0,1.0,1.0,0.9401687796276915,1
6355,841f506a559f534f,True,1.0,1.0,1.0,1.0,1.0,1.0,1.0,1
6356,84204f2655e4500b,True,1.0,1.0,1.0,1.0,1.0,1.0,1.0,1
6357,8429a35187bb5c08,True,1.0,1.0,1.0,1.0,1.0,1.0,1.0,1
6358,842c341a579a525e,True,1.0,1.0,1.0,1.0,1.0,1.0,1.0,1
6359,842d40cd41cf56e8,True,1.0,1.0,0.7940566174848293,1.0,1.0,1.0,0.9141902572853455,1
6360,8430e9ba6d395dd2,True,1.0,1.0,0.8252772059650978,1.0,1.0,1.0,0.9271988358187908,1
6361,84358d0871db53dc,True,1.0,1.0,1.0,1.0,1.0,1.0,1.0,1
6362,8436ac812af859df,True,1.0,1.0,1.0,1.0,1.0,1.0,1.0,1
6363,8439357bbb005600,True,1.0,1.0,0.7190392399398626,1.0,1.0,1.0,0.8829330166416094,1
6364,84409129e8075bca,True,1.0,1.0,1.0,1.0,1.0,1.0,1.0,1
6365,84431cd14c765efc,True,1.0,1.0,1.0,1.0,1.0,1.0,1.0,1
6366,844760894a04505a,True,1.0,1.0,1.0,0.0,1.0,1.0,0.5833333333333334,1
6367,844da9644e225af5,True,1.0,1.0,1.0,0.0,1.0,1.0,0.5833333333333334,1
6368,8451437af5ba59ea,True,1.0,1.0,0.8109610475180837,1.0,1.0,0.0,0.9212337697992016,1
6369,845cd9cda6335f6b,True,1.0,1.0,0.7457006414370403,1.0,1.0,1.0,0.8940419339321002,1
6370,846863e9cd7059c5,True,1.0,1.0,1.0,1.0,1.0,1.0,1.0,1
6371,8470627d628e55f6,True,1.0,1.0,0.8016673430073674,1.0,1.0,1.0,0.9173613929197364,1
6372,8470cdca41255e20,True,1.0,1.0,1.0,1.0,1.0,1.0,1.0,1
6373,847432a116d35db0,True,1.0,1.0,1.0,1.0,1.0,1.0,1.0,1
6374,84765426fd0a5a99,True,1.0,1.0,0.5999016395781757,1.0,1.0,1.0,0.8332923498242399,1
6375,847ac59d6cce5bc4,True,1.0,1.0,0.8323191040463662,1.0,1.0,1.0,0.9301329600193192,1
6376,8486dcafaee75d76,True,1.0,1.0,1.0,1.0,1.0,1.0,1.0,1
6377,84876bb274165ade,True,1.0,1.0,0.9994889337719308,1.0,1.0,1.0,0.9997870557383045,1
6378,84a6257839b65f93,True,1.0,1.0,0.8917903897013043,1.0,1.0,1.0,0.9549126623755434,1
6379,84a6ca68a66e536a,True,1.0,1.0,1.0,1.0,1.0,1.0,1.0,1
6380,84a763e08d2c5ac6,True,1.0,1.0,1.0,1.0,1.0,1.0,1.0,1
6381,84a832f4cdbc5aef,True,1.0,1.0,1.0,1.0,1.0,1.0,1.0,1
6382,84aa4100e3cc59c4,True,1.0,1.0,1.0,0.0,1.0,1.0,0.5833333333333334,1
6383,84aade0568085ba5,True,1.0,1.0,1.0,1.0,1.0,1.0,1.0,1
6384,84ad97e1c9c85d4e,True,1.0,1.0,0.7814312967755752,1.0,1.0,1.0,0.9089297069898231,1
6385,84b38cdaa93e5dcd,True,1.0,1.0,0.7443896496434823,1.0,1.0,1.0,0.893495687351451,1
6386,84b69613f5e6551c,True,1.0,1.0,0.783257516679256,1.0,1.0,1.0,0.9096906319496899,1
6387,84c2b46556315af6,True,1.0,1.0,0.9017416441405972,1.0,1.0,1.0,0.9590590183919154,1
6388,84cd08b147745635,True,1.0,1.0,1.0,1.0,1.0,1.0,1.0,1
6389,84d0b82110465b43,True,1.0,1.0,0.9844698913295715,1.0,1.0,1.0,0.9935291213873215,1
6390,84d10a502c1b5a74,True,1.0,1.0,1.0,0.0,1.0,1.0,0.5833333333333334,1
6391,84e16f3286255759,True,1.0,1.0,0.7193312858295317,1.0,1.0,1.0,0.8830547024289714,1
6392,84e5eb12cb6e54a6,True,1.0,1.0,0.9332754685941191,1.0,1.0,1.0,0.9721981119142162,1
6393,84ec7e450e205d8f,True,1.0,1.0,0.9959250516726262,0.0,1.0,1.0,0.5816354381969276,1
6394,84ed0a5827f656d8,True,1.0,1.0,0.848398725187875,1.0,1.0,1.0,0.9368328021616147,1
6395,84fc6d5788a95edd,True,1.0,0.0,0.0,1.0,1.0,0.0,0.0,1
6396,85005d733df9577f,True,1.0,1.0,1.0,1.0,1.0,1.0,1.0,1
6397,85028441255156b3,True,1.0,1.0,0.9039726215925402,1.0,1.0,1.0,0.959988592330225,1
6398,850551ecc7a35ebf,True,1.0,1.0,1.0,1.0,1.0,1.0,1.0,1
6399,850f844463075fb3,True,1.0,1.0,1.0,1.0,1.0,1.0,1.0,1
6400,850fd96a46b25445,True,1.0,1.0,0.8431283296816248,1.0,1.0,1.0,0.9346368040340103,1
6401,85159c024a355d8d,True,1.0,1.0,0.9486271210437075,1.0,1.0,1.0,0.9785946337682114,1
6402,85164858b3e55841,True,1.0,1.0,0.8565438439281676,1.0,1.0,1.0,0.9402266016367365,1
6403,85185d3ba8b35890,True,1.0,1.0,1.0,1.0,1.0,1.0,1.0,1
6404,851a15966923546b,True,1.0,1.0,1.0,1.0,1.0,1.0,1.0,1
6405,851ef663a5775acd,True,1.0,1.0,1.0,1.0,1.0,1.0,1.0,1
6406,852255373f315fb6,True,1.0,1.0,0.8947042306494598,1.0,1.0,1.0,0.9561267627706083,1
6407,85229d62b0965482,True,1.0,1.0,0.8135513395886721,1.0,1.0,1.0,0.9223130581619466,1
6408,85406e57732a5121,True,1.0,1.0,0.9851455931714983,1.0,1.0,1.0,0.9938106638214577,1
6409,854521fe3b945040,True,1.0,1.0,1.0,1.0,1.0,1.0,1.0,1
6410,85482a4d20fd5eac,True,1.0,1.0,0.9037014628453194,1.0,1.0,1.0,0.9598756095188831,1
6411,8551111013245067,True,1.0,1.0,1.0,1.0,1.0,1.0,1.0,1
6412,8551466c8066505e,True,1.0,1.0,0.8945575125006825,1.0,1.0,1.0,0.9560656302086178,1
6413,85570db66d605000,True,1.0,1.0,0.7972261799398598,1.0,1.0,1.0,0.915510908308275,1
6414,8560e670c7865e3f,True,1.0,1.0,1.0,1.0,1.0,1.0,1.0,1
6415,8562e5f582e251cf,True,0.0,1.0,0.0,0.0,1.0,1.0,0.0,1
6416,8564551c362e5f26,True,1.0,1.0,0.9563536303005319,1.0,1.0,1.0,0.9818140126252217,1
6417,85649e978e60550d,True,1.0,1.0,0.7945398229222767,1.0,1.0,1.0,0.914391592884282,1
6418,8569121235665be9,True,1.0,1.0,0.9934242158577484,1.0,1.0,1.0,0.9972600899407285,1
6419,8580d0bf545b5261,True,1.0,1.0,0.7738517518330627,1.0,1.0,1.0,0.9057715632637761,1
6420,85865789fb545e3c,True,1.0,1.0,1.0,1.0,1.0,1.0,1.0,1
6421,85936ccd1b405f4c,True,1.0,1.0,1.0,1.0,1.0,1.0,1.0,1
6422,859b85899c105afc,True,1.0,1.0,1.0,1.0,1.0,1.0,1.0,1
6423,859dea9ce9215b47,True,1.0,1.0,0.8046903446176361,1.0,1.0,1.0,0.9186209769240151,1
6424,85a5db2b47125f31,True,1.0,1.0,1.0,1.0,1.0,1.0,1.0,1
6425,85a89a122095548d,True,1.0,1.0,0.8668526652322304,1.0,1.0,1.0,0.9445219438467626,1
6426,85aaf087e6fe54ee,True,1.0,1.0,0.9154251148183532,1.0,1.0,0.5,0.9647604645076472,1
6427,85ab290d4e535060,True,1.0,1.0,1.0,1.0,1.0,1.0,1.0,1
6428,85adece1f9d55cc6,True,1.0,1.0,0.7703481634336563,1.0,1.0,1.0,0.9043117347640234,1
6429,85b1968fa2fd5552,True,1.0,1.0,1.0,1.0,1.0,1.0,1.0,1
6430,85b2b3fc929a5800,True,1.0,1.0,0.9020906403815865,1.0,1.0,1.0,0.9592044334923276,1
6431,85b599a5e238576a,True,1.0,1.0,0.881838999465178,1.0,1.0,0.0,0.9507662497771575,1
6432,85c0017516e95fdc,True,1.0,1.0,1.0,1.0,1.0,1.0,1.0,1
6433,85c5f81a8dec5628,True,1.0,1.0,0.9870137519534775,1.0,1.0,1.0,0.994589063313949,1
6434,85cdfd35b2cb5692,True,1.0,1.0,0.911899879566943,1.0,1.0,1.0,0.9632916164862263,1
6435,85da27c3381e5e63,True,1.0,1.0,0.8568762231725249,1.0,1.0,1.0,0.940365092988552,1
6436,85dba97943515cbd,True,1.0,1.0,0.7558130625230791,1.0,1.0,1.0,0.8982554427179497,1
6437,85dd82b1048e5509,True,1.0,1.0,0.6986676882755453,1.0,1.0,1.0,0.8744448701148105,1
6438,85ee18c706cf5966,True,1.0,1.0,1.0,1.0,1.0,1.0,1.0,1
6439,85f25c14e0125133,True,1.0,1.0,0.8579678037167688,1.0,1.0,1.0,0.9408199182153204,1
6440,86018dbae1485c1c,True,1.0,1.0,1.0,1.0,1.0,1.0,1.0,1
6441,8601b9cf8c6852f3,True,1.0,1.0,0.8762586742072116,1.0,1.0,1.0,0.9484411142530048,1
6442,86027694aed550bd,True,1.0,1.0,1.0,1.0,1.0,1.0,1.0,1
6443,860be3b6be785f37,True,1.0,1.0,0.9150613415228894,1.0,1.0,1.0,0.9646088923012041,1
6444,8611c130815150a7,True,1.0,1.0,1.0,1.0,1.0,1.0,1.0,1
6445,8612b2c9d3875ac2,True,1.0,1.0,1.0,1.0,1.0,1.0,1.0,1
6446,8615a4df3a525ccc,True,1.0,1.0,0.8871184291863062,1.0,1.0,1.0,0.952966012160961,1
6447,861805c4ff585f84,True,1.0,1.0,1.0,1.0,1.0,1.0,1.0,1
6448,861984dda2c458ee,True,1.0,1.0,1.0,1.0,1.0,1.0,1.0,1
6449,861c55d61243570c,True,1.0,1.0,1.0,1.0,1.0,1.0,1.0,1
6450,862378e4a52553be,True,1.0,1.0,0.8786152632977695,1.0,1.0,0.5,0.9494230263740707,1
6451,8625ec015e075c02,True,1.0,1.0,0.7845419837626455,1.0,1.0,1.0,0.910225826567769,1
6452,8628470b20555c1d,True,1.0,1.0,0.9314901833988565,1.0,1.0,1.0,0.9714542430828569,1
6453,862ca192b71f5d93,True,1.0,1.0,1.0,1.0,1.0,1.0,1.0,1
6454,862e27b57f9d50ac,True,1.0,1.0,0.7911036594997741,1.0,1.0,1.0,0.9129598581249058,1
6455,8635c0dd984c51f3,True,1.0,1.0,1.0,1.0,1.0,1.0,1.0,1
6456,8636c755aabe5792,True,1.0,1.0,1.0,1.0,1.0,1.0,1.0,1
6457,863e343b2fe45cc1,True,1.0,1.0,0.8978696169552989,1.0,1.0,1.0,0.9574456737313746,1
6458,8647866881f3587e,True,1.0,1.0,0.6736303091100068,1.0,1.0,0.5,0.8640126287958362,1
6459,864977c14b9754eb,True,1.0,1.0,0.8523990940104637,1.0,1.0,1.0,0.9384996225043599,1
6460,864b2d366f575b14,True,1.0,1.0,1.0,1.0,1.0,1.0,1.0,1
6461,864e62539b8c58f9,True,1.0,1.0,0.7257258834358482,1.0,1.0,1.0,0.8857191180982701,1
6462,865033089cfd5288,True,1.0,1.0,0.8091521916667298,1.0,1.0,1.0,0.9204800798611373,1
6463,8651cc01649b5d5b,True,1.0,1.0,0.7597460021079447,1.0,1.0,1.0,0.8998941675449771,1
6464,86536c24d4805ac7,True,1.0,1.0,1.0,1.0,1.0,1.0,1.0,1
6465,8659bfccd4195fb6,True,1.0,1.0,0.7170012598791567,1.0,1.0,1.0,0.8820838582829819,1
6466,865dfd5f72fa599b,True,1.0,1.0,0.8121205070310552,1.0,1.0,1.0,0.9217168779296063,1
6467,86641ef36dfc5c16,True,1.0,1.0,1.0,1.0,1.0,1.0,1.0,1
6468,866e7ca97d3c5548,True,1.0,1.0,1.0,1.0,1.0,1.0,1.0,1
6469,866edd106b555de6,True,1.0,1.0,0.9283551441251148,1.0,1.0,1.0,0.9701479767187978,1
6470,866f7eb093ac5244,True,0.0,1.0,0.0,0.0,1.0,1.0,0.0,1
6471,866fab78f1da518b,True,1.0,1.0,1.0,1.0,1.0,1.0,1.0,1
6472,8671b777d49e5dea,True,0.0,1.0,0.0,0.0,1.0,1.0,0.0,1
6473,8673d97f94ae5700,True,1.0,1.0,0.8430404644528451,1.0,1.0,1.0,0.9346001935220188,1
6474,8676d43a96795310,True,1.0,1.0,1.0,1.0,1.0,1.0,1.0,1
6475,8683f3b4797f56e0,True,1.0,1.0,0.7729418168538266,1.0,1.0,1.0,0.9053924236890944,1
6476,8686e685b08a5c3e,True,1.0,1.0,1.0,1.0,1.0,1.0,1.0,1
6477,86877e183c4e5864,True,1.0,1.0,1.0,1.0,1.0,1.0,1.0,1
6478,868b74972b4c59fd,True,1.0,1.0,0.8311568480610902,1.0,1.0,1.0,0.9296486866921209,1
6479,868e70f831cb551c,True,1.0,1.0,0.9923834732631333,1.0,1.0,1.0,0.9968264471929723,1
6480,868e873c94b75b38,True,1.0,1.0,0.9595634044061568,1.0,1.0,1.0,0.9831514185025654,1
6481,8693307093e0553b,True,1.0,1.0,0.772308286464856,1.0,1.0,1.0,0.90512845269369,1
6482,869ee63671f65126,True,1.0,1.0,0.7875336684934625,1.0,1.0,1.0,0.911472361872276,1
6483,869f688594fc58c1,True,1.0,1.0,0.9039836052453601,1.0,1.0,1.0,0.9599931688522334,1
6484,86aae04a66c45970,True,1.0,1.0,0.9404889343150697,1.0,1.0,1.0,0.9752037226312792,1
6485,86b0e721370e5f56,True,1.0,1.0,0.7816832469639572,1.0,1.0,1.0,0.9090346862349822,1
6486,86bc41537b2e5bb5,True,1.0,1.0,0.7947206205969417,1.0,1.0,1.0,0.9144669252487256,1
6487,86c1c1bcec395011,True,1.0,1.0,0.7130499381810782,1.0,1.0,1.0,0.8804374742421159,1
6488,86c5b7af4b47513d,True,1.0,1.0,0.9479526193318947,1.0,1.0,1.0,0.9783135913882894,1
6489,86c622a3ec1255ee,True,1.0,1.0,0.6730695975205383,1.0,1.0,1.0,0.8637789989668909,1
6490,86c6c03a41a057d6,True,1.0,1.0,1.0,1.0,1.0,1.0,1.0,1
6491,86c897328378504d,True,1.0,1.0,1.0,1.0,1.0,1.0,1.0,1
6492,86cad912457d5115,True,1.0,1.0,0.992752234110391,1.0,1.0,1.0,0.9969800975459963,1
6493,86cb3350b50b570b,True,1.0,1.0,0.7641498585651691,1.0,1.0,1.0,0.9017291077354871,1
6494,86d5685d21d15ee9,True,1.0,1.0,0.6795667618580474,1.0,1.0,1.0,0.8664861507741864,1
6495,86d70bab6f1b598c,True,1.0,1.0,0.7764103707953173,1.0,1.0,1.0,0.9068376544980489,1
6496,86db4cfb30b55a5e,True,1.0,1.0,1.0,1.0,1.0,1.0,1.0,1
6497,86db74cc909e5437,True,1.0,1.0,0.8497254091908216,1.0,1.0,0.0,0.9373855871628424,1
6498,86dfdf03f928570a,True,1.0,1.0,0.9277825144798209,1.0,1.0,1.0,0.9699093810332586,1
6499,86e394f2cb345082,True,1.0,1.0,1.0,1.0,1.0,1.0,1.0,1
6500,86e62e65d9095907,True,1.0,1.0,0.9079320431260249,1.0,1.0,1.0,0.9616383513025104,1
6501,86ecfd85bd095b7f,True,1.0,1.0,1.0,1.0,1.0,1.0,1.0,1
6502,86f148317f03504b,True,1.0,1.0,0.8302388516513238,1.0,1.0,1.0,0.9292661881880516,1
6503,86f80cbf4c6b5e50,True,1.0,1.0,0.7552282207373839,1.0,1.0,1.0,0.8980117586405766,1
6504,86fbb46276605d14,True,1.0,1.0,1.0,1.0,1.0,1.0,1.0,1
6505,86feb30b850f5ff2,True,1.0,1.0,0.872522313846503,1.0,1.0,1.0,0.9468842974360429,1
6506,8704f4971e305ed3,True,1.0,1.0,0.9578842585502051,1.0,1.0,1.0,0.9824517743959188,1
6507,870886385ca15345,True,1.0,1.0,1.0,1.0,1.0,1.0,1.0,1
6508,870da24dc798525e,True,1.0,1.0,0.8921679466480593,1.0,1.0,1.0,0.9550699777700248,1
6509,87100d8379c158cc,True,1.0,1.0,0.9446134749972338,1.0,1.0,1.0,0.9769222812488474,1
6510,871164a7e40652b5,True,1.0,1.0,0.716329191334716,1.0,1.0,1.0,0.8818038297227982,1
6511,87124bde96ba59b1,True,1.0,1.0,0.938859042874141,1.0,1.0,1.0,0.9745246011975587,1
6512,8712b89ee20152e4,True,1.0,1.0,0.5576139375835558,1.0,1.0,0.5,0.8156724739931484,1
6513,8719c1b8087d5590,True,1.0,1.0,1.0,1.0,1.0,1.0,1.0,1
6514,8723bbb08b8e5cc8,True,1.0,1.0,1.0,1.0,1.0,1.0,1.0,1
6515,8728071969cc5091,True,1.0,1.0,0.7681139070993963,1.0,1.0,1.0,0.9033807946247485,1
6516,87339a4d32305504,True,1.0,1.0,0.8820592900565987,1.0,1.0,1.0,0.9508580375235828,1
6517,8733d5cc8ae956df,True,1.0,1.0,0.8800187225236221,1.0,1.0,1.0,0.9500078010515093,1
6518,873568760d365a73,True,1.0,1.0,1.0,1.0,1.0,1.0,1.0,1
6519,873a21c038f45eef,True,1.0,1.0,1.0,1.0,1.0,1.0,1.0,1
6520,873e300af5a95bf2,True,1.0,1.0,0.9991012297263898,1.0,1.0,1.0,0.9996255123859958,1
6521,873e80bc10d156ea,True,1.0,1.0,0.7207888906982994,1.0,1.0,1.0,0.8836620377909581,1
6522,87423b239de058c9,True,1.0,1.0,0.9619093384597983,1.0,1.0,1.0,0.9841288910249159,1
6523,874ce413a47e5c30,True,1.0,1.0,1.0,0.0,1.0,1.0,0.5833333333333334,1
6524,87554f4ef47252e4,True,1.0,1.0,0.8559582192392533,1.0,1.0,1.0,0.9399825913496889,1
6525,875d89dc1f225205,True,1.0,1.0,0.8554997162171046,1.0,1.0,1.0,0.9397915484237936,1
6526,875f14a6967d5192,True,1.0,1.0,0.8609522687359878,1.0,1.0,1.0,0.9420634453066615,1
6527,87614ec5f3da5f4a,True,1.0,1.0,0.7525867200175298,1.0,1.0,1.0,0.8969111333406374,1
6528,876278ea40b25284,True,1.0,1.0,1.0,1.0,1.0,1.0,1.0,1
6529,876aec35f98a5280,True,1.0,1.0,1.0,0.0,1.0,1.0,0.5833333333333334,1
6530,876f405da0da5016,True,1.0,1.0,1.0,1.0,1.0,1.0,1.0,1
6531,87751a071a7e50a4,True,1.0,1.0,0.9757403030094965,1.0,1.0,1.0,0.9898917929206235,1
6532,8777c80c80ad53e8,True,1.0,1.0,1.0,1.0,1.0,1.0,1.0,1
6533,8781cde1032354cb,True,1.0,1.0,1.0,1.0,1.0,1.0,1.0,1
6534,878665ca715b53d3,True,1.0,1.0,0.9440445947695993,1.0,1.0,1.0,0.9766852478206663,1
6535,878f3ddae1b7550f,True,1.0,1.0,0.7664527922569955,1.0,1.0,1.0,0.9026886634404147,1
6536,8790ecedb8ac580e,True,1.0,1.0,1.0,1.0,1.0,1.0,1.0,1
6537,87929fb304eb5bcc,True,1.0,1.0,0.9460456976372242,1.0,1.0,1.0,0.9775190406821768,1
6538,8792fb68a0b2586a,True,1.0,1.0,1.0,1.0,1.0,1.0,1.0,1
6539,8794578fbb0e57f4,True,1.0,1.0,0.865500169077751,1.0,1.0,1.0,0.9439584037823963,1
6540,8799520f3ff95bfc,True,1.0,1.0,0.7372306270216981,1.0,1.0,1.0,0.8905127612590409,1
6541,879d4e4e0d2b5386,True,1.0,1.0,1.0,1.0,1.0,1.0,1.0,1
6542,87a12c9888c75e21,True,1.0,1.0,0.8875570761785576,1.0,1.0,1.0,0.9531487817410657,1
6543,87a1c55863135418,True,1.0,1.0,0.7712667646299886,1.0,1.0,1.0,0.9046944852624952,1
6544,87a4e023d9315796,True,1.0,1.0,1.0,1.0,1.0,1.0,1.0,1
6545,87a5fd24e88d5e0a,True,1.0,1.0,0.7844026884297338,1.0,1.0,1.0,0.9101677868457224,1
6546,87a70998eed25e32,True,1.0,1.0,0.9814734643837255,1.0,1.0,1.0,0.9922806101598857,1
6547,87a7a9f8aa325467,True,1.0,1.0,1.0,1.0,1.0,1.0,1.0,1
6548,87ab048362385059,True,1.0,1.0,0.704254824018091,1.0,1.0,1.0,0.8767728433408712,1
6549,87b2c0e49070537f,True,1.0,0.0,0.0,1.0,1.0,1.0,0.0,1
6550,87b32a1aeeb85613,True,1.0,1.0,0.8569345802890885,1.0,1.0,1.0,0.9403894084537869,1
6551,87b468bcdad158c2,True,1.0,1.0,1.0,1.0,1.0,1.0,1.0,1
6552,87b8587f94c5549a,True,1.0,1.0,1.0,1.0,1.0,1.0,1.0,1
6553,87bf38cb3c39548d,True,0.0,1.0,0.0,0.0,1.0,1.0,0.0,1
6554,87c5cdc6c5a45ef2,True,1.0,1.0,0.926390414609633,1.0,1.0,1.0,0.9693293394206804,1
6555,87c6ef5053865368,True,1.0,1.0,1.0,1.0,1.0,0.5,1.0,1
6556,87d1648c9e27512b,True,1.0,1.0,0.8326219449189194,1.0,1.0,1.0,0.9302591437162165,1
6557,87d3c1135ac85583,True,1.0,1.0,0.9994417029321722,1.0,1.0,1.0,0.9997673762217385,1
6558,87da3996575459a8,True,1.0,1.0,1.0,1.0,1.0,1.0,1.0,1
6559,87dc5db673bd5b2b,True,1.0,1.0,1.0,1.0,1.0,1.0,1.0,1
6560,87dcff4c11315e02,True,1.0,1.0,0.6273838718731957,1.0,1.0,1.0,0.8447432799471649,1
6561,87df22d07dcb567c,True,1.0,1.0,0.7554204263690436,1.0,1.0,1.0,0.8980918443204349,1
6562,87e14b8fa1665ee2,True,1.0,1.0,1.0,1.0,1.0,1.0,1.0,1
6563,87eae54f57ea5690,True,1.0,1.0,0.8426749695405941,1.0,1.0,1.0,0.9344479039752475,1
6564,87ecb477e85b5a58,True,1.0,1.0,0.9142625149493357,1.0,1.0,1.0,0.9642760478955564,1
6565,87efb8cf52135247,True,1.0,1.0,0.6681040032139507,1.0,1.0,1.0,0.8617100013391461,1
6566,87f7b4b94e2b5264,True,1.0,0.0,0.0,1.0,1.0,0.5,0.0,1
6567,87fa0c79b31c563a,True,1.0,1.0,1.0,1.0,1.0,1.0,1.0,1
6568,880d9918a2635d59,True,1.0,1.0,0.7968306198813325,1.0,1.0,1.0,0.9153460916172218,1
6569,88126672803f56a3,True,1.0,1.0,0.6179459365768127,1.0,1.0,1.0,0.8408108069070054,1
6570,88152114a47d5175,True,1.0,1.0,1.0,1.0,1.0,1.0,1.0,1
6571,881f60d0faa35c17,True,1.0,1.0,0.8223029150027613,1.0,1.0,1.0,0.9259595479178172,1
6572,88207b881eb5573c,True,1.0,1.0,1.0,1.0,1.0,1.0,1.0,1
6573,882a63bc231e5987,True,1.0,1.0,0.925534587767047,1.0,1.0,1.0,0.9689727449029363,1
6574,8835adb14ec55b7c,True,1.0,1.0,0.9293889579505874,1.0,1.0,1.0,0.9705787324794114,1
6575,883b090e1bca577a,True,1.0,1.0,0.9511663786560474,1.0,1.0,1.0,0.9796526577733532,1
6576,883bb02a4f7c5f0a,True,1.0,1.0,1.0,1.0,1.0,1.0,1.0,1
6577,8840042ede42578a,True,1.0,1.0,0.834205904812802,1.0,1.0,1.0,0.9309191270053342,1
6578,88454b0190ff551f,True,1.0,1.0,1.0,1.0,1.0,1.0,1.0,1
6579,88466abb967954e5,True,1.0,1.0,1.0,1.0,1.0,1.0,1.0,1
6580,8848228852a65400,True,1.0,1.0,0.5964513153116784,1.0,1.0,1.0,0.8318547147131993,1
6581,884826032461520d,True,1.0,1.0,0.71894393733804,1.0,1.0,1.0,0.8828933072241832,1
6582,88518b03093d5036,True,1.0,1.0,1.0,1.0,1.0,1.0,1.0,1
6583,88538f4b41cc5d4a,True,1.0,1.0,1.0,1.0,1.0,1.0,1.0,1
6584,8857612d0dad5e95,True,1.0,1.0,0.8321824734759922,1.0,1.0,1.0,0.9300760306149968,1
6585,885aa5c90eb9554c,True,1.0,1.0,0.9090739540949088,1.0,1.0,1.0,0.9621141475395453,1
6586,885f450f0b875861,True,1.0,1.0,1.0,0.0,1.0,1.0,0.5833333333333334,1
6587,88642e4f16be55bd,True,1.0,1.0,0.9755056712346043,1.0,1.0,1.0,0.9897940296810851,1
6588,8867ae193b7a5ba8,True,1.0,1.0,0.9931411675309498,1.0,1.0,1.0,0.9971421531378958,1
6589,8869a2f03bbd5570,True,1.0,1.0,1.0,1.0,1.0,1.0,1.0,1
6590,8872d388cf435f07,True,1.0,1.0,0.697003521105514,1.0,1.0,1.0,0.8737514671272976,1
6591,8875d7f59f045de3,True,1.0,1.0,1.0,1.0,1.0,1.0,1.0,1
6592,887c38b0c24d5b51,True,1.0,1.0,0.7082913388820475,1.0,1.0,1.0,0.8784547245341865,1
6593,887e4d57da835b12,True,1.0,1.0,1.0,1.0,1.0,1.0,1.0,1
6594,88862af321ce5c8f,True,1.0,1.0,1.0,1.0,1.0,1.0,1.0,1
6595,888913e0978f559b,True,1.0,1.0,0.8075243476059193,1.0,1.0,1.0,0.9198018115024663,1
6596,888d1fb945ed5982,True,1.0,1.0,0.7975754855050986,1.0,1.0,1.0,0.9156564522937911,1
6597,88904a762b5f5793,True,1.0,1.0,1.0,1.0,1.0,1.0,1.0,1
6598,8894cb9c1f385198,True,1.0,1.0,0.942165668666115,1.0,1.0,1.0,0.9759023619442146,1
6599,8898650e43665faf,True,1.0,1.0,0.5305478458579932,1.0,1.0,1.0,0.8043949357741639,1
6600,889aac2576295c91,True,1.0,1.0,1.0,1.0,1.0,1.0,1.0,1
6601,88ac42d0eaca5c57,True,1.0,1.0,1.0,1.0,1.0,1.0,1.0,1
6602,88b49de4eea35896,True,1.0,1.0,1.0,1.0,1.0,1.0,1.0,1
6603,88b50c0011ba516b,True,1.0,1.0,0.7001321221346707,1.0,1.0,1.0,0.8750550508894461,1
6604,88c0bfe353235280,True,1.0,1.0,0.9231714104864419,1.0,1.0,0.5,0.9679880877026842,1
6605,88c2643d470951b3,True,1.0,1.0,0.6504706096196171,1.0,1.0,1.0,0.8543627540081739,1
6606,88d08f76270d5e37,True,1.0,1.0,0.8647159426202502,1.0,1.0,1.0,0.9436316427584376,1
6607,88d3ee1e3b435a28,True,1.0,1.0,0.8429123181358991,1.0,1.0,1.0,0.9345467992232912,1
6608,88e453ca4644586f,True,1.0,1.0,0.885147343651146,1.0,1.0,1.0,0.9521447265213109,1
6609,88e6d9d5dd715516,True,1.0,1.0,0.6344552017970132,1.0,1.0,1.0,0.8476896674154221,1
6610,88f3df2443c55e59,True,1.0,1.0,0.7057570886656296,1.0,1.0,1.0,0.8773987869440124,1
6611,88f90b93bbf255ad,True,1.0,1.0,0.8494756700477636,1.0,1.0,1.0,0.9372815291865683,1
6612,88fb8b083a2d56c7,True,1.0,1.0,1.0,1.0,1.0,1.0,1.0,1
6613,88ff8f6ad0ab5a77,True,1.0,1.0,0.8219482374507339,1.0,1.0,1.0,0.9258117656044723,1
6614,8912a46529c059a1,True,1.0,1.0,0.8932816591340217,1.0,1.0,1.0,0.9555340246391757,1
6615,891fe2fc30c95109,True,1.0,1.0,1.0,1.0,1.0,1.0,1.0,1
6616,8926a4661fd05f7e,True,1.0,1.0,0.9142279885727601,1.0,1.0,1.0,0.9642616619053168,1
6617,892904870078578a,True,1.0,1.0,0.9737038849175724,1.0,1.0,1.0,0.9890432853823219,1
6618,892f8a0d37dd5af3,True,1.0,1.0,1.0,0.0,1.0,1.0,0.5833333333333334,1
6619,8931b1302d7a5f61,True,1.0,1.0,1.0,1.0,1.0,1.0,1.0,1
6620,89321ac9caaf505a,True,1.0,1.0,0.8647795791866328,1.0,1.0,1.0,0.9436581579944304,1
6621,893455c02e16508b,True,1.0,1.0,0.9388701774159921,1.0,1.0,1.0,0.9745292405899967,1
6622,8937c2f7a7ac5507,True,1.0,1.0,1.0,1.0,1.0,1.0,1.0,1
6623,8954aa7e05085876,True,1.0,1.0,0.909372936339775,1.0,1.0,1.0,0.9622387234749062,1
6624,895513fa202c506f,True,1.0,1.0,1.0,1.0,1.0,1.0,1.0,1
6625,8959015fc1fe5791,True,1.0,1.0,0.473618772196996,1.0,1.0,1.0,0.7806744884154151,1
6626,89652dfe12165def,True,1.0,1.0,0.8792441842328755,1.0,1.0,1.0,0.9496850767636982,1
6627,896f25f6f25e52e0,True,1.0,1.0,0.9345579395899931,1.0,1.0,1.0,0.9727324748291638,1
6628,89751620b3555ef8,True,1.0,1.0,1.0,0.0,1.0,1.0,0.5833333333333334,1
6629,89766121ee605be0,True,1.0,1.0,0.9835087043690681,1.0,1.0,0.0,0.993128626820445,1
6630,8984fe1857e057b3,True,1.0,1.0,1.0,1.0,1.0,1.0,1.0,1
6631,898e245e2b0056b0,True,1.0,1.0,1.0,1.0,1.0,1.0,1.0,1
6632,8993f8b000855b17,True,1.0,1.0,0.8580550096863668,1.0,1.0,1.0,0.9408562540359862,1
6633,899ed9ca42d750c6,True,1.0,1.0,1.0,1.0,1.0,1.0,1.0,1
6634,89a0561418585e07,True,1.0,1.0,0.8445834298569602,1.0,1.0,1.0,0.9352430957737333,1
6635,89ab22734ce45927,True,1.0,1.0,0.6300095284220514,1.0,1.0,1.0,0.8458373035091881,1
6636,89ad209b83755848,True,1.0,1.0,0.8861833776936885,1.0,1.0,1.0,0.9525764073723701,1
6637,89ae8d041c145f8f,True,1.0,1.0,1.0,1.0,1.0,1.0,1.0,1
6638,89b3b0779b8d57fa,True,1.0,1.0,0.7374995265125502,1.0,1.0,1.0,0.8906248027135626,1
6639,89ca9afebf9b5229,True,1.0,1.0,1.0,1.0,1.0,1.0,1.0,1
6640,89de641f85f25a3b,True,1.0,1.0,1.0,1.0,1.0,1.0,1.0,1
6641,89df824d0cfd525e,True,1.0,1.0,0.7761323826139156,1.0,1.0,1.0,0.9067218260891314,1
6642,89e02236312d5038,True,1.0,1.0,1.0,1.0,1.0,1.0,1.0,1
6643,89e8716cd98f54a0,True,1.0,1.0,0.5471428940178125,1.0,1.0,1.0,0.8113095391740885,1
6644,89e9fbdf25415d68,True,1.0,0.0,0.0,1.0,1.0,1.0,0.0,1
6645,89ec780cbf965fba,True,1.0,1.0,0.9977665305767837,1.0,1.0,1.0,0.9990693877403265,1
6646,89fcf773eb5d514e,True,1.0,1.0,0.8859962410089443,1.0,1.0,1.0,0.9524984337537269,1
6647,8a02c25b58bb5a2b,True,1.0,1.0,1.0,1.0,1.0,1.0,1.0,1
6648,8a17d8a06b425d2d,True,1.0,1.0,1.0,1.0,1.0,1.0,1.0,1
6649,8a1eb240e9355b45,True,1.0,1.0,0.8161398681720528,1.0,1.0,1.0,0.9233916117383553,1
6650,8a1fa33cd5d45d48,True,1.0,1.0,0.9657226598436814,1.0,1.0,1.0,0.9857177749348672,1
6651,8a249b6f42f35ca2,True,1.0,1.0,1.0,1.0,1.0,1.0,1.0,1
6652,8a2637d104fb5194,True,1.0,1.0,0.8728977429984517,1.0,1.0,1.0,0.9470407262493549,1
6653,8a2c1d34f9df5213,True,1.0,1.0,1.0,1.0,1.0,1.0,1.0,1
6654,8a2df3fb1632552a,True,1.0,1.0,1.0,1.0,1.0,1.0,1.0,1
6655,8a3c6c3502035e11,True,1.0,1.0,0.7348159360464527,1.0,1.0,1.0,0.8895066400193553,1
6656,8a43e10749585b21,True,1.0,1.0,1.0,1.0,1.0,1.0,1.0,1
6657,8a46ac0d50d4505e,True,1.0,1.0,0.8882665239690619,1.0,1.0,1.0,0.953444384987109,1
6658,8a4861a2a0e857fb,True,1.0,1.0,1.0,1.0,1.0,1.0,1.0,1
6659,8a492ff6a81054a7,True,1.0,1.0,0.77667767800875,1.0,1.0,1.0,0.9069490325036459,1
6660,8a4a0c6823cd5e33,True,1.0,1.0,0.9738892480773047,1.0,1.0,1.0,0.9891205200322103,1
6661,8a540001f3f0514d,True,1.0,1.0,0.9173119861982901,1.0,1.0,1.0,0.9655466609159542,1
6662,8a5809217c605979,True,1.0,1.0,1.0,1.0,1.0,1.0,1.0,1
6663,8a6717a888fe55f9,True,1.0,1.0,0.9291996641801625,1.0,1.0,1.0,0.9704998600750677,1
6664,8a6de2af60965cd0,True,1.0,1.0,0.8253102734677703,1.0,1.0,1.0,0.9272126139449043,1
6665,8a6fbabba3745db9,True,1.0,1.0,0.873210921487915,1.0,1.0,1.0,0.9471712172866313,1
6666,8a7750196bc65a14,True,1.0,1.0,0.7393471209051565,1.0,1.0,1.0,0.8913946337104819,1
6667,8a808765078856bf,True,1.0,1.0,0.8505469339807649,1.0,1.0,1.0,0.9377278891586519,1
6668,8a843c4264a35d16,True,1.0,1.0,0.8982264464110251,1.0,1.0,1.0,0.9575943526712605,1
6669,8a8732cf61dd5452,True,1.0,1.0,1.0,1.0,1.0,1.0,1.0,1
6670,8a880b6ff1dd59ab,True,1.0,1.0,0.788308519278214,1.0,1.0,1.0,0.9117952163659225,1
6671,8a88b869e2ca552d,True,1.0,1.0,0.9647924923581969,1.0,1.0,1.0,0.9853302051492486,1
6672,8a8bf2275db85432,True,1.0,1.0,0.9710154047195569,1.0,1.0,1.0,0.9879230852998154,1
6673,8a91af177fee5522,True,1.0,1.0,0.9388076516955557,1.0,1.0,1.0,0.9745031882064815,1
6674,8a92561fdd0750ad,True,1.0,1.0,0.8373190966864128,1.0,1.0,1.0,0.9322162902860054,1
6675,8a9ecc24c4f25c3c,True,1.0,1.0,1.0,1.0,1.0,1.0,1.0,1
6676,8aa8e3e16c035d5e,True,1.0,1.0,1.0,1.0,1.0,1.0,1.0,1
6677,8aae579b8090538a,True,1.0,1.0,0.705240119369368,1.0,1.0,1.0,0.87718338307057,1
6678,8aaf40c869ca574f,True,1.0,1.0,0.819673636220386,1.0,1.0,1.0,0.9248640150918276,1
6679,8ab73218fe4a539e,True,1.0,1.0,0.7492525664733418,1.0,1.0,1.0,0.8955219026972258,1
6680,8ab90aef703b50cc,True,1.0,1.0,0.7720958901385309,1.0,1.0,1.0,0.9050399542243879,1
6681,8abc81ff3045543b,True,1.0,1.0,0.9366448192698591,1.0,1.0,1.0,0.973602008029108,1
6682,8abfcd61303b52df,True,1.0,1.0,0.8078373300221324,1.0,1.0,1.0,0.9199322208425551,1
6683,8ac66bedd6d057d2,True,1.0,1.0,0.6042156224990536,1.0,1.0,1.0,0.835089842707939,1
6684,8aec77f33ddb5ac8,True,1.0,1.0,0.7694758938448829,1.0,1.0,1.0,0.9039482891020345,1
6685,8af2a66435ea565a,True,1.0,1.0,0.9082864889339868,1.0,1.0,1.0,0.9617860370558278,1
6686,8af8486e96a45fa4,True,1.0,1.0,0.9145784927658913,1.0,1.0,1.0,0.9644077053191213,1
6687,8afbc18a03e2572f,True,1.0,1.0,0.8518572052139842,1.0,1.0,1.0,0.9382738355058268,1
6688,8b06db3e6e4355d3,True,1.0,1.0,1.0,1.0,1.0,1.0,1.0,1
6689,8b0d50e645eb5ac7,True,1.0,1.0,1.0,1.0,1.0,1.0,1.0,1
6690,8b10128072e6539f,True,1.0,1.0,1.0,1.0,1.0,1.0,1.0,1
6691,8b1193abd0b75de0,True,1.0,1.0,0.7882352175359529,1.0,1.0,1.0,0.9117646739733137,1
6692,8b177f84759e56e0,True,1.0,1.0,0.92380719266799,1.0,1.0,1.0,0.9682529969449959,1
6693,8b1aea091a6f5a16,True,1.0,1.0,1.0,1.0,1.0,1.0,1.0,1
6694,8b1ba99df5d05f8b,True,1.0,1.0,0.9241197474154682,1.0,1.0,1.0,0.9683832280897784,1
6695,8b1d45137881582a,True,1.0,1.0,0.9728516131275452,1.0,1.0,1.0,0.9886881721364772,1
6696,8b279a20979950d6,True,1.0,1.0,1.0,1.0,1.0,1.0,1.0,1
6697,8b2a7b6817795ae7,True,1.0,1.0,0.984128055281963,1.0,1.0,1.0,0.9933866897008179,1
6698,8b2b4c67ddcf5c36,True,1.0,1.0,1.0,1.0,1.0,1.0,1.0,1
6699,8b31009bc5115cb5,True,1.0,1.0,1.0,1.0,1.0,0.0,1.0,1
6700,8b328af730c75e49,True,1.0,1.0,0.7120785344434066,1.0,1.0,1.0,0.8800327226847529,1
6701,8b3423345f3657b0,True,1.0,1.0,1.0,1.0,1.0,1.0,1.0,1
6702,8b3679b7c11d5ada,True,1.0,1.0,1.0,1.0,1.0,1.0,1.0,1
6703,8b369f66349d550a,True,1.0,1.0,1.0,1.0,1.0,1.0,1.0,1
6704,8b3bd35b8b945918,True,1.0,1.0,0.8053345377187481,1.0,1.0,1.0,0.9188893907161452,1
6705,8b477eda939951d6,True,1.0,1.0,0.9015323624946541,1.0,1.0,1.0,0.9589718177061058,1
6706,8b53a14edf305638,True,1.0,1.0,0.891731355486737,1.0,1.0,1.0,0.9548880647861404,1
6707,8b54e86cb8b05114,True,1.0,1.0,0.6627314153114695,0.0,1.0,1.0,0.442804756379779,1
6708,8b57a471e74e573f,True,1.0,1.0,1.0,1.0,1.0,1.0,1.0,1
6709,8b5d8d7c95925564,True,1.0,1.0,1.0,0.0,1.0,1.0,0.5833333333333334,1
6710,8b5dd405c14c5249,True,1.0,1.0,1.0,1.0,1.0,1.0,1.0,1
6711,8b5e10656ccb5269,True,1.0,1.0,0.8498657703425312,1.0,1.0,1.0,0.9374440709760546,1
6712,8b608a6353a95bce,True,1.0,1.0,0.9883206336682191,1.0,1.0,1.0,0.995133597361758,1
6713,8b6aa9462f5157b3,True,1.0,1.0,1.0,1.0,1.0,1.0,1.0,1
6714,8b7212ba11ec5f3b,True,1.0,0.0,0.0,1.0,1.0,0.5,0.0,1
6715,8b7722d516e553ba,True,1.0,1.0,1.0,1.0,1.0,1.0,1.0,1
6716,8b788f2715985cee,True,1.0,1.0,1.0,1.0,1.0,1.0,1.0,1
6717,8b794f146fda58da,True,1.0,1.0,0.8904456390023076,1.0,1.0,1.0,0.9543523495842948,1
6718,8b7d99b5ae2a5219,True,1.0,1.0,1.0,1.0,1.0,1.0,1.0,1
6719,8b80580ff95254e8,True,1.0,1.0,0.8553881462167328,1.0,1.0,1.0,0.9397450609236385,1
6720,8b83388ca9005cf1,True,1.0,1.0,0.844383694954884,1.0,1.0,1.0,0.9351598728978683,1
6721,8b8466eb334f5957,True,1.0,1.0,0.8183475322470256,1.0,1.0,1.0,0.924311471769594,1
6722,8b8ae78cc3685216,True,1.0,1.0,0.8114910782391501,1.0,1.0,1.0,0.9214546159329792,1
6723,8b8b41a9d00e5e32,True,1.0,1.0,0.8638607978412344,1.0,1.0,1.0,0.9432753324338478,1
6724,8b8ea705c7fd5e8a,True,1.0,1.0,1.0,1.0,1.0,0.5,1.0,1
6725,8b90b26a4deb5019,True,1.0,1.0,1.0,1.0,1.0,1.0,1.0,1
6726,8b93118c77d25b5d,True,1.0,1.0,1.0,1.0,1.0,1.0,1.0,1
6727,8b9aa871306555d0,True,1.0,1.0,1.0,1.0,1.0,1.0,1.0,1
6728,8b9afa7045785acc,True,1.0,1.0,1.0,1.0,1.0,1.0,1.0,1
6729,8ba3e54303a352c8,True,0.0,1.0,0.0,0.0,1.0,1.0,0.0,1
6730,8ba84ea2cc4a5ead,True,0.0,1.0,0.0,0.0,1.0,1.0,0.0,1
6731,8bacfc35148b5dad,True,1.0,1.0,0.9304381960159844,1.0,1.0,1.0,0.9710159150066602,1
6732,8bb0f6034d505f75,True,1.0,1.0,0.755726121384533,1.0,1.0,1.0,0.8982192172435554,1
6733,8bb7091fe0d959fc,True,1.0,1.0,1.0,1.0,1.0,1.0,1.0,1
6734,8bb939128dfd5f7d,True,1.0,1.0,0.9894249641062279,1.0,1.0,1.0,0.9955937350442617,1
6735,8bc0584436b25488,True,1.0,1.0,1.0,1.0,1.0,1.0,1.0,1
6736,8bd32ab85e615190,True,1.0,1.0,0.9212087416208571,1.0,1.0,1.0,0.9671703090086904,1
6737,8bdf510cc78751f1,True,1.0,1.0,1.0,1.0,1.0,1.0,1.0,1
6738,8be468b729aa5f1e,True,1.0,1.0,0.995731821209791,1.0,1.0,1.0,0.9982215921707462,1
6739,8be5583b37785664,True,1.0,1.0,0.8061851398038008,1.0,1.0,1.0,0.9192438082515837,1
6740,8be5c83488ff5980,True,1.0,1.0,0.7559476384957967,1.0,1.0,1.0,0.8983115160399153,1
6741,8be90fab0cf45555,True,1.0,1.0,0.9880532733029634,1.0,1.0,1.0,0.995022197209568,1
6742,8bebc6662b36505f,True,1.0,1.0,0.7047638022952601,1.0,1.0,1.0,0.876984917623025,1
6743,8c12150f849b5b10,True,1.0,1.0,0.9401161388950848,1.0,1.0,1.0,0.9750483912062853,1
6744,8c156f5b675b5657,True,1.0,1.0,1.0,1.0,1.0,1.0,1.0,1
6745,8c1e2438ad5f514a,True,1.0,1.0,1.0,1.0,1.0,0.5,1.0,1
6746,8c2841e7cecf5047,True,1.0,1.0,0.8302849409701569,1.0,1.0,1.0,0.9292853920708987,1
6747,8c2e3aa977d95da5,True,1.0,1.0,0.9777950982946753,1.0,1.0,1.0,0.9907479576227813,1
6748,8c36f77fe7215dd7,True,1.0,1.0,1.0,1.0,1.0,1.0,1.0,1
6749,8c384d60912b5f73,True,1.0,1.0,0.8384538670386901,1.0,1.0,1.0,0.932689111266121,1
6750,8c3d43af9a905864,True,1.0,1.0,1.0,1.0,1.0,1.0,1.0,1
6751,8c4218fc392a52be,True,1.0,1.0,1.0,1.0,1.0,1.0,1.0,1
6752,8c477c76153f588e,True,1.0,1.0,0.7017325152220787,1.0,1.0,1.0,0.8757218813425327,1
6753,8c47d8fc41a55f31,True,1.0,1.0,0.8680495124670371,1.0,1.0,1.0,0.9450206301945988,1
6754,8c527efc3b3b5fa0,True,1.0,1.0,0.9737189979802852,1.0,1.0,1.0,0.9890495824917854,1
6755,8c5518bf679458df,True,1.0,1.0,0.9411152279007081,1.0,1.0,1.0,0.9754646782919618,1
6756,8c554c3017d05e9b,True,1.0,1.0,0.8329170867439735,1.0,1.0,1.0,0.9303821194766556,1
6757,8c5a5e3a57535abf,True,1.0,1.0,1.0,1.0,1.0,1.0,1.0,1
6758,8c5a6a5b602859b2,True,1.0,1.0,0.7671381117399894,1.0,1.0,1.0,0.9029742132249955,1
6759,8c67448dd4da50a3,True,1.0,1.0,0.9802605754670123,1.0,1.0,1.0,0.9917752397779219,1
6760,8c6aed532f8555cd,True,1.0,1.0,0.7788565888591956,1.0,1.0,1.0,0.9078569120246648,1
6761,8c6c4c4b507c5eb1,True,1.0,1.0,0.8768509813114116,1.0,1.0,0.0,0.9486879088797547,1
6762,8c731225bf685391,True,1.0,1.0,0.8844343094423139,1.0,1.0,1.0,0.9518476289342974,1
6763,8c75e07d70c558df,True,1.0,1.0,1.0,1.0,1.0,1.0,1.0,1
6764,8c7db74b9aef5a9e,True,1.0,1.0,1.0,1.0,1.0,1.0,1.0,1
6765,8c7e28b482935cd8,True,1.0,1.0,1.0,1.0,1.0,1.0,1.0,1
6766,8c867708395f5374,True,1.0,1.0,1.0,1.0,1.0,1.0,1.0,1
6767,8c8694effde754e6,True,1.0,1.0,0.7754757353604261,1.0,1.0,1.0,0.9064482230668442,1
6768,8c9cbf03c46b5ddc,True,1.0,1.0,1.0,1.0,1.0,1.0,1.0,1
6769,8c9e3fd944c051e3,True,1.0,1.0,1.0,1.0,1.0,1.0,1.0,1
6770,8c9f50cc72685ca7,True,1.0,1.0,1.0,1.0,1.0,1.0,1.0,1
6771,8ca0e93beaa056de,True,1.0,0.0,0.0,1.0,1.0,1.0,0.0,1
6772,8ca47b84db7053a8,True,1.0,1.0,1.0,1.0,1.0,1.0,1.0,1
6773,8cac1b4a21585010,True,1.0,1.0,0.8727076214521196,1.0,1.0,0.0,0.9469615089383833,1
6774,8cafe946e9c752fc,True,1.0,1.0,0.6834937508424984,1.0,1.0,1.0,0.8681223961843744,1
6775,8cba6cacb16d5acc,True,1.0,1.0,0.9658688311762579,1.0,1.0,1.0,0.9857786796567741,1
6776,8cbb22946ab55633,True,1.0,1.0,0.826893314467991,1.0,1.0,1.0,0.9278722143616629,1
6777,8cbe3bf8cf9c5718,True,1.0,1.0,0.9811813730362086,1.0,1.0,1.0,0.9921589054317536,1
6778,8cbfcb387ec85461,True,1.0,1.0,1.0,1.0,1.0,1.0,1.0,1
6779,8cc8fe63227d5c07,True,1.0,1.0,1.0,1.0,1.0,1.0,1.0,1
6780,8cd3ad22a81c52b6,True,1.0,1.0,1.0,1.0,1.0,1.0,1.0,1
6781,8cd3d83dd4825865,True,1.0,1.0,0.7569459462352435,1.0,1.0,1.0,0.8987274775980181,1
6782,8cd8d1a23e4351f8,True,1.0,1.0,1.0,1.0,1.0,1.0,1.0,1
6783,8ce2cf49a1955788,True,1.0,1.0,1.0,1.0,1.0,1.0,1.0,1
6784,8ce3ec49327d572e,True,1.0,1.0,1.0,1.0,1.0,1.0,1.0,1
6785,8cec7d21f7dc540b,True,1.0,1.0,0.5797112760227695,1.0,1.0,1.0,0.8248796983428206,1
6786,8cee2a96b57d58ba,True,1.0,1.0,1.0,1.0,1.0,1.0,1.0,1
6787,8cf86f67f10f574a,True,1.0,1.0,0.8416517450432685,1.0,1.0,1.0,0.9340215604346952,1
6788,8d04552a13985dc6,True,1.0,1.0,0.8518384948520207,1.0,1.0,1.0,0.9382660395216753,1
6789,8d068ed41e335268,True,1.0,1.0,0.8237932162775662,1.0,1.0,1.0,0.9265805067823193,1
6790,8d069310b22a5716,True,1.0,1.0,1.0,1.0,1.0,1.0,1.0,1
6791,8d0697930b5e5df0,True,1.0,1.0,0.8186532521599102,1.0,1.0,1.0,0.9244388550666294,1
6792,8d06ea883e7853a9,True,1.0,1.0,0.9511365824376239,1.0,1.0,1.0,0.9796402426823433,1
6793,8d0806dc9c865904,True,1.0,1.0,1.0,1.0,1.0,1.0,1.0,1
6794,8d0a07b3cb955714,True,1.0,1.0,1.0,1.0,1.0,1.0,1.0,1
6795,8d0d984d4e2a5363,True,1.0,1.0,0.94049919942323,1.0,1.0,1.0,0.9752079997596792,1
6796,8d1b3ba5749b5a76,True,1.0,1.0,0.861815721179155,1.0,1.0,1.0,0.9424232171579812,1
6797,8d1d97f4b7d05914,True,1.0,1.0,1.0,1.0,1.0,1.0,1.0,1
6798,8d21608fa8c354f1,True,1.0,0.0,0.0,1.0,1.0,1.0,0.0,1
6799,8d27cb5d1d1e5ad1,True,1.0,1.0,0.8268712901175724,1.0,1.0,1.0,0.9278630375489886,1
6800,8d27ff75eeb1559e,True,1.0,1.0,0.8726752510989765,1.0,1.0,1.0,0.9469480212912402,1
6801,8d293b5028e555a3,True,1.0,1.0,1.0,1.0,1.0,1.0,1.0,1
6802,8d39d3f85647574c,True,1.0,1.0,0.7884085586165845,1.0,1.0,1.0,0.9118368994235769,1
6803,8d3ac506e17050ba,True,1.0,1.0,0.9346832794116621,1.0,1.0,1.0,0.9727846997548593,1
6804,8d3c8a698ac65342,True,1.0,1.0,0.7563577556525084,1.0,1.0,1.0,0.8984823981885451,1
6805,8d4601efa6b6581e,True,1.0,1.0,1.0,1.0,1.0,1.0,1.0,1
6806,8d4dc358499159c9,True,1.0,1.0,0.767373070743596,1.0,1.0,1.0,0.9030721128098316,1
6807,8d5023e971cc5f4c,True,1.0,1.0,0.8680294874628183,1.0,1.0,1.0,0.9450122864428409,1
6808,8d5ac1ce6fb75faf,True,1.0,1.0,0.8192905014477466,1.0,1.0,1.0,0.9247043756032278,1
6809,8d5d769b1f1e5802,True,1.0,1.0,0.7786986017211154,1.0,1.0,1.0,0.9077910840504648,1
6810,8d62f19202505230,True,1.0,1.0,0.9723875048733178,1.0,1.0,1.0,0.9884947936972157,1
6811,8d63ae7a5eec54da,True,1.0,1.0,1.0,1.0,1.0,1.0,1.0,1
6812,8d64d2c9f19c57c5,True,1.0,1.0,0.754889425553689,1.0,1.0,1.0,0.8978705939807038,1
6813,8d6583f3e3c15034,True,1.0,1.0,0.9232764569528731,1.0,1.0,1.0,0.9680318570636972,1
6814,8d6afa56bbb95f18,True,1.0,1.0,0.8266870123254092,1.0,1.0,1.0,0.9277862551355872,1
6815,8d6e4249496b504c,True,1.0,1.0,0.7056740751265481,1.0,1.0,1.0,0.877364197969395,1
6816,8d7c5f26b9775cce,True,1.0,1.0,0.7661172729677468,1.0,1.0,1.0,0.9025488637365612,1
6817,8d7e4421c3e45c99,True,1.0,1.0,0.8467054620788843,1.0,1.0,1.0,0.9361272758662018,1
6818,8d83f07bed9d5f6a,True,1.0,1.0,1.0,1.0,1.0,1.0,1.0,1
6819,8d86cfd038145f2a,True,1.0,1.0,0.7645764274954733,1.0,1.0,1.0,0.9019068447897806,1
6820,8d8806333d865527,True,1.0,1.0,1.0,1.0,1.0,1.0,1.0,1
6821,8d8f238bb7315004,True,1.0,1.0,0.970164028889695,1.0,1.0,1.0,0.9875683453707063,1
6822,8d8f5c8c6c29525c,True,1.0,1.0,0.8252485926157276,1.0,1.0,1.0,0.9271869135898866,1
6823,8d90099a801d5682,True,1.0,1.0,1.0,1.0,1.0,1.0,1.0,1
6824,8d9d0d3caa9b5905,True,1.0,1.0,1.0,1.0,1.0,1.0,1.0,1
6825,8dac96b2393f5de9,True,1.0,1.0,0.9638083863573005,1.0,1.0,1.0,0.9849201609822086,1
6826,8dae886e0ed1501c,True,1.0,1.0,0.7995889396638118,1.0,1.0,1.0,0.9164953915265883,1
6827,8db638d42ddc59f2,True,1.0,1.0,1.0,1.0,1.0,1.0,1.0,1
6828,8db7275969855f22,True,1.0,1.0,1.0,1.0,1.0,1.0,1.0,1
6829,8dc4430d96355057,True,1.0,1.0,1.0,1.0,1.0,1.0,1.0,1
6830,8dc7d00ce175549d,True,1.0,1.0,0.912723556121306,1.0,1.0,1.0,0.9636348150505442,1
6831,8dda399c53aa5be8,True,1.0,1.0,0.9849604434252714,1.0,1.0,1.0,0.9937335180938631,1
6832,8ddb6763987051ba,True,1.0,1.0,1.0,1.0,1.0,1.0,1.0,1
6833,8ddef59113ee5c86,True,1.0,1.0,0.9272718141922652,1.0,1.0,1.0,0.9696965892467772,1
6834,8de2e76340335ed9,True,1.0,1.0,1.0,1.0,1.0,1.0,1.0,1
6835,8de4253bc36f54df,True,1.0,1.0,0.9459107565587971,1.0,1.0,0.5,0.9774628152328321,1
6836,8de5173c05ee56f5,True,1.0,1.0,0.7857814967444372,1.0,1.0,1.0,0.9107422903101822,1
6837,8dee25a9bcb35544,True,1.0,1.0,1.0,1.0,1.0,1.0,1.0,1
6838,8deec95251e95c2d,True,1.0,1.0,0.8786300959556678,1.0,1.0,1.0,0.9494292066481949,1
6839,8df6c22946e5526d,True,1.0,1.0,0.9759163475508456,1.0,1.0,1.0,0.9899651448128522,1
6840,8df9b515d98e5c38,True,1.0,1.0,0.8083493399878355,1.0,1.0,1.0,0.9201455583282648,1
6841,8dfef734a010531e,True,1.0,1.0,0.8465213860809108,1.0,1.0,1.0,0.9360505775337128,1
6842,8e00c08f68af5357,True,1.0,1.0,0.7616307418126274,1.0,1.0,1.0,0.9006794757552615,1
6843,8e04fd5e1613597a,True,1.0,1.0,0.9999887396006757,1.0,1.0,1.0,0.9999953081669481,1
6844,8e0ecc2622425ef0,True,1.0,1.0,1.0,1.0,1.0,1.0,1.0,1
6845,8e274784672a514b,True,1.0,1.0,1.0,1.0,1.0,1.0,1.0,1
6846,8e2d1588daa3536f,True,1.0,1.0,0.9110382936406816,1.0,1.0,1.0,0.962932622350284,1
6847,8e2fece463df5dcb,True,1.0,1.0,0.8112551749844917,1.0,1.0,1.0,0.921356322910205,1
6848,8e33b543120b53d5,True,1.0,1.0,0.9670734069886594,1.0,1.0,1.0,0.9862805862452747,1
6849,8e35889ee2cb559d,True,1.0,1.0,0.9603915454668452,1.0,1.0,1.0,0.9834964772778522,1
6850,8e393929643f5c97,True,1.0,1.0,0.9836074390699935,1.0,1.0,1.0,0.993169766279164,1
6851,8e501ed74f025c52,True,1.0,1.0,0.7405310561423842,1.0,1.0,1.0,0.8918879400593268,1
6852,8e511022e0e95a13,True,1.0,1.0,0.9093928225486893,1.0,1.0,1.0,0.9622470093952872,1
6853,8e5ce0a119585d3b,True,1.0,1.0,0.7950532847931256,1.0,1.0,0.0,0.9146055353304691,1
6854,8e711b3a85205804,True,1.0,1.0,0.9036062963447673,1.0,1.0,1.0,0.9598359568103197,1
6855,8e785a7a6df95636,True,1.0,1.0,0.8147117921787316,1.0,1.0,1.0,0.9227965800744715,1
6856,8e7906efc10a5e42,True,1.0,1.0,0.7634013619816565,1.0,1.0,1.0,0.9014172341590235,1
6857,8e7cc5d34d415b43,True,1.0,1.0,0.7110077059656215,1.0,1.0,1.0,0.8795865441523422,1
6858,8e84ecdbb84c5784,True,1.0,1.0,0.7413733884951029,1.0,1.0,1.0,0.8922389118729596,1
6859,8e8b2b62eff65719,True,1.0,1.0,1.0,1.0,1.0,1.0,1.0,1
6860,8e958f3833835138,True,1.0,1.0,0.8428602253473743,1.0,1.0,1.0,0.9345250938947393,1
6861,8e9c1bb8232c5a14,True,1.0,1.0,1.0,1.0,1.0,1.0,1.0,1
6862,8e9d920cd8595185,True,1.0,1.0,0.8315286135114569,1.0,1.0,1.0,0.929803588963107,1
6863,8e9e20dde3ed5f0d,True,1.0,0.0,0.0,1.0,1.0,1.0,0.0,1
6864,8e9f743d92c05d10,True,1.0,1.0,1.0,1.0,1.0,1.0,1.0,1
6865,8ea6783a7b195706,True,1.0,1.0,0.8276432316702912,1.0,1.0,1.0,0.9281846798626213,1
6866,8ea9276bf0ee55f5,True,1.0,1.0,0.8764431832784485,1.0,1.0,1.0,0.9485179930326869,1
6867,8eac67d757755066,True,1.0,1.0,0.8769659731596564,1.0,1.0,1.0,0.9487358221498567,1
6868,8ead980b5c845769,True,1.0,1.0,1.0,1.0,1.0,1.0,1.0,1
6869,8eae3eab30c95228,True,1.0,1.0,0.7641293594900616,1.0,1.0,1.0,0.9017205664541924,1
6870,8eb6e6b220755d3b,True,0.0,1.0,0.0,0.0,1.0,1.0,0.0,1
6871,8ebce152a39f5010,True,1.0,1.0,0.7432111304533436,1.0,1.0,1.0,0.8930046376888932,1
6872,8ec53979117552c7,True,1.0,1.0,0.6481669354243996,1.0,1.0,1.0,0.8534028897601665,1
6873,8eca6838e7c75493,True,1.0,1.0,0.821718120790859,1.0,1.0,1.0,0.9257158836628578,1
6874,8ed81a3cabde5dcf,True,1.0,1.0,0.8641731316964133,1.0,1.0,1.0,0.9434054715401722,1
6875,8eda03e314a456a4,True,1.0,1.0,1.0,1.0,1.0,1.0,1.0,1
6876,8ee20c966e7853c1,True,1.0,1.0,1.0,1.0,1.0,1.0,1.0,1
6877,8ee3467219fc5c8a,True,1.0,1.0,1.0,1.0,1.0,1.0,1.0,1
6878,8eeeb7c3d5b158d8,True,1.0,1.0,1.0,1.0,1.0,1.0,1.0,1
6879,8eefb96f7e5f598e,True,1.0,1.0,0.8601582487097713,1.0,1.0,1.0,0.9417326036290715,1
6880,8f0f0f9061b35356,True,1.0,1.0,0.9966551753525449,1.0,1.0,1.0,0.9986063230635605,1
6881,8f0f7125a2e856b8,True,1.0,1.0,1.0,1.0,1.0,1.0,1.0,1
6882,8f105ffb008c5801,True,1.0,1.0,0.9824409444097472,1.0,1.0,1.0,0.9926837268373946,1
6883,8f1247f8436c5208,True,1.0,1.0,0.9685404138099365,1.0,1.0,1.0,0.9868918390874736,1
6884,8f224f01713a5376,True,1.0,1.0,1.0,1.0,1.0,1.0,1.0,1
6885,8f273271b9eb537e,True,1.0,1.0,0.9177426698812848,1.0,1.0,0.5,0.9657261124505353,1
6886,8f41958d23a65c48,True,1.0,1.0,0.8172651176569006,1.0,1.0,1.0,0.9238604656903752,1
6887,8f41a318d1a45310,True,1.0,1.0,1.0,1.0,1.0,1.0,1.0,1
6888,8f4e4b81b2b15283,True,1.0,1.0,1.0,1.0,1.0,1.0,1.0,1
6889,8f5485a8338c5278,True,1.0,1.0,0.9697008779760266,1.0,1.0,1.0,0.9873753658233445,1
6890,8f5610a77c3257f9,True,1.0,0.0,0.0,1.0,1.0,1.0,0.0,1
6891,8f5b6181d28e5d4a,True,1.0,1.0,0.8447767720126262,1.0,1.0,1.0,0.9353236550052609,1
6892,8f5cefce0c0259d9,True,1.0,1.0,0.9507415375728526,1.0,1.0,0.5,0.9794756406553553,1
6893,8f60912c624e5f5f,True,1.0,1.0,1.0,1.0,1.0,1.0,1.0,1
6894,8f67b84df6b75bd1,True,1.0,0.0,0.0,1.0,1.0,1.0,0.0,1
6895,8f741adb793f51c9,True,1.0,1.0,1.0,1.0,1.0,1.0,1.0,1
6896,8f7ea84594aa5d75,True,1.0,1.0,1.0,1.0,1.0,1.0,1.0,1
6897,8f82805b2edb5a25,True,1.0,0.0,0.0,1.0,1.0,1.0,0.0,1
6898,8f828599b2285a97,True,1.0,1.0,0.7958803485236234,1.0,1.0,0.0,0.9149501452181764,1
6899,8f8ccbd6ffcb54b9,True,1.0,1.0,0.9108355140446388,1.0,1.0,1.0,0.9628481308519329,1
6900,8f9712da66485b70,True,1.0,1.0,1.0,1.0,1.0,1.0,1.0,1
6901,8f976b493bbc59b4,True,1.0,1.0,0.9074023904900754,1.0,1.0,1.0,0.9614176627041982,1
6902,8fa565e2239853e3,True,1.0,1.0,0.6303251208150508,1.0,1.0,1.0,0.8459688003396044,1
6903,8fb11d5808355072,True,1.0,1.0,1.0,1.0,1.0,1.0,1.0,1
6904,8fb6a2364e0c53f9,True,1.0,1.0,0.9311713628385814,1.0,1.0,1.0,0.9713214011827422,1
6905,8fbca2950de45a7c,True,1.0,1.0,1.0,1.0,1.0,1.0,1.0,1
6906,8fc0b7212263588f,True,1.0,1.0,0.9364954274784723,1.0,1.0,1.0,0.9735397614493634,1
6907,8fc41f783d475448,True,1.0,1.0,1.0,1.0,1.0,1.0,1.0,1
6908,8fc671c2e6c05780,True,1.0,1.0,0.7036008023523654,1.0,1.0,1.0,0.8765003343134857,1
6909,8fccd42a7937508a,True,1.0,1.0,1.0,1.0,1.0,1.0,1.0,1
6910,8fce05a181775f63,True,1.0,1.0,1.0,1.0,1.0,1.0,1.0,1
6911,8fd10a64f7255d5c,True,1.0,1.0,0.9426557720197638,1.0,1.0,1.0,0.9761065716749014,1
6912,8fdb21d863c5504b,True,1.0,0.0,0.0,1.0,1.0,1.0,0.0,1
6913,8fe203611a555812,True,1.0,1.0,0.7857933153153656,1.0,1.0,1.0,0.9107472147147356,1
6914,8fe49f5c68d65801,True,1.0,1.0,0.799809619634034,1.0,1.0,1.0,0.9165873415141809,1
6915,8fe72476d10c552a,True,1.0,1.0,0.8296037699502153,1.0,1.0,1.0,0.9290015708125897,1
6916,8fe72ff0763b5ba9,True,1.0,1.0,1.0,1.0,1.0,1.0,1.0,1
6917,8feb2ae5cc2451c3,True,1.0,1.0,0.998410099646379,1.0,1.0,1.0,0.9993375415193245,1
6918,8ff412b66d24593c,True,1.0,1.0,1.0,1.0,1.0,1.0,1.0,1
6919,8ff50d5fa36956fa,True,1.0,1.0,1.0,1.0,1.0,1.0,1.0,1
6920,8ff80000e9a05eca,True,0.0,1.0,0.0,0.0,1.0,1.0,0.0,1
6921,8ff8246f69f75f6a,True,1.0,1.0,0.9422562170544115,1.0,1.0,1.0,0.9759400904393382,1
6922,8ff8a3cf55355131,True,1.0,1.0,0.6408041977712439,1.0,1.0,1.0,0.850335082404685,1
6923,8ffb4bbf7d845255,True,1.0,1.0,0.8163719470890797,1.0,1.0,1.0,0.9234883112871165,1
6924,9016f4b84afb5913,True,1.0,1.0,1.0,1.0,1.0,1.0,1.0,1
6925,901722c88ebf50ea,True,1.0,1.0,0.9082178716467597,1.0,1.0,1.0,0.9617574465194831,1
6926,9017962112f85d62,True,1.0,1.0,0.7410557618314316,1.0,1.0,1.0,0.8921065674297631,1
6927,901b2d48b2ce5bf1,True,1.0,1.0,0.9364985752091114,1.0,1.0,1.0,0.9735410730037964,1
6928,9020d65504e554b3,True,1.0,1.0,0.8703240360866229,1.0,1.0,1.0,0.9459683483694262,1
6929,9021c431095f520f,True,1.0,1.0,0.6692478242906079,1.0,1.0,1.0,0.8621865934544198,1
6930,90314b74c92954d6,True,1.0,1.0,0.8049571372044388,1.0,1.0,0.5,0.9187321405018496,1
6931,90482225be14588c,True,1.0,1.0,0.821258149870445,1.0,1.0,1.0,0.9255242291126855,1
6932,9048dd95941958d8,True,1.0,1.0,1.0,1.0,1.0,1.0,1.0,1
6933,90551e9098aa5b12,True,1.0,1.0,1.0,1.0,1.0,1.0,1.0,1
6934,9056de7dce5a50d3,True,1.0,1.0,0.7948532701336998,1.0,1.0,1.0,0.9145221958890416,1
6935,905ab0794c235f69,True,1.0,1.0,0.8095750561956042,1.0,1.0,1.0,0.920656273414835,1
6936,9064ebbda4425d30,True,1.0,1.0,1.0,1.0,1.0,1.0,1.0,1
6937,906587437cf95447,True,1.0,1.0,0.8306658315045033,1.0,1.0,1.0,0.9294440964602098,1
6938,90693e0d94f05e85,True,1.0,1.0,0.7289635908395548,1.0,1.0,1.0,0.8870681628498144,1
6939,906ad81ffb6953a5,True,1.0,1.0,0.7586205326728945,1.0,1.0,1.0,0.8994252219470393,1
6940,906d7e590245576a,True,1.0,1.0,0.7364305638725435,1.0,1.0,1.0,0.8901794016135597,1
6941,906ffee6860e524a,True,1.0,1.0,1.0,1.0,1.0,1.0,1.0,1
6942,90797642e4065c3c,True,1.0,1.0,0.7605957554595585,1.0,1.0,1.0,0.9002482314414827,1
6943,907f2c5fde6f5db8,True,1.0,1.0,0.8993287735464277,1.0,1.0,0.5,0.958053655644345,1
6944,90831b78d185503a,True,1.0,1.0,0.7484568238552565,1.0,1.0,1.0,0.8951903432730236,1
6945,9089d6dfa77e5488,True,1.0,1.0,1.0,1.0,1.0,1.0,1.0,1
6946,908f696abf7c5a26,True,1.0,1.0,0.7934690109362488,1.0,1.0,0.5,0.913945421223437,1
6947,9090d50c08b05715,True,1.0,1.0,1.0,1.0,1.0,1.0,1.0,1
6948,909655c780e152ac,True,1.0,1.0,1.0,1.0,1.0,1.0,1.0,1
6949,90a14e5bd7cb5f47,True,1.0,1.0,1.0,1.0,1.0,1.0,1.0,1
6950,90b8f3760e535ef6,True,1.0,1.0,0.8717462190991944,1.0,1.0,1.0,0.9465609246246643,1
6951,90c51d90c33b5cef,True,1.0,1.0,1.0,1.0,1.0,1.0,1.0,1
6952,90c5557d1eec55a0,True,1.0,1.0,0.9150250647130322,1.0,1.0,1.0,0.9645937769637634,1
6953,90c6b53ec4a252bc,True,1.0,1.0,1.0,1.0,1.0,1.0,1.0,1
6954,90caeda16d835f42,True,1.0,1.0,0.9131385495234838,1.0,1.0,1.0,0.9638077289681183,1
6955,90dbd48d165958cc,True,1.0,1.0,0.9163623512255165,1.0,1.0,1.0,0.9651509796772985,1
6956,90e387c7930d56de,True,1.0,1.0,0.8338709308003788,1.0,1.0,0.5,0.9307795545001577,1
6957,90ed1fb3861c56d7,True,1.0,1.0,1.0,1.0,1.0,1.0,1.0,1
6958,90ed944de9405835,True,1.0,1.0,0.8037204778326406,1.0,1.0,1.0,0.9182168657636002,1
6959,90f8fafcb5715404,True,1.0,1.0,0.7182134780075016,1.0,1.0,1.0,0.8825889491697924,1
6960,90fa31af769c5e8d,True,1.0,1.0,0.8738836698688363,1.0,1.0,1.0,0.9474515291120151,1
6961,9100530861d851b0,True,1.0,1.0,1.0,1.0,1.0,1.0,1.0,1
6962,910198c6086a5a34,True,1.0,1.0,1.0,1.0,1.0,1.0,1.0,1
6963,9104884bcb915c08,True,1.0,1.0,0.8315601763710678,1.0,1.0,1.0,0.9298167401546116,1
6964,9106979ff1c15ad3,True,1.0,1.0,1.0,1.0,1.0,1.0,1.0,1
6965,91081d9b9b0452b9,True,1.0,1.0,1.0,1.0,1.0,1.0,1.0,1
6966,910c4dd3f1ec51b1,True,1.0,1.0,1.0,1.0,1.0,1.0,1.0,1
6967,910ce583575e5f8d,True,1.0,1.0,0.7764363426529853,1.0,1.0,1.0,0.9068484761054106,1
6968,9114a3a480dd5466,True,1.0,1.0,0.7436273755366345,1.0,1.0,1.0,0.8931780731402643,1
6969,9116e9726a6f59cb,True,1.0,1.0,0.9139308396654171,1.0,1.0,1.0,0.9641378498605905,1
6970,911993e744795177,True,1.0,1.0,1.0,1.0,1.0,1.0,1.0,1
6971,912bc19c43a15d8d,True,1.0,1.0,0.8702378195309766,1.0,1.0,1.0,0.9459324248045736,1
6972,913212df2a415e44,True,1.0,1.0,0.9004342593018448,1.0,1.0,1.0,0.9585142747091021,1
6973,9135a6d270475c7f,True,1.0,1.0,0.8077152678419037,1.0,1.0,1.0,0.9198813616007931,1
6974,914113b241ca5e51,True,1.0,1.0,0.8801347445513386,1.0,1.0,1.0,0.9500561435630578,1
6975,91416eb4bba85377,True,1.0,1.0,0.9642289519980154,1.0,1.0,1.0,0.9850953966658397,1
6976,9147938e42675685,True,1.0,0.0,0.0,1.0,1.0,1.0,0.0,1
6977,9147a0ae2bf751c8,True,1.0,1.0,0.8031391547611144,1.0,1.0,1.0,0.917974647817131,1
6978,91496ec9ca5f5d5f,True,1.0,1.0,0.8378527033414684,1.0,1.0,1.0,0.9324386263922785,1
6979,9149c990800952c0,True,1.0,1.0,1.0,1.0,1.0,1.0,1.0,1
6980,9157902936a456bf,True,1.0,1.0,1.0,1.0,1.0,1.0,1.0,1
6981,9157afe90f035621,True,1.0,1.0,1.0,1.0,1.0,1.0,1.0,1
6982,9164913b818a58b1,True,1.0,1.0,0.9168271655381015,1.0,1.0,1.0,0.9653446523075423,1
6983,9170b75b8a3f527f,True,1.0,1.0,0.7778724703361319,1.0,1.0,1.0,0.907446862640055,1
6984,91795d835c905882,True,1.0,1.0,1.0,1.0,1.0,1.0,1.0,1
6985,917f7087f2665add,True,1.0,1.0,0.9213860594711311,1.0,1.0,1.0,0.9672441914463046,1
6986,9184d994aedd50b1,True,1.0,1.0,1.0,1.0,1.0,1.0,1.0,1
6987,918a76140b9a5f92,True,1.0,1.0,0.8753667513707002,1.0,1.0,1.0,0.9480694797377917,1
6988,918b6721bcf75d38,True,1.0,1.0,0.8267331242442055,1.0,1.0,1.0,0.9278054684350856,1
6989,918d03455301591b,True,1.0,1.0,0.5681721299166437,1.0,1.0,1.0,0.8200717207986016,1
6990,9191f3f8644d50cb,True,1.0,1.0,1.0,0.0,1.0,1.0,0.5833333333333334,1
6991,9195f25b12bd56d9,True,1.0,1.0,0.7764071326856898,1.0,1.0,1.0,0.9068363052857041,1
6992,919aa2aa25a951f4,True,1.0,1.0,0.8133641610183947,1.0,1.0,1.0,0.9222350670909978,1
6993,919ee41f5fa65358,True,1.0,0.0,0.0,1.0,1.0,1.0,0.0,1
6994,919fcdbcf46f58d1,True,1.0,1.0,0.9936833339687228,1.0,1.0,1.0,0.9973680558203011,1
6995,91ae20bf459859fe,True,0.0,1.0,0.0,0.0,1.0,1.0,0.0,1
6996,91aeae3843455c34,True,1.0,1.0,1.0,1.0,1.0,1.0,1.0,1
6997,91afe72955de5b85,True,1.0,1.0,0.8036788870718056,1.0,1.0,1.0,0.918199536279919,1
6998,91b143f42de55e14,True,1.0,1.0,0.6676850055747404,1.0,1.0,1.0,0.8615354189894752,1
6999,91c479d90ccb521a,True,1.0,1.0,0.9382201418620818,1.0,1.0,1.0,0.974258392442534,1
7000,91c7e207e3395557,True,1.0,1.0,0.8326442944868296,1.0,1.0,1.0,0.930268456036179,1
7001,91d22882380a5e4b,True,1.0,1.0,1.0,1.0,1.0,1.0,1.0,1
7002,91d37a0aabe95056,True,1.0,1.0,0.7736178259541481,1.0,1.0,1.0,0.9056740941475617,1
7003,91d449d737cc50fb,True,1.0,1.0,0.8702738074837957,1.0,1.0,1.0,0.9459474197849148,1
7004,91defa409f0254d5,True,1.0,1.0,1.0,1.0,1.0,1.0,1.0,1
7005,91e06c22962d53bb,True,1.0,1.0,0.7711158038715279,1.0,1.0,1.0,0.90463158494647,1
7006,91f7454802305af8,True,1.0,1.0,0.9283978741044521,1.0,1.0,1.0,0.970165780876855,1
7007,91fbe6fb1a3d5717,True,1.0,1.0,1.0,1.0,1.0,1.0,1.0,1
7008,91fc00df56ae5aca,True,1.0,1.0,0.6990978230117174,1.0,1.0,1.0,0.874624092921549,1
7009,9204b6df37ec56ba,True,1.0,1.0,0.7418466855671492,1.0,1.0,1.0,0.892436118986312,1
7010,92079b2eb4675c0d,True,1.0,1.0,0.8620677624694553,1.0,1.0,1.0,0.942528234362273,1
7011,92106b8512315c03,True,1.0,1.0,1.0,1.0,1.0,1.0,1.0,1
7012,92135b7bae0b5259,True,1.0,1.0,1.0,1.0,1.0,1.0,1.0,1
7013,9215555823945665,True,1.0,1.0,0.836750952930057,1.0,1.0,1.0,0.9319795637208571,1
7014,9215943615c45afd,True,1.0,1.0,0.999123019621231,1.0,1.0,1.0,0.9996345915088463,1
7015,922b13fe723c505a,True,1.0,1.0,0.8228224362324519,1.0,1.0,1.0,0.9261760150968549,1
7016,92389245b55d579b,True,1.0,1.0,0.8868899474094768,1.0,1.0,1.0,0.9528708114206154,1
7017,923b8c36b7995ade,True,1.0,1.0,0.762063844830455,1.0,1.0,1.0,0.9008599353460229,1
7018,923e4fcf3daa57f8,True,1.0,0.0,0.0,1.0,1.0,1.0,0.0,1
7019,92427e4a55475ba6,True,1.0,1.0,0.7610188160786403,1.0,1.0,0.5,0.9004245066994335,1
7020,9243ca15a76e552f,True,1.0,1.0,0.9175200502854395,1.0,1.0,1.0,0.9656333542855998,1
7021,92471a550d745af1,True,1.0,1.0,1.0,1.0,1.0,1.0,1.0,1
7022,9248ce20618c5513,True,1.0,1.0,1.0,1.0,1.0,1.0,1.0,1
7023,924f7c86a30b55c7,True,1.0,1.0,0.698724098720053,1.0,1.0,1.0,0.8744683744666887,1
7024,925e046dba2f525f,True,1.0,1.0,0.9613328859337523,1.0,1.0,1.0,0.9838887024723967,1
7025,926d8c9ced715a42,True,1.0,1.0,1.0,1.0,1.0,1.0,1.0,1
7026,926ea834d8f256d5,True,1.0,1.0,0.8725057059425732,1.0,1.0,1.0,0.946877377476072,1
7027,927222aceeaa52bb,True,1.0,1.0,1.0,1.0,1.0,1.0,1.0,1
7028,92729339932751f6,True,1.0,1.0,1.0,1.0,1.0,1.0,1.0,1
7029,9276407219215151,True,1.0,1.0,0.8082749161264374,1.0,1.0,1.0,0.9201145483860156,1
7030,92778c3bfcda566d,True,1.0,1.0,1.0,0.0,1.0,1.0,0.5833333333333334,1
7031,927aa2c8ef7d5b5c,True,0.0,1.0,0.0,0.0,1.0,1.0,0.0,1
7032,927b73fea33f5218,True,1.0,1.0,0.929832797735517,1.0,1.0,1.0,0.9707636657231321,1
7033,92838ad73bf95b3a,True,1.0,1.0,1.0,1.0,1.0,1.0,1.0,1
7034,9284ea4dbd0c52ff,True,1.0,1.0,0.8438720040341731,1.0,1.0,1.0,0.934946668347572,1
7035,929fe68adaef5ee7,True,1.0,1.0,0.548647348341661,1.0,1.0,1.0,0.8119363951423587,1
7036,92a263b537fd5b72,True,1.0,1.0,0.9552465418813527,1.0,1.0,1.0,0.9813527257838969,1
7037,92aea46cab86531b,True,1.0,1.0,1.0,1.0,1.0,1.0,1.0,1
7038,92aee2a7b815565f,True,1.0,1.0,1.0,1.0,1.0,1.0,1.0,1
7039,92bbb17b853a5aa2,True,1.0,1.0,1.0,1.0,1.0,1.0,1.0,1
7040,92beafb962d457db,True,0.0,1.0,0.0,0.0,1.0,1.0,0.0,1
7041,92c38e520e515a8a,True,1.0,1.0,1.0,1.0,1.0,1.0,1.0,1
7042,92c6df44cf055882,True,1.0,1.0,0.7271210102557545,1.0,1.0,1.0,0.8863004209398978,1
7043,92c7b16cbf5a5d8c,True,1.0,1.0,1.0,1.0,1.0,1.0,1.0,1
7044,92c920c643695ff3,True,1.0,1.0,0.7674458348172948,1.0,1.0,1.0,0.9031024311738728,1
7045,92d21bb7692b5664,True,1.0,1.0,0.9123540381210815,1.0,1.0,1.0,0.9634808492171173,1
7046,92d2f07fc6075f5d,True,1.0,1.0,1.0,1.0,1.0,1.0,1.0,1
7047,92da1e3c12fa54b6,True,1.0,1.0,0.7979289815072984,1.0,1.0,1.0,0.9158037422947077,1
7048,92e33be532965ecf,True,1.0,1.0,1.0,1.0,1.0,1.0,1.0,1
7049,92e3a80a8f775ce2,True,1.0,1.0,0.7910810692848569,1.0,1.0,1.0,0.9129504455353571,1
7050,92e499cae59d57d4,True,1.0,1.0,1.0,1.0,1.0,1.0,1.0,1
7051,92e7b3a7f4d054f3,True,1.0,1.0,0.7839165513566828,1.0,1.0,0.0,0.909965229731951,1
7052,92ebb72e83325bb1,True,1.0,1.0,1.0,1.0,1.0,1.0,1.0,1
7053,92ec09fc760c5c4d,True,1.0,1.0,0.9489490897780481,1.0,1.0,1.0,0.97872878740752,1
7054,92fe6ff13c005ee3,True,1.0,1.0,0.7924082441568018,1.0,1.0,1.0,0.913503435065334,1
7055,9300251ea784552f,True,1.0,1.0,0.8490115160878505,1.0,1.0,1.0,0.937088131703271,1
7056,93080b4cb0435e4a,True,1.0,1.0,0.8251380668464386,1.0,1.0,1.0,0.927140861186016,1
7057,93092fbeb57f5e9a,True,1.0,1.0,1.0,1.0,1.0,1.0,1.0,1
7058,9311d9a2409c5224,True,1.0,1.0,0.7660938826780265,1.0,1.0,0.5,0.902539117782511,1
7059,9313777d021e5255,True,1.0,1.0,1.0,1.0,1.0,1.0,1.0,1
7060,93141bb128bd5a34,True,1.0,1.0,0.8672647268037369,1.0,1.0,1.0,0.9446936361682238,1
7061,931c9ec2bfa55d47,True,1.0,0.0,0.0,1.0,1.0,1.0,0.0,1
7062,9320c42b53b052f0,True,1.0,1.0,1.0,1.0,1.0,1.0,1.0,1
7063,9324eafb3ef25fdb,True,1.0,1.0,0.9892338663085867,1.0,1.0,1.0,0.9955141109619111,1
7064,9326163d4c9c5d16,True,1.0,1.0,0.9018984007931904,1.0,1.0,0.0,0.9591243336638294,1
7065,932938d86cfc5d6f,True,1.0,1.0,0.9116273548106603,1.0,1.0,1.0,0.9631780645044419,1
7066,932f0bf1d23b5ba7,True,1.0,1.0,1.0,1.0,1.0,1.0,1.0,1
7067,933141027c9e5fdc,True,1.0,1.0,0.932850904175505,1.0,1.0,1.0,0.972021210073127,1
7068,9334f5a33c07587a,True,1.0,1.0,0.7144109150282799,1.0,1.0,1.0,0.88100454792845,1
7069,93358613d3865c5c,True,1.0,1.0,0.9349125202851643,1.0,1.0,1.0,0.9728802167854851,1
7070,9337165de94b5a40,True,1.0,1.0,1.0,1.0,1.0,1.0,1.0,1
7071,93494257467c5e97,True,1.0,1.0,0.9312460896682989,1.0,1.0,1.0,0.9713525373617912,1
7072,934c8ac938ad5dca,True,1.0,1.0,0.8334225777616111,1.0,1.0,1.0,0.9305927407340047,1
7073,934f7ab607405431,True,1.0,1.0,1.0,1.0,1.0,1.0,1.0,1
7074,93512ae1de725307,True,1.0,1.0,1.0,1.0,1.0,1.0,1.0,1
7075,93574a28917b5395,True,1.0,1.0,0.8286139216491016,1.0,1.0,1.0,0.928589134020459,1
7076,936037f7683c50e8,True,1.0,1.0,0.8126794109339409,1.0,1.0,1.0,0.9219497545558086,1
7077,9360bfdb65d153cd,True,1.0,1.0,0.8008624752517174,1.0,1.0,0.5,0.9170260313548821,1
7078,93614dfd833d5423,True,1.0,1.0,0.7191485303874645,1.0,1.0,1.0,0.8829785543281101,1
7079,9369b11c1f5857e8,True,1.0,1.0,1.0,1.0,1.0,1.0,1.0,1
7080,936bb410fa70545b,True,1.0,1.0,0.8946271484085165,1.0,1.0,1.0,0.9560946451702153,1
7081,936c2cf5b8345663,True,0.5,1.0,0.5777962909300467,0.0,1.0,0.5,0.20370756061042639,1
7082,937ca624cc2658a6,True,1.0,1.0,1.0,1.0,1.0,1.0,1.0,1
7083,9387d5660fcf5d98,True,1.0,1.0,0.8965076697510727,1.0,1.0,1.0,0.9568781957296135,1
7084,9389ef5de0935e29,True,1.0,1.0,0.7415407288219378,1.0,1.0,1.0,0.8923086370091408,1
7085,938b4978b8da5a08,True,1.0,1.0,1.0,1.0,1.0,1.0,1.0,1
7086,938ceea80dd85b62,True,1.0,1.0,0.8149119227937273,1.0,1.0,1.0,0.9228799678307197,1
7087,939be40082d9515a,True,1.0,0.0,0.0,1.0,1.0,1.0,0.0,1
7088,93a208914ea85781,True,1.0,1.0,0.7031582775866754,1.0,1.0,1.0,0.876315948994448,1
7089,93a4b61a25b0509f,True,1.0,1.0,1.0,1.0,1.0,1.0,1.0,1
7090,93a59ff864b45716,True,1.0,1.0,1.0,1.0,1.0,1.0,1.0,1
7091,93a5e1de2d185374,True,1.0,1.0,1.0,1.0,1.0,1.0,1.0,1
7092,93b0ff5c4c5c507e,True,1.0,1.0,1.0,1.0,1.0,1.0,1.0,1
7093,93b2aee4f638552e,True,1.0,1.0,1.0,1.0,1.0,0.0,1.0,1
7094,93b50a6df30b5453,True,1.0,1.0,0.9154671487166579,1.0,1.0,1.0,0.9647779786319409,1
7095,93b93c0235375b93,True,1.0,1.0,1.0,1.0,1.0,1.0,1.0,1
7096,93bbe5e3e6cd5411,True,1.0,1.0,0.8070125941700093,1.0,1.0,1.0,0.9195885809041705,1
7097,93bc5a4ab6a95986,True,1.0,1.0,0.9710354675523528,1.0,1.0,1.0,0.9879314448134803,1
7098,93bdcee4c814567c,True,1.0,1.0,0.7205033123908785,1.0,1.0,1.0,0.8835430468295327,1
7099,93c2bfeb7c885a2e,True,1.0,1.0,0.7802021773892824,1.0,1.0,1.0,0.908417573912201,1
7100,93c36f72811852d3,True,1.0,1.0,0.9059505320039895,1.0,1.0,1.0,0.960812721668329,1
7101,93c82496dc8e59c5,True,1.0,1.0,0.9674343558915223,1.0,1.0,1.0,0.9864309816214676,1
7102,93ca181d363358eb,True,1.0,1.0,0.7773186650878766,1.0,1.0,1.0,0.907216110453282,1
7103,93d4ab80a0cf5f01,True,1.0,1.0,1.0,1.0,1.0,1.0,1.0,1
7104,93d5e0dd29bc5e7c,True,1.0,1.0,1.0,1.0,1.0,1.0,1.0,1
7105,93dab1bad99e58f7,True,1.0,1.0,0.842680545508915,1.0,1.0,1.0,0.9344502272953813,1
7106,93e2377357d9551e,True,1.0,1.0,0.9463056649348914,1.0,1.0,1.0,0.9776273603895381,1
7107,93e2a76b34b559fc,True,1.0,0.0,0.0,1.0,1.0,1.0,0.0,1
7108,93e2f4fc13a35269,True,1.0,1.0,1.0,1.0,1.0,1.0,1.0,1
7109,93eb75a6d0fc5db4,True,1.0,1.0,0.9294234768119692,1.0,1.0,1.0,0.9705931153383206,1
7110,93ec10a2fdc35c9a,True,1.0,1.0,0.8539830854313468,1.0,1.0,1.0,0.9391596189297279,1
7111,93ed1cf3d95a5dab,True,1.0,1.0,0.9656546532418543,1.0,1.0,1.0,0.9856894388507728,1
7112,93ff1c769e6f5507,True,1.0,1.0,0.9154729493960695,1.0,1.0,1.0,0.9647803955816956,1
7113,9406203fdb815e58,True,1.0,1.0,0.7632130339832137,1.0,1.0,1.0,0.9013387641596724,1
7114,940ba87d553456c3,True,1.0,1.0,0.7436743645489118,1.0,1.0,1.0,0.8931976518953798,1
7115,940becbbb9d05594,True,1.0,1.0,1.0,1.0,1.0,1.0,1.0,1
7116,9410f817dff058c2,True,1.0,1.0,1.0,1.0,1.0,1.0,1.0,1
7117,9411f5b779cb5d09,True,1.0,1.0,0.7100813682780043,1.0,1.0,1.0,0.8792005701158351,1
7118,942018830e805349,True,1.0,1.0,0.7318927082243329,1.0,1.0,1.0,0.8882886284268053,1
7119,942df6bcc0c65bf9,True,1.0,1.0,0.7778717018090519,1.0,1.0,1.0,0.9074465424204382,1
7120,9436b4c35a125beb,True,1.0,1.0,0.6492918480385924,1.0,1.0,1.0,0.8538716033494135,1
7121,943c308c85d25ee5,True,1.0,1.0,0.8740087775366371,1.0,1.0,1.0,0.9475036573069321,1
7122,943cbb2398a150b4,True,1.0,1.0,0.8052337097412042,1.0,1.0,1.0,0.9188473790588351,1
7123,944a55f58a59597f,True,1.0,1.0,1.0,1.0,1.0,1.0,1.0,1
7124,944eece37ff15fa1,True,1.0,1.0,0.9381205409830825,1.0,1.0,1.0,0.9742168920762845,1
7125,944fda18b9205994,True,1.0,1.0,1.0,1.0,1.0,1.0,1.0,1
7126,94500c64b0e457bb,True,1.0,1.0,0.7868112503182367,1.0,1.0,1.0,0.9111713542992653,1
7127,945dafbf488554b7,True,1.0,1.0,0.8748780055777361,1.0,1.0,1.0,0.94786583565739,1
7128,94625815a7b351b5,True,1.0,1.0,0.9048603918645252,1.0,1.0,1.0,0.9603584966102189,1
7129,9464277f29025ad8,True,1.0,1.0,0.8550957487694893,1.0,1.0,1.0,0.939623228653954,1
7130,94652fa0c64d5846,True,1.0,1.0,0.7649463893651393,1.0,1.0,1.0,0.902060995568808,1
7131,94683fc69ce4599c,True,1.0,1.0,0.6897743929788427,1.0,1.0,1.0,0.8707393304078511,1
7132,94689128d3bb5ac8,True,1.0,1.0,1.0,1.0,1.0,1.0,1.0,1
7133,9468f5ec72415a29,True,1.0,1.0,1.0,1.0,1.0,1.0,1.0,1
7134,94693a54967757f6,True,1.0,1.0,1.0,1.0,1.0,1.0,1.0,1
7135,947518978dcd5005,True,1.0,1.0,0.811331470667216,1.0,1.0,1.0,0.9213881127780067,1
7136,947829285f5d5526,True,1.0,1.0,1.0,1.0,1.0,1.0,1.0,1
7137,947b3794a3275a2c,True,1.0,1.0,0.6547663586595022,1.0,1.0,1.0,0.8561526494414592,1
7138,948099bc138855b6,True,1.0,1.0,1.0,1.0,1.0,1.0,1.0,1
7139,94817f3d96fe5072,True,1.0,1.0,1.0,1.0,1.0,1.0,1.0,1
7140,9482776d16a6551d,True,1.0,1.0,0.6899483101420033,1.0,1.0,1.0,0.8708117958925014,1
7141,9482aa33e08f50e6,True,1.0,1.0,0.8805927791508443,1.0,1.0,1.0,0.9502469913128518,1
7142,94839be4b8c95789,True,1.0,1.0,1.0,1.0,1.0,1.0,1.0,1
7143,9483bda6b31259bd,True,1.0,1.0,0.7644553471066989,1.0,1.0,0.0,0.9018563946277912,1
7144,9483fae2cfc352eb,True,1.0,1.0,0.5671826323738879,1.0,1.0,1.0,0.8196594301557866,1
7145,948e3c9e26805b86,True,1.0,1.0,1.0,1.0,1.0,1.0,1.0,1
7146,948e6a45c7cd5837,True,1.0,1.0,0.898349017974471,1.0,1.0,1.0,0.9576454241560296,1
7147,949a5f17807b5aac,True,1.0,1.0,0.9376391260026032,1.0,1.0,1.0,0.9740163025010847,1
7148,94a3b8d43f515d6e,True,1.0,1.0,0.9185860308972934,1.0,1.0,1.0,0.9660775128738722,1
7149,94a5491ee69d5e27,True,1.0,1.0,0.7353235908216639,1.0,1.0,1.0,0.8897181628423599,1
7150,94ac0f71d5615e4c,True,1.0,1.0,0.8621106778863923,1.0,1.0,1.0,0.9425461157859968,1
7151,94ae12c4703950be,True,1.0,1.0,0.7962960841927925,1.0,1.0,1.0,0.9151233684136635,1
7152,94b9b31c975a5796,True,1.0,1.0,0.8781207122963116,1.0,1.0,1.0,0.9492169634567965,1
7153,94c0ff5134d45dd1,True,1.0,1.0,0.6597285110798161,1.0,1.0,1.0,0.8582202129499233,1
7154,94c3ef5a3168570a,True,1.0,1.0,0.9804935974668924,1.0,1.0,1.0,0.9918723322778717,1
7155,94c6fd3f9ec85914,True,1.0,1.0,0.8179785303843102,1.0,1.0,1.0,0.9241577209934627,1
7156,94c7ef641e1c5dd7,True,1.0,1.0,0.796022660715346,1.0,1.0,1.0,0.9150094419647274,1
7157,94cabec7888a5bb3,True,1.0,1.0,0.8187282070079529,1.0,1.0,1.0,0.9244700862533137,1
7158,94d209006f485164,True,1.0,0.0,0.0,1.0,1.0,1.0,0.0,1
7159,94d21a3c26c65363,True,1.0,1.0,0.9923755158402624,1.0,1.0,1.0,0.9968231316001094,1
7160,94d74f87c8435b61,True,1.0,1.0,0.9101151146162767,1.0,1.0,1.0,0.9625479644234486,1
7161,94e4d365aeec5cec,True,1.0,1.0,1.0,1.0,1.0,0.5,1.0,1
7162,94e8a92d53635c38,True,1.0,1.0,1.0,1.0,1.0,1.0,1.0,1
7163,94ec2c53ddbc5dae,True,1.0,1.0,0.8710813601928041,1.0,1.0,1.0,0.946283900080335,1
7164,94f5959417f75349,True,1.0,1.0,0.8519008116830394,1.0,1.0,1.0,0.938292004867933,1
7165,94f5e53f2e205285,True,1.0,1.0,0.7439981977762282,1.0,1.0,1.0,0.8933325824067618,1
7166,95005e9d60b05d1d,True,1.0,1.0,0.7142583158398148,1.0,1.0,1.0,0.8809409649332561,1
7167,9502cdbb06dd516f,True,1.0,1.0,1.0,1.0,1.0,1.0,1.0,1
7168,95165bfbaadf5a64,True,1.0,1.0,1.0,1.0,1.0,1.0,1.0,1
7169,95193473b1cb5434,True,1.0,1.0,0.9143576684402349,1.0,1.0,1.0,0.9643156951834312,1
7170,952c1875f64057b9,True,1.0,1.0,0.5885030621112023,1.0,1.0,1.0,0.8285429425463343,1
7171,952dbeff58945400,True,1.0,1.0,0.9744168163896672,1.0,1.0,1.0,0.9893403401623613,1
7172,95329718628e5f7f,True,1.0,1.0,0.9747011252767415,1.0,1.0,1.0,0.9894588021986422,1
7173,953aea8a2a085404,True,1.0,1.0,0.9034459657267832,1.0,1.0,1.0,0.9597691523861597,1
7174,953b6023473258bb,True,1.0,1.0,0.7512778092691913,1.0,1.0,1.0,0.8963657538621631,1
7175,953b60711663549b,True,1.0,1.0,0.8754067562628847,1.0,1.0,1.0,0.9480861484428686,1
7176,9540f5a8db575a50,True,1.0,1.0,1.0,1.0,1.0,1.0,1.0,1
7177,95448c5ace9e5a22,True,1.0,1.0,1.0,1.0,1.0,1.0,1.0,1
7178,95472243c6245fec,True,1.0,1.0,0.9207821672626184,1.0,1.0,1.0,0.9669925696927577,1
7179,955098957a615194,True,1.0,1.0,1.0,1.0,1.0,1.0,1.0,1
7180,9551ef5e14315cc0,True,1.0,1.0,0.9621521299453533,1.0,1.0,1.0,0.9842300541438972,1
7181,95528bd014555540,True,1.0,1.0,1.0,1.0,1.0,1.0,1.0,1
7182,955916fd66da5657,True,1.0,1.0,0.9018440970851669,1.0,1.0,1.0,0.9591017071188196,1
7183,955af39177fe5ba1,True,1.0,1.0,0.8851416967435746,1.0,1.0,1.0,0.9521423736431561,1
7184,95612e81595b568f,True,1.0,1.0,0.9383751330680965,1.0,1.0,1.0,0.9743229721117069,1
7185,9568c56631be548e,True,1.0,1.0,1.0,1.0,1.0,1.0,1.0,1
7186,956bda5985a559f1,True,1.0,1.0,0.8131987732257792,1.0,1.0,1.0,0.9221661555107413,1
7187,956e3aa8415b5712,True,1.0,1.0,0.7105469003347964,1.0,1.0,1.0,0.8793945418061652,1
7188,95733bb0b55e5d5f,True,1.0,1.0,0.8327608790850658,1.0,1.0,1.0,0.9303170329521108,1
7189,9577987ee2e85304,True,1.0,1.0,1.0,1.0,1.0,1.0,1.0,1
7190,9580cc2199c55666,True,1.0,1.0,1.0,1.0,1.0,1.0,1.0,1
7191,958677976f9c5b0a,True,1.0,1.0,0.5666202742852849,1.0,1.0,1.0,0.8194251142855354,1
7192,9587d6ea0a8e518f,True,1.0,1.0,0.7809229126019864,1.0,1.0,1.0,0.9087178802508277,1
7193,959a7f2070f551e9,True,1.0,1.0,0.8878883574270212,1.0,1.0,1.0,0.9532868155945922,1
7194,95a4b51d1d865ba0,True,1.0,1.0,0.7463047288988542,1.0,1.0,1.0,0.8942936370411892,1
7195,95ba88fe9c385123,True,1.0,1.0,1.0,1.0,1.0,1.0,1.0,1
7196,95bb1e65b61b5e04,True,1.0,1.0,0.7411471301528739,1.0,1.0,1.0,0.8921446375636974,1
7197,95bd905e3f685a28,True,1.0,1.0,0.8320380860791037,1.0,1.0,1.0,0.9300158691996265,1
7198,95c5cd4c17d9594a,True,1.0,1.0,0.8335840799149792,1.0,1.0,1.0,0.930660033297908,1
7199,95c73c4a8d775324,True,1.0,1.0,1.0,1.0,1.0,1.0,1.0,1
7200,95ccb71300195f57,True,1.0,1.0,0.9016558120932694,1.0,1.0,0.0,0.9590232550388622,1
7201,95d9b54f00325665,True,1.0,1.0,0.7330172467598519,1.0,1.0,1.0,0.8887571861499383,1
7202,95de48bebbb35484,True,1.0,1.0,1.0,1.0,1.0,1.0,1.0,1
7203,95e6e7c4cfe15b91,True,1.0,1.0,0.9701483661510724,1.0,1.0,1.0,0.9875618192296134,1
7204,95ee5b14fb3a5ce0,True,1.0,1.0,1.0,1.0,1.0,1.0,1.0,1
7205,95effa16c4bb5c12,True,1.0,1.0,0.9042929630842389,0.0,1.0,1.0,0.5434554012850995,1
7206,95f42de7bd075f88,True,1.0,1.0,1.0,1.0,1.0,1.0,1.0,1
7207,95fa228136aa55d1,True,1.0,1.0,0.8008750397669369,1.0,1.0,1.0,0.9170312665695569,1
7208,960b735b1eac5dab,True,1.0,1.0,0.9769427465356965,1.0,1.0,1.0,0.9903928110565401,1
7209,960d5334ae8f54a5,True,1.0,1.0,1.0,1.0,1.0,1.0,1.0,1
7210,961138ed0ca9525b,True,1.0,1.0,0.9361359817571442,1.0,1.0,1.0,0.97338999239881,1
7211,96164ad9ed8557a7,True,1.0,1.0,1.0,1.0,1.0,1.0,1.0,1
7212,961cd53fde9a5c3d,True,1.0,1.0,1.0,1.0,1.0,1.0,1.0,1
7213,961d67f58f40502f,True,1.0,1.0,0.998924541626051,1.0,1.0,0.0,0.9995518923441878,1
7214,962deb8ccdaf50e3,True,1.0,1.0,1.0,0.0,1.0,1.0,0.5833333333333334,1
7215,9630074ccab7581e,True,1.0,1.0,0.870373284569973,1.0,1.0,1.0,0.9459888685708221,1
7216,963324efc6715315,True,1.0,1.0,1.0,1.0,1.0,1.0,1.0,1
7217,963591d88d6a53b6,True,1.0,1.0,0.7160439585149332,1.0,1.0,1.0,0.8816849827145555,1
7218,963a72ef9c615033,True,1.0,1.0,0.8749265970317821,0.0,1.0,1.0,0.5312194154299092,1
7219,963b4781dbe558de,True,1.0,1.0,0.9279334071473029,1.0,1.0,1.0,0.9699722529780429,1
7220,963d98eaf75259f6,True,1.0,1.0,1.0,1.0,1.0,1.0,1.0,1
7221,963ea50b7eb2554b,True,1.0,0.0,0.0,1.0,1.0,1.0,0.0,1
7222,9644977ff3b15622,True,1.0,1.0,1.0,1.0,1.0,1.0,1.0,1
7223,964c8941cfe558bb,True,1.0,1.0,0.9291831807358255,1.0,1.0,1.0,0.9704929919732607,1
7224,96540ed00a785607,True,1.0,1.0,0.7928548375240385,1.0,1.0,1.0,0.9136895156350161,1
7225,96587a61c6c05d71,True,1.0,1.0,0.7636923485527137,1.0,1.0,1.0,0.9015384785636308,1
7226,96588474ccef5f60,True,1.0,1.0,1.0,1.0,1.0,1.0,1.0,1
7227,9666a4125db25507,True,1.0,1.0,0.7569165641470497,1.0,1.0,1.0,0.8987152350612707,1
7228,966e42e47cc85a5c,True,1.0,1.0,0.7685488653665723,1.0,1.0,1.0,0.9035620272360717,1
7229,96704b3a6c235f12,True,1.0,1.0,0.9041767089166297,1.0,1.0,1.0,0.9600736287152625,1
7230,9678b0cccb565681,True,1.0,1.0,1.0,1.0,1.0,1.0,1.0,1
7231,967a6f50c73c5eb7,True,1.0,1.0,1.0,1.0,1.0,1.0,1.0,1
7232,967b41c4778d5aac,True,1.0,1.0,0.8404853611468082,1.0,1.0,1.0,0.9335355671445034,1
7233,9690846adfb751cc,True,1.0,1.0,0.860062979730032,1.0,1.0,1.0,0.9416929082208467,1
7234,969198fbd19d59b1,True,1.0,1.0,1.0,1.0,1.0,1.0,1.0,1
7235,9695a17335715894,True,1.0,1.0,0.7768895891330343,1.0,1.0,1.0,0.9070373288054311,1
7236,9696a32e868259e3,True,1.0,1.0,1.0,1.0,1.0,1.0,1.0,1
7237,9696c1f82bc05ffc,True,1.0,1.0,0.8850462435789083,1.0,1.0,1.0,0.9521026014912118,1
7238,96a0bbef8c335c3e,True,1.0,1.0,1.0,1.0,1.0,1.0,1.0,1
7239,96a228d4d055523a,True,1.0,1.0,0.8193022465622166,1.0,1.0,1.0,0.9247092694009235,1
7240,96a252e16d1553e1,True,1.0,1.0,0.7501519449640878,1.0,1.0,1.0,0.8958966437350365,1
7241,96af2f9a0f9352ab,True,1.0,1.0,1.0,1.0,1.0,1.0,1.0,1
7242,96b5b1c350745a73,True,1.0,1.0,1.0,1.0,1.0,1.0,1.0,1
7243,96bc4f4e46f752f4,True,1.0,1.0,1.0,1.0,1.0,1.0,1.0,1
7244,96bf2644106456f6,True,1.0,1.0,0.8408798071856258,1.0,1.0,1.0,0.9336999196606776,1
7245,96c003cecfbd5a91,True,1.0,0.0,0.0,1.0,1.0,1.0,0.0,1
7246,96c3433ef79a5478,True,1.0,1.0,0.9262890800970921,1.0,1.0,1.0,0.9692871167071218,1
7247,96c4cb076c9954e6,True,1.0,1.0,0.947669063133674,1.0,1.0,1.0,0.9781954429723642,1
7248,96c8893a610b51ba,True,1.0,1.0,0.7672621464405915,1.0,1.0,1.0,0.9030258943502464,1
7249,96cb1a2412095a90,True,1.0,1.0,0.8787303305708125,1.0,1.0,1.0,0.9494709710711718,1
7250,96d7b6bf87f45e33,True,1.0,1.0,0.9409920462712003,1.0,1.0,1.0,0.9754133526130001,1
7251,96d8920289b55395,True,1.0,1.0,0.8019040791842902,1.0,1.0,1.0,0.9174600329934542,1
7252,96d9a24139ca5ad4,True,1.0,1.0,0.7817514045822942,1.0,1.0,1.0,0.9090630852426226,1
7253,96dc22c0224255ca,True,1.0,1.0,1.0,1.0,1.0,1.0,1.0,1
7254,96dd879c7e365dc9,True,1.0,1.0,0.7878473791347832,1.0,1.0,1.0,0.9116030746394931,1
7255,96eed7e55d4c5f8b,True,1.0,1.0,0.9018579980878542,1.0,1.0,1.0,0.9591074992032725,1
7256,96f15b834684542e,True,1.0,1.0,1.0,1.0,1.0,1.0,1.0,1
7257,96f19d920d5558e9,True,1.0,1.0,1.0,1.0,1.0,1.0,1.0,1
7258,96f6cde1205e5865,True,1.0,1.0,0.7236218177399472,1.0,1.0,1.0,0.8848424240583114,1
7259,96fd45b48c8b5e18,True,1.0,1.0,0.5991062647540243,1.0,1.0,1.0,0.8329609436475102,1
7260,9707c6cbc83556f6,True,1.0,1.0,1.0,1.0,1.0,1.0,1.0,1
7261,97080182e9a455b3,True,1.0,0.0,0.0,1.0,1.0,1.0,0.0,1
7262,970cfee3bc7d5e3d,True,1.0,1.0,0.9042984961833059,1.0,1.0,1.0,0.9601243734097108,1
7263,97181536d6be5368,True,1.0,1.0,0.6448830869910643,1.0,1.0,1.0,0.8520346195796101,1
7264,971af37715285683,True,1.0,1.0,1.0,0.0,1.0,1.0,0.5833333333333334,1
7265,971d199e8b9b5e71,True,1.0,1.0,0.8833289707772983,1.0,1.0,1.0,0.9513870711572077,1
7266,9726171368175cc6,True,1.0,1.0,1.0,1.0,1.0,1.0,1.0,1
7267,972fa3a96b9f5301,True,1.0,1.0,0.8117044708631678,1.0,1.0,1.0,0.9215435295263199,1
7268,973043f273bc5940,True,1.0,1.0,0.8601028937559341,1.0,1.0,1.0,0.9417095390649726,1
7269,973f0873af40574e,True,1.0,0.0,0.0,1.0,1.0,1.0,0.0,1
7270,974041ac230056eb,True,1.0,1.0,1.0,1.0,1.0,1.0,1.0,1
7271,974a70027f8f593c,True,1.0,1.0,1.0,1.0,1.0,1.0,1.0,1
7272,974d5c00402f55aa,True,1.0,1.0,1.0,1.0,1.0,1.0,1.0,1
7273,97529137af275136,True,1.0,1.0,0.9444740107731513,1.0,1.0,1.0,0.9768641711554796,1
7274,975c802f6f175888,True,1.0,1.0,0.7957556100574735,1.0,1.0,1.0,0.9148981708572806,1
7275,975e6554112f5a46,True,1.0,1.0,1.0,1.0,1.0,1.0,1.0,1
7276,976107b532bb5301,True,1.0,1.0,0.9908079762668944,1.0,1.0,1.0,0.996169990111206,1
7277,97628f2e9ee55826,True,1.0,1.0,0.8313152333269442,1.0,1.0,1.0,0.9297146805528934,1
7278,976ec6840abe5733,True,1.0,1.0,0.7817561143653166,0.0,1.0,1.0,0.49239838098554856,1
7279,977f40bd144b59e9,True,1.0,1.0,0.8027587508372498,1.0,1.0,1.0,0.9178161461821874,1
7280,978a5c11fbff5589,True,1.0,1.0,0.9386153377203894,1.0,1.0,1.0,0.9744230573834955,1
7281,9790b7cbcd1a5203,True,1.0,1.0,0.70020190046531,1.0,1.0,1.0,0.8750841251938791,1
7282,979fc47b4f245a9c,True,1.0,0.0,0.0,1.0,1.0,1.0,0.0,1
7283,97ade9e6fa5e5646,True,1.0,1.0,1.0,1.0,1.0,1.0,1.0,1
7284,97b1ea53fad65625,True,1.0,1.0,0.9739019352134478,1.0,1.0,1.0,0.9891258063389365,1
7285,97b8b4204a2a5484,True,1.0,1.0,1.0,1.0,1.0,1.0,1.0,1
7286,97b98a9d8e935607,True,1.0,1.0,0.8094928437134539,1.0,1.0,1.0,0.9206220182139391,1
7287,97b9989fa3675cab,True,1.0,1.0,1.0,1.0,1.0,1.0,1.0,1
7288,97bbc33ac7d4586d,True,1.0,1.0,1.0,1.0,1.0,1.0,1.0,1
7289,97c09fe94495563a,True,1.0,1.0,1.0,0.0,1.0,1.0,0.5833333333333334,1
7290,97c8e9ca10ba5a69,True,1.0,1.0,0.7961596894041533,1.0,1.0,1.0,0.9150665372517306,1
7291,97d06e94283a5a65,True,1.0,1.0,0.8481137268748117,1.0,1.0,1.0,0.9367140528645049,1
7292,97e2daddecd557a4,True,1.0,1.0,0.8932203158022535,1.0,1.0,1.0,0.9555084649176057,1
7293,97e5f17eb7235c14,True,1.0,1.0,0.9584524430191951,1.0,1.0,1.0,0.9826885179246646,1
7294,97eca45f93285d17,True,1.0,1.0,1.0,1.0,1.0,1.0,1.0,1
7295,97f7a14f8a835f59,True,1.0,1.0,1.0,1.0,1.0,1.0,1.0,1
7296,97fcdcd35af7563b,True,1.0,1.0,1.0,1.0,1.0,1.0,1.0,1
7297,98017c16248a5f54,True,1.0,1.0,0.9257229771219819,1.0,1.0,1.0,0.9690512404674925,1
7298,98042465f30c589d,True,1.0,1.0,1.0,1.0,1.0,1.0,1.0,1
7299,98045d12586d50b6,True,1.0,1.0,0.9954241817286196,0.0,1.0,1.0,0.5814267423869248,1
7300,980db9371e6b52de,True,1.0,1.0,1.0,1.0,1.0,1.0,1.0,1
7301,980e0f0b4d975c23,True,1.0,1.0,1.0,1.0,1.0,1.0,1.0,1
7302,980f649f5cef5434,True,1.0,1.0,1.0,1.0,1.0,1.0,1.0,1
7303,98107116251650a6,True,1.0,1.0,0.8587077208572803,1.0,1.0,1.0,0.9411282170238667,1
7304,981ab4a5d11b5090,True,1.0,1.0,0.7952421344314418,1.0,1.0,1.0,0.9146842226797673,1
7305,981ceb0924575bc3,True,1.0,1.0,0.95651180178101,1.0,1.0,1.0,0.9818799174087541,1
7306,981dc3169f655892,True,1.0,1.0,0.8194139883769628,1.0,1.0,1.0,0.9247558284904013,1
7307,9820fb92380b522b,True,1.0,1.0,1.0,0.0,1.0,1.0,0.5833333333333334,1
7308,982671de6e755ca0,True,1.0,1.0,0.821081666669611,1.0,1.0,1.0,0.9254506944456713,1
7309,982b57b1c7c7503a,True,1.0,1.0,1.0,1.0,1.0,1.0,1.0,1
7310,982bd8015c9352f5,True,1.0,1.0,0.8754201687606253,1.0,1.0,1.0,0.948091736983594,1
7311,9833f2646439513e,True,1.0,1.0,1.0,1.0,1.0,1.0,1.0,1
7312,9838aa01c0de5dc8,True,1.0,1.0,0.9499831050518076,1.0,1.0,1.0,0.9791596271049198,1
7313,9839a7913075581e,True,1.0,1.0,0.8056553597551743,1.0,1.0,1.0,0.919023066564656,1
7314,9839d83635495727,True,1.0,1.0,0.8091985787636572,1.0,1.0,1.0,0.9204994078181906,1
7315,983d04f21f6953f6,True,1.0,1.0,1.0,1.0,1.0,1.0,1.0,1
7316,984716e6e27e59ee,True,1.0,1.0,1.0,1.0,1.0,1.0,1.0,1
7317,984c4c329ba05bd2,True,1.0,1.0,1.0,1.0,1.0,1.0,1.0,1
7318,985240456390586f,True,1.0,1.0,1.0,1.0,1.0,1.0,1.0,1
7319,98527843384f5f43,True,1.0,1.0,0.9044885635236649,1.0,1.0,1.0,0.9602035681348604,1
7320,9858cb2db360536b,True,1.0,1.0,0.9219354211132949,1.0,1.0,1.0,0.9674730921305396,1
7321,985af967de8f5f3f,True,1.0,1.0,0.8093825778958603,1.0,1.0,1.0,0.9205760741232751,1
7322,985e562ded345da4,True,1.0,1.0,1.0,0.0,1.0,1.0,0.5833333333333334,1
7323,9861c0473b505895,True,1.0,1.0,1.0,1.0,1.0,1.0,1.0,1
7324,986b3349c460538b,True,1.0,1.0,0.8087488298349615,1.0,1.0,1.0,0.920312012431234,1
7325,986cc16cb2295630,True,1.0,1.0,1.0,1.0,1.0,1.0,1.0,1
7326,986ebb8642ae5b64,True,1.0,1.0,0.8497812025656272,1.0,1.0,1.0,0.9374088344023447,1
7327,9873c047e9155996,True,1.0,1.0,0.9675088724361348,1.0,1.0,1.0,0.9864620301817228,1
7328,987f5dced605588a,True,1.0,1.0,0.9157028370264778,1.0,1.0,1.0,0.9648761820943657,1
7329,9881bb008f61514a,True,1.0,1.0,0.8628101466749172,1.0,1.0,1.0,0.9428375611145489,1
7330,98867b3fc7a95c24,True,1.0,1.0,0.8267993344235222,1.0,1.0,1.0,0.9278330560098009,1
7331,988cf241460c557e,True,1.0,1.0,0.7448150297289676,1.0,1.0,1.0,0.8936729290537365,1
7332,9897a102ee075dee,True,1.0,1.0,1.0,1.0,1.0,1.0,1.0,1
7333,989a085ea31e50ba,True,1.0,1.0,0.8191595236629713,1.0,1.0,1.0,0.924649801526238,1
7334,989aefa473b75a2a,True,1.0,1.0,0.6792000767277174,1.0,1.0,1.0,0.8663333653032156,1
7335,989ce8f4205654d3,True,1.0,1.0,0.6545585653590712,1.0,1.0,1.0,0.856066068899613,1
7336,98a0d06140945295,True,1.0,1.0,0.8927058545563872,1.0,1.0,1.0,0.9552941060651614,1
7337,98a1233e3db75a8a,True,1.0,1.0,0.8518889914944634,1.0,1.0,1.0,0.9382870797893598,1
7338,98ae2c97a0375eaf,True,1.0,1.0,0.5058307470184022,1.0,1.0,1.0,0.794096144591001,1
7339,98b148d419725caa,True,1.0,1.0,0.6526101424659102,1.0,1.0,1.0,0.8552542260274626,1
7340,98b3a0bf3cce5649,True,1.0,1.0,1.0,1.0,1.0,1.0,1.0,1
7341,98b414a515bb5b99,True,1.0,1.0,0.5768544604737862,1.0,1.0,1.0,0.8236893585307442,1
7342,98b99d5d44c05a5b,True,1.0,1.0,0.9863982372451044,1.0,1.0,1.0,0.9943325988521269,1
7343,98c050c637ca5909,True,1.0,1.0,0.7560443539840859,0.0,1.0,1.0,0.48168514749336905,1
7344,98c7a48dd75052ab,True,0.0,1.0,0.0,0.0,1.0,1.0,0.0,1
7345,98cf54a70d5e5da9,True,1.0,1.0,1.0,1.0,1.0,1.0,1.0,1
7346,98e3abe2a38c5156,True,1.0,0.0,0.0,1.0,1.0,1.0,0.0,1
7347,98fd4ae8de6450b2,True,1.0,1.0,1.0,1.0,1.0,1.0,1.0,1
7348,9900336c08095d0f,True,1.0,1.0,0.7717944728551431,1.0,1.0,1.0,0.904914363689643,1
7349,990d981b1366595b,True,1.0,1.0,0.8065793338765692,1.0,1.0,1.0,0.9194080557819039,1
7350,99127f15fd9b5847,True,1.0,0.0,0.0,1.0,1.0,1.0,0.0,1
7351,991972800a895109,True,1.0,1.0,1.0,1.0,1.0,1.0,1.0,1
7352,991f13bf4e7f590e,True,1.0,1.0,1.0,1.0,1.0,1.0,1.0,1
7353,99213b077bdf516b,True,1.0,1.0,0.7466820602812434,1.0,1.0,1.0,0.8944508584505181,1
7354,9926034a82415038,True,1.0,1.0,0.8728413762209928,1.0,1.0,1.0,0.9470172400920803,1
7355,9933a1df50ff5919,True,1.0,1.0,1.0,1.0,1.0,1.0,1.0,1
7356,993d17cce2685b9a,True,1.0,1.0,0.7786066891094422,1.0,1.0,1.0,0.9077527871289343,1
7357,9940f912e66a5918,True,1.0,1.0,1.0,1.0,1.0,1.0,1.0,1
7358,9949b537feb55564,True,1.0,1.0,0.9906188893425757,1.0,1.0,1.0,0.9960912038927399,1
7359,994ab680895a55d2,True,1.0,1.0,0.9373344119777278,1.0,1.0,1.0,0.9738893383240533,1
7360,994c2c1c459b5cc8,True,1.0,1.0,0.9073056771517556,1.0,1.0,1.0,0.9613773654798982,1
7361,994db6ebee835fbd,True,1.0,1.0,1.0,1.0,1.0,1.0,1.0,1
7362,9952eefa82585b83,True,1.0,1.0,0.9170072231467382,1.0,1.0,1.0,0.9654196763111408,1
7363,995f8bcf61f95fad,True,1.0,1.0,1.0,1.0,1.0,1.0,1.0,1
7364,9963c72e34ae5101,True,1.0,1.0,0.5894744105056628,1.0,1.0,1.0,0.8289476710440261,1
7365,9972c06c954b5770,True,1.0,1.0,1.0,1.0,1.0,0.0,1.0,1
7366,997fb38ac5d75864,True,1.0,0.0,0.0,1.0,1.0,0.0,0.0,1
7367,9986c0e5f88f547f,True,1.0,1.0,0.9225242486362454,1.0,1.0,1.0,0.967718436931769,1
7368,99889a4679b15509,True,1.0,1.0,1.0,1.0,1.0,1.0,1.0,1
7369,998a30325ca25437,True,1.0,1.0,1.0,1.0,1.0,1.0,1.0,1
7370,998c6c28d1475e78,True,1.0,1.0,0.7889894521145595,1.0,1.0,1.0,0.9120789383810665,1
7371,999785384adc5afe,True,1.0,1.0,1.0,1.0,1.0,1.0,1.0,1
7372,99b52fa162c550d4,True,1.0,1.0,0.887638337838763,1.0,1.0,1.0,0.9531826407661512,1
7373,99c561c0507851d8,True,1.0,1.0,0.9450946328232169,1.0,1.0,1.0,0.9771227636763404,1
7374,99dae52a2a6451da,True,1.0,1.0,1.0,1.0,1.0,1.0,1.0,1
7375,99e0c0250e6e54c5,True,1.0,1.0,0.6975839356232284,1.0,1.0,1.0,0.8739933065096785,1
7376,99e3b8d3211f53d7,True,1.0,1.0,0.8244570678266496,1.0,1.0,1.0,0.9268571115944374,1
7377,99e4c28a82735b10,True,1.0,1.0,0.8279682042122398,1.0,1.0,1.0,0.9283200850884333,1
7378,99e900e2392c5e87,True,1.0,1.0,0.7115266483478012,1.0,1.0,1.0,0.8798027701449173,1
7379,99ebd32df2f453f8,True,1.0,1.0,0.9901282965843972,1.0,1.0,1.0,0.9958867902434988,1
7380,99f3a7ec61305307,True,1.0,1.0,0.9188964678251177,1.0,1.0,1.0,0.966206861593799,1
7381,9a00d37375a95d7e,True,1.0,1.0,0.68429680825681,1.0,1.0,1.0,0.8684570034403375,1
7382,9a03bf441e615cd6,True,1.0,1.0,0.7316346896025303,1.0,1.0,1.0,0.8881811206677209,1
7383,9a0b762c08af59f8,True,1.0,1.0,0.6349793082844185,1.0,1.0,1.0,0.8479080451185078,1
7384,9a15d775514e5018,True,1.0,1.0,0.5908470934844845,1.0,1.0,1.0,0.8295196222852018,1
7385,9a1762340f11542c,True,1.0,1.0,0.8985163228992062,1.0,1.0,1.0,0.957715134541336,1
7386,9a179eb32481553e,True,1.0,1.0,1.0,1.0,1.0,1.0,1.0,1
7387,9a1a2dd68d9f5b10,True,1.0,1.0,0.9879898078137069,1.0,1.0,1.0,0.9949957532557111,1
7388,9a1b2cdfbe7d56c0,True,1.0,1.0,0.7142041569160011,1.0,1.0,1.0,0.8809183987150004,1
7389,9a1b945bf0125d1d,True,1.0,1.0,1.0,1.0,1.0,1.0,1.0,1
7390,9a1d23e8ed1b5837,True,1.0,1.0,1.0,0.0,1.0,0.0,0.5833333333333334,1
7391,9a22009eaa1250fe,True,1.0,1.0,0.8653049705026742,1.0,1.0,1.0,0.943877071042781,1
7392,9a23e7bc52e657c3,True,1.0,1.0,1.0,1.0,1.0,1.0,1.0,1
7393,9a24a904a324581d,True,1.0,1.0,0.909773834436769,1.0,1.0,1.0,0.9624057643486538,1
7394,9a2894f199095f96,True,1.0,1.0,0.8551553823588579,1.0,1.0,1.0,0.9396480759828574,1
7395,9a2c4c75f3785517,True,1.0,1.0,0.6194478679421868,1.0,1.0,1.0,0.8414366116425778,1
7396,9a357640ddd453d2,True,1.0,1.0,0.755558702756449,1.0,1.0,1.0,0.8981494594818539,1
7397,9a3778686fd058d2,True,1.0,1.0,0.8370280281329264,1.0,1.0,1.0,0.9320950117220527,1
7398,9a38ba16ae8d57be,True,1.0,1.0,0.9342641294043909,1.0,1.0,1.0,0.9726100539184962,1
7399,9a4575e2dfd75ffb,True,1.0,1.0,0.9363222077247503,1.0,1.0,1.0,0.9734675865519793,1
7400,9a4e8cacd6095527,True,1.0,1.0,0.7126610006033015,1.0,1.0,1.0,0.8802754169180423,1
7401,9a50c3fce9d75d95,True,1.0,1.0,1.0,1.0,1.0,0.5,1.0,1
7402,9a524d13e6795a95,True,1.0,1.0,0.9304848417683282,1.0,1.0,1.0,0.9710353507368034,1
7403,9a5799ace9455841,True,1.0,1.0,1.0,1.0,1.0,1.0,1.0,1
7404,9a594a58c8125976,True,1.0,1.0,0.9746202660041845,1.0,1.0,1.0,0.9894251108350769,1
7405,9a6489254d5f5577,True,1.0,1.0,0.9352533292469469,1.0,1.0,1.0,0.9730222205195612,1
7406,9a675656c3c85f4c,True,1.0,1.0,1.0,1.0,1.0,1.0,1.0,1
7407,9a6e3e5d86dd5949,True,1.0,1.0,0.7437158043447589,1.0,1.0,1.0,0.8932149184769829,1
7408,9a89dccc70835d69,True,1.0,1.0,0.6243746275211872,1.0,1.0,1.0,0.843489428133828,1
7409,9a8acc75f4c05ace,True,1.0,1.0,0.9705527875247312,0.0,1.0,1.0,0.571063661468638,1
7410,9a94341d994d5ec9,True,1.0,1.0,0.6674820681947319,1.0,1.0,1.0,0.8614508617478048,1
7411,9a95d2419f1e592a,True,1.0,1.0,0.8549577253763192,1.0,1.0,1.0,0.9395657189067997,1
7412,9a95f91ea98652ca,True,1.0,1.0,0.9886419268673179,1.0,1.0,1.0,0.9952674695280491,1
7413,9a9b75516db85d76,True,1.0,1.0,0.9049560865818321,1.0,1.0,1.0,0.9603983694090967,1
7414,9aad3780bef85c98,True,0.0,1.0,0.0,0.0,1.0,1.0,0.0,1
7415,9aadb4c8a77d5849,True,1.0,1.0,0.8529011529315729,1.0,1.0,1.0,0.9387088137214886,1
7416,9ab5654cfc9f5724,True,1.0,1.0,1.0,0.0,1.0,1.0,0.5833333333333334,1
7417,9ab7d16dd4a6551f,True,0.0,1.0,0.0,0.0,1.0,1.0,0.0,1
7418,9ab8b2e7de985004,True,1.0,1.0,0.8701647240816399,1.0,1.0,0.0,0.94590196836735,1
7419,9abf3af825a35a9e,True,1.0,1.0,1.0,1.0,1.0,1.0,1.0,1
7420,9ac3f47635bd5fe1,True,1.0,1.0,0.949007971394032,1.0,1.0,1.0,0.9787533214141799,1
7421,9ac86ade68505597,True,1.0,1.0,0.7621091989809934,1.0,1.0,1.0,0.9008788329087473,1
7422,9ad434ec99685d35,True,1.0,1.0,1.0,1.0,1.0,1.0,1.0,1
7423,9adad5bdab6b52fa,True,1.0,1.0,0.676649675330077,1.0,1.0,1.0,0.8652706980541988,1
7424,9aea5cdc656458a0,True,1.0,1.0,1.0,1.0,1.0,1.0,1.0,1
7425,9af711dfa6eb5952,True,1.0,1.0,1.0,1.0,1.0,1.0,1.0,1
7426,9b09b277214d5623,True,1.0,1.0,1.0,1.0,1.0,0.0,1.0,1
7427,9b0a5826d2d357d8,True,1.0,1.0,0.7265844494981614,1.0,1.0,1.0,0.8860768539575673,1
7428,9b0b6d3472465b35,True,1.0,1.0,1.0,1.0,1.0,1.0,1.0,1
7429,9b0f5a2f65e45867,True,1.0,0.0,0.0,1.0,1.0,1.0,0.0,1
7430,9b10283b8df6565e,True,1.0,1.0,1.0,1.0,1.0,1.0,1.0,1
7431,9b16e4fea2c25446,True,1.0,1.0,0.8585024582078128,1.0,1.0,1.0,0.941042690919922,1
7432,9b1bea0cc0d75583,True,1.0,1.0,0.8054085886937323,1.0,1.0,1.0,0.9189202452890551,1
7433,9b20027801905b4c,True,1.0,1.0,1.0,1.0,1.0,1.0,1.0,1
7434,9b25bbac0aac5357,True,1.0,1.0,1.0,1.0,1.0,1.0,1.0,1
7435,9b2878b173fc5b04,True,1.0,1.0,0.934588939567444,1.0,1.0,1.0,0.972745391486435,1
7436,9b3a284d78f458f3,True,1.0,1.0,0.8543421858566159,1.0,1.0,1.0,0.9393092441069233,1
7437,9b3eda2685e75099,True,1.0,1.0,1.0,1.0,1.0,1.0,1.0,1
7438,9b4a82c95856552f,True,1.0,1.0,0.9788297952692602,1.0,1.0,1.0,0.9911790813621918,1
7439,9b4c54f9a3f757a4,True,1.0,1.0,1.0,1.0,1.0,1.0,1.0,1
7440,9b4cfcda4a755b05,True,1.0,1.0,1.0,1.0,1.0,1.0,1.0,1
7441,9b4e0723f48755fb,True,1.0,1.0,0.9041059722535946,1.0,1.0,1.0,0.9600441551056645,1
7442,9b5772aa3a955db1,True,1.0,1.0,0.7388023423204669,1.0,1.0,1.0,0.8911676426335279,1
7443,9b58f5bd4e995a93,True,1.0,1.0,1.0,1.0,1.0,1.0,1.0,1
7444,9b5c31b36c5b5aa9,True,1.0,1.0,0.842498182120276,1.0,1.0,1.0,0.934374242550115,1
7445,9b5cb743a4a4590b,True,1.0,1.0,1.0,1.0,1.0,0.0,1.0,1
7446,9b7108902e7158d6,True,1.0,1.0,1.0,1.0,1.0,1.0,1.0,1
7447,9b79840e85be5c10,True,1.0,1.0,1.0,1.0,1.0,1.0,1.0,1
7448,9b7be67193ae5772,True,1.0,1.0,0.8405060316320506,1.0,1.0,1.0,0.9335441798466878,1
7449,9b7eb62d80db55e7,True,1.0,1.0,1.0,1.0,1.0,1.0,1.0,1
7450,9b7ffde4ab9c53a5,True,1.0,1.0,1.0,1.0,1.0,1.0,1.0,1
7451,9b86b7cc0b41507b,True,1.0,1.0,0.8772766896486022,1.0,1.0,1.0,0.9488652873535842,1
7452,9b88dfaff2615c83,True,1.0,1.0,0.8388540897541558,1.0,1.0,1.0,0.9328558707308984,1
7453,9b8fa6b5b4505d22,True,1.0,1.0,0.8222720775362113,1.0,1.0,1.0,0.9259466989734214,1
7454,9b91401bbfad5a3e,True,1.0,1.0,0.9176358237195082,1.0,1.0,1.0,0.9656815932164617,1
7455,9b94fe18b9ea5b73,True,1.0,1.0,1.0,1.0,1.0,1.0,1.0,1
7456,9b95066419ea5427,True,1.0,1.0,0.9379350531101174,1.0,1.0,1.0,0.974139605462549,1
7457,9b9aa93df6b15de7,True,1.0,1.0,0.979688682693163,1.0,1.0,1.0,0.9915369511221512,1
7458,9ba21cb552c35238,True,1.0,1.0,0.7367732682120466,1.0,1.0,1.0,0.8903221950883528,1
7459,9ba2570d6743526a,True,1.0,1.0,1.0,1.0,1.0,1.0,1.0,1
7460,9ba306d42ab75911,True,1.0,1.0,0.7415603247958791,1.0,1.0,1.0,0.892316801998283,1
7461,9baabb31eaac5335,True,1.0,1.0,0.8683024507537329,1.0,1.0,1.0,0.9451260211473888,1
7462,9baf3c1d42b25070,True,1.0,1.0,0.8288605320302922,1.0,1.0,1.0,0.9286918883459551,1
7463,9baf79c0513b5228,True,1.0,1.0,0.7965968928121646,1.0,1.0,1.0,0.915248705338402,1
7464,9bafc41b5ee0547c,True,1.0,1.0,1.0,1.0,1.0,1.0,1.0,1
7465,9bb20085732d5f8d,True,0.0,1.0,0.0,0.0,1.0,1.0,0.0,1
7466,9bb4006483955eb9,True,1.0,1.0,0.8308547233189554,1.0,1.0,1.0,0.9295228013828981,1
7467,9bb5a81e7fad549a,True,1.0,1.0,0.8388510127347266,1.0,1.0,1.0,0.9328545886394695,1
7468,9bb8633f7c0157fb,True,1.0,1.0,0.908482321690206,1.0,1.0,1.0,0.9618676340375858,1
7469,9bb9d42a74165cf0,True,1.0,1.0,0.6897102465231415,1.0,1.0,1.0,0.8707126027179756,1
7470,9bb9ee9f03525ac0,True,1.0,1.0,0.676803384286561,1.0,1.0,1.0,0.8653347434527338,1
7471,9bbaed3bac735053,True,1.0,1.0,1.0,1.0,1.0,1.0,1.0,1
7472,9bbdfa78ebc85eec,True,1.0,1.0,1.0,0.0,1.0,1.0,0.5833333333333334,1
7473,9bbf6e2211fb56d9,True,1.0,1.0,1.0,1.0,1.0,1.0,1.0,1
7474,9bc3ee11944a5bef,True,1.0,1.0,0.8067014634956955,1.0,1.0,1.0,0.9194589431232064,1
7475,9bcd2d9e4c0e56b8,True,1.0,1.0,0.7557414159991755,1.0,1.0,1.0,0.8982255899996564,1
7476,9bd12765d98b514f,True,0.0,1.0,0.0,0.0,1.0,1.0,0.0,1
7477,9bd3994107ba52bc,True,1.0,1.0,0.9050112391466238,1.0,1.0,1.0,0.9604213496444266,1
7478,9bd57127fa3b5d8d,True,1.0,1.0,0.9621538942062587,1.0,1.0,1.0,0.9842307892526078,1
7479,9bdda55e20a15705,True,1.0,1.0,0.7323916689000237,1.0,1.0,1.0,0.8884965287083432,1
7480,9bdf0d338d625e2a,True,1.0,1.0,1.0,1.0,1.0,1.0,1.0,1
7481,9be9c9c84b625515,True,1.0,1.0,0.929710649727048,1.0,1.0,1.0,0.9707127707196034,1
7482,9bebc9f8507c5cf4,True,1.0,1.0,1.0,1.0,1.0,1.0,1.0,1
7483,9bfa838de21f5d25,True,1.0,1.0,0.8210240990265091,1.0,1.0,1.0,0.9254267079277122,1
7484,9bfae11fe1af5b67,True,1.0,1.0,0.8393645944787671,1.0,1.0,1.0,0.9330685810328196,1
7485,9bfe6fa481105f43,True,1.0,1.0,0.7360955730501247,1.0,1.0,1.0,0.8900398221042186,1
7486,9c03b730a5725c00,True,1.0,1.0,0.9164983652275399,1.0,1.0,1.0,0.9652076521781416,1
7487,9c0b17fc7987544e,True,1.0,1.0,0.7681097594438973,1.0,1.0,1.0,0.9033790664349572,1
7488,9c0cc184e0895e70,True,1.0,1.0,0.7385367255650034,1.0,1.0,1.0,0.8910569689854181,1
7489,9c100482944751b3,True,1.0,1.0,0.994351292754145,1.0,1.0,1.0,0.9976463719808937,1
7490,9c13995a8a285f90,True,1.0,1.0,1.0,1.0,1.0,1.0,1.0,1
7491,9c193ab1a07454e3,True,1.0,1.0,0.6039609542292066,1.0,1.0,1.0,0.834983730928836,1
7492,9c1e4098a32a5432,True,1.0,1.0,0.8216339501157668,1.0,1.0,1.0,0.9256808125482362,1
7493,9c1e8e69c7cd537b,True,1.0,1.0,0.9085350649259895,1.0,1.0,1.0,0.9618896103858289,1
7494,9c1f46770f2655b1,True,0.5,0.0,0.0,0.0,1.0,1.0,0.0,1
7495,9c2063a3e137542a,True,1.0,1.0,0.7900674981124352,1.0,1.0,0.0,0.9125281242135147,1
7496,9c2602db70435500,True,1.0,1.0,0.7701009066632185,1.0,1.0,1.0,0.9042087111096744,1
7497,9c26c2cea984590f,True,1.0,1.0,0.9751897628009947,1.0,1.0,1.0,0.989662401167081,1
7498,9c32ba9f42f75187,True,0.0,1.0,0.0,0.0,1.0,1.0,0.0,1
7499,9c3e55179e8b57b9,True,1.0,1.0,0.9325329482670134,1.0,1.0,1.0,0.971888728444589,1
7500,9c42f5a9d56c5ebf,True,1.0,1.0,0.8025145960968079,1.0,1.0,1.0,0.9177144150403366,1
7501,9c45919236c051c0,True,1.0,1.0,1.0,1.0,1.0,1.0,1.0,1
7502,9c4e60dd8e9959d8,True,1.0,1.0,1.0,1.0,1.0,1.0,1.0,1
7503,9c5d0ef404c65196,True,1.0,1.0,1.0,1.0,1.0,1.0,1.0,1
7504,9c62f0bf33fd542d,True,1.0,1.0,0.9287963777182143,1.0,1.0,1.0,0.9703318240492559,1
7505,9c63a8a78f3251d3,True,1.0,1.0,1.0,1.0,1.0,1.0,1.0,1
7506,9c63c33c198e5aa9,True,1.0,1.0,0.8997182742001082,1.0,1.0,1.0,0.9582159475833784,1
7507,9c68b0b158bb5d03,True,1.0,1.0,1.0,1.0,1.0,1.0,1.0,1
7508,9c768fba2b4c5d19,True,1.0,1.0,0.9354719646237856,1.0,1.0,1.0,0.9731133185932439,1
7509,9c7fe79bcaed5bae,True,1.0,1.0,1.0,1.0,1.0,1.0,1.0,1
7510,9c8bbeb504c05892,True,1.0,0.0,0.0,1.0,1.0,1.0,0.0,1
7511,9c941c942f955a5a,True,1.0,1.0,0.8774817882762855,1.0,1.0,1.0,0.9489507451151189,1
7512,9c9944c9e8b3583e,True,1.0,1.0,1.0,1.0,1.0,1.0,1.0,1
7513,9c9b62965da75764,True,1.0,1.0,1.0,1.0,1.0,1.0,1.0,1
7514,9ca89d773ed651ab,True,1.0,1.0,0.9689779758209901,1.0,1.0,1.0,0.9870741565920792,1
7515,9ca9d2ce60a35d66,True,1.0,1.0,0.9563145036467394,1.0,1.0,1.0,0.9817977098528082,1
7516,9cab6ab13a3059de,True,1.0,1.0,0.6930567006788728,1.0,1.0,1.0,0.872106958616197,1
7517,9cb247f1ef445fb9,True,1.0,1.0,0.8874108068257923,1.0,1.0,1.0,0.9530878361774135,1
7518,9cc2069263cc5e4a,True,1.0,1.0,1.0,1.0,1.0,1.0,1.0,1
7519,9cd4479e1a9355a1,True,1.0,1.0,1.0,1.0,1.0,1.0,1.0,1
7520,9cd4b5f3bbf85357,True,1.0,1.0,0.9178630954539081,1.0,1.0,1.0,0.9657762897724617,1
7521,9cdaa8f652bf5a27,True,1.0,1.0,0.7796710011380136,1.0,1.0,1.0,0.9081962504741723,1
7522,9ce9ec5a49b1568d,True,1.0,1.0,0.8458205929848094,1.0,1.0,1.0,0.9357585804103371,1
7523,9cf612ff6e4f5bd5,True,1.0,1.0,1.0,0.0,1.0,1.0,0.5833333333333334,1
7524,9d02128f653455a3,True,1.0,1.0,1.0,1.0,1.0,1.0,1.0,1
7525,9d0ff46ac79e5e0b,True,1.0,1.0,0.8547648787746367,1.0,1.0,1.0,0.9394853661560987,1
7526,9d13fadd8afc5833,True,1.0,1.0,0.5676657136030888,1.0,1.0,1.0,0.8198607140012871,1
7527,9d18c2e4a9c35be7,True,1.0,1.0,1.0,1.0,1.0,1.0,1.0,1
7528,9d1bd4fa169c5ebe,True,1.0,1.0,0.7661251651926116,1.0,1.0,1.0,0.9025521521635881,1
7529,9d1d720d0e2e511e,True,1.0,1.0,0.7857106559580329,1.0,1.0,1.0,0.9107127733158471,1
7530,9d213c7b9ab4550d,True,1.0,1.0,1.0,0.0,1.0,1.0,0.5833333333333334,1
7531,9d21f2742b1a5b27,True,1.0,1.0,1.0,1.0,1.0,1.0,1.0,1
7532,9d22457757985690,True,1.0,1.0,0.7932012021758392,1.0,1.0,1.0,0.913833834239933,1
7533,9d262af7c8875aa2,True,1.0,1.0,1.0,1.0,1.0,1.0,1.0,1
7534,9d32436291335261,True,1.0,1.0,1.0,1.0,1.0,1.0,1.0,1
7535,9d423dea34235b41,True,1.0,1.0,1.0,1.0,1.0,1.0,1.0,1
7536,9d4e4e721d77503e,True,1.0,1.0,1.0,1.0,1.0,1.0,1.0,1
7537,9d4e8eb54f555166,True,1.0,1.0,1.0,1.0,1.0,1.0,1.0,1
7538,9d55692d15dc5155,True,1.0,1.0,1.0,1.0,1.0,1.0,1.0,1
7539,9d5e6089bd0d5caf,True,1.0,1.0,1.0,1.0,1.0,1.0,1.0,1
7540,9d626ce291e85889,True,1.0,1.0,0.975783761519183,1.0,1.0,1.0,0.989909900632993,1
7541,9d69a0f2f73f5035,True,1.0,1.0,0.9076858895677513,1.0,1.0,1.0,0.9615357873198964,1
7542,9d6eac20a6fb5cd9,True,1.0,1.0,1.0,1.0,1.0,1.0,1.0,1
7543,9d6f5aa2a3a25966,True,1.0,1.0,1.0,1.0,1.0,1.0,1.0,1
7544,9d7030a6966b54cd,True,1.0,1.0,1.0,1.0,1.0,1.0,1.0,1
7545,9d7108a109a2571f,True,1.0,1.0,0.6244865890627909,1.0,1.0,1.0,0.8435360787761628,1
7546,9d72593884a757a3,True,1.0,1.0,1.0,1.0,1.0,1.0,1.0,1
7547,9d74f6f9b0a25c90,True,1.0,1.0,1.0,1.0,1.0,1.0,1.0,1
7548,9d7b9273d56f5d02,True,1.0,1.0,1.0,1.0,1.0,1.0,1.0,1
7549,9d7ec713a2fb5e44,True,1.0,1.0,0.7393920244001142,0.0,1.0,1.0,0.47474667683338095,1
7550,9d8312bf37795d27,True,1.0,1.0,0.9638372332641252,1.0,1.0,1.0,0.9849321805267189,1
7551,9d864c15bf7d5414,True,1.0,1.0,0.9248119160867991,1.0,1.0,1.0,0.9686716317028331,1
7552,9d87610ffed85509,True,1.0,1.0,1.0,1.0,1.0,1.0,1.0,1
7553,9d9762d42ff5561d,True,1.0,0.0,0.0,1.0,1.0,0.5,0.0,1
7554,9d9aced6d8da5f28,True,1.0,1.0,1.0,1.0,1.0,1.0,1.0,1
7555,9da553c408fb54ea,True,1.0,1.0,0.8519864632397058,1.0,1.0,1.0,0.9383276930165442,1
7556,9db7131f4c8d57dd,True,1.0,1.0,1.0,1.0,1.0,1.0,1.0,1
7557,9dc5a17094e0569d,True,1.0,1.0,0.8721206699322027,1.0,1.0,1.0,0.9467169458050844,1
7558,9dcc18a23f4d57d8,True,1.0,1.0,0.7476033383927239,1.0,1.0,1.0,0.8948347243303015,1
7559,9dd982b0637453c2,True,1.0,1.0,0.8694185350632622,1.0,1.0,1.0,0.9455910562763593,1
7560,9ddee0363c1f530a,True,1.0,1.0,1.0,1.0,1.0,1.0,1.0,1
7561,9de4d5414a4a50c4,True,1.0,1.0,0.8728560906525459,1.0,1.0,1.0,0.9470233711052275,1
7562,9de91fbb8b275885,True,1.0,1.0,0.9710230222192608,1.0,1.0,1.0,0.9879262592580252,1
7563,9dfb79c738b155b4,True,1.0,1.0,1.0,1.0,1.0,1.0,1.0,1
7564,9dff2b84ff305fff,True,1.0,1.0,0.9981374562815843,1.0,1.0,1.0,0.9992239401173268,1
7565,9e032298e808528a,True,1.0,1.0,1.0,1.0,1.0,1.0,1.0,1
7566,9e04987475e85dd5,True,1.0,1.0,0.7061815393268897,1.0,1.0,1.0,0.877575641386204,1
7567,9e0633fbdeac55bb,True,1.0,1.0,0.8832494894299556,1.0,1.0,1.0,0.9513539539291482,1
7568,9e10e31698a650a1,True,1.0,1.0,0.9990991392575155,1.0,1.0,1.0,0.9996246413572981,1
7569,9e12f81268d75fbb,True,1.0,1.0,0.9475547699699599,1.0,1.0,1.0,0.9781478208208165,1
7570,9e1761b29988514c,True,1.0,1.0,0.9553020660245911,1.0,1.0,1.0,0.9813758608435798,1
7571,9e1a8204e14e56e1,True,1.0,1.0,0.9872276255545073,1.0,1.0,1.0,0.9946781773143781,1
7572,9e1be9753cf75e57,True,1.0,1.0,0.7331752295201515,1.0,1.0,1.0,0.8888230123000631,1
7573,9e1cdfa2d2185645,True,1.0,1.0,0.8754920550605709,1.0,1.0,1.0,0.9481216896085712,1
7574,9e20b3d7da855668,True,1.0,1.0,0.8432967657671735,1.0,1.0,1.0,0.9347069857363223,1
7575,9e24f7a402a85804,True,1.0,1.0,1.0,1.0,1.0,1.0,1.0,1
7576,9e2706d88b3f553f,True,1.0,1.0,1.0,1.0,1.0,1.0,1.0,1
7577,9e2858dd989e5cc4,True,1.0,1.0,1.0,1.0,1.0,1.0,1.0,1
7578,9e28afceaa155cf4,True,1.0,1.0,1.0,1.0,1.0,1.0,1.0,1
7579,9e290b24dff55dff,True,1.0,1.0,0.8123628471248613,1.0,1.0,1.0,0.9218178529686923,1
7580,9e2a2f6ba6705d0a,True,1.0,1.0,0.653935027761105,1.0,1.0,1.0,0.855806261567127,1
7581,9e2fa21e8eac5c11,True,1.0,1.0,0.8507137210686401,1.0,1.0,1.0,0.9377973837786001,1
7582,9e3c4f7d62315b95,True,0.0,1.0,0.0,0.0,1.0,1.0,0.0,1
7583,9e4128df16395eb4,True,1.0,1.0,1.0,1.0,1.0,1.0,1.0,1
7584,9e4c1639be465a8a,True,1.0,1.0,0.9270586352308796,1.0,1.0,1.0,0.9696077646795332,1
7585,9e4febcde4875181,True,1.0,1.0,0.9109913451311615,1.0,1.0,1.0,0.9629130604713173,1
7586,9e522849163c53b8,True,1.0,1.0,0.7529525066129799,0.0,1.0,1.0,0.48039687775540824,1
7587,9e76720cbd565595,True,1.0,1.0,0.8985758098555484,1.0,1.0,1.0,0.9577399207731453,1
7588,9e76a394983a59b6,True,1.0,1.0,0.744180485797107,1.0,1.0,1.0,0.8934085357487946,1
7589,9e77d9cf35e05d55,True,1.0,1.0,0.9196256767801967,1.0,1.0,1.0,0.9665106986584152,1
7590,9e787f2f65a85f08,True,1.0,1.0,0.8636780676358536,1.0,1.0,1.0,0.9431991948482724,1
7591,9e79198b9fd559a1,True,1.0,1.0,1.0,1.0,1.0,1.0,1.0,1
7592,9e7ae0e0f04255fa,True,1.0,1.0,0.763465922320789,1.0,1.0,1.0,0.9014441343003288,1
7593,9e8403c32a50530b,True,1.0,1.0,0.6543007001706307,1.0,1.0,1.0,0.8559586250710961,1
7594,9e898d5e24c1537e,True,1.0,1.0,0.7158984932738603,1.0,1.0,1.0,0.8816243721974418,1
7595,9e970e2a22da585c,True,1.0,1.0,1.0,1.0,1.0,1.0,1.0,1
7596,9e991901a49a55ea,True,1.0,1.0,1.0,1.0,1.0,1.0,1.0,1
7597,9e9baaa455b55c80,True,1.0,1.0,0.6943188354669826,1.0,1.0,1.0,0.8726328481112428,1
7598,9e9da0b49c475ca1,True,1.0,1.0,0.8055943656607585,1.0,1.0,1.0,0.9189976523586494,1
7599,9e9e33077f375062,True,1.0,0.0,0.0,1.0,1.0,1.0,0.0,1
7600,9eb02188c5505fe1,True,1.0,1.0,0.6617674368189241,1.0,1.0,1.0,0.8590697653412184,1
7601,9ebcea6ba47651f0,True,1.0,1.0,0.6943493409028509,1.0,1.0,1.0,0.8726455587095212,1
7602,9ebf7c0f1b4f5f39,True,1.0,1.0,0.95189302079604,1.0,1.0,1.0,0.9799554253316834,1
7603,9ec45037796f541c,True,1.0,1.0,0.7804779356182711,1.0,1.0,1.0,0.9085324731742795,1
7604,9ecb100495a5584e,True,1.0,1.0,1.0,1.0,1.0,1.0,1.0,1
7605,9ecb516bac035ce4,True,1.0,1.0,0.9149767397734068,1.0,1.0,1.0,0.9645736415722528,1
7606,9ed1a37904015782,True,1.0,1.0,0.9509336372395749,1.0,1.0,1.0,0.9795556821831563,1
7607,9ed452bde7335185,True,1.0,1.0,0.9822391576235374,1.0,1.0,1.0,0.9925996490098073,1
7608,9ed85925d375504b,True,1.0,1.0,1.0,1.0,1.0,1.0,1.0,1
7609,9edd49210af95749,True,1.0,1.0,0.6689363489620294,1.0,1.0,1.0,0.8620568120675123,1
7610,9edf148b1ed05a22,True,1.0,1.0,0.9932243784149892,1.0,1.0,1.0,0.9971768243395789,1
7611,9ee3c3a666d35a5c,True,1.0,1.0,0.9746463252185146,0.0,1.0,1.0,0.572769302174381,1
7612,9ee5cb5e3908569a,True,1.0,1.0,0.8472733221485005,0.0,1.0,1.0,0.5196972175618751,1
7613,9ef1d618435d5e53,True,1.0,1.0,0.9223371865721155,1.0,1.0,1.0,0.9676404944050482,1
7614,9efa05c9731a51d8,True,1.0,1.0,0.848509336168431,1.0,1.0,1.0,0.9368788900701795,1
7615,9f0193389f8a520c,True,1.0,1.0,0.8162623892121749,1.0,1.0,1.0,0.9234426621717396,1
7616,9f03709a3c1e5725,True,1.0,0.0,0.0,1.0,1.0,1.0,0.0,1
7617,9f105aba36355fe1,True,1.0,0.0,0.0,1.0,1.0,1.0,0.0,1
7618,9f191d1313c95362,True,1.0,1.0,1.0,1.0,1.0,1.0,1.0,1
7619,9f1b6ff3a4865c8a,True,1.0,0.0,0.0,1.0,1.0,0.5,0.0,1
7620,9f1d535f158c5758,True,1.0,1.0,1.0,1.0,1.0,1.0,1.0,1
7621,9f309ebf66645913,True,1.0,1.0,0.869116782452584,1.0,1.0,1.0,0.94546532602191,1
7622,9f3b77fe8cd3541c,True,1.0,1.0,0.683249406931143,1.0,1.0,1.0,0.8680205862213096,1
7623,9f3da1c3d8b85947,True,1.0,1.0,1.0,1.0,1.0,1.0,1.0,1
7624,9f44032dfc315223,True,1.0,1.0,1.0,1.0,1.0,1.0,1.0,1
7625,9f461cae559d5e15,True,1.0,1.0,0.8374064343950528,1.0,1.0,1.0,0.9322526809979387,1
7626,9f4bf4a979835749,True,1.0,1.0,0.8124473246987686,1.0,1.0,1.0,0.9218530519578202,1
7627,9f4c04b7214b52a8,True,1.0,1.0,1.0,1.0,1.0,1.0,1.0,1
7628,9f4f46e620785407,True,1.0,1.0,0.9417616686657497,1.0,1.0,1.0,0.975734028610729,1
7629,9f5172e4a2cb5304,True,1.0,1.0,0.807642199177903,1.0,1.0,1.0,0.9198509163241262,1
7630,9f521d00c3ef55b7,True,1.0,1.0,0.8671987247404235,1.0,1.0,1.0,0.9446661353085098,1
7631,9f528c7bfca6509b,True,1.0,1.0,0.8074088509549091,1.0,1.0,1.0,0.9197536878978788,1
7632,9f547ab121b456e1,True,1.0,1.0,0.9418761558629186,1.0,1.0,1.0,0.9757817316095494,1
7633,9f5ac897aea35174,True,1.0,1.0,0.9055553946746633,1.0,1.0,1.0,0.9606480811144431,1
7634,9f62394830d05091,True,1.0,1.0,0.8563137413975096,1.0,1.0,1.0,0.9401307255822956,1
7635,9f699a1331785e57,True,1.0,1.0,0.9872144634004569,0.0,1.0,1.0,0.578006026416857,1
7636,9f839d5422315781,True,1.0,1.0,1.0,1.0,1.0,0.0,1.0,1
7637,9f841033bc335965,True,1.0,1.0,1.0,1.0,1.0,1.0,1.0,1
7638,9f8764247caa5e71,True,1.0,0.0,0.0,0.0,1.0,1.0,0.0,1
7639,9f8f670a268550e5,True,1.0,1.0,0.9741801173034507,1.0,1.0,1.0,0.9892417155431045,1
7640,9f97b9c20ffc50b5,True,1.0,1.0,0.7288192487354898,1.0,1.0,1.0,0.8870080203064541,1
7641,9fa75f1d5863570b,True,1.0,1.0,1.0,1.0,1.0,1.0,1.0,1
7642,9fb619b502495ffc,True,1.0,1.0,0.8414288324658854,1.0,1.0,1.0,0.933928680194119,1
7643,9fb8affb5c295640,True,1.0,1.0,0.7262111999775845,1.0,1.0,1.0,0.8859213333239936,1
7644,9fc116e61c8e50e8,True,1.0,1.0,1.0,1.0,1.0,1.0,1.0,1
7645,9fc437191831579a,True,1.0,1.0,0.9792848233663536,1.0,1.0,1.0,0.9913686764026473,1
7646,9fc5098e21355c6e,True,1.0,1.0,0.913549750493882,1.0,1.0,1.0,0.9639790627057842,1
7647,9fc65b945c175ebb,True,1.0,1.0,1.0,1.0,1.0,1.0,1.0,1
7648,9fd28a8f6fd85254,True,1.0,1.0,0.8650387074902729,1.0,1.0,0.0,0.9437661281209472,1
7649,9fdd329b72e85179,True,1.0,1.0,0.807709532018265,1.0,1.0,1.0,0.9198789716742771,1
7650,9fe07284cb3f5e0a,True,1.0,1.0,0.9924122181681468,1.0,1.0,1.0,0.9968384242367279,1
7651,9fe281ced54b55b2,True,1.0,1.0,1.0,1.0,1.0,1.0,1.0,1
7652,9fe3ed9455355edb,True,1.0,1.0,1.0,1.0,1.0,1.0,1.0,1
7653,9ffd8ba0c7f75398,True,1.0,1.0,0.7819325311907751,1.0,1.0,1.0,0.9091385546628229,1
7654,a0024513b78656f1,True,0.0,0.0,0.0,0.0,1.0,1.0,0.0,1
7655,a004456be0fd5ce0,True,1.0,1.0,1.0,1.0,1.0,1.0,1.0,1
7656,a009893e14c75fd0,True,1.0,1.0,0.8899716985730192,1.0,1.0,1.0,0.9541548744054248,1
7657,a00a4902bd105b99,True,1.0,1.0,0.7075240371397354,1.0,1.0,1.0,0.8781350154748898,1
7658,a02d58c7e9ee50f5,True,0.0,1.0,0.0,0.0,1.0,1.0,0.0,1
7659,a03c5e53159f54c3,True,1.0,1.0,1.0,1.0,1.0,1.0,1.0,1
7660,a03faf9254a55468,True,1.0,1.0,0.8808030339044778,1.0,1.0,1.0,0.950334597460199,1
7661,a04628cdd3f25947,True,1.0,1.0,0.8963182028841276,1.0,1.0,1.0,0.9567992512017197,1
7662,a04a20407bf95386,True,1.0,1.0,0.8332491294201111,1.0,1.0,1.0,0.9305204705917131,1
7663,a04f86a92daf50ba,True,1.0,1.0,0.8831546301302236,1.0,1.0,1.0,0.9513144292209265,1
7664,a05ccb0dca555526,True,1.0,1.0,0.94482719425024,1.0,1.0,1.0,0.9770113309376001,1
7665,a06715f1cb8358c0,True,1.0,1.0,0.9582195113627587,0.0,1.0,1.0,0.5659247964011495,1
7666,a067cd2e442c5a4a,True,1.0,1.0,1.0,1.0,1.0,1.0,1.0,1
7667,a067e1b873c8534d,True,1.0,1.0,0.6939894861204345,1.0,1.0,1.0,0.8724956192168477,1
7668,a06eec37a0f058b2,True,1.0,1.0,0.8481848576006971,1.0,1.0,1.0,0.9367436906669572,1
7669,a0707360c69459d4,True,1.0,1.0,1.0,1.0,1.0,1.0,1.0,1
7670,a071167fdae35f84,True,1.0,1.0,0.9306291171523994,1.0,1.0,1.0,0.9710954654801665,1
7671,a075b9f46b7b5831,True,1.0,1.0,1.0,1.0,1.0,0.5,1.0,1
7672,a07bb9058982503d,True,1.0,1.0,1.0,1.0,1.0,1.0,1.0,1
7673,a0801105ad8b5ad3,True,1.0,1.0,0.8179525495976709,1.0,1.0,1.0,0.9241468956656962,1
7674,a08215e27d775f96,True,1.0,1.0,0.8598645563565745,1.0,1.0,1.0,0.9416102318152394,1
7675,a08bb182c3d558da,True,1.0,1.0,0.8657866843283347,1.0,1.0,1.0,0.9440777851368062,1
7676,a08ed58ddc6d53b3,True,1.0,1.0,1.0,1.0,1.0,1.0,1.0,1
7677,a091a6a6033c559f,True,1.0,1.0,0.735320735193843,1.0,1.0,1.0,0.8897169729974346,1
7678,a09e4156f577568a,True,1.0,1.0,1.0,1.0,1.0,1.0,1.0,1
7679,a0b0528663735dbd,True,1.0,1.0,1.0,1.0,1.0,1.0,1.0,1
7680,a0b3a3b623235a49,True,1.0,1.0,1.0,1.0,1.0,1.0,1.0,1
7681,a0b67d1ac0c35d26,True,1.0,1.0,1.0,1.0,1.0,1.0,1.0,1
7682,a0b9c3ee286454cb,True,1.0,1.0,1.0,1.0,1.0,1.0,1.0,1
7683,a0bc34982a4555ac,True,1.0,1.0,0.5558025708882864,1.0,1.0,1.0,0.8149177378701195,1
7684,a0be9e4c6cc15ec7,True,1.0,1.0,0.8151497612659862,1.0,1.0,1.0,0.9229790671941608,1
7685,a0c45624aa5251db,True,1.0,1.0,1.0,1.0,1.0,1.0,1.0,1
7686,a0c719046be7530e,True,1.0,1.0,0.9245697290004645,1.0,1.0,1.0,0.9685707204168602,1
7687,a0ce26a6f335530d,True,1.0,1.0,0.9274888658288387,0.0,1.0,1.0,0.5531203607620161,1
7688,a0d88b07304b5398,True,1.0,1.0,1.0,1.0,1.0,1.0,1.0,1
7689,a0da100b0dcb543c,True,1.0,1.0,1.0,0.0,1.0,1.0,0.5833333333333334,1
7690,a0e0603db4105ad9,True,1.0,1.0,1.0,1.0,1.0,1.0,1.0,1
7691,a0e088521cf1547d,True,1.0,1.0,0.7858441813351394,1.0,1.0,1.0,0.9107684088896414,1
7692,a0e9cbedca0a56b7,True,1.0,1.0,1.0,1.0,1.0,1.0,1.0,1
7693,a0eb6fa78dc2558f,True,1.0,1.0,0.8681917293682756,1.0,1.0,1.0,0.9450798872367816,1
7694,a0f499d0aab45bab,True,1.0,1.0,1.0,1.0,1.0,1.0,1.0,1
7695,a0f56a70905c527d,True,1.0,1.0,1.0,1.0,1.0,1.0,1.0,1
7696,a0f695da4a815955,True,1.0,1.0,1.0,1.0,1.0,1.0,1.0,1
7697,a0ff0b74063659a2,True,1.0,0.0,0.0,1.0,1.0,1.0,0.0,1
7698,a0ff6ccbf156551f,True,1.0,1.0,0.8425301160869823,1.0,1.0,1.0,0.9343875483695759,1
7699,a1065191d3525bb1,True,1.0,1.0,0.8291752658102874,1.0,1.0,1.0,0.928823027420953,1
7700,a120ebfcfb775487,True,1.0,1.0,0.9888838227451381,1.0,1.0,1.0,0.9953682594771408,1
7701,a12c7f84ebd25b1e,True,1.0,1.0,0.8530240306637709,1.0,1.0,1.0,0.9387600127765712,1
7702,a1325310017c5057,True,1.0,1.0,1.0,1.0,1.0,1.0,1.0,1
7703,a13d45e804265392,True,1.0,1.0,1.0,1.0,1.0,1.0,1.0,1
7704,a1493423e0d1521c,True,1.0,1.0,1.0,1.0,1.0,1.0,1.0,1
7705,a151ed0de3f35bf5,True,1.0,1.0,1.0,1.0,1.0,1.0,1.0,1
7706,a152c8cad6625d6a,True,1.0,1.0,0.933864929327305,1.0,1.0,1.0,0.9724437205530437,1
7707,a1592a3b82bb5060,True,1.0,1.0,1.0,1.0,1.0,1.0,1.0,1
7708,a159a54ad01d5f4f,True,1.0,1.0,0.9434072264358159,1.0,1.0,1.0,0.9764196776815899,1
7709,a15cc20cfcc35d48,True,1.0,1.0,0.9233062440238793,1.0,1.0,1.0,0.968044268343283,1
7710,a15d7c93c85e5505,True,1.0,1.0,0.8917211879758115,1.0,1.0,1.0,0.9548838283232547,1
7711,a15ed2f3e39c5c0d,True,1.0,1.0,1.0,1.0,1.0,1.0,1.0,1
7712,a161122c95815233,True,1.0,1.0,0.5866356398329584,1.0,1.0,1.0,0.8277648499303994,1
7713,a164681774715cea,True,1.0,1.0,0.6791429874660889,1.0,1.0,1.0,0.8663095781108704,1
7714,a1665c3aeb8f551f,True,1.0,1.0,1.0,1.0,1.0,1.0,1.0,1
7715,a175a8b7f4c55cf6,True,1.0,1.0,0.6585268097253344,1.0,1.0,1.0,0.8577195040522226,1
7716,a1848a01a20b5224,True,1.0,1.0,1.0,1.0,1.0,1.0,1.0,1
7717,a18d2b32f8415373,True,1.0,1.0,0.6687167465673398,1.0,1.0,1.0,0.8619653110697248,1
7718,a197927702b850f4,True,1.0,1.0,0.9728654262783849,1.0,1.0,1.0,0.9886939276159937,1
7719,a19a3d9b712751f6,True,1.0,1.0,0.7538516531064121,1.0,1.0,1.0,0.8974381887943385,1
7720,a19a97133a285e39,True,1.0,1.0,1.0,1.0,1.0,1.0,1.0,1
7721,a19d3096f2625fdb,True,1.0,1.0,1.0,1.0,1.0,1.0,1.0,1
7722,a19dd8ff9c4e5fc7,True,1.0,1.0,0.8663940882607777,1.0,1.0,1.0,0.9443308701086573,1
7723,a1a8c4053bc7577e,True,1.0,1.0,0.8868157680216063,1.0,1.0,1.0,0.952839903342336,1
7724,a1ac8820c36e51c3,True,1.0,1.0,1.0,1.0,1.0,1.0,1.0,1
7725,a1adc0fae78f5a3f,True,1.0,1.0,0.9471788076325932,1.0,1.0,1.0,0.9779911698469138,1
7726,a1bfecf3560e5aa3,True,1.0,1.0,1.0,1.0,1.0,1.0,1.0,1
7727,a1ce49c5eeb75711,True,1.0,1.0,0.989538157555923,1.0,1.0,1.0,0.9956408989816347,1
7728,a1d40a879acc5165,True,1.0,1.0,0.9098510327613598,1.0,1.0,1.0,0.9624379303172331,1
7729,a1d5046565c75d87,True,1.0,1.0,1.0,1.0,1.0,1.0,1.0,1
7730,a1d53677e05456b3,True,1.0,1.0,0.9745261237090637,1.0,1.0,1.0,0.9893858848787765,1
7731,a1d7b6056b4b5566,True,1.0,1.0,0.8958200860174012,1.0,1.0,1.0,0.9565917025072505,1
7732,a1e689b17ca65053,True,1.0,1.0,0.8032031912778765,1.0,1.0,0.0,0.9180013296991153,1
7733,a1e8639c17ac5089,True,1.0,1.0,1.0,1.0,1.0,1.0,1.0,1
7734,a1eab14904fc5807,True,1.0,1.0,0.8160915526040597,1.0,1.0,1.0,0.9233714802516916,1
7735,a1ecc6a16c2f5b5e,True,1.0,1.0,0.9284673951146792,1.0,1.0,1.0,0.9701947479644497,1
7736,a1ef22ffca3a5993,True,1.0,1.0,1.0,1.0,1.0,1.0,1.0,1
7737,a1f35d4460345de8,True,1.0,1.0,1.0,1.0,1.0,1.0,1.0,1
7738,a1fa084b258b5672,True,1.0,1.0,0.9167345354007205,1.0,1.0,1.0,0.9653060564169668,1
7739,a1ff2db262ab5db7,True,1.0,1.0,0.7998000686881435,1.0,1.0,1.0,0.9165833619533931,1
7740,a2047f9cb3865b75,True,1.0,1.0,0.6510651343458176,1.0,1.0,1.0,0.8546104726440906,1
7741,a208267045685266,True,1.0,1.0,1.0,1.0,1.0,1.0,1.0,1
7742,a20a0a34d5e859ed,True,1.0,1.0,0.878187777271034,1.0,1.0,1.0,0.9492449071962641,1
7743,a20beaedf66b59f3,True,1.0,1.0,0.8761645738386394,1.0,1.0,1.0,0.9484019057660998,1
7744,a21ebf4902fa5e27,True,1.0,1.0,0.9160488853576241,1.0,1.0,1.0,0.96502036889901,1
7745,a227effbc53d5fda,True,1.0,1.0,0.8123464528874492,1.0,1.0,1.0,0.9218110220364372,1
7746,a22de94be8935752,True,1.0,1.0,1.0,1.0,1.0,1.0,1.0,1
7747,a2336870ff485514,True,1.0,1.0,1.0,1.0,1.0,1.0,1.0,1
7748,a23ebe50e290544b,True,1.0,1.0,0.8823922244217248,1.0,1.0,1.0,0.9509967601757188,1
7749,a243657871795ce2,True,1.0,1.0,1.0,1.0,1.0,1.0,1.0,1
7750,a247fa5eb7b454a4,True,1.0,1.0,0.931838442615773,1.0,1.0,1.0,0.9715993510899054,1
7751,a25711b4fdcc50df,True,1.0,1.0,1.0,1.0,1.0,1.0,1.0,1
7752,a259460cd13f55c2,True,1.0,1.0,0.8944298594053459,1.0,1.0,1.0,0.9560124414188941,1
7753,a25bc88dbb4f5f72,True,1.0,1.0,0.7598498864557038,1.0,1.0,1.0,0.8999374526898766,1
7754,a25c025ea58d5409,True,1.0,1.0,1.0,1.0,1.0,1.0,1.0,1
7755,a2652d512cf35d1e,True,1.0,1.0,0.6531969901052692,1.0,1.0,1.0,0.8554987458771954,1
7756,a26ee25cd4995271,True,0.5,0.0,0.0,0.0,1.0,1.0,0.0,1
7757,a2701552b0f95f7b,True,1.0,1.0,1.0,0.0,1.0,1.0,0.5833333333333334,1
7758,a2737c768a335e27,True,1.0,1.0,0.8960824971383267,1.0,1.0,1.0,0.9567010404743028,1
7759,a27875deccc151e0,True,1.0,1.0,0.7254612523520422,1.0,1.0,1.0,0.8856088551466842,1
7760,a27fe5d9685c5795,True,1.0,1.0,0.8033283240618333,1.0,1.0,1.0,0.9180534683590972,1
7761,a2839b1b4f0352e4,True,1.0,1.0,0.9034901628794786,1.0,1.0,1.0,0.9597875678664494,1
7762,a28a7a914fbc5919,True,1.0,1.0,1.0,1.0,1.0,0.0,1.0,1
7763,a28af989d6ea5fe8,True,1.0,1.0,0.9542504357519214,1.0,1.0,1.0,0.9809376815633005,1
7764,a28aff9148b55b3b,True,1.0,1.0,1.0,1.0,1.0,1.0,1.0,1
7765,a28e921b642a5936,True,1.0,1.0,0.8709765350606455,1.0,1.0,1.0,0.9462402229419355,1
7766,a28e9a19b6a05733,True,0.5,1.0,1.0,0.0,1.0,0.5,0.2916666666666667,1
7767,a294ae1045875e02,True,1.0,1.0,0.7173795444003203,1.0,1.0,1.0,0.8822414768334669,1
7768,a2978bba82bd5751,True,1.0,1.0,1.0,0.0,1.0,1.0,0.5833333333333334,1
7769,a29d602c497c532d,True,1.0,1.0,0.909121514641473,1.0,1.0,1.0,0.962133964433947,1
7770,a2b2c80a9db75f5f,True,0.0,1.0,0.0,0.0,1.0,1.0,0.0,1
7771,a2b2f9572f3a5b05,True,1.0,1.0,0.9096518986369455,1.0,1.0,1.0,0.9623549577653939,1
7772,a2b7733806b355ac,True,1.0,1.0,1.0,1.0,1.0,1.0,1.0,1
7773,a2c15720170d5507,True,1.0,1.0,0.9468868318280139,1.0,1.0,1.0,0.9778695132616724,1
7774,a2c2e046132e5596,True,1.0,1.0,0.8133226878114854,1.0,1.0,0.5,0.9222177865881189,1
7775,a2c3aa64478d533b,True,1.0,1.0,0.7145429190047987,1.0,1.0,1.0,0.8810595495853328,1
7776,a2cbf7c347a45c6e,True,1.0,1.0,1.0,1.0,1.0,1.0,1.0,1
7777,a2cc6aa1e3c252a7,True,1.0,1.0,0.732704848830361,1.0,1.0,1.0,0.8886270203459837,1
7778,a2d180a344d15054,True,1.0,1.0,0.8314267058536716,1.0,1.0,1.0,0.9297611274390297,1
7779,a2d7be8710535e33,True,1.0,1.0,0.6918561908520557,1.0,1.0,1.0,0.8716067461883567,1
7780,a2e0d4dc100159a5,True,1.0,1.0,0.7557312749377243,1.0,1.0,1.0,0.8982213645573851,1
7781,a2e2a360029f508f,True,1.0,1.0,0.8624902198857951,1.0,1.0,0.0,0.942704258285748,1
7782,a2ed8d7503b85e2d,True,1.0,1.0,0.7732243968073174,1.0,1.0,1.0,0.9055101653363823,1
7783,a2ef4eeb9dd45505,True,1.0,1.0,0.9169058213816652,1.0,1.0,1.0,0.9653774255756938,1
7784,a2f75428b992536c,True,1.0,1.0,0.7866522227652225,1.0,1.0,1.0,0.9111050928188428,1
7785,a2fe72b034765149,True,1.0,1.0,0.7762198231810283,1.0,1.0,1.0,0.9067582596587619,1
7786,a305b24487775cfc,True,0.0,0.0,0.0,0.0,1.0,1.0,0.0,1
7787,a30baeb5294658b3,True,1.0,1.0,0.8532373923046207,1.0,1.0,1.0,0.9388489134602587,1
7788,a312f24a197d530c,True,1.0,1.0,0.8789177440033269,1.0,1.0,1.0,0.9495490600013863,1
7789,a317560bc1215a39,True,1.0,1.0,0.9353034256660551,1.0,1.0,1.0,0.9730430940275229,1
7790,a31780d642695a21,True,1.0,1.0,1.0,1.0,1.0,1.0,1.0,1
7791,a31e932f22d35521,True,1.0,1.0,0.9925464701851677,1.0,1.0,1.0,0.9968943625771532,1
7792,a32383d18e5351cc,True,1.0,1.0,1.0,1.0,1.0,1.0,1.0,1
7793,a33054c645ce5643,True,1.0,1.0,0.976817895962217,1.0,1.0,1.0,0.990340789984257,1
7794,a332b717471c5704,True,1.0,1.0,1.0,1.0,1.0,1.0,1.0,1
7795,a3399fc1f78b55f2,True,1.0,1.0,0.7376902914521946,1.0,1.0,1.0,0.8907042881050811,1
7796,a34e53ca202b5fa3,True,1.0,1.0,0.8940619432447122,1.0,1.0,1.0,0.9558591430186301,1
7797,a354ac8030d55e5e,True,1.0,1.0,1.0,1.0,1.0,1.0,1.0,1
7798,a35847734fc65508,True,1.0,1.0,1.0,1.0,1.0,1.0,1.0,1
7799,a35a1d0c099151cc,True,1.0,1.0,0.7832269773811381,1.0,1.0,1.0,0.9096779072421409,1
7800,a366d90f10ca5866,True,1.0,1.0,0.99746532422644,1.0,1.0,1.0,0.99894388509435,1
7801,a36cdc9ebe595113,True,1.0,0.0,0.0,1.0,1.0,1.0,0.0,1
7802,a371624958cb52ea,True,1.0,1.0,1.0,1.0,1.0,1.0,1.0,1
7803,a37ac5585e74546d,True,1.0,1.0,1.0,1.0,1.0,1.0,1.0,1
7804,a37f67a1fe095025,True,1.0,1.0,1.0,1.0,1.0,1.0,1.0,1
7805,a3882e6ae8635832,True,1.0,1.0,0.6755870238140408,1.0,1.0,1.0,0.8648279265891836,1
7806,a38bd3c8068d5ebb,True,1.0,1.0,1.0,1.0,1.0,1.0,1.0,1
7807,a38cf6735cfc5f54,True,1.0,1.0,0.8562082368720415,1.0,1.0,1.0,0.9400867653633506,1
7808,a38db8b9731f50b6,True,1.0,1.0,0.7198631576364788,1.0,1.0,1.0,0.8832763156818663,1
7809,a38e63debd3256ef,True,1.0,1.0,0.6833113570356468,1.0,1.0,1.0,0.8680463987648528,1
7810,a39ec7322394565f,True,1.0,1.0,0.6319940804264895,1.0,1.0,1.0,0.8466642001777039,1
7811,a3a47ea11a5e5939,True,1.0,1.0,1.0,1.0,1.0,1.0,1.0,1
7812,a3af72210c7553c4,True,1.0,1.0,0.9406827494943866,1.0,1.0,1.0,0.9752844789559943,1
7813,a3b663577f605feb,True,1.0,1.0,0.8853622719658972,1.0,1.0,1.0,0.9522342799857905,1
7814,a3bb30f4190a5f5d,True,1.0,1.0,0.9467238786511109,1.0,1.0,1.0,0.9778016161046296,1
7815,a3c4e4bf10d65ddb,True,1.0,1.0,1.0,1.0,1.0,1.0,1.0,1
7816,a3c54d0e80375911,True,1.0,1.0,1.0,1.0,1.0,1.0,1.0,1
7817,a3d10c0a5a835300,True,1.0,1.0,0.715075113659117,1.0,1.0,1.0,0.8812812973579653,1
7818,a3d1310fbc3f50a5,True,1.0,1.0,0.8163721523554517,1.0,1.0,1.0,0.9234883968147716,1
7819,a3dd6d539acc5c9b,True,1.0,1.0,0.9767976427029946,1.0,1.0,1.0,0.9903323511262477,1
7820,a3df0f8925b251e0,True,1.0,1.0,1.0,1.0,1.0,1.0,1.0,1
7821,a3e0421d08d25e5b,True,1.0,1.0,0.41651049765576814,1.0,1.0,1.0,0.7568793740232368,1
7822,a3ece675f714527b,True,1.0,1.0,0.5803581516512383,1.0,1.0,1.0,0.8251492298546825,1
7823,a3f2ea7187975b13,True,1.0,1.0,0.9214049324713037,1.0,1.0,1.0,0.9672520551963766,1
7824,a3f82403e6945aa7,True,1.0,1.0,1.0,1.0,1.0,0.5,1.0,1
7825,a3fe8c1981c45693,True,1.0,1.0,1.0,1.0,1.0,1.0,1.0,1
7826,a417154cf84a5426,True,0.0,1.0,0.0,0.0,1.0,1.0,0.0,1
7827,a41a728fda515594,True,1.0,1.0,0.7702468405489209,1.0,1.0,1.0,0.9042695168953837,1
7828,a41bdf91223654f7,True,1.0,0.0,0.0,1.0,1.0,1.0,0.0,1
7829,a41e9aff2ee457c2,True,1.0,1.0,0.8644091946566447,1.0,1.0,1.0,0.9435038311069354,1
7830,a41f538fa8e25be0,True,1.0,1.0,1.0,1.0,1.0,1.0,1.0,1
7831,a4213d4e327c5b6e,True,1.0,1.0,0.996630343022116,1.0,1.0,1.0,0.998595976259215,1
7832,a422962469ff5d27,True,1.0,1.0,1.0,1.0,1.0,1.0,1.0,1
7833,a425dd8a1b5552db,True,1.0,1.0,1.0,1.0,1.0,1.0,1.0,1
7834,a42cc34c8a985b67,True,1.0,1.0,0.7639136832415953,1.0,1.0,0.0,0.9016307013506647,1
7835,a43337e3cf725ea6,True,1.0,1.0,0.9568444655402737,1.0,1.0,1.0,0.9820185273084473,1
7836,a43d45f7369d5489,True,1.0,1.0,1.0,1.0,1.0,1.0,1.0,1
7837,a43d920a23d95caa,True,1.0,1.0,0.6302716799459873,1.0,1.0,1.0,0.845946533310828,1
7838,a44bb178ec7d5c6a,True,1.0,1.0,1.0,1.0,1.0,1.0,1.0,1
7839,a44db880afe95be7,True,1.0,1.0,0.7048936926770478,1.0,1.0,1.0,0.8770390386154366,1
7840,a4525819e5c25936,True,1.0,1.0,1.0,1.0,1.0,1.0,1.0,1
7841,a452d968db965d77,True,1.0,1.0,0.9340252394643065,1.0,1.0,1.0,0.9725105164434611,1
7842,a454e18ca33d5cb7,True,1.0,1.0,1.0,1.0,1.0,1.0,1.0,1
7843,a4581d8af5f755a9,True,1.0,1.0,0.8261819442712206,1.0,1.0,1.0,0.9275758101130086,1
7844,a45b1d5e36b35909,True,1.0,1.0,0.8965324862884824,1.0,1.0,1.0,0.9568885359535343,1
7845,a460a03aab635f35,True,1.0,1.0,0.7416976544973163,1.0,1.0,1.0,0.8923740227072151,1
7846,a46bfe77eed85821,True,1.0,1.0,0.8859438105953803,1.0,1.0,1.0,0.9524765877480751,1
7847,a4717050e0c05d1e,True,1.0,1.0,0.7878284143179717,1.0,1.0,1.0,0.9115951726324881,1
7848,a4778444628f5c49,True,1.0,1.0,1.0,1.0,1.0,1.0,1.0,1
7849,a479822714c6558b,True,1.0,1.0,0.8235956428325827,0.0,1.0,1.0,0.5098315178469094,1
7850,a48870c447ef5fe5,True,1.0,1.0,0.9254980461604057,1.0,1.0,1.0,0.9689575192335024,1
7851,a489c23d292e56fa,True,1.0,1.0,0.7333464319750126,1.0,1.0,0.5,0.8888943466562553,1
7852,a48a9d9bb413549a,True,1.0,1.0,0.8522582461463082,1.0,1.0,1.0,0.938440935894295,1
7853,a49be33c358b5cb4,True,1.0,1.0,0.7371735961612482,1.0,1.0,1.0,0.8904889984005201,1
7854,a4a08c828e87562c,True,1.0,1.0,0.8456813937389438,1.0,1.0,1.0,0.9357005807245599,1
7855,a4ab5ff4ba7259f9,True,1.0,1.0,0.8773830254819283,1.0,1.0,1.0,0.9489095939508033,1
7856,a4ba9521736a59f9,True,1.0,1.0,1.0,1.0,1.0,1.0,1.0,1
7857,a4bc6340456351af,True,1.0,1.0,1.0,1.0,1.0,1.0,1.0,1
7858,a4bf921a024f551e,True,1.0,1.0,1.0,1.0,1.0,1.0,1.0,1
7859,a4c23fa815945fe3,True,1.0,1.0,0.8308510105192448,1.0,1.0,1.0,0.9295212543830186,1
7860,a4cd60ef102957cb,True,1.0,1.0,0.8330639781143925,1.0,1.0,1.0,0.9304433242143301,1
7861,a4d55f73b8ad51b9,True,1.0,1.0,0.6260661913362063,1.0,1.0,1.0,0.844194246390086,1
7862,a4e50a4546d0513e,True,1.0,1.0,0.9277312745156971,1.0,1.0,1.0,0.9698880310482071,1
7863,a4ed82240b64533a,True,1.0,1.0,0.6876200994446099,1.0,1.0,1.0,0.8698417081019207,1
7864,a4f2f32aa59f53b9,True,1.0,1.0,0.9571334618228875,1.0,1.0,1.0,0.9821389424262031,1
7865,a4f48656cf78572a,True,1.0,1.0,0.8863866088925358,1.0,1.0,1.0,0.9526610870385567,1
7866,a4f4a240e54e56b2,True,1.0,1.0,1.0,1.0,1.0,1.0,1.0,1
7867,a4f91ed474295f00,True,1.0,1.0,1.0,0.0,1.0,1.0,0.5833333333333334,1
7868,a4f950bf8f9b590b,True,1.0,1.0,0.8767693557828679,1.0,1.0,1.0,0.9486538982428616,1
7869,a4fb656f624e5458,True,1.0,1.0,0.7983693171768589,1.0,1.0,1.0,0.9159872154903579,1
7870,a514e82818cb55da,True,1.0,1.0,0.6894130067917531,1.0,1.0,1.0,0.8705887528298971,1
7871,a51ed55eaa9c54c9,True,1.0,1.0,0.7429873247551307,1.0,1.0,1.0,0.8929113853146378,1
7872,a51fda3f10da5432,True,1.0,1.0,0.9937154271965899,1.0,1.0,1.0,0.9973814279985791,1
7873,a523d2a173855e96,True,1.0,1.0,1.0,1.0,1.0,1.0,1.0,1
7874,a52bce0753d8563e,True,1.0,1.0,0.9294260197433107,1.0,1.0,1.0,0.9705941748930461,1
7875,a541237b06645d49,True,1.0,1.0,0.8335618391732494,1.0,1.0,1.0,0.9306507663221874,1
7876,a547f498303e5b17,True,1.0,1.0,0.8279937087575503,1.0,1.0,1.0,0.9283307119823127,1
7877,a549496e4b835d1b,True,1.0,1.0,0.8516813033845874,1.0,1.0,1.0,0.9382005430769115,1
7878,a55fa060a119508b,True,1.0,1.0,0.9287085197718141,1.0,1.0,1.0,0.9702952165715892,1
7879,a55fdc98ef8057e5,True,1.0,1.0,0.8724129265297422,0.0,1.0,1.0,0.530172052720726,1
7880,a566f9d36b5d5921,True,1.0,1.0,0.849760772241609,1.0,1.0,1.0,0.9374003217673371,1
7881,a567ea679ba056ce,True,1.0,1.0,0.9575581819301346,1.0,1.0,1.0,0.9823159091375562,1
7882,a572393e361e5b6c,True,1.0,1.0,0.6107453977364704,1.0,1.0,1.0,0.8378105823901961,1
7883,a5725e330a565f84,True,1.0,1.0,0.8316810061896986,1.0,1.0,1.0,0.9298670859123744,1
7884,a572d70690f75ad4,True,1.0,1.0,0.8615400166113705,1.0,1.0,1.0,0.9423083402547378,1
7885,a584a676d2b859c7,True,1.0,1.0,1.0,1.0,1.0,1.0,1.0,1
7886,a5851164f3ee5b71,True,1.0,1.0,0.9562793515331743,1.0,1.0,1.0,0.9817830631388226,1
7887,a589b9ccbe3e5d1c,True,1.0,1.0,0.7141166350670191,1.0,1.0,1.0,0.8808819312779246,1
7888,a58d5374dae0552a,True,1.0,1.0,0.848973537887353,1.0,1.0,1.0,0.9370723074530637,1
7889,a5977f7fb4fd5386,True,1.0,1.0,1.0,1.0,1.0,1.0,1.0,1
7890,a59aff81f75759ff,True,1.0,1.0,1.0,1.0,1.0,1.0,1.0,1
7891,a59bd481d324594a,True,1.0,1.0,0.8101243128970506,1.0,1.0,1.0,0.9208851303737711,1
7892,a5a1e608305d53a8,True,1.0,1.0,0.9120028840301078,1.0,1.0,1.0,0.963334535012545,1
7893,a5a4a6add0d05113,True,1.0,1.0,1.0,1.0,1.0,1.0,1.0,1
7894,a5ad1e9de54e5ad0,True,1.0,1.0,0.904859721575883,1.0,1.0,1.0,0.9603582173232846,1
7895,a5b2403d85fc511d,True,1.0,1.0,1.0,1.0,1.0,1.0,1.0,1
7896,a5b24b47fef85a1b,True,1.0,1.0,0.8777681664972136,0.0,1.0,1.0,0.5324034027071723,1
7897,a5b6e054384c586c,True,1.0,1.0,0.7447800550902288,1.0,1.0,1.0,0.8936583562875953,1
7898,a5be642219735a49,True,1.0,1.0,0.8405346552851142,1.0,1.0,1.0,0.9335561063687976,1
7899,a5c89cf130d858a4,True,1.0,1.0,1.0,1.0,1.0,1.0,1.0,1
7900,a5c9bcab52165145,True,1.0,1.0,0.9778418261646409,1.0,1.0,1.0,0.9907674275686004,1
7901,a5cde0f1dace5561,True,1.0,1.0,1.0,1.0,1.0,1.0,1.0,1
7902,a5d23e7aa6265f80,True,1.0,1.0,0.8849031095400153,1.0,1.0,1.0,0.9520429623083397,1
7903,a5d356da90d05835,True,1.0,1.0,0.8423865351634869,1.0,1.0,1.0,0.9343277229847863,1
7904,a5d3eca1660f5855,True,1.0,1.0,0.9228207676063286,1.0,1.0,1.0,0.9678419865026369,1
7905,a5db7f072b0a58d4,True,1.0,0.0,0.0,1.0,1.0,1.0,0.0,1
7906,a5ddad9bbb505316,True,1.0,1.0,0.8893734438883687,1.0,1.0,1.0,0.9539056016201536,1
7907,a5de46cebb7d5260,True,1.0,1.0,0.7456774957565547,1.0,1.0,1.0,0.8940322898985644,1
7908,a5ed322a79205030,True,1.0,1.0,1.0,1.0,1.0,1.0,1.0,1
7909,a5ee1632a31556a1,True,1.0,1.0,0.8287713151243997,1.0,1.0,1.0,0.9286547146351666,1
7910,a5f411a2c379503d,True,1.0,1.0,0.7603348689041903,1.0,1.0,1.0,0.9001395287100792,1
7911,a5f5f03bc998578d,True,1.0,1.0,0.9449068494737906,1.0,1.0,1.0,0.9770445206140795,1
7912,a5f724194aaa55f7,True,1.0,1.0,0.898723805752048,1.0,1.0,1.0,0.9578015857300199,1
7913,a60202554bf55ef1,True,1.0,1.0,1.0,1.0,1.0,1.0,1.0,1
7914,a60e8e8afe675063,True,1.0,1.0,0.7474161653804718,1.0,1.0,1.0,0.8947567355751965,1
7915,a60f7352182a5e93,True,1.0,1.0,0.9116939818512143,1.0,1.0,1.0,0.9632058257713393,1
7916,a612f42e6f9d592e,True,1.0,1.0,1.0,1.0,1.0,1.0,1.0,1
7917,a616a9583c735698,True,1.0,1.0,0.7527948805160112,1.0,1.0,1.0,0.8969978668816713,1
7918,a6186e0af3a55d93,True,1.0,1.0,0.6539919579089333,1.0,1.0,1.0,0.8558299824620555,1
7919,a61948a5dada537e,True,1.0,1.0,1.0,1.0,1.0,1.0,1.0,1
7920,a61b9afbe5d857b1,True,1.0,1.0,0.7773404546474633,1.0,1.0,1.0,0.907225189436443,1
7921,a61ba5902ded5c56,True,1.0,1.0,0.9294561329690674,1.0,1.0,1.0,0.9706067220704447,1
7922,a6229e66c0e656d8,True,1.0,1.0,0.7842681683830021,1.0,1.0,1.0,0.9101117368262509,1
7923,a622f6b5e06f52d0,True,1.0,1.0,1.0,1.0,1.0,1.0,1.0,1
7924,a622ff338b425c28,True,1.0,1.0,0.9273823450288273,1.0,1.0,1.0,0.9697426437620114,1
7925,a627522c77eb526c,True,1.0,1.0,0.8440746112079158,1.0,1.0,0.0,0.9350310880032983,1
7926,a62a20e735805039,True,1.0,1.0,0.8437026981792415,1.0,1.0,1.0,0.9348761242413506,1
7927,a62cc53f0187532a,True,1.0,1.0,1.0,1.0,1.0,1.0,1.0,1
7928,a62faaedb18d5b76,True,1.0,1.0,0.8461467294000258,1.0,1.0,1.0,0.9358944705833441,1
7929,a631fec170525388,True,1.0,1.0,0.7264331767488292,1.0,1.0,1.0,0.8860138236453455,1
7930,a64a3e4f2048576d,True,1.0,1.0,0.7656910559443926,1.0,1.0,1.0,0.9023712733101635,1
7931,a65539b18da350df,True,1.0,1.0,0.9711512780967829,1.0,1.0,1.0,0.9879796992069929,1
7932,a65896c3c7be51ca,True,1.0,1.0,0.8846230239853087,1.0,1.0,1.0,0.9519262599938786,1
7933,a66018d8ad8f594d,True,1.0,1.0,0.8885197785690213,1.0,1.0,1.0,0.9535499077370923,1
7934,a66477a84cc05f05,True,1.0,1.0,1.0,1.0,1.0,1.0,1.0,1
7935,a669b18e5ecd575d,True,1.0,1.0,0.805744532500804,1.0,1.0,1.0,0.919060221875335,1
7936,a6706582212458bb,True,1.0,1.0,0.8631686550253906,1.0,1.0,1.0,0.9429869395939128,1
7937,a67c6744e6c45edb,True,1.0,1.0,0.8225576694446043,1.0,1.0,1.0,0.9260656956019183,1
7938,a67f68a6c9e85668,True,1.0,1.0,0.9555937837222346,1.0,1.0,1.0,0.9814974098842644,1
7939,a681a147f3375cac,True,1.0,1.0,1.0,1.0,1.0,1.0,1.0,1
7940,a6862e7424815856,True,1.0,1.0,1.0,1.0,1.0,1.0,1.0,1
7941,a689d4a215245104,True,1.0,0.0,0.0,1.0,1.0,1.0,0.0,1
7942,a698a93fec1e57fa,True,1.0,1.0,1.0,1.0,1.0,1.0,1.0,1
7943,a6b34e50b7995664,True,0.0,1.0,0.0,0.0,1.0,1.0,0.0,1
7944,a6b4447359075e54,True,1.0,1.0,0.9666187009321393,1.0,1.0,1.0,0.9860911253883913,1
7945,a6b457a7eb6a5cde,True,1.0,1.0,0.8616316745205789,1.0,1.0,1.0,0.9423465310502411,1
7946,a6b518a433065727,True,1.0,1.0,1.0,1.0,1.0,1.0,1.0,1
7947,a6b9a83019915658,True,1.0,1.0,1.0,1.0,1.0,1.0,1.0,1
7948,a6be7050ff205933,True,1.0,1.0,0.9329977931991494,1.0,1.0,1.0,0.9720824138329789,1
7949,a6c229d05cdb5016,True,1.0,1.0,1.0,1.0,1.0,1.0,1.0,1
7950,a6c24c9ca7335016,True,1.0,1.0,1.0,1.0,1.0,1.0,1.0,1
7951,a6d4b1f4870852a4,True,1.0,1.0,1.0,1.0,1.0,1.0,1.0,1
7952,a6da1090aa335503,True,1.0,1.0,1.0,1.0,1.0,1.0,1.0,1
7953,a6e08764c0245823,True,1.0,1.0,0.7999814102026476,1.0,1.0,1.0,0.9166589209177699,1
7954,a6e683b6f2a557a4,True,1.0,1.0,0.9759805212266266,1.0,1.0,1.0,0.9899918838444277,1
7955,a6e7189b4bd35946,True,1.0,1.0,0.9077487396674945,1.0,1.0,1.0,0.9615619748614561,1
7956,a6f3c89c3d745a5b,True,1.0,1.0,0.922726682047973,1.0,1.0,1.0,0.9678027841866554,1
7957,a6fd750fe57d5bb9,True,1.0,1.0,0.9259133326935071,1.0,1.0,1.0,0.9691305552889613,1
7958,a708f8c8db805496,True,1.0,1.0,1.0,1.0,1.0,1.0,1.0,1
7959,a709a9bbafe555e1,True,1.0,1.0,1.0,1.0,1.0,1.0,1.0,1
7960,a70f950103b558b9,True,1.0,1.0,0.8191580383432812,1.0,1.0,1.0,0.9246491826430338,1
7961,a71fec9cd7b65cf0,True,1.0,1.0,0.8137484028533752,1.0,1.0,1.0,0.922395167855573,1
7962,a728ab8233415a86,True,1.0,1.0,0.8784724817432245,1.0,1.0,1.0,0.9493635340596769,1
7963,a73467a2eede50e9,True,1.0,1.0,0.8662236194251844,1.0,1.0,1.0,0.9442598414271602,1
7964,a73ba1e90a735dad,True,1.0,1.0,0.9089231013406357,1.0,1.0,0.0,0.9620512922252648,1
7965,a73f7d7149c45478,True,1.0,1.0,0.7660158850267883,1.0,1.0,1.0,0.9025066187611618,1
7966,a7409a64ac2b5a94,True,1.0,1.0,0.9071566793884704,1.0,1.0,1.0,0.9613152830785294,1
7967,a752896c43c2526e,True,1.0,1.0,0.8728126330503037,1.0,1.0,1.0,0.94700526377096,1
7968,a75469eea7815984,True,1.0,1.0,1.0,1.0,1.0,1.0,1.0,1
7969,a754894e5e355c0f,True,1.0,1.0,1.0,1.0,1.0,1.0,1.0,1
7970,a756084987b256e5,True,1.0,1.0,0.8371171040615288,1.0,1.0,1.0,0.9321321266923036,1
7971,a75ca6ddabc1541b,True,1.0,1.0,1.0,1.0,1.0,1.0,1.0,1
7972,a75e220cee925c10,True,1.0,1.0,1.0,1.0,1.0,1.0,1.0,1
7973,a760f4373fd751e4,True,1.0,1.0,0.8134388126386436,1.0,1.0,1.0,0.9222661719327682,1
7974,a76311c957b05f8c,True,1.0,1.0,1.0,1.0,1.0,1.0,1.0,1
7975,a763369e30305f95,True,1.0,1.0,1.0,1.0,1.0,1.0,1.0,1
7976,a76f3192f58250c2,True,1.0,1.0,0.8531043392382269,1.0,1.0,1.0,0.9387934746825946,1
7977,a7705685069f5979,True,1.0,1.0,0.9135466493906544,1.0,1.0,1.0,0.9639777705794393,1
7978,a77872c55f1b52a1,True,1.0,1.0,0.8039631299724842,1.0,1.0,1.0,0.9183179708218684,1
7979,a780d35138495c38,True,1.0,1.0,1.0,0.0,1.0,1.0,0.5833333333333334,1
7980,a786025ec8ab5a6b,True,1.0,1.0,0.9019364057951194,1.0,1.0,1.0,0.9591401690812997,1
7981,a78e1f18f3b255d8,True,1.0,1.0,0.6450708499434614,1.0,1.0,1.0,0.852112854143109,1
7982,a79297e78d8857b4,True,1.0,1.0,0.9640739743861443,1.0,1.0,1.0,0.9850308226608936,1
7983,a7a0fe1f804c5fa5,True,1.0,1.0,0.9987563101232453,1.0,1.0,1.0,0.9994817958846856,1
7984,a7a7c9782f3951a1,True,1.0,1.0,1.0,1.0,1.0,1.0,1.0,1
7985,a7aa2b49e81b5d4f,True,1.0,1.0,0.8065175884598981,1.0,1.0,1.0,0.9193823285249575,1
7986,a7ad6a154d2051bd,True,1.0,1.0,0.9074625763274751,1.0,1.0,1.0,0.961442740136448,1
7987,a7b8ffecd36e5dbc,True,1.0,1.0,0.8202417813597233,1.0,1.0,0.0,0.925100742233218,1
7988,a7c6cc3a1840584f,True,1.0,1.0,1.0,1.0,1.0,1.0,1.0,1
7989,a7ca0cd746e7551e,True,1.0,1.0,0.6598637710336138,1.0,1.0,1.0,0.8582765712640058,1
7990,a7ce5a625a525b45,True,1.0,1.0,1.0,1.0,1.0,1.0,1.0,1
7991,a7ce8d99f16150ac,True,1.0,1.0,0.8017505336225063,1.0,1.0,1.0,0.9173960556760443,1
7992,a7cf529d15425b63,True,1.0,1.0,1.0,1.0,1.0,1.0,1.0,1
7993,a7d3076a7b7b58b2,True,1.0,1.0,0.9366094150705676,1.0,1.0,1.0,0.9735872562794032,1
7994,a7d3e71b8ca456a9,True,0.0,1.0,0.0,0.0,1.0,1.0,0.0,1
7995,a7eeec2ad80b58a1,True,1.0,1.0,0.8177135453190488,1.0,1.0,1.0,0.9240473105496037,1
7996,a7f15e4638b352c4,True,1.0,1.0,0.8360314157705795,1.0,1.0,1.0,0.9316797565710747,1
7997,a7f3d88fe5e5534e,True,1.0,1.0,1.0,1.0,1.0,1.0,1.0,1
7998,a7f5d22750b75466,True,1.0,1.0,1.0,1.0,1.0,1.0,1.0,1
7999,a7f7be23b6185470,True,1.0,1.0,0.9205319196865803,1.0,1.0,1.0,0.9668882998694084,1
8000,a7fa674076175448,True,1.0,1.0,1.0,1.0,1.0,1.0,1.0,1
8001,a7fa8bccce9253cb,True,1.0,1.0,0.7499962259502317,0.0,1.0,1.0,0.47916509414592995,1
8002,a7fb000f96b35f94,True,1.0,1.0,1.0,1.0,1.0,1.0,1.0,1
8003,a806a92596d6570b,True,1.0,1.0,1.0,1.0,1.0,1.0,1.0,1
8004,a807cfefb041572b,True,1.0,1.0,1.0,1.0,1.0,1.0,1.0,1
8005,a810e698e69e5e70,True,1.0,1.0,0.6969414563671331,1.0,1.0,1.0,0.8737256068196388,1
8006,a8159c45d59f5a5f,True,1.0,1.0,0.9064558305803647,1.0,1.0,1.0,0.9610232627418186,1
8007,a815da9bf45d5b15,True,1.0,1.0,0.7930539468217586,1.0,1.0,1.0,0.9137724778423993,1
8008,a81fbf9466e05120,True,1.0,1.0,0.6909448693854107,1.0,1.0,1.0,0.8712270289105878,1
8009,a82187d6e7805fa2,True,1.0,1.0,0.9232111564300676,1.0,1.0,1.0,0.9680046485125281,1
8010,a8245437ee3d5dd7,True,1.0,0.0,0.0,1.0,1.0,1.0,0.0,1
8011,a82ce9edf79d56a6,True,1.0,1.0,0.8700083674078049,1.0,1.0,1.0,0.945836819753252,1
8012,a82d8d2d870a5280,True,1.0,1.0,1.0,1.0,1.0,1.0,1.0,1
8013,a82f1c8ad27d53cc,True,1.0,1.0,0.8823195457293034,1.0,1.0,1.0,0.9509664773872096,1
8014,a8377f936650561b,True,1.0,1.0,0.7492990339770901,1.0,1.0,1.0,0.8955412641571209,1
8015,a83a32870332554f,True,1.0,1.0,0.8301559286001163,1.0,1.0,1.0,0.9292316369167152,1
8016,a83d8c6015e85622,True,1.0,1.0,0.6687662473775075,1.0,1.0,1.0,0.8619859364072947,1
8017,a8455a10df085d45,True,1.0,1.0,0.7139220687090675,1.0,1.0,1.0,0.8808008619621114,1
8018,a84816a320d450a6,True,1.0,1.0,0.9386287492191575,1.0,1.0,1.0,0.9744286455079824,1
8019,a85c442c31bc557f,True,1.0,1.0,0.8970676879924006,1.0,1.0,1.0,0.9571115366635002,1
8020,a85f6afede71548f,True,1.0,1.0,0.782116483988966,1.0,1.0,1.0,0.9092152016620693,1
8021,a861711ff302554b,True,1.0,1.0,1.0,1.0,1.0,1.0,1.0,1
8022,a862b4e7cbc05869,True,1.0,1.0,1.0,1.0,1.0,1.0,1.0,1
8023,a87eceb632f253c7,True,1.0,1.0,1.0,0.0,1.0,1.0,0.5833333333333334,1
8024,a87f744c67175bc4,True,1.0,1.0,0.9412572515799593,1.0,1.0,1.0,0.975523854824983,1
8025,a899eed59bf85d84,True,1.0,1.0,0.5293551228440275,0.0,1.0,1.0,0.3872313011850115,1
8026,a89b31979d265539,True,1.0,1.0,0.8938978032548528,1.0,1.0,1.0,0.9557907513561886,1
8027,a89c8c3249975dc9,True,1.0,1.0,0.8912624009508776,1.0,1.0,1.0,0.9546926670628656,1
8028,a8a10f07becb5a55,True,1.0,1.0,1.0,1.0,1.0,1.0,1.0,1
8029,a8a34f54618050f6,True,1.0,0.0,0.0,1.0,1.0,1.0,0.0,1
8030,a8a72fb28dc6592b,True,1.0,1.0,1.0,1.0,1.0,1.0,1.0,1
8031,a8a743157c605bfe,True,1.0,1.0,1.0,1.0,1.0,1.0,1.0,1
8032,a8aba52e8a6151bf,True,1.0,1.0,0.869812299290275,1.0,1.0,1.0,0.9457551247042812,1
8033,a8afec520f035a68,True,1.0,1.0,0.9597297094580652,1.0,1.0,1.0,0.9832207122741939,1
8034,a8c150e293ac5bd3,True,1.0,1.0,0.7182171564712594,1.0,1.0,1.0,0.8825904818630247,1
8035,a8c2268684c35a80,True,1.0,1.0,0.7991426922857481,1.0,1.0,1.0,0.9163094551190617,1
8036,a8c4188597da52a2,True,1.0,1.0,1.0,1.0,1.0,1.0,1.0,1
8037,a8ca647927f25ae9,True,1.0,1.0,0.996735193769537,1.0,1.0,1.0,0.9986396640706404,1
8038,a8d02b285a5451a0,True,1.0,1.0,1.0,1.0,1.0,1.0,1.0,1
8039,a8d4a3fc503c5f83,True,1.0,1.0,0.9161880852726426,1.0,1.0,1.0,0.9650783688636011,1
8040,a8d904be723d5ab9,True,1.0,1.0,0.8539960936066978,1.0,1.0,1.0,0.9391650390027907,1
8041,a8da6565d00e514a,True,1.0,1.0,0.7666403465538714,1.0,1.0,1.0,0.902766811064113,1
8042,a8dacf347a605f0d,True,1.0,1.0,0.7930600774488733,1.0,1.0,1.0,0.9137750322703638,1
8043,a8db36bc378c599d,True,1.0,1.0,0.8487058019566818,1.0,1.0,1.0,0.9369607508152841,1
8044,a8df71513975500b,True,1.0,1.0,0.9962782940574609,1.0,1.0,1.0,0.9984492891906087,1
8045,a8ee480d197e56dd,True,1.0,1.0,1.0,1.0,1.0,1.0,1.0,1
8046,a8ef1b08315752f3,True,1.0,1.0,1.0,1.0,1.0,1.0,1.0,1
8047,a8fb178e35d25d73,True,1.0,1.0,0.9483837713031409,1.0,1.0,1.0,0.9784932380429754,1
8048,a8fd739baf0a5935,True,1.0,1.0,1.0,1.0,1.0,1.0,1.0,1
8049,a90317c305c3505a,True,1.0,1.0,0.9096895657369068,1.0,1.0,1.0,0.9623706523903778,1
8050,a90de87b906d51e8,True,1.0,1.0,1.0,1.0,1.0,1.0,1.0,1
8051,a911eef9f873522a,True,1.0,1.0,0.8270246697858863,1.0,1.0,1.0,0.9279269457441193,1
8052,a9152eadc70058ba,True,1.0,1.0,1.0,1.0,1.0,1.0,1.0,1
8053,a916c0c016825703,True,1.0,1.0,1.0,1.0,1.0,1.0,1.0,1
8054,a924bf802fe25fa6,True,1.0,1.0,0.836729485985108,1.0,1.0,1.0,0.9319706191604616,1
8055,a924eaf3a0c35078,True,1.0,1.0,0.8353821786072573,1.0,1.0,1.0,0.9314092410863571,1
8056,a92bb2331b0e5485,True,1.0,1.0,0.8745841805790935,1.0,1.0,1.0,0.9477434085746222,1
8057,a92ed51516c358dc,True,1.0,1.0,1.0,1.0,1.0,1.0,1.0,1
8058,a9343b1abc5957ab,True,1.0,1.0,0.8574807609065985,1.0,1.0,0.5,0.9406169837110827,1
8059,a9359dafbcdd5af6,True,1.0,1.0,1.0,1.0,1.0,1.0,1.0,1
8060,a93fa498bfbf5fb8,True,1.0,1.0,0.8080920063280358,1.0,1.0,1.0,0.9200383359700149,1
8061,a93fa981f60d50af,True,0.0,1.0,0.0,0.0,1.0,1.0,0.0,1
8062,a93fe1ec53155bf7,True,1.0,1.0,0.7593036765443352,1.0,1.0,1.0,0.8997098652268063,1
8063,a9454c63755c549d,True,1.0,1.0,1.0,1.0,1.0,1.0,1.0,1
8064,a9609780217c5831,True,1.0,1.0,1.0,1.0,1.0,1.0,1.0,1
8065,a96abad3a09753c5,True,1.0,1.0,0.7867914415295016,1.0,1.0,1.0,0.9111631006372924,1
8066,a96b1d87c73555b9,True,1.0,0.0,0.0,1.0,1.0,1.0,0.0,1
8067,a96c1b6145ca513e,True,1.0,1.0,0.8233375754965118,1.0,1.0,1.0,0.9263906564568799,1
8068,a978cd72e68155b1,True,1.0,1.0,1.0,1.0,1.0,1.0,1.0,1
8069,a97ceb2edd0251f9,True,1.0,0.0,0.0,1.0,1.0,1.0,0.0,1
8070,a984f0459c1055d5,True,1.0,1.0,0.9539654080720028,1.0,1.0,1.0,0.9808189200300012,1
8071,a9853ab9c01c53d2,True,1.0,1.0,0.9604045186235437,1.0,1.0,1.0,0.98350188275981,1
8072,a988872adfe45a71,True,1.0,1.0,1.0,1.0,1.0,1.0,1.0,1
8073,a98bfcdd7d6c5683,True,1.0,1.0,1.0,1.0,1.0,1.0,1.0,1
8074,a98e0fd4eee7534a,True,1.0,1.0,0.8241465161518557,1.0,1.0,1.0,0.9267277150632732,1
8075,a99280d8424c55b2,True,1.0,1.0,1.0,1.0,1.0,1.0,1.0,1
8076,a992bba6c1d054f3,True,1.0,1.0,0.752970754836059,1.0,1.0,1.0,0.897071147848358,1
8077,a99338e1112e5f65,True,1.0,1.0,0.8922425509217922,1.0,1.0,1.0,0.9551010628840801,1
8078,a9956fd52aa15f39,True,1.0,1.0,1.0,0.0,1.0,1.0,0.5833333333333334,1
8079,a998a0d0131f5208,True,1.0,1.0,0.58659658554749,1.0,1.0,1.0,0.827748577311454,1
8080,a99b2322093b5c13,True,1.0,1.0,1.0,1.0,1.0,1.0,1.0,1
8081,a9af1e73c9575428,True,1.0,0.0,0.0,1.0,1.0,1.0,0.0,1
8082,a9bdcf08c1ce5f5a,True,1.0,1.0,0.8058604455508956,1.0,1.0,0.5,0.9191085189795398,1
8083,a9c1456b9deb5184,True,1.0,1.0,0.8533079875833115,1.0,1.0,1.0,0.9388783281597132,1
8084,a9c15f8aabb65b09,True,1.0,1.0,0.9170092597101519,1.0,1.0,1.0,0.9654205248792299,1
8085,a9c27d1fdee5599e,True,1.0,1.0,1.0,1.0,1.0,1.0,1.0,1
8086,a9c368a110585b1a,True,0.0,1.0,0.0,0.0,1.0,0.5,0.0,1
8087,a9c6cd5519815308,True,1.0,1.0,1.0,1.0,1.0,1.0,1.0,1
8088,a9c9765a005351b9,True,1.0,1.0,1.0,1.0,1.0,1.0,1.0,1
8089,a9e622747fc45a0a,True,1.0,1.0,0.9081298703406734,1.0,1.0,1.0,0.9617207793086139,1
8090,a9e8e0a755d758a1,True,1.0,1.0,0.9321817538566989,1.0,1.0,1.0,0.9717423974402912,1
8091,a9f07bb60bd75461,True,1.0,1.0,0.9010982179346909,1.0,1.0,1.0,0.9587909241394547,1
8092,a9f639a57ac75fa5,True,1.0,1.0,0.8013642599174429,1.0,1.0,1.0,0.9172351082989345,1
8093,a9fb1181686753ec,True,1.0,1.0,0.8930940306377105,1.0,1.0,1.0,0.955455846099046,1
8094,a9fc9ff67fef5b5c,True,1.0,1.0,1.0,1.0,1.0,1.0,1.0,1
8095,a9ffe9bb174851e6,True,1.0,1.0,0.8797151811516679,0.0,1.0,1.0,0.533214658813195,1
8096,aa072830a2d15d9f,True,1.0,1.0,0.9918432323602536,1.0,1.0,1.0,0.9966013468167724,1
8097,aa09b515e34356f4,True,1.0,1.0,0.9036211857898228,1.0,1.0,1.0,0.9598421607457595,1
8098,aa10437e9b425118,True,1.0,1.0,1.0,1.0,1.0,1.0,1.0,1
8099,aa1b434771cb52d0,True,1.0,1.0,1.0,1.0,1.0,1.0,1.0,1
8100,aa1f80806fa35b9f,True,1.0,1.0,1.0,1.0,1.0,1.0,1.0,1
8101,aa22b810e3395182,True,1.0,1.0,0.8168827987008259,1.0,1.0,1.0,0.923701166125344,1
8102,aa2918eb684351bd,True,1.0,1.0,1.0,1.0,1.0,1.0,1.0,1
8103,aa2962e446b45e1f,True,1.0,1.0,0.8487056810693571,1.0,1.0,1.0,0.9369607004455655,1
8104,aa2b8af510775368,True,1.0,1.0,0.8876700143627355,1.0,1.0,1.0,0.9531958393178064,1
8105,aa2c4edb15d45c84,True,1.0,1.0,1.0,1.0,1.0,1.0,1.0,1
8106,aa34b08bfad85fac,True,1.0,1.0,0.9033199536894552,1.0,1.0,1.0,0.9597166473706062,1
8107,aa41c7c6037e5950,True,1.0,1.0,0.6460750709102625,1.0,1.0,1.0,0.8525312795459428,1
8108,aa4272ed1b785b94,True,1.0,1.0,0.9799061456965651,1.0,1.0,1.0,0.9916275607069022,1
8109,aa4430320c3151e3,True,1.0,1.0,1.0,1.0,1.0,1.0,1.0,1
8110,aa4897ec11395ec8,True,1.0,1.0,0.7105052721739749,1.0,1.0,1.0,0.8793771967391563,1
8111,aa4ec42ec7425de0,True,1.0,1.0,0.7835202873295947,1.0,1.0,1.0,0.9098001197206645,1
8112,aa58dfcb46765181,True,1.0,1.0,1.0,1.0,1.0,1.0,1.0,1
8113,aa5b0658c4e6529d,True,1.0,1.0,0.9839782037412135,1.0,1.0,1.0,0.993324251558839,1
8114,aa5f2769e03f5a8b,True,1.0,1.0,1.0,1.0,1.0,1.0,1.0,1
8115,aa74d194063c5d0b,True,1.0,1.0,0.8593495415806636,1.0,1.0,1.0,0.9413956423252765,1
8116,aa7cf4712b635bb0,True,1.0,1.0,1.0,1.0,1.0,1.0,1.0,1
8117,aa7d4f9537495b1f,True,1.0,1.0,0.9220340790711564,1.0,1.0,1.0,0.9675141996129818,1
8118,aa84169dd1f3538d,True,1.0,1.0,1.0,1.0,1.0,1.0,1.0,1
8119,aa843e4d6d3b5fc3,True,1.0,1.0,1.0,0.0,1.0,1.0,0.5833333333333334,1
8120,aaa11cdbc8d35178,True,1.0,1.0,0.926522040641772,1.0,1.0,1.0,0.9693841836007383,1
8121,aab09057df0a515d,True,1.0,1.0,0.9693838057547336,1.0,1.0,1.0,0.9872432523978056,1
8122,aab1c6b4ac3d57a4,True,1.0,1.0,1.0,1.0,1.0,1.0,1.0,1
8123,aab44cff9f3552b1,True,1.0,1.0,1.0,1.0,1.0,1.0,1.0,1
8124,aab517c2e5e75245,True,1.0,1.0,0.9358801192207418,1.0,1.0,1.0,0.9732833830086424,1
8125,aabb4c5a82d65945,True,1.0,1.0,1.0,1.0,1.0,1.0,1.0,1
8126,aac7679545c75aed,True,1.0,1.0,1.0,1.0,1.0,1.0,1.0,1
8127,aacc2ed7ba2859c5,True,1.0,1.0,0.7488573301920439,1.0,1.0,1.0,0.8953572209133517,1
8128,aace7a7aeaf75f2c,True,1.0,1.0,1.0,1.0,1.0,1.0,1.0,1
8129,aad72be88eab564c,True,1.0,1.0,0.7340150238288506,1.0,1.0,1.0,0.8891729265953545,1
8130,aadb2479ded750e4,True,1.0,1.0,0.8658537549625894,1.0,1.0,1.0,0.9441057312344122,1
8131,aaf1c9da44cb567b,True,1.0,1.0,0.825773339302734,1.0,1.0,1.0,0.9274055580428059,1
8132,aaf9003e92855b6c,True,1.0,1.0,0.8623628778420198,1.0,1.0,1.0,0.9426511991008416,1
8133,aaf90b3acdce5063,True,1.0,1.0,0.974942306964989,0.0,1.0,1.0,0.5728926279020787,1
8134,aaf949be7f2150df,True,1.0,1.0,0.896237070969607,1.0,1.0,1.0,0.9567654462373363,1
8135,aafbe79abf625492,True,1.0,1.0,0.9955654431513917,1.0,1.0,1.0,0.9981522679797465,1
8136,ab01e3ce19875471,True,1.0,1.0,1.0,1.0,1.0,1.0,1.0,1
8137,ab052def6aec532e,True,1.0,1.0,0.7017307476770017,1.0,1.0,1.0,0.8757211448654174,1
8138,ab0c43fd9f2c5481,True,1.0,1.0,1.0,1.0,1.0,1.0,1.0,1
8139,ab120237801f549a,True,1.0,1.0,0.8463084722891391,1.0,1.0,1.0,0.9359618634538079,1
8140,ab19982dd5cd57ac,True,1.0,1.0,1.0,0.0,1.0,1.0,0.5833333333333334,1
8141,ab1adeaf66035b88,True,1.0,1.0,0.8952716069643207,1.0,1.0,1.0,0.956363169568467,1
8142,ab1fd108d5885b58,True,1.0,1.0,1.0,1.0,1.0,0.0,1.0,1
8143,ab226645ee6f54aa,True,1.0,1.0,0.9475041251322139,1.0,1.0,0.0,0.9781267188050892,1
8144,ab2ac765df3154b7,True,1.0,1.0,1.0,1.0,1.0,1.0,1.0,1
8145,ab2b84d310be5bed,True,1.0,1.0,0.8969764023229436,1.0,1.0,1.0,0.9570735009678932,1
8146,ab2d918fa2e2543d,True,1.0,1.0,1.0,1.0,1.0,1.0,1.0,1
8147,ab313e9e217c581b,True,1.0,1.0,0.8826778347214433,1.0,1.0,1.0,0.9511157644672682,1
8148,ab40048b88b257c3,True,1.0,1.0,1.0,0.0,1.0,1.0,0.5833333333333334,1
8149,ab4015c25a66588a,True,1.0,1.0,0.9842080143418366,1.0,1.0,1.0,0.9934200059757652,1
8150,ab4175e25b6c5d76,True,1.0,1.0,0.8111770227249481,1.0,1.0,1.0,0.9213237594687284,1
8151,ab4401719a355a62,True,1.0,1.0,0.8166693334886893,1.0,1.0,1.0,0.9236122222869539,1
8152,ab505f8775065375,True,1.0,1.0,1.0,1.0,1.0,1.0,1.0,1
8153,ab51ae81c26b5f5e,True,1.0,1.0,1.0,1.0,1.0,1.0,1.0,1
8154,ab51ce190cca5673,True,1.0,1.0,0.7867531404640178,1.0,1.0,1.0,0.9111471418600074,1
8155,ab548d52e69b5ed4,True,1.0,1.0,0.8127820873461126,1.0,1.0,1.0,0.9219925363942135,1
8156,ab66df989bcc56aa,True,1.0,1.0,0.942253159297607,1.0,1.0,1.0,0.9759388163740029,1
8157,ab6e020759565f9f,True,1.0,1.0,0.7746596617197938,1.0,1.0,1.0,0.9061081923832474,1
8158,ab74b3b32d8c5006,True,1.0,1.0,0.8385043220623692,1.0,1.0,1.0,0.9327101341926539,1
8159,ab7d0c4a928e5ec9,True,1.0,1.0,0.9648567814434622,1.0,1.0,1.0,0.9853569922681092,1
8160,ab8034dd8873524b,True,1.0,1.0,1.0,1.0,1.0,1.0,1.0,1
8161,ab807bda4fdd5274,True,1.0,1.0,1.0,1.0,1.0,1.0,1.0,1
8162,ab845dd1ff3c522d,True,1.0,1.0,0.9093738918561046,1.0,1.0,1.0,0.9622391216067102,1
8163,ab872f589011527d,True,1.0,1.0,0.8447345767148412,1.0,1.0,1.0,0.9353060736311839,1
8164,ab88e1b94ce953bf,True,1.0,1.0,0.7433481765884169,1.0,1.0,1.0,0.8930617402451736,1
8165,ab8af92e0bda5def,True,1.0,1.0,1.0,1.0,1.0,1.0,1.0,1
8166,ab8d6b4c8b20564b,True,1.0,1.0,1.0,1.0,1.0,1.0,1.0,1
8167,ab8f5b7368a45a6d,True,1.0,1.0,0.814759998162654,1.0,1.0,1.0,0.9228166659011059,1
8168,ab94d64d31ea5435,True,1.0,1.0,1.0,1.0,1.0,1.0,1.0,1
8169,ab9a263dea175465,True,1.0,1.0,0.6817706342828318,1.0,1.0,1.0,0.8674044309511798,1
8170,ab9d0f7542805d20,True,0.0,1.0,0.0,0.0,1.0,1.0,0.0,1
8171,aba1622c877f51bb,True,1.0,1.0,1.0,1.0,1.0,1.0,1.0,1
8172,aba3b771ef0054c6,True,1.0,1.0,0.9176637961859406,1.0,1.0,1.0,0.9656932484108086,1
8173,aba7212ffa3458b6,True,1.0,1.0,0.8257140051512282,1.0,1.0,0.0,0.9273808354796783,1
8174,abb2ccc5501c58f3,True,1.0,1.0,0.6509619707769709,1.0,1.0,1.0,0.8545674878237378,1
8175,abb5501b10e65b19,True,1.0,1.0,1.0,1.0,1.0,1.0,1.0,1
8176,abb9477dd3305951,True,1.0,1.0,0.8505496413022794,1.0,1.0,1.0,0.937729017209283,1
8177,abba9d81ee9054ec,True,1.0,1.0,0.8831369959657305,1.0,1.0,1.0,0.9513070816523878,1
8178,abbfc957d5545f53,True,1.0,0.0,0.0,1.0,1.0,1.0,0.0,1
8179,abcb112aeb3458cf,True,1.0,1.0,0.7512739513023886,1.0,1.0,1.0,0.8963641463759954,1
8180,abcbb3c7020550c5,True,1.0,1.0,0.8870999344231513,1.0,1.0,1.0,0.9529583060096464,1
8181,abd6e8c330ea5694,True,1.0,1.0,0.7594775105573732,1.0,1.0,1.0,0.8997822960655721,1
8182,abda798b87535e07,True,1.0,1.0,0.9388635791521914,1.0,1.0,1.0,0.9745264913134131,1
8183,abdc7a57df4a56cd,True,1.0,1.0,1.0,1.0,1.0,1.0,1.0,1
8184,abdf3c37dc03596c,True,1.0,1.0,0.782652457504053,1.0,1.0,1.0,0.9094385239600221,1
8185,abe1ac610c3d5b82,True,1.0,1.0,0.8079855393669332,1.0,1.0,1.0,0.9199939747362222,1
8186,abe4fa26de85552d,True,1.0,1.0,0.9598432409578899,1.0,1.0,1.0,0.9832680170657874,1
8187,abf38de966305279,True,1.0,1.0,0.9387146653497611,1.0,1.0,1.0,0.9744644438957337,1
8188,abf403b697c457ad,True,1.0,1.0,1.0,1.0,1.0,1.0,1.0,1
8189,ac019d81388056be,True,1.0,1.0,0.7996574798725904,1.0,1.0,1.0,0.9165239499469126,1
8190,ac04f9fd4233550c,True,1.0,1.0,0.9382762988204596,1.0,1.0,1.0,0.9742817911751915,1
8191,ac07a96cae965e88,True,1.0,1.0,1.0,1.0,1.0,1.0,1.0,1
8192,ac0f18be77bd585c,True,1.0,1.0,0.7644267789046555,1.0,1.0,1.0,0.9018444912102731,1
8193,ac0fb7997f4e5106,True,0.0,1.0,0.0,0.0,1.0,1.0,0.0,1
8194,ac140df715d5573b,True,1.0,1.0,0.8584944665602763,1.0,1.0,1.0,0.9410393610667818,1
8195,ac2046c2652451fc,True,1.0,1.0,0.9984120474995807,1.0,1.0,1.0,0.9993383531248252,1
8196,ac24fb00e61a5da2,True,1.0,1.0,0.7617050975303878,1.0,1.0,1.0,0.9007104573043283,1
8197,ac28e0768c6a5821,True,1.0,1.0,1.0,1.0,1.0,1.0,1.0,1
8198,ac2bc045e07151a3,True,1.0,1.0,1.0,1.0,1.0,1.0,1.0,1
8199,ac2da3da332b5a04,True,1.0,1.0,0.8501567751260888,1.0,1.0,1.0,0.9375653229692036,1
8200,ac2e86e04c0a5287,True,1.0,1.0,0.7872412248145607,1.0,1.0,1.0,0.9113505103394003,1
8201,ac2f5c84d6fc5cdf,True,1.0,1.0,0.8753610032327716,1.0,1.0,1.0,0.9480670846803214,1
8202,ac328bbd087d5cf2,True,1.0,1.0,0.7876742136946792,1.0,1.0,1.0,0.911530922372783,1
8203,ac3410e696505284,True,1.0,1.0,0.8871249370427601,1.0,1.0,1.0,0.9529687237678166,1
8204,ac3411f9c2b8530e,True,1.0,1.0,1.0,1.0,1.0,1.0,1.0,1
8205,ac36d9e5cb0752d2,True,1.0,1.0,0.7539340435048486,1.0,1.0,1.0,0.8974725181270203,1
8206,ac40749eddb45a13,True,1.0,1.0,0.820445836964424,1.0,1.0,1.0,0.9251857654018433,1
8207,ac45c0d29f1e5d76,True,1.0,1.0,0.9980931014051976,1.0,1.0,1.0,0.9992054589188323,1
8208,ac47687039a75848,True,1.0,1.0,0.775238731375431,1.0,1.0,1.0,0.9063494714064296,1
8209,ac4c20c8dd0a5e68,True,1.0,1.0,1.0,1.0,1.0,1.0,1.0,1
8210,ac5327106349541c,True,1.0,1.0,1.0,0.0,1.0,1.0,0.5833333333333334,1
8211,ac55c7f072c6528d,True,1.0,1.0,0.7192947331849787,1.0,1.0,1.0,0.8830394721604078,1
8212,ac5bcee811565a00,True,1.0,1.0,0.8954454630723295,1.0,1.0,1.0,0.9564356096134707,1
8213,ac6472ee06855dd3,True,1.0,1.0,1.0,1.0,1.0,1.0,1.0,1
8214,ac6b7fc70fc25a1a,True,1.0,1.0,0.6535334572920639,1.0,1.0,1.0,0.85563894053836,1
8215,ac6d9537bf315302,True,1.0,1.0,0.7553463430641545,1.0,1.0,1.0,0.898060976276731,1
8216,ac6e1ca0ebe75e15,True,1.0,1.0,0.8650940375049959,1.0,1.0,1.0,0.9437891822937483,1
8217,ac7167da1d1a5342,True,1.0,1.0,1.0,1.0,1.0,1.0,1.0,1
8218,ac73220f793d522e,True,1.0,1.0,0.9297329289108525,1.0,1.0,1.0,0.9707220537128552,1
8219,ac7bd595b9a3544c,True,1.0,1.0,1.0,1.0,1.0,1.0,1.0,1
8220,ac808bd1bfac5425,True,1.0,1.0,0.9695012587956845,1.0,1.0,1.0,0.9872921911648685,1
8221,ac944958cb6d5209,True,1.0,1.0,1.0,1.0,1.0,1.0,1.0,1
8222,aca9ba55e052575b,True,1.0,1.0,0.8349212712668901,1.0,1.0,1.0,0.9312171963612043,1
8223,acb57a529dae5da1,True,1.0,1.0,0.7989502104090723,1.0,1.0,1.0,0.9162292543371136,1
8224,acc47057bb3d556d,True,1.0,1.0,1.0,1.0,1.0,1.0,1.0,1
8225,acc78986a3805c7e,True,1.0,1.0,1.0,1.0,1.0,1.0,1.0,1
8226,accb5d206fd05911,True,1.0,1.0,0.8557762599963494,1.0,1.0,1.0,0.939906774998479,1
8227,acd0bceedc6852c2,True,1.0,1.0,0.8174981759925836,1.0,1.0,1.0,0.9239575733302431,1
8228,acd37cf126fa5a59,True,1.0,1.0,1.0,1.0,1.0,1.0,1.0,1
8229,ace74ef421f8514f,True,1.0,1.0,0.7804339931288136,1.0,1.0,0.5,0.9085141638036722,1
8230,acfe9f2fe77c5b79,True,1.0,1.0,0.6262718525073707,1.0,1.0,1.0,0.8442799385447378,1
8231,ad0701a39edd5c5a,True,1.0,1.0,0.9818899414096431,1.0,1.0,1.0,0.992454142254018,1
8232,ad0beea498f15978,True,1.0,1.0,0.845266719711053,1.0,1.0,1.0,0.9355277998796053,1
8233,ad0c441309de5d2e,True,1.0,1.0,0.8674001287215521,1.0,1.0,1.0,0.94475005363398,1
8234,ad243dacb0315588,True,1.0,1.0,0.7432270652616778,1.0,1.0,1.0,0.8930112771923658,1
8235,ad2bbc4542205912,True,1.0,1.0,0.7323817474140285,1.0,1.0,1.0,0.8884923947558452,1
8236,ad2ceb40a046543c,True,1.0,1.0,1.0,1.0,1.0,1.0,1.0,1
8237,ad34e2d0d3865530,True,1.0,1.0,0.7865335929934687,1.0,1.0,1.0,0.9110556637472786,1
8238,ad3d0b30c78355d4,True,1.0,1.0,0.8616346853326811,1.0,1.0,1.0,0.9423477855552838,1
8239,ad4698e8271356b3,True,1.0,1.0,0.9027365032219845,1.0,1.0,1.0,0.9594735430091602,1
8240,ad47566ea29a57bf,True,1.0,1.0,0.6521993874895168,1.0,1.0,1.0,0.8550830781206319,1
8241,ad517de61e355d8d,True,1.0,1.0,0.8051948854331287,1.0,1.0,1.0,0.9188312022638035,1
8242,ad5284a6be715f10,True,1.0,1.0,0.9435845701192256,1.0,1.0,1.0,0.9764935708830107,1
8243,ad54eadf72625631,True,1.0,1.0,0.9555700024683975,1.0,1.0,1.0,0.981487501028499,1
8244,ad568870afa55435,True,1.0,1.0,0.9179652775195144,1.0,1.0,1.0,0.965818865633131,1
8245,ad601a0f5b8350dd,True,1.0,1.0,0.9374550773103355,1.0,1.0,1.0,0.9739396155459731,1
8246,ad6af1cce80c5983,True,1.0,1.0,1.0,1.0,1.0,1.0,1.0,1
8247,ad702ac65d8754bb,True,1.0,1.0,1.0,1.0,1.0,1.0,1.0,1
8248,ad781cbf672a5485,True,1.0,1.0,0.7937496857615601,1.0,1.0,1.0,0.9140623690673166,1
8249,ad7d51bd1b7055ca,True,1.0,1.0,0.9219401297624671,1.0,1.0,1.0,0.9674750540676946,1
8250,ad84af7b33615884,True,1.0,1.0,1.0,1.0,1.0,0.0,1.0,1
8251,ad8912b904665e0f,True,1.0,1.0,0.8856896716016205,1.0,1.0,1.0,0.9523706965006752,1
8252,ad898232cb525d5f,True,1.0,1.0,0.8009071355922179,1.0,1.0,1.0,0.9170446398300909,1
8253,ad8ac16631a15da5,True,1.0,1.0,0.8647852297987315,1.0,1.0,1.0,0.943660512416138,1
8254,ad8e3279524854c3,True,1.0,1.0,0.8564608627976523,1.0,1.0,1.0,0.9401920261656885,1
8255,ad8f9de7692d5f59,True,1.0,1.0,0.9511270758296232,1.0,1.0,1.0,0.9796362815956764,1
8256,ad8fec600a4c5ed7,True,1.0,1.0,0.8518935487135352,1.0,1.0,0.0,0.9382889786306396,1
8257,ad970e7cae1a5ead,True,1.0,1.0,1.0,1.0,1.0,1.0,1.0,1
8258,ada00fe35a595d6b,True,1.0,0.0,0.0,1.0,1.0,1.0,0.0,1
8259,ada396669cec56ef,True,1.0,1.0,0.6611174322900321,1.0,1.0,1.0,0.8587989301208467,1
8260,ada62613f2ce5a33,True,1.0,1.0,1.0,1.0,1.0,1.0,1.0,1
8261,ada676e1203d5ad7,True,1.0,1.0,0.6789516560580873,1.0,1.0,1.0,0.8662298566908696,1
8262,adb5cfe871c55445,True,1.0,1.0,1.0,1.0,1.0,1.0,1.0,1
8263,adc1a3a3dd1c501e,True,1.0,1.0,1.0,1.0,1.0,1.0,1.0,1
8264,adccb045b1495f50,True,1.0,1.0,0.7612995175615418,1.0,1.0,1.0,0.9005414656506424,1
8265,adccdafdfc3d5e0c,True,1.0,1.0,0.8500408396452617,1.0,1.0,1.0,0.937517016518859,1
8266,ade00f93385b5d14,True,1.0,1.0,1.0,1.0,1.0,1.0,1.0,1
8267,ade646d3c19b5bb0,True,1.0,1.0,1.0,1.0,1.0,0.5,1.0,1
8268,ade66429cb58544c,True,1.0,1.0,0.9354277341952602,1.0,1.0,1.0,0.9730948892480251,1
8269,ade979d99d51517f,True,1.0,1.0,1.0,1.0,1.0,1.0,1.0,1
8270,adfc4abb1c4d50b3,True,1.0,1.0,1.0,1.0,1.0,1.0,1.0,1
8271,adfdcd3c5a9a5fb9,True,1.0,1.0,1.0,1.0,1.0,1.0,1.0,1
8272,ae01be6a753e5f98,True,1.0,1.0,0.8494909724664927,1.0,1.0,1.0,0.937287905194372,1
8273,ae02e969e8595cca,True,1.0,1.0,1.0,1.0,1.0,1.0,1.0,1
8274,ae05160436d45a62,True,1.0,1.0,0.7034931420422189,1.0,1.0,1.0,0.8764554758509245,1
8275,ae06592110305073,True,1.0,1.0,0.9312034956658383,1.0,1.0,1.0,0.9713347898607659,1
8276,ae07a1ea49135359,True,1.0,1.0,0.9938652137895532,1.0,1.0,1.0,0.9974438390789805,1
8277,ae07b0ef14e25e47,True,1.0,1.0,1.0,1.0,1.0,1.0,1.0,1
8278,ae09c3f715ed58c7,True,1.0,1.0,1.0,1.0,1.0,1.0,1.0,1
8279,ae124de305ca5cb1,True,1.0,1.0,0.7194291942755592,1.0,1.0,1.0,0.8830954976148163,1
8280,ae145d614988581c,True,1.0,1.0,0.7653701734764344,1.0,1.0,1.0,0.9022375722818476,1
8281,ae15b0488a6c5bd8,True,1.0,1.0,1.0,1.0,1.0,1.0,1.0,1
8282,ae1ac5ca165a5b5c,True,1.0,1.0,0.8065726400739084,1.0,1.0,1.0,0.9194052666974618,1
8283,ae28b46a42d051a4,True,1.0,1.0,1.0,1.0,1.0,1.0,1.0,1
8284,ae2c1faedb3356f9,True,1.0,1.0,0.905570821009563,1.0,1.0,1.0,0.9606545087539846,1
8285,ae312bf769445e43,True,1.0,1.0,1.0,1.0,1.0,1.0,1.0,1
8286,ae33eb2afd655f7d,True,1.0,1.0,0.7291113667366863,1.0,1.0,1.0,0.887129736140286,1
8287,ae33fa122ac45a10,True,1.0,1.0,0.6938202094225637,1.0,1.0,1.0,0.8724250872594016,1
8288,ae3496e6ce435e73,True,1.0,1.0,1.0,1.0,1.0,1.0,1.0,1
8289,ae46065dc9ce55b1,True,1.0,1.0,1.0,1.0,1.0,1.0,1.0,1
8290,ae472d675a965aca,True,1.0,1.0,0.733160159582317,1.0,1.0,1.0,0.8888167331592988,1
8291,ae50b115259f5a24,True,1.0,1.0,0.9731510939708665,1.0,1.0,1.0,0.9888129558211943,1
8292,ae5377e5ebf65f45,True,1.0,1.0,0.7633364596868762,1.0,1.0,1.0,0.9013901915361985,1
8293,ae643fddc1195062,True,1.0,1.0,1.0,1.0,1.0,1.0,1.0,1
8294,ae6787095e5e545a,True,1.0,1.0,1.0,0.0,1.0,1.0,0.5833333333333334,1
8295,ae68b10cd5085e7c,True,1.0,1.0,0.9731445625158792,1.0,1.0,1.0,0.9888102343816163,1
8296,ae6eb93043f25a20,True,1.0,1.0,0.8847119695422857,1.0,1.0,1.0,0.9519633206426189,1
8297,ae73a52a1a5d54ac,True,1.0,1.0,1.0,1.0,1.0,1.0,1.0,1
8298,ae7fdaafe2c250e6,True,1.0,1.0,1.0,1.0,1.0,1.0,1.0,1
8299,ae821f2ac8d55180,True,0.0,1.0,0.0,0.0,1.0,1.0,0.0,1
8300,ae878998fecb50a5,True,1.0,1.0,0.9305446928082992,1.0,1.0,1.0,0.9710602886701247,1
8301,ae90dd8267ce57a0,True,1.0,1.0,0.6858433995973334,1.0,1.0,1.0,0.869101416498889,1
8302,ae97dc76df0952f2,True,1.0,1.0,0.9506379112415722,1.0,1.0,1.0,0.9794324630173218,1
8303,aea14d7408d255bb,True,1.0,1.0,0.8054854480793573,1.0,1.0,1.0,0.9189522700330656,1
8304,aea962fd9c025957,True,1.0,1.0,0.9741134924695567,1.0,1.0,1.0,0.9892139551956486,1
8305,aec02ec2aec85c06,True,1.0,1.0,0.873896880546303,1.0,1.0,1.0,0.9474570335609597,1
8306,aecf8e9ea11c5a06,True,1.0,1.0,1.0,1.0,1.0,1.0,1.0,1
8307,aed7c50719f959a1,True,1.0,1.0,1.0,1.0,1.0,1.0,1.0,1
8308,aed9613a27115d52,True,1.0,1.0,1.0,1.0,1.0,1.0,1.0,1
8309,aee1ca352fdd55f1,True,1.0,1.0,0.9056770937438915,1.0,1.0,1.0,0.9606987890599546,1
8310,aee53565120f533b,True,1.0,1.0,0.7509980748327209,1.0,1.0,1.0,0.896249197846967,1
8311,aee5c527d8e85667,True,1.0,1.0,0.7511021120671018,1.0,1.0,1.0,0.8962925466946258,1
8312,aee61beda170540c,True,1.0,1.0,0.790712889412219,1.0,1.0,1.0,0.9127970372550912,1
8313,aeea0bc96b5255e9,True,1.0,1.0,0.5636777267145275,1.0,1.0,1.0,0.8181990527977199,1
8314,aeeba19e19c35ccb,True,1.0,1.0,0.8085934062818985,1.0,1.0,1.0,0.9202472526174578,1
8315,aef33fdade585ab3,True,1.0,1.0,0.7680241306052052,1.0,1.0,1.0,0.9033433877521689,1
8316,aef8ab04144650cd,True,1.0,1.0,0.7545382545280409,1.0,1.0,1.0,0.8977242727200171,1
8317,aefbf6f8b9fe5824,True,1.0,1.0,1.0,1.0,1.0,1.0,1.0,1
8318,aefd4ac2f4005309,True,1.0,1.0,0.9076175277141623,1.0,1.0,1.0,0.9615073032142343,1
8319,af052c91de0f5295,True,1.0,1.0,1.0,1.0,1.0,1.0,1.0,1
8320,af064082155f5dc0,True,1.0,1.0,1.0,1.0,1.0,1.0,1.0,1
8321,af07e6e213f2582e,True,1.0,1.0,1.0,1.0,1.0,1.0,1.0,1
8322,af0e1a3043ba51c6,True,1.0,1.0,1.0,1.0,1.0,1.0,1.0,1
8323,af0e2b61cba953de,True,1.0,1.0,0.5543632127529232,1.0,1.0,1.0,0.814318005313718,1
8324,af194a8f1af65eb7,True,1.0,1.0,0.9121916190552352,1.0,1.0,1.0,0.963413174606348,1
8325,af2b5213e6895680,True,1.0,1.0,1.0,1.0,1.0,1.0,1.0,1
8326,af2f022a0d685312,True,1.0,1.0,0.8152395441947382,1.0,1.0,1.0,0.9230164767478076,1
8327,af335d636f4c516e,True,1.0,1.0,0.8519510358249935,1.0,1.0,1.0,0.9383129315937473,1
8328,af34277ea53e5f77,True,1.0,1.0,1.0,0.0,1.0,1.0,0.5833333333333334,1
8329,af3ca613840a5058,True,1.0,1.0,1.0,1.0,1.0,0.0,1.0,1
8330,af4a7d40819b5870,True,1.0,1.0,1.0,1.0,1.0,1.0,1.0,1
8331,af58d13139de5d3f,True,1.0,1.0,0.7452291364367112,1.0,1.0,1.0,0.8938454735152964,1
8332,af5ebe3ccf8f50ed,True,1.0,1.0,0.5102537646891627,1.0,1.0,1.0,0.7959390686204845,1
8333,af5f095a4d815525,True,1.0,1.0,1.0,1.0,1.0,1.0,1.0,1
8334,af67221644ad5bd3,True,1.0,1.0,0.7590098900316196,1.0,1.0,1.0,0.8995874541798415,1
8335,af682242313853cb,True,1.0,1.0,0.905280903971238,1.0,1.0,1.0,0.9605337099880158,1
8336,af6aff5482395ecf,True,1.0,1.0,1.0,1.0,1.0,1.0,1.0,1
8337,af6ce3c064fa5a56,True,1.0,1.0,1.0,1.0,1.0,1.0,1.0,1
8338,af7ef7050e425cb9,True,1.0,1.0,0.7864835809646169,1.0,1.0,1.0,0.9110348254019237,1
8339,af8dc1b01446555a,True,1.0,1.0,1.0,1.0,1.0,1.0,1.0,1
8340,af94f29d37e55b02,True,1.0,1.0,0.9006458647031517,1.0,1.0,1.0,0.9586024436263131,1
8341,af98af49fda35a8c,True,1.0,1.0,0.7511766482863964,1.0,1.0,1.0,0.896323603452665,1
8342,afa0bb26045b5981,True,1.0,1.0,0.6258083331953603,1.0,1.0,1.0,0.8440868054980668,1
8343,afa37504b1da59bf,True,1.0,1.0,1.0,1.0,1.0,1.0,1.0,1
8344,afa712d7affc5fbf,True,1.0,1.0,0.6048595887726355,1.0,1.0,1.0,0.835358161988598,1
8345,afa8102c20685ec5,True,1.0,1.0,0.6443224885740563,1.0,1.0,1.0,0.8518010369058567,1
8346,afb6f330e8665731,True,1.0,1.0,0.7238932971569679,1.0,1.0,1.0,0.8849555404820699,1
8347,afbbcee34f1850fd,True,1.0,1.0,0.5948508414485386,1.0,1.0,1.0,0.8311878506035577,1
8348,afbde7335ad05055,True,1.0,1.0,1.0,1.0,1.0,1.0,1.0,1
8349,afbf26b6d3bb5bee,True,1.0,1.0,0.9085051169073316,1.0,1.0,1.0,0.9618771320447216,1
8350,afbf82af256b5711,True,1.0,1.0,0.7008863796387087,1.0,1.0,1.0,0.875369324849462,1
8351,afc395b46c2c5d7b,True,1.0,1.0,0.8282076501336816,1.0,1.0,1.0,0.9284198542223674,1
8352,afcd7846a4f35622,True,1.0,1.0,1.0,1.0,1.0,1.0,1.0,1
8353,afd632f043e35a49,True,1.0,1.0,0.9321721192847429,0.0,1.0,1.0,0.5550717163686428,1
8354,afd8795214205519,True,1.0,1.0,1.0,1.0,1.0,1.0,1.0,1
8355,afd9edcb6d94521f,True,1.0,1.0,0.8792725807876013,1.0,1.0,1.0,0.9496969086615005,1
8356,afe18a576559502d,True,1.0,1.0,0.8976554882802316,1.0,1.0,1.0,0.9573564534500965,1
8357,afe2240435575a92,True,1.0,1.0,1.0,1.0,1.0,1.0,1.0,1
8358,afe269451bc757e1,True,1.0,1.0,1.0,1.0,1.0,1.0,1.0,1
8359,afe3f2650ff85a95,True,1.0,1.0,0.9729808241308824,1.0,1.0,1.0,0.9887420100545343,1
8360,afe83cb6c0ae5f67,True,1.0,0.0,0.0,1.0,1.0,1.0,0.0,1
8361,aff2f948de815a32,True,1.0,1.0,0.8737581381630312,1.0,1.0,1.0,0.9473992242345964,1
8362,aff4d44c562f5eef,True,1.0,1.0,1.0,1.0,1.0,1.0,1.0,1
8363,aff9661937e85b81,True,1.0,1.0,1.0,1.0,1.0,1.0,1.0,1
8364,b0070f55eda95848,True,1.0,1.0,1.0,0.0,1.0,1.0,0.5833333333333334,1
8365,b00afb2388cd5007,True,1.0,1.0,1.0,1.0,1.0,1.0,1.0,1
8366,b022550645ac5dbf,True,1.0,1.0,0.8570014632535102,1.0,1.0,1.0,0.9404172763556292,1
8367,b022d508550251bf,True,1.0,1.0,1.0,1.0,1.0,1.0,1.0,1
8368,b023b7bcbab05bcb,True,1.0,1.0,0.8648309537690677,1.0,1.0,1.0,0.943679564070445,1
8369,b02be1e28abb59f1,True,1.0,1.0,1.0,1.0,1.0,1.0,1.0,1
8370,b02bf210eda55579,True,1.0,1.0,1.0,1.0,1.0,1.0,1.0,1
8371,b031a0b55ab951f8,True,1.0,1.0,0.855238031933457,1.0,1.0,1.0,0.9396825133056071,1
8372,b031e4b0aea8528b,True,1.0,1.0,0.7223193313575454,1.0,1.0,1.0,0.8842997213989773,1
8373,b0325428be095810,True,1.0,1.0,1.0,1.0,1.0,1.0,1.0,1
8374,b036f9ef53cd5536,True,1.0,1.0,1.0,1.0,1.0,1.0,1.0,1
8375,b04064e074f55bb0,True,1.0,1.0,0.6848679473366842,1.0,1.0,1.0,0.8686949780569518,1
8376,b043b68462d7540c,True,1.0,1.0,1.0,1.0,1.0,1.0,1.0,1
8377,b04b5637f4e05625,True,1.0,1.0,0.9482172726332853,1.0,1.0,1.0,0.9784238635972021,1
8378,b04bbf1d4ecf5f56,True,1.0,1.0,0.9264193927888086,1.0,1.0,1.0,0.9693414136620037,1
8379,b04c892043a352d3,True,1.0,1.0,1.0,1.0,1.0,1.0,1.0,1
8380,b0546b8af0f95c05,True,1.0,1.0,0.990549342393221,1.0,1.0,1.0,0.9960622259971754,1
8381,b0598da891205aa3,True,1.0,1.0,0.2323561313881783,0.0,1.0,1.0,0.2634817214117409,1
8382,b069ef19c0ba5887,True,1.0,1.0,0.8407576664426579,1.0,1.0,1.0,0.9336490276844408,1
8383,b07ccbd562295ef9,True,1.0,1.0,1.0,1.0,1.0,1.0,1.0,1
8384,b07f7a319de35f9a,True,1.0,1.0,0.9472839507774554,1.0,1.0,1.0,0.9780349794906064,1
8385,b08965aff8165bec,True,1.0,1.0,0.8836482560142536,1.0,1.0,1.0,0.9515201066726057,1
8386,b0902109adea5e0f,True,1.0,1.0,0.7672668121001458,1.0,1.0,1.0,0.9030278383750607,1
8387,b090f02ef43f5d41,True,1.0,1.0,0.9537753412968075,1.0,1.0,1.0,0.9807397255403365,1
8388,b094018eef175a6b,True,1.0,1.0,0.7236287823146375,1.0,1.0,1.0,0.8848453259644323,1
8389,b09d0393d8095685,True,1.0,1.0,1.0,1.0,1.0,1.0,1.0,1
8390,b0a3bbfe213a507b,True,1.0,1.0,0.8978886426641451,1.0,1.0,1.0,0.9574536011100605,1
8391,b0a6370d836a59ed,True,1.0,1.0,1.0,0.0,1.0,1.0,0.5833333333333334,1
8392,b0a73894d5a75e59,True,1.0,1.0,0.9275694841982586,1.0,1.0,1.0,0.969820618415941,1
8393,b0a7f01e57205fb4,True,1.0,1.0,1.0,1.0,1.0,1.0,1.0,1
8394,b0aa550f818f52a0,True,1.0,1.0,0.9699181885950614,1.0,1.0,1.0,0.987465911914609,1
8395,b0b25b314843551d,True,1.0,1.0,1.0,1.0,1.0,1.0,1.0,1
8396,b0b461ce7bd959ec,True,1.0,1.0,0.830223485213003,0.0,1.0,0.0,0.5125931188387512,1
8397,b0b850e74a1e5bc7,True,1.0,1.0,1.0,1.0,1.0,1.0,1.0,1
8398,b0b98b1a4d1552c7,True,1.0,1.0,0.9048277319317981,1.0,1.0,1.0,0.9603448883049159,1
8399,b0bd81048c07524f,True,1.0,1.0,0.8392211273693566,1.0,1.0,0.5,0.9330088030705652,1
8400,b0c4bad4c4fa5060,True,1.0,1.0,1.0,1.0,1.0,1.0,1.0,1
8401,b0cc2b2b400d5661,True,1.0,1.0,0.6501281879931093,1.0,1.0,1.0,0.8542200783304622,1
8402,b0d77b56b10d5861,True,1.0,1.0,1.0,0.0,1.0,1.0,0.5833333333333334,1
8403,b0e6764ee8a35223,True,1.0,1.0,0.8519836422460523,1.0,1.0,1.0,0.9383265176025217,1
8404,b0ec3fbe5d07514d,True,1.0,1.0,0.8105807654861319,1.0,1.0,1.0,0.921075318952555,1
8405,b0fe3222f2905745,True,1.0,1.0,1.0,1.0,1.0,1.0,1.0,1
8406,b111bb8716b756d2,True,1.0,1.0,0.9010314872433928,1.0,1.0,1.0,0.9587631196847469,1
8407,b113e988ede45a4f,True,1.0,1.0,0.8178009848396787,1.0,1.0,1.0,0.9240837436831995,1
8408,b11992c2f91d5188,True,1.0,1.0,0.9127680922842608,1.0,1.0,1.0,0.9636533717851087,1
8409,b11b571fd6a35e9e,True,1.0,1.0,0.9172031920514487,1.0,1.0,1.0,0.965501330021437,1
8410,b11d39291cd55ed7,True,1.0,1.0,1.0,0.0,1.0,1.0,0.5833333333333334,1
8411,b11eb5c328075b94,True,1.0,1.0,0.7807127592446621,1.0,1.0,1.0,0.9086303163519425,1
8412,b12f2581dde259f4,True,1.0,1.0,0.5779677369694287,1.0,1.0,1.0,0.824153223737262,1
8413,b12faa3892185d8f,True,1.0,1.0,0.6965661383896452,1.0,1.0,1.0,0.8735692243290188,1
8414,b133316a0e795993,True,1.0,1.0,0.7853575880133173,1.0,1.0,1.0,0.9105656616722156,1
8415,b13f0b445e605951,True,1.0,1.0,1.0,1.0,1.0,1.0,1.0,1
8416,b1457b7279f75735,True,1.0,1.0,0.8860938132764076,1.0,1.0,1.0,0.9525390888651698,1
8417,b1464f6c01dc545f,True,1.0,1.0,0.9294696987973782,1.0,1.0,1.0,0.9706123744989075,1
8418,b14ac3255b3b520b,True,1.0,1.0,1.0,1.0,1.0,1.0,1.0,1
8419,b14d21a164615e3e,True,1.0,1.0,1.0,1.0,1.0,1.0,1.0,1
8420,b1520b6af9705191,True,1.0,1.0,0.9892506910691198,1.0,1.0,1.0,0.9955211212787999,1
8421,b154733410575500,True,1.0,1.0,0.9382677201291844,1.0,1.0,1.0,0.9742782167204934,1
8422,b15572e37ce95d98,True,1.0,1.0,1.0,1.0,1.0,1.0,1.0,1
8423,b156e8110afb5efd,True,1.0,1.0,0.8828471154833604,1.0,1.0,1.0,0.9511862981180669,1
8424,b15b2d36b1ea51cc,True,1.0,1.0,0.827889886574645,1.0,1.0,1.0,0.9282874527394354,1
8425,b1649a41e6155dd2,True,1.0,1.0,1.0,1.0,1.0,1.0,1.0,1
8426,b172a207771456f1,True,1.0,1.0,1.0,1.0,1.0,1.0,1.0,1
8427,b17966d55b335270,True,1.0,1.0,0.8673133434282523,1.0,1.0,1.0,0.9447138930951051,1
8428,b17da95d765b51c4,True,1.0,1.0,1.0,1.0,1.0,1.0,1.0,1
8429,b17e8b3c64295431,True,1.0,1.0,0.9533852209037864,1.0,1.0,1.0,0.9805771753765776,1
8430,b1861baea30d54ef,True,1.0,1.0,0.8941401467104049,1.0,1.0,1.0,0.9558917277960021,1
8431,b1899626476e5293,True,1.0,1.0,0.8759416209309366,1.0,1.0,1.0,0.9483090087212235,1
8432,b18f4a30eea65702,True,1.0,1.0,1.0,1.0,1.0,1.0,1.0,1
8433,b1906c6b8b8f5f56,True,1.0,1.0,1.0,1.0,1.0,1.0,1.0,1
8434,b191eb9b8de25005,True,1.0,1.0,1.0,1.0,1.0,1.0,1.0,1
8435,b197862351735b60,True,1.0,1.0,0.8778196941765058,1.0,1.0,1.0,0.9490915392402108,1
8436,b19f226d281e588a,True,1.0,1.0,0.7802763592902502,1.0,1.0,1.0,0.9084484830376042,1
8437,b1a1b2a18fa4504f,True,1.0,1.0,1.0,1.0,1.0,1.0,1.0,1
8438,b1a5c303ca3f5607,True,1.0,1.0,0.9243100161361513,1.0,1.0,1.0,0.9684625067233963,1
8439,b1ae78ae6e005119,True,1.0,1.0,1.0,0.0,1.0,1.0,0.5833333333333334,1
8440,b1b1e99705dc5afc,True,1.0,1.0,0.9358512256403251,1.0,1.0,1.0,0.9732713440168022,1
8441,b1b21ee9179a5fd8,True,1.0,1.0,0.8624489556250924,1.0,1.0,1.0,0.9426870648437884,1
8442,b1b2eb47b045566c,True,1.0,1.0,1.0,1.0,1.0,1.0,1.0,1
8443,b1bb3b767e405b79,True,1.0,1.0,0.9566148706738804,1.0,1.0,1.0,0.9819228627807836,1
8444,b1bcfdce40d5572e,True,1.0,1.0,0.9587729668402287,1.0,1.0,0.0,0.9828220695167621,1
8445,b1c08eae66d35f5d,True,1.0,1.0,0.9938069989080681,1.0,1.0,1.0,0.9974195828783617,1
8446,b1c09de2415c5b14,True,1.0,1.0,0.9866207774246932,1.0,1.0,1.0,0.9944253239269555,1
8447,b1c410cdd06b5bb4,True,1.0,1.0,0.8100518759840052,1.0,1.0,1.0,0.9208549483266687,1
8448,b1cb5523e43b594a,True,1.0,1.0,0.738035601228963,1.0,1.0,1.0,0.8908481671787346,1
8449,b1ce459acfb95179,True,1.0,1.0,0.9383369714446422,1.0,1.0,1.0,0.9743070714352676,1
8450,b1dd380dd5425b49,True,0.0,1.0,0.0,0.0,1.0,1.0,0.0,1
8451,b1e09de4af085129,True,1.0,1.0,0.8708798273431648,1.0,1.0,1.0,0.9461999280596519,1
8452,b1e0acd51fbf5895,True,1.0,1.0,0.6619620093294875,1.0,1.0,1.0,0.8591508372206197,1
8453,b1e10e4f03155c70,True,1.0,1.0,0.8821876445726723,1.0,1.0,1.0,0.9509115185719468,1
8454,b1e1c1a12339588a,True,1.0,1.0,1.0,1.0,1.0,1.0,1.0,1
8455,b1e78f926612520e,True,1.0,1.0,1.0,1.0,1.0,1.0,1.0,1
8456,b1f17d9960f35562,True,1.0,1.0,0.7434280782772348,1.0,1.0,1.0,0.8930950326155145,1
8457,b1f641fdea505c99,True,1.0,1.0,0.8854143501697771,1.0,1.0,1.0,0.9522559792374071,1
8458,b204289cd95c59b5,True,1.0,1.0,0.916096041048547,1.0,1.0,1.0,0.9650400171035614,1
8459,b20a2f0ea9135457,True,1.0,1.0,0.8583547972766182,1.0,1.0,1.0,0.9409811655319243,1
8460,b20e8629283e540c,True,1.0,1.0,0.6934354901868872,1.0,1.0,1.0,0.8722647875778696,1
8461,b219a12536715748,True,1.0,1.0,0.9236903506293059,1.0,1.0,1.0,0.9682043127622109,1
8462,b2229456008c518d,True,1.0,1.0,0.7041154741929033,1.0,1.0,1.0,0.8767147809137098,1
8463,b227439005885966,True,1.0,1.0,0.7556305981362789,1.0,1.0,1.0,0.8981794158901163,1
8464,b22ea864484d514f,True,1.0,1.0,1.0,1.0,1.0,1.0,1.0,1
8465,b23be6b0d9765878,True,1.0,1.0,0.8708766817253122,1.0,1.0,1.0,0.9461986173855467,1
8466,b23f49937a48507e,True,1.0,1.0,1.0,1.0,1.0,1.0,1.0,1
8467,b24575ef9d575fb4,True,1.0,1.0,0.7670158323729636,1.0,1.0,1.0,0.9029232634887349,1
8468,b24954d56c155570,True,1.0,1.0,1.0,1.0,1.0,1.0,1.0,1
8469,b26b54b014205d5c,True,1.0,1.0,0.7916374617275105,1.0,1.0,1.0,0.9131822757197959,1
8470,b27212debb885706,True,1.0,1.0,1.0,1.0,1.0,1.0,1.0,1
8471,b27841ee318f5d92,True,1.0,1.0,1.0,1.0,1.0,1.0,1.0,1
8472,b27bb0eced055858,True,1.0,1.0,0.9599627618452762,1.0,1.0,1.0,0.9833178174355317,1
8473,b27bfe84cc545daa,True,1.0,1.0,0.9997432115212027,1.0,1.0,1.0,0.9998930048005011,1
8474,b27e2139fbb959fa,True,1.0,1.0,0.9394227405691891,1.0,1.0,1.0,0.9747594752371621,1
8475,b27e6e6bf91d59be,True,1.0,1.0,0.8985213491259016,1.0,1.0,1.0,0.957717228802459,1
8476,b27f68fe02b059ca,True,1.0,1.0,0.8838166220680295,1.0,1.0,1.0,0.9515902591950122,1
8477,b281c2ccb36359e3,True,1.0,1.0,0.9281720597087785,1.0,1.0,1.0,0.9700716915453244,1
8478,b2872eb05a455f97,True,1.0,1.0,0.8472659251957054,1.0,1.0,1.0,0.9363608021648773,1
8479,b287d1e7b2965ba1,True,1.0,1.0,0.8216105369459539,1.0,1.0,1.0,0.9256710570608142,1
8480,b28ff93f850259ee,True,1.0,1.0,0.92827787753241,1.0,1.0,1.0,0.9701157823051708,1
8481,b29689efa40f54e0,True,1.0,1.0,0.7679321137334262,1.0,1.0,1.0,0.9033050473889276,1
8482,b2abc819ebf45c11,True,1.0,1.0,0.8962899125640719,1.0,1.0,1.0,0.9567874635683632,1
8483,b2b49c0ddec25abc,True,1.0,1.0,1.0,1.0,1.0,1.0,1.0,1
8484,b2b73ef16f0a5a9f,True,1.0,1.0,1.0,1.0,1.0,1.0,1.0,1
8485,b2b801ee99c95758,True,1.0,1.0,0.7360885463226967,1.0,1.0,1.0,0.8900368943011236,1
8486,b2bdd6d761035ca4,True,1.0,1.0,0.7711490075752797,1.0,1.0,1.0,0.9046454198230333,1
8487,b2c0a19be09f5b76,True,1.0,1.0,0.772709226039187,1.0,1.0,1.0,0.9052955108496613,1
8488,b2c6c9741b7b5638,True,1.0,1.0,0.6869270879465119,1.0,1.0,1.0,0.8695529533110467,1
8489,b2cc98272c505ed6,True,1.0,1.0,1.0,1.0,1.0,1.0,1.0,1
8490,b2dd5bf723d55469,True,1.0,1.0,1.0,0.0,1.0,1.0,0.5833333333333334,1
8491,b2def33d6adc50fc,True,1.0,1.0,1.0,1.0,1.0,1.0,1.0,1
8492,b2e0a5dfbb575ce1,True,1.0,1.0,0.8780009169033021,1.0,1.0,1.0,0.9491670487097092,1
8493,b2e27f20100b54ba,True,1.0,1.0,1.0,1.0,1.0,1.0,1.0,1
8494,b2eba34ff4c359cc,True,1.0,1.0,0.96623191133429,1.0,1.0,1.0,0.9859299630559542,1
8495,b2ec50201ac25ada,True,1.0,1.0,1.0,1.0,1.0,1.0,1.0,1
8496,b2f320b5d94753f9,True,1.0,1.0,1.0,1.0,1.0,1.0,1.0,1
8497,b2f336de7d295a8b,True,1.0,1.0,0.9464191045441662,1.0,1.0,1.0,0.9776746268934026,1
8498,b2f5adcdf3dd5227,True,1.0,1.0,1.0,1.0,1.0,1.0,1.0,1
8499,b2f8e3b0a7a1565e,True,1.0,1.0,0.7557273591235074,1.0,1.0,1.0,0.8982197329681281,1
8500,b2fb8aee62dc5b09,True,1.0,1.0,0.6848289616173391,1.0,1.0,1.0,0.8686787340072245,1
8501,b3055bb6f80d5167,True,1.0,1.0,1.0,1.0,1.0,1.0,1.0,1
8502,b3056d1269ae5df9,True,1.0,1.0,0.5015037915615684,1.0,1.0,1.0,0.7922932464839869,1
8503,b30e51044c885122,True,1.0,1.0,1.0,1.0,1.0,1.0,1.0,1
8504,b30ee22eca0a57ef,True,1.0,1.0,0.8730848220395332,1.0,1.0,1.0,0.9471186758498055,1
8505,b31417a335cf5955,True,1.0,1.0,1.0,1.0,1.0,1.0,1.0,1
8506,b318cf82212f5443,True,1.0,1.0,0.9382587206783247,1.0,1.0,1.0,0.9742744669493021,1
8507,b31e39a660f1535f,True,1.0,1.0,1.0,1.0,1.0,1.0,1.0,1
8508,b32ef3cb010c5903,True,1.0,1.0,0.9246910204594375,1.0,1.0,1.0,0.9686212585247657,1
8509,b337627936ea5488,True,1.0,1.0,0.8199041415236019,1.0,1.0,1.0,0.9249600589681674,1
8510,b3509fd31f495cfb,True,1.0,1.0,0.6817523870422599,1.0,1.0,1.0,0.8673968279342749,1
8511,b354451e4f8859f9,True,1.0,1.0,0.9637996507446199,1.0,1.0,1.0,0.9849165211435916,1
8512,b36d274e71b3566b,True,1.0,1.0,0.9220488044838909,1.0,1.0,1.0,0.9675203352016212,1
8513,b38366e3befc5200,True,1.0,1.0,0.8544519175293713,1.0,1.0,0.0,0.9393549656372381,1
8514,b387a02b67e45a4b,True,1.0,1.0,1.0,1.0,1.0,1.0,1.0,1
8515,b3899f957ebe5684,True,1.0,1.0,0.8757183051954406,1.0,1.0,1.0,0.9482159604981003,1
8516,b389efc36b545908,True,1.0,1.0,1.0,1.0,1.0,0.5,1.0,1
8517,b38a9c035ce15dd5,True,1.0,1.0,0.970844478052772,1.0,1.0,1.0,0.9878518658553217,1
8518,b38af8cb560c5295,True,1.0,1.0,0.7101349500977983,1.0,1.0,1.0,0.8792228958740825,1
8519,b393ab92c8ac5e77,True,1.0,1.0,0.8527645857511077,1.0,1.0,1.0,0.9386519107296282,1
8520,b39406677030585e,True,1.0,1.0,0.6832501649558499,1.0,1.0,1.0,0.8680209020649374,1
8521,b39c69db9eb45416,True,1.0,1.0,0.6453756765250432,1.0,1.0,1.0,0.852239865218768,1
8522,b39df49b8b565ac3,True,1.0,1.0,0.8140222786207453,1.0,1.0,1.0,0.9225092827586439,1
8523,b3a00387265a5cdc,True,1.0,1.0,1.0,1.0,1.0,1.0,1.0,1
8524,b3aebfbff38e596f,True,1.0,1.0,1.0,1.0,1.0,1.0,1.0,1
8525,b3b8544db9025d6a,True,1.0,1.0,1.0,1.0,1.0,1.0,1.0,1
8526,b3b8a7989ba5519f,True,1.0,1.0,1.0,1.0,1.0,1.0,1.0,1
8527,b3b9745591dd569c,True,1.0,1.0,0.7967971579384477,1.0,1.0,1.0,0.9153321491410199,1
8528,b3c1a2ac292d5e3f,True,1.0,1.0,0.9167659906514596,1.0,1.0,1.0,0.9653191627714414,1
8529,b3c7b9fbf4655722,True,1.0,1.0,0.9558919546943212,1.0,1.0,1.0,0.9816216477893005,1
8530,b3de01e79b725ae4,True,1.0,1.0,0.9623359719981507,1.0,1.0,1.0,0.9843066549992295,1
8531,b3de35a12e36586c,True,1.0,1.0,1.0,1.0,1.0,1.0,1.0,1
8532,b3e8baac7b4d5e4a,True,1.0,1.0,0.8836643537410714,1.0,1.0,1.0,0.9515268140587798,1
8533,b3edadc19d8a5812,True,1.0,0.0,0.0,1.0,1.0,1.0,0.0,1
8534,b3f47592bf415aa3,True,1.0,1.0,0.9604571757261278,1.0,1.0,1.0,0.9835238232192198,1
8535,b403192d3ea45397,True,1.0,1.0,0.9813824839846096,1.0,1.0,1.0,0.992242701660254,1
8536,b411a654aa215f1b,True,1.0,1.0,1.0,1.0,1.0,1.0,1.0,1
8537,b4175792b94a5cf2,True,1.0,1.0,1.0,1.0,1.0,1.0,1.0,1
8538,b4176d2246d452ea,True,1.0,1.0,1.0,1.0,1.0,1.0,1.0,1
8539,b41e61d24f915d6f,True,1.0,1.0,0.8782233173357706,1.0,1.0,1.0,0.9492597155565711,1
8540,b425ed76adfb5351,True,1.0,1.0,0.8475351930750716,1.0,1.0,1.0,0.9364729971146132,1
8541,b42af31e8e9b596d,True,1.0,1.0,1.0,1.0,1.0,1.0,1.0,1
8542,b42b3012c31c5b03,True,1.0,1.0,1.0,1.0,1.0,1.0,1.0,1
8543,b42d7dc2a3975573,True,1.0,1.0,0.9125506338554632,1.0,1.0,1.0,0.963562764106443,1
8544,b42ed6a1fecd5e91,True,1.0,1.0,0.9599428532567477,1.0,1.0,1.0,0.9833095221903115,1
8545,b431359c21975fe6,True,1.0,1.0,0.8827342448306973,1.0,1.0,1.0,0.9511392686794572,1
8546,b432924be8c151d8,True,1.0,1.0,0.8513384164139073,1.0,1.0,1.0,0.9380576735057947,1
8547,b435be7b7b1b5dd4,True,1.0,1.0,0.9743494747942509,1.0,1.0,1.0,0.9893122811642713,1
8548,b435ec4c5baa5a2c,True,1.0,1.0,1.0,1.0,1.0,1.0,1.0,1
8549,b43de4c16b8d5e99,True,1.0,1.0,0.7522685964610929,1.0,1.0,1.0,0.8967785818587887,1
8550,b441db826d515eb7,True,1.0,1.0,0.8450926429700578,1.0,1.0,1.0,0.9354552679041909,1
8551,b44d5d0d2d1b531e,True,1.0,1.0,1.0,1.0,1.0,1.0,1.0,1
8552,b4507882ebac5f7a,True,1.0,1.0,1.0,1.0,1.0,1.0,1.0,1
8553,b4561c216e6c5e21,True,1.0,1.0,1.0,1.0,1.0,1.0,1.0,1
8554,b462af5600bf5f88,True,1.0,1.0,1.0,1.0,1.0,1.0,1.0,1
8555,b4646fcc459d51df,True,1.0,1.0,0.829545210319987,1.0,1.0,1.0,0.9289771709666613,1
8556,b46f5915049e52a5,True,1.0,1.0,0.9208841978388584,1.0,1.0,1.0,0.9670350824328576,1
8557,b470096ee3425c5a,True,1.0,1.0,1.0,1.0,1.0,1.0,1.0,1
8558,b474c79361415cb0,True,1.0,1.0,0.5346847326986623,1.0,1.0,1.0,0.8061186386244427,1
8559,b4797f8fbe08559f,True,1.0,1.0,0.8678352236905285,1.0,1.0,1.0,0.9449313432043868,1
8560,b47df4a21c515394,True,1.0,1.0,1.0,0.0,1.0,1.0,0.5833333333333334,1
8561,b4899f9464d058f2,True,1.0,1.0,0.7692190859858582,1.0,1.0,1.0,0.9038412858274408,1
8562,b48c29fc1bd15ca0,True,1.0,1.0,1.0,1.0,1.0,1.0,1.0,1
8563,b4914b3d729357d1,True,1.0,1.0,1.0,1.0,1.0,1.0,1.0,1
8564,b49e63992eee56b1,True,1.0,1.0,0.8704442327933241,1.0,1.0,1.0,0.9460184303305517,1
8565,b4a85f85ef7e532d,True,1.0,1.0,0.8775913879776805,1.0,1.0,1.0,0.9489964116573669,1
8566,b4aa2f58df795a92,True,1.0,1.0,1.0,1.0,1.0,1.0,1.0,1
8567,b4aeb4bbd9035964,True,1.0,1.0,1.0,1.0,1.0,1.0,1.0,1
8568,b4afab5329e95368,True,1.0,1.0,0.9707445363089976,1.0,1.0,1.0,0.9878102234620822,1
8569,b4b31520fc1c5ef7,True,1.0,1.0,1.0,1.0,1.0,1.0,1.0,1
8570,b4bcd9085faf5842,True,1.0,1.0,0.8490834490815395,1.0,1.0,1.0,0.9371181037839748,1
8571,b4c5bd35a81f517e,True,1.0,1.0,0.9289474868250602,1.0,1.0,1.0,0.9703947861771084,1
8572,b4c9294d8e3952b8,True,1.0,1.0,1.0,1.0,1.0,1.0,1.0,1
8573,b4d19eea031f50ac,True,1.0,1.0,1.0,1.0,1.0,1.0,1.0,1
8574,b4d40a7532c05cd0,True,1.0,1.0,0.8043511146936677,1.0,1.0,1.0,0.9184796311223615,1
8575,b4d64308573f5bdf,True,1.0,1.0,1.0,1.0,1.0,1.0,1.0,1
8576,b4d8ee8da1c153f9,True,1.0,1.0,1.0,1.0,1.0,1.0,1.0,1
8577,b4d9c8edfbda58dc,True,1.0,1.0,0.8370446876209097,1.0,1.0,1.0,0.932101953175379,1
8578,b4dbd03935ce53fa,True,1.0,1.0,0.9316182638591634,1.0,1.0,1.0,0.9715076099413181,1
8579,b4eb56fcd01857bb,True,1.0,1.0,0.9188833858844353,1.0,1.0,1.0,0.9662014107851814,1
8580,b4ec906c4dbe5735,True,1.0,1.0,0.8660905896638126,1.0,1.0,1.0,0.9442044123599219,1
8581,b4f05c1e42ea5aec,True,1.0,1.0,0.9299445640091862,1.0,1.0,1.0,0.9708102350038276,1
8582,b4f362c0d9015d07,True,1.0,1.0,0.770206092536821,1.0,1.0,1.0,0.9042525385570087,1
8583,b4f6a0719d2a5670,True,1.0,1.0,0.9469060451092672,1.0,1.0,1.0,0.9778775187955281,1
8584,b5025be9867f503e,True,1.0,0.0,0.0,1.0,1.0,1.0,0.0,1
8585,b50353ebaee65cbe,True,1.0,1.0,0.8305806876263513,1.0,1.0,1.0,0.9294086198443131,1
8586,b504737fcab3545b,True,1.0,1.0,0.9336358373343417,1.0,1.0,1.0,0.9723482655559756,1
8587,b50b164056715968,True,1.0,1.0,1.0,1.0,1.0,1.0,1.0,1
8588,b50b8f11d75a5cb0,True,1.0,1.0,1.0,1.0,1.0,1.0,1.0,1
8589,b50cf2a689a55433,True,1.0,1.0,0.9055839810746478,1.0,1.0,1.0,0.9606599921144365,1
8590,b5155b952c645ce0,True,1.0,1.0,0.8808409591878045,1.0,1.0,1.0,0.9503503996615853,1
8591,b51815625ee05f75,True,1.0,1.0,1.0,1.0,1.0,1.0,1.0,1
8592,b523d101fb0958c3,True,1.0,1.0,0.661451430188436,1.0,1.0,1.0,0.8589380959118483,1
8593,b5271c19eef859ed,True,1.0,1.0,0.5748672137190822,1.0,1.0,1.0,0.8228613390496177,1
8594,b528a0aa02695437,True,1.0,1.0,0.9028787602474392,1.0,1.0,1.0,0.9595328167697663,1
8595,b52b4358ca335eb9,True,1.0,1.0,0.7076865390676356,1.0,1.0,1.0,0.8782027246115148,1
8596,b53158c719675897,True,1.0,1.0,0.5773390008180626,1.0,1.0,1.0,0.8238912503408594,1
8597,b53b172e95895a12,True,1.0,1.0,0.8424955659962173,1.0,1.0,1.0,0.9343731524984239,1
8598,b53db7bbc74956ed,True,1.0,1.0,0.8675830245369813,1.0,1.0,1.0,0.9448262602237422,1
8599,b541b6d67bad546d,True,1.0,1.0,1.0,1.0,1.0,1.0,1.0,1
8600,b547cd052795562c,True,1.0,1.0,0.7714100869461057,1.0,1.0,1.0,0.9047542028942107,1
8601,b54d370ffcf653ed,True,1.0,1.0,0.6149840424048459,1.0,1.0,1.0,0.8395766843353525,1
8602,b555e2488dc7531e,True,1.0,1.0,0.7481099781853996,1.0,1.0,1.0,0.8950458242439164,1
8603,b556cea74b125dfa,True,1.0,1.0,0.812072951233054,1.0,1.0,1.0,0.9216970630137725,1
8604,b55cc20818705801,True,1.0,1.0,0.8939303799137418,1.0,1.0,1.0,0.9558043249640592,1
8605,b562ff054b765717,True,1.0,1.0,0.9216216537847175,1.0,1.0,1.0,0.9673423557436323,1
8606,b5668089b793502b,True,1.0,1.0,1.0,1.0,1.0,1.0,1.0,1
8607,b5674c9c6c735d57,True,1.0,1.0,0.9680275205907339,1.0,1.0,1.0,0.9866781335794724,1
8608,b56a66ac853c56e9,True,1.0,1.0,1.0,1.0,1.0,1.0,1.0,1
8609,b5754d53017b5d49,True,1.0,1.0,0.9907827840999105,1.0,1.0,1.0,0.9961594933749627,1
8610,b5823453f7875542,True,1.0,1.0,1.0,1.0,1.0,1.0,1.0,1
8611,b58a12e346235cd0,True,1.0,1.0,0.8760668578526836,1.0,1.0,1.0,0.9483611907719515,1
8612,b58f2b3b894a58bb,True,1.0,1.0,0.8129328613712741,1.0,1.0,1.0,0.9220553589046975,1
8613,b5991c2d51f65715,True,1.0,1.0,0.8438053916734236,1.0,1.0,1.0,0.9349189131972598,1
8614,b5a8b9b436b05bad,True,0.0,1.0,0.0,0.0,1.0,1.0,0.0,1
8615,b5b0ab149f9055db,True,1.0,1.0,0.4510680137643985,1.0,1.0,1.0,0.7712783390684993,1
8616,b5b422189a075a27,True,1.0,1.0,0.8526936832101266,1.0,1.0,1.0,0.9386223680042195,1
8617,b5b46d4db32a5d8c,True,1.0,1.0,1.0,1.0,1.0,1.0,1.0,1
8618,b5b57305df6f5b99,True,0.0,1.0,0.0,0.0,1.0,1.0,0.0,1
8619,b5b7e0338624532b,True,1.0,1.0,1.0,1.0,1.0,1.0,1.0,1
8620,b5b8d20688385790,True,0.0,1.0,0.0,0.0,1.0,1.0,0.0,1
8621,b5bdef8a05605164,True,1.0,1.0,0.9259011276860946,1.0,1.0,1.0,0.9691254698692061,1
8622,b5be2c625dcf54e2,True,1.0,1.0,0.9620781111534789,1.0,1.0,1.0,0.9841992129806162,1
8623,b5be372c45f05a96,True,1.0,1.0,0.944020137590821,1.0,1.0,1.0,0.9766750573295088,1
8624,b5c2d13e8d5c517a,True,1.0,1.0,0.8220626443428881,1.0,1.0,1.0,0.9258594351428701,1
8625,b5ca533bca505ceb,True,1.0,1.0,1.0,1.0,1.0,1.0,1.0,1
8626,b5cb26f114e3558e,True,1.0,1.0,0.7895976297678207,1.0,1.0,1.0,0.9123323457365919,1
8627,b5cc4dfa26465b62,True,1.0,1.0,1.0,1.0,1.0,1.0,1.0,1
8628,b5d0bfdf09375423,True,1.0,1.0,1.0,1.0,1.0,1.0,1.0,1
8629,b5d5d15093af5638,True,1.0,1.0,0.7935074187058243,1.0,1.0,1.0,0.91396142446076,1
8630,b5d72ce63e11581b,True,1.0,1.0,0.8420953798263887,1.0,1.0,1.0,0.9342064082609953,1
8631,b5e2d8766c6d51b2,True,1.0,1.0,0.9458318536790972,1.0,1.0,1.0,0.977429939032957,1
8632,b5e3abde704b54c8,True,1.0,1.0,0.604879127280312,1.0,1.0,1.0,0.8353663030334634,1
8633,b5e7acb62778580b,True,1.0,1.0,0.9801872259051819,1.0,1.0,1.0,0.9917446774604924,1
8634,b5ee0c4a00765073,True,1.0,1.0,0.9033648941177597,1.0,1.0,1.0,0.9597353725490665,1
8635,b5efcbfe3c6f5888,True,1.0,1.0,0.9277803354240566,1.0,1.0,1.0,0.969908473093357,1
8636,b5f57f5a6b5b5244,True,1.0,1.0,0.6728094679046924,1.0,1.0,1.0,0.8636706116269552,1
8637,b605703d3fb05725,True,1.0,1.0,1.0,0.0,1.0,1.0,0.5833333333333334,1
8638,b60afdbc7cc65971,True,1.0,1.0,1.0,1.0,1.0,1.0,1.0,1
8639,b60b509ee8ba5197,True,1.0,1.0,0.7759481387543871,1.0,1.0,1.0,0.906645057814328,1
8640,b60cd9b5f9a75b57,True,1.0,1.0,0.9867654970945752,1.0,1.0,1.0,0.9944856237894063,1
8641,b60ecc0b221751d7,True,1.0,1.0,1.0,1.0,1.0,1.0,1.0,1
8642,b60f0f172ace5051,True,1.0,1.0,0.8155725747290762,1.0,1.0,1.0,0.9231552394704483,1
8643,b6131f42e3c05ea1,True,1.0,1.0,0.7384029196348949,1.0,1.0,1.0,0.8910012165145395,1
8644,b614d476ea185810,True,1.0,1.0,1.0,1.0,1.0,1.0,1.0,1
8645,b619e01b47775ec5,True,1.0,1.0,0.8560056066418593,1.0,1.0,1.0,0.9400023361007747,1
8646,b61a73309da75ac3,True,1.0,1.0,1.0,1.0,1.0,1.0,1.0,1
8647,b61a78b163d654e0,True,1.0,1.0,0.9906713126770201,1.0,1.0,1.0,0.9961130469487584,1
8648,b6247a5245a5554f,True,1.0,1.0,1.0,1.0,1.0,1.0,1.0,1
8649,b628faa4178d5eaf,True,1.0,0.0,0.0,1.0,1.0,1.0,0.0,1
8650,b62d1a9194025d38,True,1.0,1.0,1.0,0.0,1.0,1.0,0.5833333333333334,1
8651,b63793ec1e0350e6,True,1.0,1.0,0.8800094326616404,1.0,1.0,1.0,0.9500039302756834,1
8652,b637b5849b475a18,True,1.0,1.0,0.7365963037873069,1.0,1.0,1.0,0.8902484599113779,1
8653,b639f9aef8055d40,True,1.0,1.0,0.6359316503360857,1.0,1.0,1.0,0.8483048543067024,1
8654,b641f849bdd55fd7,True,1.0,1.0,0.8642141479835559,1.0,1.0,1.0,0.943422561659815,1
8655,b648072650cc5932,True,1.0,1.0,1.0,1.0,1.0,1.0,1.0,1
8656,b64b160540265465,True,1.0,1.0,0.9752450106900966,1.0,1.0,1.0,0.9896854211208735,1
8657,b657c9d393895b93,True,1.0,1.0,0.9831378952216274,1.0,1.0,1.0,0.9929741230090116,1
8658,b657fb1afb7c54f3,True,1.0,1.0,0.9121851140565054,1.0,1.0,1.0,0.9634104641902107,1
8659,b6589175626f5510,True,1.0,1.0,0.7572609719946852,1.0,1.0,1.0,0.898858738331119,1
8660,b658c12176c05fc5,True,1.0,1.0,0.9294322615359466,1.0,1.0,1.0,0.9705967756399777,1
8661,b65dbda85d085330,True,1.0,1.0,0.8975437857655978,1.0,1.0,1.0,0.9573099107356656,1
8662,b662afef6f935725,True,1.0,1.0,0.6359564148607584,1.0,1.0,1.0,0.8483151728586492,1
8663,b664ff6d2c185e31,True,1.0,1.0,1.0,1.0,1.0,1.0,1.0,1
8664,b667e90bf3055cea,True,1.0,1.0,1.0,1.0,1.0,1.0,1.0,1
8665,b669576d14655afc,True,1.0,1.0,0.865089076599791,1.0,1.0,1.0,0.9437871152499128,1
8666,b66db24cee7957a2,True,1.0,1.0,1.0,1.0,1.0,1.0,1.0,1
8667,b66f066aad62515e,True,1.0,1.0,0.8242803393062029,1.0,1.0,1.0,0.9267834747109179,1
8668,b6765fe7ee17596e,True,1.0,1.0,1.0,1.0,1.0,1.0,1.0,1
8669,b677a8a95c395ad2,True,1.0,1.0,0.8202324640137862,1.0,1.0,1.0,0.9250968600057442,1
8670,b683672d37cc5001,True,1.0,1.0,0.6187049870096462,1.0,1.0,1.0,0.841127077920686,1
8671,b69046ccdede5ae9,True,1.0,1.0,0.9230806207573126,1.0,1.0,1.0,0.9679502586488802,1
8672,b691d77ef9ff5d5e,True,1.0,1.0,1.0,1.0,1.0,1.0,1.0,1
8673,b696510357665996,True,1.0,1.0,0.9811740111337447,1.0,1.0,1.0,0.9921558379723936,1
8674,b6968f154bfb5a5d,True,1.0,1.0,0.8644661048895084,1.0,1.0,1.0,0.9435275437039619,1
8675,b6a5d96d702a5ffd,True,1.0,1.0,1.0,1.0,1.0,1.0,1.0,1
8676,b6a62a2356885962,True,1.0,1.0,1.0,1.0,1.0,1.0,1.0,1
8677,b6b0722747565854,True,1.0,1.0,1.0,0.0,1.0,1.0,0.5833333333333334,1
8678,b6b5f3cc01a05f83,True,1.0,0.0,0.0,1.0,1.0,1.0,0.0,1
8679,b6e039ab90075f16,True,1.0,1.0,1.0,1.0,1.0,1.0,1.0,1
8680,b6eb541d3faf53f2,True,1.0,1.0,1.0,1.0,1.0,1.0,1.0,1
8681,b711cfd42ac55706,True,1.0,1.0,0.6555553527421429,1.0,1.0,1.0,0.856481396975893,1
8682,b7122fd86c855943,True,1.0,1.0,0.5284409992945384,1.0,1.0,1.0,0.8035170830393911,1
8683,b72042b4093250c8,True,1.0,1.0,1.0,1.0,1.0,1.0,1.0,1
8684,b7205dc330035bf4,True,1.0,1.0,0.8800433116077879,1.0,1.0,1.0,0.950018046503245,1
8685,b7215e8a4eb6552a,True,1.0,1.0,0.8652259132651414,1.0,1.0,1.0,0.9438441305271423,1
8686,b72c6ad506465ebb,True,1.0,1.0,1.0,1.0,1.0,1.0,1.0,1
8687,b72ed3ae0ad551a8,True,1.0,1.0,1.0,1.0,1.0,0.5,1.0,1
8688,b7453f77be5b53df,True,1.0,1.0,0.7504927753939721,1.0,1.0,1.0,0.896038656414155,1
8689,b74b5977823b527a,True,1.0,1.0,0.976668608302084,1.0,1.0,1.0,0.990278586792535,1
8690,b7505d7478385be9,True,1.0,0.0,0.0,1.0,1.0,1.0,0.0,1
8691,b751857996975e6c,True,1.0,1.0,0.829845840480206,1.0,1.0,1.0,0.9291024335334193,1
8692,b75644dcc9ca58fe,True,1.0,1.0,1.0,1.0,1.0,1.0,1.0,1
8693,b7568427b45a57c9,True,1.0,1.0,0.9359351150943643,1.0,1.0,1.0,0.9733062979559852,1
8694,b7598f311c365e95,True,1.0,1.0,0.8152938362002434,1.0,1.0,1.0,0.9230390984167681,1
8695,b7620d238eaf5023,True,1.0,1.0,0.9797069315122219,1.0,1.0,1.0,0.9915445547967591,1
8696,b762ea96cfa75157,True,1.0,1.0,1.0,0.0,1.0,1.0,0.5833333333333334,1
8697,b7648a9b27e7574e,True,1.0,1.0,0.8339846479902828,1.0,1.0,1.0,0.9308269366626178,1
8698,b76b03503cf95c02,True,1.0,1.0,1.0,1.0,1.0,1.0,1.0,1
8699,b770bd5be66d5339,True,0.0,1.0,0.0,0.0,1.0,1.0,0.0,1
8700,b7784f3cdf6b5991,True,1.0,1.0,0.7503974025183731,1.0,1.0,1.0,0.8959989177159887,1
8701,b77b106f469055bd,True,1.0,1.0,0.8953451737004001,1.0,1.0,1.0,0.9563938223751668,1
8702,b77b4b6eb149553f,True,1.0,1.0,1.0,0.0,1.0,1.0,0.5833333333333334,1
8703,b7922416f6935fc4,True,1.0,1.0,0.9855847945749975,1.0,1.0,1.0,0.9939936644062489,1
8704,b793d920bf6f53cd,True,1.0,1.0,1.0,1.0,1.0,1.0,1.0,1
8705,b7b0c0f56613553b,True,1.0,1.0,1.0,1.0,1.0,1.0,1.0,1
8706,b7bb53ad2bb1505f,True,1.0,1.0,1.0,0.0,1.0,1.0,0.5833333333333334,1
8707,b7bbef1569ca526e,True,1.0,1.0,1.0,1.0,1.0,1.0,1.0,1
8708,b7bcc88d87ba59ae,True,1.0,1.0,1.0,1.0,1.0,1.0,1.0,1
8709,b7bd6325ead95dd8,True,1.0,1.0,0.8749676100715897,1.0,1.0,1.0,0.9479031708631623,1
8710,b7c1448b395e56c6,True,1.0,1.0,0.6922449066962991,1.0,1.0,1.0,0.8717687111234579,1
8711,b7c35b12755c5d44,True,1.0,1.0,1.0,1.0,1.0,1.0,1.0,1
8712,b7c371d55ca65cf8,True,1.0,1.0,0.7195336090303426,1.0,1.0,1.0,0.8831390037626429,1
8713,b7c6bbad8e3a579b,True,1.0,1.0,0.9012878677171418,1.0,1.0,0.0,0.9588699448821424,1
8714,b7c8677392845e18,True,1.0,1.0,0.7547117754785004,1.0,1.0,1.0,0.8977965731160419,1
8715,b7c9a2a8db7d5b48,True,1.0,1.0,0.7920171461832155,1.0,1.0,1.0,0.9133404775763397,1
8716,b7d52a0a64825b14,True,1.0,1.0,1.0,1.0,1.0,1.0,1.0,1
8717,b7dc33b2e9195867,True,1.0,1.0,0.7955415487302059,1.0,1.0,1.0,0.9148089786375858,1
8718,b7e61e7b15265bb9,True,1.0,1.0,1.0,1.0,1.0,1.0,1.0,1
8719,b7e7604c72e051da,True,1.0,1.0,1.0,1.0,1.0,1.0,1.0,1
8720,b7e9b4a46b9a5533,True,1.0,1.0,0.7573443518546519,1.0,1.0,1.0,0.8988934799394382,1
8721,b7ec6bbfa73a52e5,True,1.0,1.0,1.0,1.0,1.0,1.0,1.0,1
8722,b7ee1af184835990,True,1.0,1.0,1.0,1.0,1.0,1.0,1.0,1
8723,b7f1861bff9c514e,True,1.0,1.0,0.7643575905633773,1.0,1.0,1.0,0.9018156627347406,1
8724,b7f26baef02d54ea,True,1.0,1.0,1.0,1.0,1.0,1.0,1.0,1
8725,b7febc4ae909501b,True,1.0,1.0,0.6653141071376601,1.0,1.0,1.0,0.8605475446406917,1
8726,b805c900794c53f5,True,1.0,1.0,0.7556600636646508,1.0,1.0,1.0,0.8981916931936045,1
8727,b80d3fb49fc858d1,True,1.0,1.0,0.8563746990604972,1.0,1.0,1.0,0.9401561246085405,1
8728,b8104b69b2d9509b,True,1.0,1.0,0.8146609035477925,1.0,1.0,1.0,0.9227753764782469,1
8729,b814c5b773165d87,True,1.0,1.0,0.7804360775641545,1.0,1.0,1.0,0.9085150323183977,1
8730,b81c602d68a25e90,True,1.0,1.0,0.8799711387017644,1.0,1.0,1.0,0.9499879744590686,1
8731,b81d52bf71365207,True,1.0,1.0,0.8311982886762908,1.0,1.0,1.0,0.929665953615121,1
8732,b821203c112455cb,True,1.0,1.0,1.0,1.0,1.0,1.0,1.0,1
8733,b826ee4aedc95b0c,True,1.0,1.0,0.8266231959726882,1.0,1.0,1.0,0.9277596649886201,1
8734,b8314864431a5665,True,1.0,1.0,0.7508339337595337,1.0,1.0,1.0,0.8961808057331391,1
8735,b83ed953a4105ddc,True,1.0,1.0,1.0,1.0,1.0,1.0,1.0,1
8736,b83f5bd6726e5996,True,1.0,1.0,0.8961706161208695,1.0,1.0,1.0,0.956737756717029,1
8737,b84056c4268153fb,True,1.0,1.0,1.0,0.0,1.0,1.0,0.5833333333333334,1
8738,b841de24ffcb5c87,True,1.0,1.0,0.8754547045511307,1.0,1.0,1.0,0.9481061268963046,1
8739,b8434dfe0fbf56f0,True,1.0,1.0,0.9457344278941154,1.0,1.0,1.0,0.9773893449558814,1
8740,b845e97a49a75cd0,True,1.0,1.0,0.854596905394058,1.0,1.0,1.0,0.9394153772475242,1
8741,b84c079a32635d34,True,1.0,1.0,1.0,1.0,1.0,1.0,1.0,1
8742,b8554777b68750e7,True,1.0,1.0,0.7117304582605886,1.0,1.0,1.0,0.8798876909419119,1
8743,b85f00b0919a5180,True,0.0,1.0,0.0,0.0,1.0,1.0,0.0,1
8744,b8603fa264b25b80,True,1.0,1.0,0.9045414215205271,1.0,1.0,1.0,0.9602255923002195,1
8745,b86152f6ab29580e,True,1.0,1.0,0.7730244659563924,1.0,1.0,1.0,0.9054268608151634,1
8746,b867b28707205c0b,True,1.0,1.0,0.8043589202669846,1.0,1.0,1.0,0.918482883444577,1
8747,b868adf3ec2e56a5,True,1.0,1.0,0.7187675441444801,1.0,1.0,1.0,0.8828198100602002,1
8748,b86c171d4a9d51e3,True,1.0,1.0,1.0,1.0,1.0,1.0,1.0,1
8749,b86df9a9f50e525a,True,1.0,1.0,0.6426782375158004,1.0,1.0,1.0,0.8511159322982502,1
8750,b874be1fb9885c0e,True,1.0,1.0,0.8070972705040566,1.0,1.0,1.0,0.9196238627100236,1
8751,b87b792b9a025344,True,1.0,1.0,0.7012818315657968,1.0,1.0,1.0,0.8755340964857486,1
8752,b87c15c9f6cf54eb,True,0.0,1.0,0.0,0.0,1.0,1.0,0.0,1
8753,b87e9553091a5216,True,1.0,1.0,1.0,1.0,1.0,1.0,1.0,1
8754,b87ed2985e545397,True,1.0,1.0,1.0,1.0,1.0,1.0,1.0,1
8755,b8873bb7c3f35d15,True,1.0,1.0,0.8868593377035451,1.0,1.0,1.0,0.9528580573764772,1
8756,b88e5601e3055bd8,True,1.0,1.0,1.0,1.0,1.0,1.0,1.0,1
8757,b890de4c4ff65ddb,True,1.0,1.0,0.6913484453416463,1.0,1.0,1.0,0.8713951855590193,1
8758,b894f0e8e2875363,True,1.0,1.0,1.0,1.0,1.0,1.0,1.0,1
8759,b899b71cf6c95ff2,True,1.0,1.0,0.8763640007066158,1.0,1.0,1.0,0.9484850002944233,1
8760,b8a1d133723f5897,True,1.0,1.0,0.7765787987605725,1.0,1.0,0.0,0.9069078328169052,1
8761,b8acb965678c5953,True,1.0,1.0,0.863101194588474,1.0,1.0,1.0,0.9429588310785308,1
8762,b8b3f457e7ac5382,True,1.0,1.0,1.0,1.0,1.0,1.0,1.0,1
8763,b8b9e355618b58cd,True,1.0,1.0,0.8924493731166447,1.0,1.0,1.0,0.9551872387986019,1
8764,b8baf3c807cd50b4,True,1.0,1.0,1.0,1.0,1.0,0.0,1.0,1
8765,b8bd18a1ccf45918,True,1.0,1.0,0.8792223641224319,1.0,1.0,1.0,0.9496759850510132,1
8766,b8ca1857a0f75fb4,True,1.0,1.0,0.6102791103218382,1.0,1.0,1.0,0.8376162959674326,1
8767,b8cc094c43575a31,True,1.0,1.0,0.8894550260583692,1.0,1.0,1.0,0.9539395941909872,1
8768,b8cf57333fc65efe,True,1.0,0.0,0.0,1.0,1.0,1.0,0.0,1
8769,b8d114f0304d5f87,True,1.0,1.0,1.0,1.0,1.0,1.0,1.0,1
8770,b8d2227c06a351e4,True,1.0,1.0,0.6849522104714079,1.0,1.0,1.0,0.86873008769642,1
8771,b8d4a8d9b16859d4,True,1.0,1.0,0.8868808607612035,1.0,1.0,1.0,0.9528670253171682,1
8772,b8de09ba44a054df,True,1.0,1.0,0.8966342716864388,1.0,1.0,1.0,0.9569309465360162,1
8773,b8de9baf9a155a1b,True,1.0,1.0,0.7954636939330658,1.0,1.0,1.0,0.9147765391387774,1
8774,b8deacee10515f02,True,1.0,1.0,0.8076179348507977,1.0,1.0,1.0,0.9198408061878324,1
8775,b8e377d0f7b95014,True,1.0,1.0,0.9111083057177104,1.0,1.0,1.0,0.962961794049046,1
8776,b8f2f60346035cb0,True,1.0,1.0,0.8919381565044654,1.0,1.0,1.0,0.9549742318768605,1
8777,b90086e468f05378,True,1.0,1.0,0.8483330875094823,1.0,1.0,1.0,0.9368054531289509,1
8778,b9013028b5d45eee,True,1.0,1.0,1.0,1.0,1.0,1.0,1.0,1
8779,b9148aabf55250e9,True,1.0,1.0,0.7206452679543757,1.0,1.0,1.0,0.8836021949809899,1
8780,b9182baaae3b5ab2,True,1.0,1.0,1.0,1.0,1.0,1.0,1.0,1
8781,b91aab23acc957c5,True,1.0,0.0,0.0,1.0,1.0,0.0,0.0,1
8782,b91f8a685d7457c4,True,1.0,1.0,1.0,1.0,1.0,1.0,1.0,1
8783,b9238f564f875dfc,True,1.0,1.0,0.9404459009446521,1.0,1.0,0.0,0.9751857920602717,1
8784,b92aaa468aa25958,True,1.0,1.0,0.8526128416886013,1.0,1.0,1.0,0.9385886840369172,1
8785,b92ea560ae10562b,True,1.0,1.0,1.0,1.0,1.0,1.0,1.0,1
8786,b930ed8abf2b5e8d,True,1.0,1.0,1.0,1.0,1.0,1.0,1.0,1
8787,b93262812f855475,True,1.0,1.0,1.0,1.0,1.0,1.0,1.0,1
8788,b934233d0ea6536b,True,1.0,1.0,1.0,1.0,1.0,1.0,1.0,1
8789,b937ec3b9c845118,True,0.0,1.0,0.0,0.0,1.0,1.0,0.0,1
8790,b9400f20792f5936,True,1.0,1.0,0.9537432065827539,1.0,1.0,1.0,0.9807263360761475,1
8791,b94c811448e75d1c,True,1.0,1.0,0.9775823291021005,1.0,1.0,1.0,0.9906593037925419,1
8792,b94fd2088a4f5688,True,1.0,1.0,0.9186714251122932,1.0,1.0,1.0,0.9661130937967889,1
8793,b958e6967993560f,True,1.0,1.0,0.7452738310426194,1.0,1.0,1.0,0.893864096267758,1
8794,b95ff3bc9cf45e47,True,1.0,1.0,0.7984473581201559,1.0,1.0,1.0,0.916019732550065,1
8795,b961186653e45dc2,True,1.0,1.0,0.8718248116563752,1.0,1.0,1.0,0.9465936715234896,1
8796,b962399e13f35965,True,1.0,1.0,0.7583732518744878,1.0,1.0,1.0,0.8993221882810366,1
8797,b9633d9afd4356a8,True,1.0,1.0,1.0,1.0,1.0,1.0,1.0,1
8798,b966c10ea361593f,True,1.0,1.0,0.5529215059695904,1.0,1.0,0.5,0.813717294153996,1
8799,b96dd2fae674571c,True,1.0,0.0,0.0,1.0,1.0,1.0,0.0,1
8800,b96ea08d168f5a3d,True,1.0,1.0,0.7752311279172254,1.0,1.0,1.0,0.9063463032988439,1
8801,b97a9b788ef8540c,True,1.0,1.0,0.8991109660938434,1.0,1.0,1.0,0.9579629025391014,1
8802,b989e46aae3a5332,True,1.0,1.0,1.0,1.0,1.0,1.0,1.0,1
8803,b98d8c3330625df2,True,1.0,1.0,1.0,1.0,1.0,1.0,1.0,1
8804,b999dd3826b058a7,True,1.0,1.0,0.7194921413377804,1.0,1.0,1.0,0.8831217255574085,1
8805,b99d20a078a958b9,True,1.0,1.0,0.855967427478765,1.0,1.0,1.0,0.9399864281161521,1
8806,b9a8107ff09d5961,True,1.0,1.0,0.8016670793290007,1.0,1.0,1.0,0.9173612830537503,1
8807,b9aa102f4d7b5751,True,1.0,1.0,0.8944373643402127,1.0,1.0,1.0,0.9560155684750886,1
8808,b9c124bdb19956b7,True,1.0,1.0,0.8889662303050181,1.0,1.0,1.0,0.9537359292937575,1
8809,b9c8a72571a85792,True,1.0,1.0,0.9052793194825035,1.0,1.0,1.0,0.9605330497843765,1
8810,b9d14f59883a5496,True,1.0,1.0,0.8003415595602702,1.0,1.0,1.0,0.9168089831501126,1
8811,b9d45c43c2fd5165,True,1.0,1.0,0.9254149019389586,1.0,1.0,1.0,0.9689228758078995,1
8812,b9db0f40e33853b3,True,1.0,1.0,0.7765306969084047,1.0,1.0,1.0,0.906887790378502,1
8813,b9ddc4b10ef751a5,True,1.0,1.0,1.0,1.0,1.0,1.0,1.0,1
8814,b9e254f3d4a75454,True,1.0,1.0,0.7947667651772252,1.0,1.0,1.0,0.9144861521571772,1
8815,b9e5b11ac3745f8c,True,1.0,1.0,1.0,1.0,1.0,1.0,1.0,1
8816,b9e84e372b3958ac,True,1.0,1.0,1.0,0.0,1.0,1.0,0.5833333333333334,1
8817,b9ef517f054450b7,True,1.0,1.0,1.0,1.0,1.0,1.0,1.0,1
8818,b9f3b69b160e5ad0,True,1.0,1.0,1.0,1.0,1.0,1.0,1.0,1
8819,b9f4efacc7695435,True,1.0,1.0,0.9020976382057416,1.0,1.0,1.0,0.9592073492523924,1
8820,ba02d873678c5cf9,True,1.0,1.0,0.9853653415577197,1.0,1.0,1.0,0.99390222564905,1
8821,ba09d23c78b95a66,True,0.0,1.0,0.0,0.0,1.0,1.0,0.0,1
8822,ba0dffc45509514e,True,1.0,1.0,0.6830024070469077,1.0,1.0,1.0,0.8679176696028783,1
8823,ba13a6004a0c5f8d,True,1.0,0.0,0.0,1.0,1.0,1.0,0.0,1
8824,ba190b181dc85a2b,True,1.0,1.0,0.8241226814394561,1.0,1.0,1.0,0.9267177839331068,1
8825,ba2973ad6189568b,True,1.0,1.0,0.9298313857536292,1.0,1.0,1.0,0.9707630773973456,1
8826,ba2ebab05dfd523e,True,1.0,1.0,0.9150941825710713,1.0,1.0,1.0,0.9646225760712798,1
8827,ba3833aabbb85e7b,True,1.0,1.0,0.9647876094143952,1.0,1.0,1.0,0.9853281705893314,1
8828,ba392de83daf5bf3,True,1.0,1.0,0.8648285969480553,1.0,1.0,1.0,0.9436785820616898,1
8829,ba3cdbcd0c3f5e49,True,1.0,1.0,0.7554169511392338,1.0,1.0,1.0,0.8980903963080141,1
8830,ba40b386e9cd5e73,True,1.0,1.0,0.7787881887954103,1.0,1.0,1.0,0.9078284119980876,1
8831,ba4d9a1f0ac15364,True,1.0,1.0,0.7251921335598556,1.0,1.0,1.0,0.8854967223166065,1
8832,ba58a70fcf8e5c64,True,1.0,1.0,0.6058352627917627,1.0,1.0,1.0,0.8357646928299012,1
8833,ba6136583b6254e2,True,1.0,1.0,1.0,1.0,1.0,1.0,1.0,1
8834,ba62104a517e5a9b,True,1.0,1.0,0.8728382286891203,1.0,1.0,1.0,0.9470159286204668,1
8835,ba63a9cd4e3f5129,True,1.0,1.0,0.8902268633537164,1.0,1.0,1.0,0.9542611930640484,1
8836,ba69be06341d5b2b,True,1.0,1.0,0.9904564800144117,1.0,1.0,1.0,0.9960235333393381,1
8837,ba69db6d6eb15ceb,True,1.0,1.0,0.5084251942226033,1.0,1.0,1.0,0.795177164259418,1
8838,ba72861df9725061,True,1.0,1.0,1.0,1.0,1.0,1.0,1.0,1
8839,ba7553f511f653b3,True,1.0,1.0,0.5940981265844917,1.0,1.0,1.0,0.8308742194102049,1
8840,ba7d6b30a3a15384,True,1.0,0.0,0.0,1.0,1.0,1.0,0.0,1
8841,ba7da1b0100054f4,True,1.0,1.0,0.8377139260221114,1.0,1.0,1.0,0.9323808025092131,1
8842,ba82b67601605dd3,True,1.0,1.0,0.9495414553977675,1.0,1.0,1.0,0.9789756064157364,1
8843,ba83a36f96af5ceb,True,1.0,1.0,0.8511330059712037,1.0,1.0,1.0,0.9379720858213348,1
8844,ba84537a483f508a,True,1.0,1.0,0.7753319670316288,1.0,1.0,1.0,0.906388319596512,1
8845,ba8688a796b55984,True,1.0,1.0,0.9712003061844918,1.0,1.0,1.0,0.9880001275768716,1
8846,ba86ae71bc105215,True,1.0,1.0,1.0,1.0,1.0,1.0,1.0,1
8847,ba86b1fc40075e26,True,1.0,1.0,1.0,1.0,1.0,1.0,1.0,1
8848,ba8af38306035c11,True,1.0,1.0,1.0,1.0,1.0,1.0,1.0,1
8849,ba8dead3eb765a14,True,1.0,1.0,0.9875249509068647,1.0,1.0,1.0,0.9948020628778602,1
8850,ba8e8393326d5652,True,1.0,1.0,0.9682871709565347,1.0,1.0,1.0,0.9867863212318895,1
8851,ba8f7c5757365a36,True,1.0,1.0,0.9756465193249518,1.0,1.0,1.0,0.9898527163853966,1
8852,ba9d1824bc8c5e7d,True,1.0,1.0,0.8067410419224555,1.0,1.0,1.0,0.9194754341343566,1
8853,ba9ec722d0e05e2c,True,1.0,1.0,0.8652585980839544,1.0,1.0,1.0,0.9438577492016478,1
8854,baa0c0c3397d5ed5,True,1.0,1.0,0.9124591011023209,1.0,1.0,1.0,0.9635246254593004,1
8855,babd01c3694d5e18,True,1.0,1.0,0.8777638230954857,1.0,1.0,1.0,0.949068259623119,1
8856,bacbab3d771e59fd,True,1.0,1.0,1.0,1.0,1.0,1.0,1.0,1
8857,badd4b6320d05d87,True,1.0,1.0,1.0,1.0,1.0,1.0,1.0,1
8858,bae48b8677205cad,True,1.0,1.0,1.0,1.0,1.0,1.0,1.0,1
8859,bae779013dfe5537,True,1.0,1.0,0.6382903040596323,1.0,1.0,1.0,0.8492876266915134,1
8860,bae8f15e2e5b5328,True,1.0,1.0,1.0,0.0,1.0,1.0,0.5833333333333334,1
8861,baeb667505f850af,True,1.0,1.0,1.0,0.0,1.0,1.0,0.5833333333333334,1
8862,baef20f6b33e594e,True,1.0,1.0,1.0,1.0,1.0,1.0,1.0,1
8863,baf0c6e99bec57db,True,1.0,1.0,0.8387534946834484,1.0,1.0,1.0,0.9328139561181036,1
8864,baf11c6f018d56f9,True,1.0,1.0,0.8375576412218081,1.0,1.0,1.0,0.93231568384242,1
8865,baf1301534ea54d6,True,1.0,1.0,1.0,1.0,1.0,1.0,1.0,1
8866,baf744a3114f50d5,True,1.0,1.0,0.7629133652251463,1.0,1.0,1.0,0.9012139021771443,1
8867,baff37ac37675490,True,1.0,1.0,0.9172100354779115,1.0,1.0,1.0,0.9655041814491298,1
8868,baff5b48a5c056ec,True,1.0,1.0,0.7890817837221149,1.0,1.0,0.5,0.9121174098842145,1
8869,bb0d850edd125bbe,True,1.0,1.0,0.7432394227661512,1.0,1.0,1.0,0.8930164261525629,1
8870,bb0e1af8651d525b,True,1.0,1.0,1.0,1.0,1.0,1.0,1.0,1
8871,bb1650a0e72e5b7d,True,0.0,1.0,0.0,0.0,1.0,1.0,0.0,1
8872,bb22d36aec8e53df,True,1.0,1.0,0.749881014099264,1.0,1.0,1.0,0.8957837558746933,1
8873,bb249c2d0c8a568c,True,1.0,1.0,0.943153132236221,1.0,1.0,1.0,0.9763138050984255,1
8874,bb25cbb49f9157ae,True,1.0,1.0,1.0,1.0,1.0,1.0,1.0,1
8875,bb2645c10ec25a6b,True,1.0,1.0,0.8452546726117756,1.0,1.0,1.0,0.9355227802549065,1
8876,bb30019d8f645e62,True,1.0,1.0,0.8604661171722323,1.0,1.0,1.0,0.9418608821550968,1
8877,bb3926e0e90c5657,True,1.0,1.0,1.0,1.0,1.0,1.0,1.0,1
8878,bb4ca2b147d35b62,True,1.0,1.0,1.0,1.0,1.0,1.0,1.0,1
8879,bb4f37403cea5b0e,True,1.0,0.0,0.0,1.0,1.0,1.0,0.0,1
8880,bb57439423df56c7,True,1.0,1.0,0.7888824227326444,1.0,1.0,1.0,0.9120343428052685,1
8881,bb5b44d240945ed0,True,1.0,1.0,1.0,1.0,1.0,1.0,1.0,1
8882,bb6cb09beb1e5e3f,True,1.0,1.0,0.9894879261637068,1.0,1.0,1.0,0.9956199692348778,1
8883,bb6cf07ad4a350f6,True,1.0,1.0,0.7467251682476103,1.0,1.0,1.0,0.894468820103171,1
8884,bb73caa6692856bf,True,1.0,1.0,1.0,1.0,1.0,1.0,1.0,1
8885,bb74197177cb51b0,True,1.0,1.0,1.0,1.0,1.0,1.0,1.0,1
8886,bb783ab5850c5ee2,True,1.0,1.0,0.8032517553712005,1.0,1.0,1.0,0.9180215647380002,1
8887,bb7aca330b2c5ac2,True,1.0,1.0,0.976312732910489,1.0,1.0,1.0,0.9901303053793704,1
8888,bb8497b5cf575e3a,True,1.0,1.0,1.0,1.0,1.0,1.0,1.0,1
8889,bb85e87e90ae52ec,True,1.0,1.0,1.0,1.0,1.0,0.0,1.0,1
8890,bb870b710b7a53e8,True,1.0,1.0,1.0,1.0,1.0,1.0,1.0,1
8891,bb89143f371a53b5,True,1.0,1.0,0.9617890100919813,1.0,1.0,1.0,0.9840787542049921,1
8892,bb9c441a4c2b5791,True,1.0,1.0,0.9603014948564343,1.0,1.0,1.0,0.983458956190181,1
8893,bba5d587cab25dfa,True,1.0,0.0,0.0,1.0,1.0,1.0,0.0,1
8894,bbb2fd3f27635227,True,1.0,0.0,0.0,1.0,1.0,1.0,0.0,1
8895,bbb5018d017754d0,True,1.0,1.0,0.9628409329455044,1.0,1.0,1.0,0.9845170553939603,1
8896,bbb7e4525bd05d3d,True,1.0,1.0,1.0,1.0,1.0,1.0,1.0,1
8897,bbc1735031c25ff7,True,1.0,1.0,0.6424258145886462,1.0,1.0,1.0,0.8510107560786025,1
8898,bbc8e4799fe85548,True,1.0,1.0,0.8604191820744898,1.0,1.0,1.0,0.9418413258643707,1
8899,bbc93f086726531e,True,1.0,1.0,0.9711510554092987,1.0,1.0,1.0,0.9879796064205412,1
8900,bbd5fbbe6cbb5a6f,True,1.0,1.0,1.0,1.0,1.0,1.0,1.0,1
8901,bbd85b27fa465894,True,1.0,1.0,1.0,0.0,1.0,1.0,0.5833333333333334,1
8902,bbde51f27b4455c2,True,1.0,1.0,0.665957903592945,1.0,1.0,1.0,0.8608157931637271,1
8903,bbf8fd8a87565e05,True,1.0,1.0,1.0,1.0,1.0,1.0,1.0,1
8904,bc089c23e7f95250,True,1.0,1.0,0.9266919794766327,1.0,1.0,1.0,0.9694549914485969,1
8905,bc12361c48f15f75,True,1.0,1.0,1.0,1.0,1.0,1.0,1.0,1
8906,bc1489ef42185fa1,True,1.0,1.0,0.6186204480024574,1.0,1.0,1.0,0.8410918533343573,1
8907,bc1a3b9fa4ca5000,True,1.0,1.0,1.0,1.0,1.0,1.0,1.0,1
8908,bc1b30ec654c5d78,True,1.0,1.0,1.0,1.0,1.0,1.0,1.0,1
8909,bc2314763cfc545d,True,1.0,1.0,0.8301713478125078,1.0,1.0,1.0,0.929238061588545,1
8910,bc23c66181b15e25,True,1.0,1.0,0.9285338191275176,1.0,1.0,1.0,0.9702224246364657,1
8911,bc2532765f5a5262,True,1.0,1.0,0.8901342591488863,1.0,1.0,1.0,0.9542226079787026,1
8912,bc253d8424935910,True,1.0,1.0,0.8680900421950892,1.0,1.0,1.0,0.9450375175812872,1
8913,bc281591c2165d73,True,1.0,1.0,0.77812567270052,1.0,1.0,1.0,0.9075523636252166,1
8914,bc2fe3314b345c63,True,1.0,1.0,0.7062859902661655,1.0,1.0,1.0,0.8776191626109022,1
8915,bc388668c6285884,True,1.0,1.0,0.9037304459470681,1.0,1.0,1.0,0.9598876858112785,1
8916,bc3d973c3543556c,True,1.0,1.0,0.8131282470752177,1.0,1.0,1.0,0.922136769614674,1
8917,bc427a4503535af2,True,1.0,1.0,0.9830565015946483,1.0,1.0,1.0,0.9929402089977701,1
8918,bc42935ebf1854f6,True,1.0,1.0,1.0,1.0,1.0,1.0,1.0,1
8919,bc551b5cc30b5ef5,True,1.0,1.0,1.0,1.0,1.0,1.0,1.0,1
8920,bc60aa8501245df7,True,1.0,1.0,0.9247944368473351,1.0,1.0,1.0,0.9686643486863896,1
8921,bc63d7f1ab7759ee,True,1.0,1.0,0.8699762623883263,1.0,1.0,1.0,0.9458234426618026,1
8922,bc667a4fc0f454d7,True,0.0,1.0,0.0,0.0,1.0,1.0,0.0,1
8923,bc68d211a62d5c19,True,1.0,1.0,0.9681413995058351,1.0,1.0,1.0,0.9867255831274312,1
8924,bc692afe313d50ee,True,1.0,1.0,0.7270100085114711,1.0,1.0,1.0,0.886254170213113,1
8925,bc73190196b358f6,True,0.0,1.0,0.0,0.0,1.0,1.0,0.0,1
8926,bc7ae4f9eced56c9,True,1.0,1.0,0.9007592924281754,1.0,1.0,1.0,0.9586497051784063,1
8927,bc842040229c5e52,True,1.0,1.0,0.884092278503106,1.0,1.0,1.0,0.9517051160429609,1
8928,bc85f0c7a2305ef5,True,1.0,1.0,0.8924466155816382,1.0,1.0,1.0,0.9551860898256826,1
8929,bc88b69c56ec5a0f,True,1.0,1.0,1.0,1.0,1.0,1.0,1.0,1
8930,bc8aad9d72385289,True,1.0,1.0,1.0,1.0,1.0,1.0,1.0,1
8931,bc8d053770cf5449,True,1.0,1.0,1.0,1.0,1.0,1.0,1.0,1
8932,bc8d49758c6b5612,True,1.0,1.0,0.7582117101778542,1.0,1.0,1.0,0.8992548792407726,1
8933,bc91cb648d525c6c,True,1.0,1.0,1.0,1.0,1.0,1.0,1.0,1
8934,bc93e095f13c54b2,True,1.0,1.0,1.0,1.0,1.0,1.0,1.0,1
8935,bc949c2045ca5537,True,1.0,1.0,0.8234019007910077,1.0,1.0,1.0,0.9264174586629199,1
8936,bc958ef21282524c,True,1.0,1.0,1.0,1.0,1.0,1.0,1.0,1
8937,bc9bc971088c5df6,True,1.0,1.0,1.0,1.0,1.0,1.0,1.0,1
8938,bca002ce93bd5997,True,1.0,1.0,0.995562693314386,1.0,1.0,1.0,0.9981511222143276,1
8939,bca16f667139563e,True,1.0,1.0,1.0,1.0,1.0,1.0,1.0,1
8940,bca2f135ebf4542c,True,1.0,1.0,0.6129375544743603,1.0,1.0,1.0,0.8387239810309834,1
8941,bca4325362c35dbd,True,1.0,1.0,1.0,1.0,1.0,1.0,1.0,1
8942,bcac47f590d854a7,True,1.0,1.0,0.9686768353180241,1.0,1.0,1.0,0.98694868138251,1
8943,bcb48691833d5afe,True,1.0,1.0,1.0,1.0,1.0,1.0,1.0,1
8944,bcbe67b78b825aec,True,1.0,1.0,1.0,1.0,1.0,1.0,1.0,1
8945,bcc370e566845fc6,True,1.0,1.0,0.9789502440029388,0.0,1.0,1.0,0.5745626016678912,1
8946,bcc94c5142785550,True,1.0,1.0,0.7789524795667825,1.0,1.0,0.5,0.9078968664861593,1
8947,bcccfa73a6845d11,True,1.0,1.0,1.0,1.0,1.0,1.0,1.0,1
8948,bcd26bf1bf055164,True,1.0,1.0,1.0,1.0,1.0,1.0,1.0,1
8949,bcd38d9246695d74,True,1.0,1.0,0.9268855849316027,1.0,1.0,1.0,0.9695356603881677,1
8950,bcdaa4a47f925ebb,True,1.0,1.0,1.0,1.0,1.0,1.0,1.0,1
8951,bcdf72879fff5ab1,True,0.0,1.0,0.0,0.0,1.0,1.0,0.0,1
8952,bce567be125d523e,True,1.0,1.0,1.0,1.0,1.0,1.0,1.0,1
8953,bcea19eeb57f5cfa,True,1.0,1.0,0.7472711482398816,1.0,1.0,1.0,0.8946963117666172,1
8954,bcf2a79dad3f56f2,True,1.0,1.0,1.0,1.0,1.0,1.0,1.0,1
8955,bcf76bb937d35be9,True,1.0,1.0,1.0,1.0,1.0,1.0,1.0,1
8956,bcf787cdb66453f0,True,1.0,1.0,1.0,0.0,1.0,1.0,0.5833333333333334,1
8957,bcf92cdb596a5fa2,True,1.0,1.0,1.0,1.0,1.0,1.0,1.0,1
8958,bd06d301fe645a28,True,1.0,1.0,0.8948812477413514,1.0,1.0,1.0,0.9562005198922297,1
8959,bd09fe587b1a59e3,True,1.0,1.0,1.0,1.0,1.0,1.0,1.0,1
8960,bd0dd422fbc152e5,True,1.0,1.0,0.8292723545284478,1.0,1.0,1.0,0.9288634810535199,1
8961,bd0f9349cc1053a3,True,0.0,1.0,0.0,0.0,1.0,1.0,0.0,1
8962,bd1e37aab1c7530f,True,0.0,1.0,0.0,0.0,1.0,1.0,0.0,1
8963,bd218550d4d35e5c,True,1.0,1.0,0.888411100055783,1.0,1.0,1.0,0.953504625023243,1
8964,bd2591ae189c5a38,True,1.0,1.0,1.0,1.0,1.0,1.0,1.0,1
8965,bd28f12ef0295020,True,1.0,1.0,0.6429514948466926,1.0,1.0,1.0,0.8512297895194552,1
8966,bd2b1a4530a1538b,True,1.0,1.0,0.9889108659874162,1.0,1.0,1.0,0.9953795274947567,1
8967,bd3312be2419553c,True,1.0,1.0,0.8975675357508224,1.0,1.0,1.0,0.9573198065628427,1
8968,bd35995b3dcb53e8,True,1.0,1.0,0.8252290589848619,1.0,1.0,1.0,0.9271787745770258,1
8969,bd377bbe5b695df0,True,1.0,1.0,0.7770223179755126,1.0,1.0,1.0,0.907092632489797,1
8970,bd3e71c7666156ee,True,1.0,0.0,0.0,1.0,1.0,1.0,0.0,1
8971,bd4adf326a205d51,True,1.0,1.0,1.0,1.0,1.0,1.0,1.0,1
8972,bd4be260be50516f,True,1.0,1.0,1.0,1.0,1.0,1.0,1.0,1
8973,bd4dac2ccde55c08,True,1.0,1.0,0.8359839411141502,1.0,1.0,1.0,0.9316599754642292,1
8974,bd4dcb8371d85f1d,True,1.0,1.0,1.0,1.0,1.0,1.0,1.0,1
8975,bd5e1c226cca5d3e,True,0.0,1.0,0.0,0.0,1.0,1.0,0.0,1
8976,bd5f0b15f9a65bf1,True,1.0,1.0,0.9051365918378116,1.0,1.0,1.0,0.9604735799324216,1
8977,bd646d9caaef57d8,True,1.0,1.0,1.0,1.0,1.0,1.0,1.0,1
8978,bd6d1d10391854e0,True,1.0,1.0,0.8844998296228455,1.0,1.0,1.0,0.9518749290095189,1
8979,bd6d465e3fe95e7c,True,1.0,1.0,1.0,1.0,1.0,1.0,1.0,1
8980,bd70654aee0f54a6,True,1.0,0.0,0.0,1.0,1.0,0.5,0.0,1
8981,bd7154fc2b1f548b,True,1.0,1.0,0.9221702920700019,1.0,1.0,1.0,0.9675709550291675,1
8982,bd76dffbe3065854,True,1.0,1.0,0.683571877047257,1.0,1.0,1.0,0.8681549487696903,1
8983,bd77aab92bda5261,True,1.0,1.0,1.0,1.0,1.0,1.0,1.0,1
8984,bd957829755e50cb,True,1.0,1.0,0.7030968970857754,1.0,1.0,1.0,0.8762903737857397,1
8985,bd9abb7104dc5408,True,1.0,1.0,0.8061406195956046,1.0,1.0,1.0,0.9192252581648352,1
8986,bd9af5e4299b5fb6,True,1.0,1.0,0.838357363464864,1.0,1.0,1.0,0.9326489014436934,1
8987,bda5925fd37a5818,True,1.0,1.0,1.0,1.0,1.0,1.0,1.0,1
8988,bdaa773585685d09,True,1.0,1.0,1.0,1.0,1.0,0.0,1.0,1
8989,bdad96248e575296,True,1.0,0.0,0.0,1.0,1.0,0.5,0.0,1
8990,bdb0947d0c835022,True,1.0,1.0,1.0,1.0,1.0,1.0,1.0,1
8991,bdb0f78978cd5307,True,1.0,1.0,0.7334034426989846,1.0,1.0,1.0,0.8889181011245769,1
8992,bdb2a3cdeadc51c7,True,1.0,1.0,0.8083021360704193,1.0,1.0,1.0,0.9201258900293414,1
8993,bdb32e2af06e5bc9,True,1.0,1.0,0.8988548294329488,1.0,1.0,1.0,0.9578561789303954,1
8994,bdb483626cc95b2b,True,1.0,1.0,0.7729783751950148,1.0,1.0,1.0,0.9054076563312562,1
8995,bdbb9d4559ec5bd1,True,1.0,1.0,1.0,1.0,1.0,1.0,1.0,1
8996,bdbf1319d21c5cab,True,1.0,1.0,1.0,1.0,1.0,1.0,1.0,1
8997,bdc6855188a351ca,True,1.0,1.0,1.0,1.0,1.0,1.0,1.0,1
8998,bdd67f08ac585568,True,1.0,1.0,0.9043819967928632,1.0,1.0,1.0,0.9601591653303597,1
8999,bdda68728bf157dd,True,1.0,1.0,0.8770110893252516,1.0,1.0,1.0,0.9487546205521881,1
9000,bddb70b4743352ce,True,1.0,1.0,0.9282958264569782,1.0,1.0,1.0,0.9701232610237409,1
9001,bde076eb186a52d5,True,1.0,1.0,1.0,1.0,1.0,1.0,1.0,1
9002,bde15534dcdc5933,True,1.0,0.0,0.0,1.0,1.0,1.0,0.0,1
9003,bde1cb24aeb45289,True,1.0,1.0,0.8114285727562839,1.0,1.0,1.0,0.9214285719817848,1
9004,bdef1564d4565c48,True,1.0,1.0,0.9613007274513985,1.0,1.0,1.0,0.9838753031047492,1
9005,bdf4ea0b653c5677,True,1.0,0.0,0.0,1.0,1.0,0.5,0.0,1
9006,bdf6ce6385325a58,True,1.0,1.0,0.8417974099061901,1.0,1.0,1.0,0.9340822541275792,1
9007,bdf99b84030a5a0f,True,1.0,1.0,1.0,1.0,1.0,1.0,1.0,1
9008,bdfc5ac88bce56ed,True,1.0,1.0,0.734130596416387,1.0,1.0,1.0,0.8892210818401612,1
9009,bdfdf52ac60755a9,True,1.0,1.0,1.0,1.0,1.0,1.0,1.0,1
9010,bdff1d80a75e5307,True,1.0,1.0,0.8259872735336821,1.0,1.0,1.0,0.9274946973057009,1
9011,bdffdc5fc2fa542b,True,1.0,1.0,0.6943671010420494,1.0,1.0,1.0,0.8726529587675206,1
9012,be0064dac5f85957,True,1.0,1.0,0.8561827893078938,1.0,1.0,1.0,0.9400761622116224,1
9013,be027cd33b835419,True,1.0,1.0,0.8508876692103502,1.0,1.0,1.0,0.9378698621709792,1
9014,be0ac32b1590510e,True,1.0,1.0,0.7811592328580409,1.0,1.0,1.0,0.9088163470241838,1
9015,be0e8eae708f5d4b,True,1.0,1.0,0.7479413501535078,1.0,1.0,1.0,0.8949755625639616,1
9016,be0ea3126c955eae,True,1.0,1.0,1.0,1.0,1.0,1.0,1.0,1
9017,be1a32191a715329,True,1.0,1.0,0.8919189720278327,1.0,1.0,1.0,0.9549662383449302,1
9018,be1ef67efd445f45,True,1.0,1.0,1.0,1.0,1.0,1.0,1.0,1
9019,be2d7d1ddb305428,True,1.0,1.0,0.9015829450897046,1.0,1.0,1.0,0.9589928937873768,1
9020,be33fb4e1b435f1d,True,1.0,1.0,0.795748522106705,1.0,1.0,0.5,0.9148952175444603,1
9021,be3551ae467a579e,True,1.0,1.0,0.926657575414538,1.0,1.0,1.0,0.9694406564227241,1
9022,be382c6340e75946,True,1.0,1.0,1.0,1.0,1.0,1.0,1.0,1
9023,be43454e5a4f5a2a,True,1.0,1.0,0.9546593944785848,1.0,1.0,1.0,0.9811080810327436,1
9024,be503a7ef2805c88,True,1.0,1.0,1.0,1.0,1.0,1.0,1.0,1
9025,be527ba55a8a548b,True,1.0,1.0,0.8819889764261534,1.0,1.0,1.0,0.9508287401775638,1
9026,be63913f07ee5245,True,1.0,1.0,0.7821823372531908,1.0,1.0,1.0,0.9092426405221629,1
9027,be63bfa5c6445e0e,True,1.0,1.0,1.0,1.0,1.0,1.0,1.0,1
9028,be6f90f06bc35be3,True,0.0,0.0,0.0,0.0,1.0,1.0,0.0,1
9029,be7004554c8750bc,True,1.0,1.0,1.0,1.0,1.0,0.0,1.0,1
9030,be709e9a5d085f75,True,1.0,1.0,0.8404974134458975,1.0,1.0,0.5,0.9335405889357906,1
9031,be7331d3f05e5d16,True,1.0,1.0,1.0,1.0,1.0,1.0,1.0,1
9032,be7c407443f15fec,True,1.0,1.0,0.8994806311770742,1.0,1.0,1.0,0.9581169296571143,1
9033,be851166b6665891,True,1.0,1.0,0.7835309314075255,1.0,1.0,1.0,0.9098045547531356,1
9034,be85b447a33b59f8,True,1.0,1.0,0.9927598611819711,1.0,1.0,1.0,0.996983275492488,1
9035,be861669f7ff5de4,True,1.0,1.0,1.0,1.0,1.0,1.0,1.0,1
9036,be87511d69ba58e7,True,1.0,1.0,0.9490249572337127,1.0,1.0,1.0,0.9787603988473803,1
9037,be9298a106f552af,True,1.0,1.0,0.916650492508728,1.0,1.0,1.0,0.9652710385453034,1
9038,be9423a8f0e75d33,True,1.0,1.0,0.9253658729719475,1.0,1.0,0.0,0.9689024470716449,1
9039,beaa12171da45b46,True,1.0,1.0,0.9990653717064929,1.0,1.0,1.0,0.999610571544372,1
9040,beb963305ad75bb3,True,1.0,1.0,1.0,1.0,1.0,1.0,1.0,1
9041,bebbdf5c01b85cf1,True,1.0,1.0,0.7634069491870213,1.0,1.0,1.0,0.901419562161259,1
9042,bed45577041051b8,True,1.0,1.0,0.7818723514679625,1.0,1.0,1.0,0.9091134797783177,1
9043,bed4ec62805f5790,True,1.0,1.0,1.0,1.0,1.0,1.0,1.0,1
9044,bed7a2c445315bb7,True,1.0,1.0,0.765490762754088,1.0,1.0,1.0,0.9022878178142033,1
9045,bedb83878e215e4e,True,0.0,1.0,0.0,0.0,1.0,1.0,0.0,1
9046,bedf9db2d7b15abd,True,1.0,1.0,1.0,1.0,1.0,1.0,1.0,1
9047,bee76fa92b735b00,True,1.0,1.0,0.8580957849141868,1.0,1.0,1.0,0.9408732437142445,1
9048,bee7eebe90dd5285,True,1.0,1.0,1.0,1.0,1.0,1.0,1.0,1
9049,beeb0c78917a528a,True,1.0,1.0,1.0,0.0,1.0,1.0,0.5833333333333334,1
9050,beecbff2fd37592e,True,1.0,1.0,1.0,1.0,1.0,1.0,1.0,1
9051,beee170c9d8159ad,True,1.0,1.0,0.9129449080166276,1.0,1.0,1.0,0.9637270450069281,1
9052,bef3d5467aca5f04,True,1.0,1.0,0.8698937102152016,1.0,1.0,1.0,0.9457890459230006,1
9053,bef748e412f85c64,True,1.0,1.0,0.8346508380504557,1.0,1.0,1.0,0.9311045158543566,1
9054,bef85b7ac1dc5207,True,1.0,1.0,0.7773144091886672,1.0,1.0,1.0,0.9072143371619447,1
9055,befdd4140e4252e5,True,1.0,1.0,1.0,1.0,1.0,1.0,1.0,1
9056,bf00c76f25185b83,True,1.0,1.0,0.9503126407833865,1.0,1.0,1.0,0.9792969336597444,1
9057,bf0441f2960b5e17,True,1.0,1.0,0.9426002994881854,1.0,1.0,1.0,0.9760834581200774,1
9058,bf0a29ccead65750,True,1.0,1.0,0.8190738561278004,1.0,1.0,1.0,0.9246141067199168,1
9059,bf0e7609184e533b,True,1.0,1.0,0.6656980045880299,1.0,1.0,1.0,0.8607075019116791,1
9060,bf0fa6fe20b5587f,True,1.0,1.0,1.0,1.0,1.0,1.0,1.0,1
9061,bf1064685f045d97,True,1.0,1.0,0.792748403779664,1.0,1.0,1.0,0.9136451682415266,1
9062,bf1184622f355af4,True,1.0,1.0,0.9460802020891309,1.0,1.0,0.5,0.9775334175371378,1
9063,bf1370df23cf5118,True,1.0,1.0,0.8441506312466144,1.0,1.0,1.0,0.9350627630194227,1
9064,bf1d8c493e7458d2,True,1.0,1.0,0.821993489549112,1.0,1.0,1.0,0.9258306206454634,1
9065,bf1db71f1cc35b98,True,1.0,1.0,1.0,1.0,1.0,1.0,1.0,1
9066,bf1f3fe1ca935bba,True,1.0,1.0,0.692909068027133,1.0,1.0,1.0,0.8720454450113054,1
9067,bf1fbbbc7f5d5c5d,True,1.0,1.0,1.0,1.0,1.0,1.0,1.0,1
9068,bf204ae0ffed51d2,True,1.0,1.0,1.0,1.0,1.0,1.0,1.0,1
9069,bf23bdc36a8050f5,True,1.0,1.0,0.8704376496684861,1.0,1.0,1.0,0.9460156873618693,1
9070,bf2a9740fda85514,True,0.0,1.0,0.0,0.0,1.0,1.0,0.0,1
9071,bf2bd235d7225732,True,1.0,1.0,1.0,1.0,1.0,1.0,1.0,1
9072,bf2c48523de254ea,True,1.0,1.0,0.934591677392293,1.0,1.0,1.0,0.9727465322467888,1
9073,bf3ea6a284d85269,True,1.0,1.0,0.8421534696370548,1.0,1.0,1.0,0.9342306123487729,1
9074,bf478a1422445c12,True,1.0,1.0,0.7533736446143139,1.0,1.0,1.0,0.8972390185892974,1
9075,bf4c97f6024b5029,True,1.0,1.0,1.0,1.0,1.0,1.0,1.0,1
9076,bf4d95ea76b75de7,True,1.0,1.0,0.9071694004700545,1.0,1.0,1.0,0.9613205835291895,1
9077,bf4fdfa51e215217,True,1.0,1.0,0.9201681230635822,1.0,1.0,1.0,0.9667367179431592,1
9078,bf5be5d94ffa52f8,True,1.0,1.0,1.0,1.0,1.0,1.0,1.0,1
9079,bf613de6319c5473,True,1.0,1.0,0.8255101209920749,1.0,1.0,1.0,0.9272958837466979,1
9080,bf68c079985650d9,True,1.0,1.0,0.6951656862318613,1.0,1.0,1.0,0.8729857025966089,1
9081,bf6e5d04e0d7576e,True,1.0,1.0,0.8619468464514662,1.0,1.0,1.0,0.9424778526881109,1
9082,bf72d4d6b25f5b27,True,1.0,1.0,0.7929306035521622,1.0,1.0,1.0,0.9137210848134009,1
9083,bf7e92340c6454a2,True,1.0,1.0,0.8733268722433177,1.0,1.0,1.0,0.9472195301013824,1
9084,bf80166d9d045752,True,1.0,1.0,0.8096344319945438,1.0,1.0,1.0,0.9206810133310599,1
9085,bf896d504b4356c7,True,1.0,1.0,0.7175756666254721,1.0,1.0,1.0,0.88232319442728,1
9086,bf8a9586c59551f2,True,1.0,1.0,0.8103678386312129,1.0,1.0,1.0,0.9209865994296721,1
9087,bf8b8714f63d5642,True,1.0,1.0,0.8198714652422016,1.0,1.0,1.0,0.9249464438509173,1
9088,bf8c5276f9a6539d,True,1.0,1.0,0.8381893348396771,1.0,1.0,1.0,0.9325788895165322,1
9089,bf8fcd79b7fa532d,True,1.0,1.0,0.7961101806290826,1.0,1.0,1.0,0.9150459085954511,1
9090,bf929b24f13b5c37,True,1.0,1.0,0.8817831579235064,1.0,1.0,1.0,0.9507429824681276,1
9091,bfb373d958725fc8,True,1.0,1.0,1.0,1.0,1.0,1.0,1.0,1
9092,bfb583c3969950ba,True,1.0,1.0,0.8670742719797577,1.0,1.0,1.0,0.9446142799915657,1
9093,bfbc82c4f65a5208,True,1.0,1.0,1.0,1.0,1.0,1.0,1.0,1
9094,bfc7b627dfdf5f58,True,1.0,1.0,0.7239738243496129,1.0,1.0,1.0,0.8849890934790053,1
9095,bfcb040f50425141,True,1.0,1.0,1.0,1.0,1.0,1.0,1.0,1
9096,bfcbb192c11b5736,True,1.0,1.0,1.0,1.0,1.0,1.0,1.0,1
9097,bfdb40b3dded57fd,True,1.0,1.0,0.7115631620012949,1.0,1.0,1.0,0.8798179841672061,1
9098,bfdf115b602357a0,True,1.0,1.0,1.0,1.0,1.0,1.0,1.0,1
9099,bff12156468e5f16,True,1.0,1.0,0.8506083526123884,1.0,1.0,1.0,0.9377534802551618,1
9100,bff155acea525206,True,1.0,1.0,1.0,1.0,1.0,1.0,1.0,1
9101,bff29edb43425586,True,1.0,1.0,0.9978903391958798,1.0,1.0,1.0,0.99912097466495,1
9102,bffb3b45a1c55080,True,1.0,1.0,1.0,1.0,1.0,1.0,1.0,1
9103,c013f92386ab5921,True,1.0,1.0,1.0,1.0,1.0,1.0,1.0,1
9104,c01c5d45b97154d4,True,1.0,1.0,0.9039239817078143,1.0,1.0,1.0,0.9599683257115892,1
9105,c020f63dbf0d59a6,True,1.0,1.0,0.8224653707187581,1.0,1.0,1.0,0.9260272377994826,1
9106,c022ad6a9b6f5367,True,0.0,1.0,0.0,0.0,1.0,1.0,0.0,1
9107,c02bb4d7993e5bbb,True,1.0,1.0,0.7779312870646062,1.0,1.0,1.0,0.9074713696102527,1
9108,c038901b4a0259ab,True,1.0,1.0,0.9067210446422259,1.0,1.0,1.0,0.9611337686009275,1
9109,c0475666b2a55982,True,1.0,1.0,1.0,1.0,1.0,1.0,1.0,1
9110,c04902b5c32056e0,True,1.0,1.0,0.7925263548610391,0.0,1.0,0.0,0.4968859811920996,1
9111,c04b59204ebe55f9,True,1.0,1.0,0.9239714220454435,1.0,1.0,1.0,0.9683214258522681,1
9112,c052667192cb5ade,True,1.0,1.0,0.8289718382428494,1.0,1.0,1.0,0.9287382659345206,1
9113,c052a8877f7f5d37,True,1.0,1.0,0.910445664590588,1.0,1.0,1.0,0.9626856935794116,1
9114,c054f473288d5515,True,1.0,1.0,0.7607994186411469,1.0,1.0,1.0,0.9003330911004778,1
9115,c056dcf1096258a4,True,1.0,1.0,1.0,0.0,1.0,0.5,0.5833333333333334,1
9116,c05d72324d015584,True,1.0,1.0,0.8172522652668495,1.0,1.0,1.0,0.923855110527854,1
9117,c05f89f644505f4c,True,1.0,1.0,0.7877180325096551,1.0,1.0,1.0,0.9115491802123564,1
9118,c0649cc8913954cd,True,1.0,1.0,1.0,1.0,1.0,1.0,1.0,1
9119,c06773e2267b568e,True,1.0,1.0,0.874632414069028,1.0,1.0,1.0,0.947763505862095,1
9120,c06c4ffcf72653a5,True,1.0,1.0,1.0,1.0,1.0,1.0,1.0,1
9121,c06d7badaabb5a9f,True,1.0,1.0,0.9543714251128471,1.0,1.0,1.0,0.9809880937970196,1
9122,c07f609f83b85dd6,True,1.0,1.0,0.8710006748797345,1.0,1.0,1.0,0.9462502811998895,1
9123,c08100986326547c,True,1.0,1.0,0.9691787815666635,1.0,1.0,1.0,0.9871578256527765,1
9124,c081afa672dc56a2,True,1.0,1.0,0.7602620568115741,1.0,1.0,1.0,0.9001091903381558,1
9125,c08cd52346155301,True,1.0,1.0,1.0,1.0,1.0,1.0,1.0,1
9126,c091585789c859db,True,1.0,1.0,1.0,0.0,1.0,1.0,0.5833333333333334,1
9127,c093d999a01c5e92,True,1.0,1.0,1.0,1.0,1.0,1.0,1.0,1
9128,c0941949acdb5ebc,True,1.0,1.0,1.0,1.0,1.0,1.0,1.0,1
9129,c099ebaef4c251d6,True,1.0,1.0,0.8049728689592094,1.0,1.0,1.0,0.9187386953996706,1
9130,c09cdf83367d5d3f,True,1.0,1.0,0.9773387295466203,1.0,1.0,1.0,0.9905578039777584,1
9131,c09d506d3891507c,True,1.0,1.0,0.9432462144542467,1.0,1.0,1.0,0.9763525893559363,1
9132,c0a12f1497045322,True,1.0,1.0,1.0,1.0,1.0,1.0,1.0,1
9133,c0a14b9e841a5aee,True,1.0,1.0,1.0,1.0,1.0,0.5,1.0,1
9134,c0afed32320d53ec,True,1.0,1.0,1.0,1.0,1.0,1.0,1.0,1
9135,c0b730b08f685ef3,True,1.0,1.0,1.0,1.0,1.0,1.0,1.0,1
9136,c0b8f52197ac558c,True,1.0,1.0,1.0,1.0,1.0,1.0,1.0,1
9137,c0be0cb86f2c5cf1,True,1.0,1.0,0.7688091434542437,1.0,1.0,1.0,0.9036704764392681,1
9138,c0c3f6eb7f445755,True,1.0,1.0,0.7797645848937914,1.0,1.0,1.0,0.9082352437057465,1
9139,c0ccb2e28d8e5bfe,True,1.0,1.0,1.0,1.0,1.0,1.0,1.0,1
9140,c0ccba48004c5eba,True,1.0,1.0,0.906358218532581,1.0,1.0,1.0,0.9609825910552421,1
9141,c0d4412fa9f15f5b,True,1.0,1.0,0.8679836500321055,1.0,1.0,1.0,0.9449931875133774,1
9142,c0d51ca7b8af5414,True,1.0,1.0,0.7294261199610478,1.0,1.0,1.0,0.8872608833171033,1
9143,c0deb9fb709b5a64,True,1.0,0.0,0.0,1.0,1.0,1.0,0.0,1
9144,c0e14f1288ca5066,True,1.0,1.0,0.8673498384138052,1.0,1.0,1.0,0.9447290993390854,1
9145,c0e6947e2b455ff7,True,1.0,1.0,1.0,1.0,1.0,0.0,1.0,1
9146,c0e6ee59f6455107,True,1.0,1.0,1.0,1.0,1.0,1.0,1.0,1
9147,c0ea178930145138,True,1.0,1.0,1.0,1.0,1.0,1.0,1.0,1
9148,c0ee4f794af35185,True,1.0,1.0,1.0,1.0,1.0,1.0,1.0,1
9149,c0f364f8ed645542,True,1.0,1.0,0.8738719966059918,1.0,1.0,1.0,0.9474466652524965,1
9150,c0fb4281da785582,True,1.0,1.0,1.0,1.0,1.0,1.0,1.0,1
9151,c1019bca7cd95123,True,0.5,1.0,0.6120970727763992,0.0,1.0,1.0,0.21085355682841653,1
9152,c10c52fd674f5277,True,1.0,1.0,0.8188636333238594,1.0,1.0,1.0,0.9245265138849413,1
9153,c10ed86969435545,True,1.0,1.0,1.0,1.0,1.0,1.0,1.0,1
9154,c1133aca1539575e,True,1.0,1.0,0.7578289493812109,1.0,1.0,1.0,0.8990953955755044,1
9155,c11764f655de59fd,True,1.0,1.0,1.0,1.0,1.0,1.0,1.0,1
9156,c11b8e3e58e857f6,True,1.0,1.0,1.0,1.0,1.0,1.0,1.0,1
9157,c1255801436851c4,True,1.0,1.0,0.6934762695150375,1.0,1.0,1.0,0.872281778964599,1
9158,c126718a51d85fbd,True,1.0,1.0,0.8860122960356983,1.0,1.0,1.0,0.9525051233482076,1
9159,c12b3554dcd655c0,True,1.0,1.0,0.9865340727985695,1.0,1.0,1.0,0.994389196999404,1
9160,c12d0bb341fc59c0,True,1.0,1.0,0.9374283630292874,1.0,1.0,1.0,0.9739284845955364,1
9161,c133861a233a51de,True,1.0,1.0,0.8648764376579098,1.0,1.0,0.0,0.9436985156907958,1
9162,c13f0e8db9b15c69,True,1.0,1.0,1.0,0.0,1.0,1.0,0.5833333333333334,1
9163,c1553b5b161e5db1,True,1.0,0.0,0.0,1.0,1.0,1.0,0.0,1
9164,c15774bfb6655d18,True,1.0,1.0,0.8333000581011862,1.0,1.0,1.0,0.9305416908754943,1
9165,c159f0c331075464,True,1.0,1.0,1.0,1.0,1.0,1.0,1.0,1
9166,c1686b2e1a4e5149,True,1.0,1.0,0.9339717102379842,1.0,1.0,1.0,0.9724882125991602,1
9167,c169cf799b165800,True,1.0,1.0,0.8022832589764425,1.0,1.0,1.0,0.9176180245735178,1
9168,c16d0c6076ab5a85,True,1.0,1.0,1.0,1.0,1.0,1.0,1.0,1
9169,c16d549602375cc0,True,1.0,1.0,0.754246590966839,1.0,1.0,1.0,0.897602746236183,1
9170,c16f84d1251552af,True,1.0,1.0,0.7561423287043418,1.0,1.0,1.0,0.8983926369601424,1
9171,c1839a3333695317,True,1.0,0.0,0.0,1.0,1.0,1.0,0.0,1
9172,c18b1648f6045467,True,1.0,1.0,0.5517313243396132,1.0,1.0,0.5,0.8132213851415054,1
9173,c195a8cb7ccb59fd,True,1.0,1.0,0.6361760721925717,1.0,1.0,1.0,0.8484066967469048,1
9174,c1b38e62a97d590d,True,1.0,1.0,0.9084346287836589,1.0,1.0,1.0,0.9618477619931912,1
9175,c1c3bb73344c593a,True,1.0,1.0,0.7508120684428692,1.0,1.0,1.0,0.8961716951845288,1
9176,c1cc5d15c3f554e3,True,1.0,1.0,1.0,1.0,1.0,1.0,1.0,1
9177,c1d95d8a3260541c,True,1.0,1.0,0.8356935938386695,1.0,1.0,1.0,0.9315389974327789,1
9178,c1e0af56e9eb50b8,True,1.0,1.0,1.0,1.0,1.0,1.0,1.0,1
9179,c1e1661e600c570e,True,1.0,1.0,1.0,1.0,1.0,1.0,1.0,1
9180,c1e612a123d059d7,True,1.0,1.0,0.8976697669321593,1.0,1.0,1.0,0.9573624028883998,1
9181,c1e76b8992fa5182,True,1.0,1.0,0.8717917258368356,1.0,1.0,1.0,0.9465798857653481,1
9182,c1ea7d700faa5fee,True,0.0,1.0,0.0,0.0,1.0,1.0,0.0,1
9183,c1f712e1aed35216,True,1.0,1.0,0.8323406179513679,1.0,1.0,1.0,0.9301419241464033,1
9184,c1f91d06e8285351,True,1.0,1.0,0.7855967912099356,1.0,1.0,1.0,0.9106653296708065,1
9185,c20397c103e65d12,True,1.0,1.0,0.8867800427081881,1.0,1.0,1.0,0.9528250177950784,1
9186,c20652fc6a78529b,True,1.0,1.0,0.8776029560447652,1.0,1.0,1.0,0.9490012316853189,1
9187,c2072dd6a3f85da0,True,1.0,1.0,0.7440111479919655,1.0,1.0,1.0,0.8933379783299857,1
9188,c20a7d6f7c9e5379,True,1.0,1.0,0.743616144605124,1.0,1.0,1.0,0.8931733935854683,1
9189,c20bcc28c238595c,True,1.0,1.0,0.7560027056264202,1.0,1.0,1.0,0.8983344606776752,1
9190,c2116c7a0b15556d,True,1.0,1.0,0.903481375379969,1.0,1.0,1.0,0.9597839064083203,1
9191,c2156c6760fd55b5,True,1.0,1.0,1.0,1.0,1.0,0.5,1.0,1
9192,c21ec33e15b458a1,True,1.0,1.0,0.825772797457494,1.0,1.0,1.0,0.9274053322739558,1
9193,c227b95266d75371,True,1.0,1.0,0.8779341041968998,1.0,1.0,1.0,0.9491392100820416,1
9194,c2331abea9b5551f,True,1.0,1.0,0.7543032755302246,1.0,1.0,1.0,0.8976263648042603,1
9195,c236972435215288,True,1.0,1.0,1.0,1.0,1.0,1.0,1.0,1
9196,c239a3efe5df5739,True,1.0,1.0,0.8476203742556362,1.0,1.0,1.0,0.9365084892731818,1
9197,c23c39c3fedd5bfa,True,1.0,1.0,0.8274765861083067,1.0,1.0,1.0,0.9281152442117945,1
9198,c240593c969a5cfc,True,1.0,1.0,1.0,1.0,1.0,1.0,1.0,1
9199,c24424805c075539,True,1.0,1.0,1.0,1.0,1.0,1.0,1.0,1
9200,c2466f5ae7a25ad8,True,1.0,1.0,0.8900477412579612,1.0,1.0,1.0,0.9541865588574838,1
9201,c25c6a709afc5552,True,1.0,1.0,1.0,1.0,1.0,1.0,1.0,1
9202,c26281cfd29f5c15,True,1.0,1.0,1.0,1.0,1.0,1.0,1.0,1
9203,c262c31769935486,True,1.0,1.0,0.8433274227636058,1.0,1.0,1.0,0.9347197594848358,1
9204,c2735759fe9957a5,True,1.0,1.0,1.0,1.0,1.0,1.0,1.0,1
9205,c2736d03415f515b,True,1.0,1.0,1.0,1.0,1.0,1.0,1.0,1
9206,c2790319345a58cf,True,1.0,1.0,1.0,1.0,1.0,1.0,1.0,1
9207,c282872767cb5199,True,1.0,1.0,1.0,1.0,1.0,1.0,1.0,1
9208,c284f9a1803f585f,True,1.0,1.0,1.0,1.0,1.0,1.0,1.0,1
9209,c28b41c8410f5465,True,1.0,1.0,0.8708404791356549,1.0,1.0,1.0,0.9461835329731896,1
9210,c28c7b29e80059d2,True,1.0,1.0,0.8336402265774988,1.0,1.0,1.0,0.9306834277406244,1
9211,c28f3febaf635777,True,1.0,1.0,0.8278166672942588,1.0,1.0,1.0,0.9282569447059412,1
9212,c2915f2ac7f55f97,True,1.0,1.0,0.935876030206264,1.0,1.0,1.0,0.9732816792526101,1
9213,c296ded44f9a509a,True,1.0,1.0,0.7076326794779849,1.0,1.0,1.0,0.8781802831158271,1
9214,c29fb70bf1d056ca,True,1.0,1.0,1.0,1.0,1.0,1.0,1.0,1
9215,c2a01dd3d1d45258,True,1.0,1.0,0.9957325310488992,1.0,1.0,1.0,0.9982218879370413,1
9216,c2a93dd3494b5702,True,1.0,1.0,0.8342315258184722,1.0,1.0,1.0,0.9309298024243633,1
9217,c2aa6f44aad45549,True,1.0,1.0,1.0,1.0,1.0,1.0,1.0,1
9218,c2ae8e85ce2052ff,True,1.0,1.0,1.0,1.0,1.0,1.0,1.0,1
9219,c2b5ebf8ace851ea,True,1.0,1.0,0.9442534165302312,1.0,1.0,1.0,0.9767722568875964,1
9220,c2cb368d78e858c7,True,1.0,1.0,0.7875519897687364,1.0,1.0,1.0,0.9114799957369736,1
9221,c2ce362b9cf95fee,True,1.0,1.0,0.7964487802785398,1.0,1.0,1.0,0.915186991782725,1
9222,c2cf2b10f7e953c4,True,1.0,1.0,1.0,1.0,1.0,1.0,1.0,1
9223,c2cf3991e2e65486,True,1.0,1.0,1.0,1.0,1.0,1.0,1.0,1
9224,c2cfb091173a5ca2,True,1.0,1.0,1.0,1.0,1.0,1.0,1.0,1
9225,c2ddfc9b18815c97,True,1.0,1.0,1.0,0.0,1.0,1.0,0.5833333333333334,1
9226,c2ebbcddd45457f8,True,1.0,1.0,0.84070259265801,1.0,1.0,1.0,0.9336260802741707,1
9227,c2ed826b31065c66,True,1.0,1.0,0.8828437184677512,1.0,1.0,1.0,0.9511848826948963,1
9228,c2eecf5cfe46536f,True,1.0,1.0,1.0,1.0,1.0,1.0,1.0,1
9229,c2f27daee5bd5a3e,True,1.0,1.0,0.7955087799967774,1.0,1.0,1.0,0.9147953249986572,1
9230,c2f56a56716f55e3,True,1.0,1.0,0.7121633330038258,1.0,1.0,1.0,0.8800680554182607,1
9231,c2f911300954542a,True,1.0,1.0,0.9790214281735204,1.0,1.0,1.0,0.9912589284056335,1
9232,c2f9c48979255481,True,1.0,1.0,1.0,1.0,1.0,1.0,1.0,1
9233,c2fdffb4c2915577,True,1.0,1.0,0.7687884054583619,1.0,1.0,1.0,0.9036618356076508,1
9234,c308037e34c45bed,True,1.0,1.0,0.91048589324545,1.0,1.0,1.0,0.9627024555189375,1
9235,c30bc48417bf5354,True,1.0,1.0,0.8294014385159199,1.0,1.0,1.0,0.9289172660482999,1
9236,c30e5bb7e0595851,True,1.0,1.0,0.9012638909550132,1.0,1.0,1.0,0.958859954564589,1
9237,c32ae6a1954651ec,True,1.0,1.0,0.9776832419829881,0.0,1.0,1.0,0.5740346841595784,1
9238,c332770f3439515e,True,1.0,1.0,0.7795928931324576,1.0,1.0,1.0,0.9081637054718573,1
9239,c332bacddbfe53d9,True,1.0,1.0,0.810593458951475,1.0,1.0,1.0,0.9210806078964481,1
9240,c33832506a165cd3,True,1.0,1.0,0.9435108643279869,1.0,1.0,1.0,0.9764628601366612,1
9241,c344575de7545bbe,True,1.0,1.0,0.9706443458008179,1.0,1.0,1.0,0.9877684774170076,1
9242,c354c8cf3c975581,True,1.0,1.0,0.8744778267689914,1.0,1.0,1.0,0.9476990944870799,1
9243,c35a248a5941531d,True,1.0,1.0,1.0,1.0,1.0,1.0,1.0,1
9244,c35e290a671a5084,True,0.0,1.0,0.0,0.0,1.0,1.0,0.0,1
9245,c35f0df7bfdb5140,True,0.0,1.0,0.0,0.0,1.0,1.0,0.0,1
9246,c3634ce5c5535b16,True,1.0,1.0,0.8268599209021265,1.0,1.0,1.0,0.927858300375886,1
9247,c36c131b21f65a13,True,1.0,1.0,0.9973605218812556,1.0,1.0,1.0,0.9989002174505232,1
9248,c370f836e3275da4,True,1.0,1.0,0.8486019659497271,1.0,1.0,0.5,0.9369174858123864,1
9249,c37a081992495a0e,True,1.0,1.0,1.0,1.0,1.0,1.0,1.0,1
9250,c38319fd82be5bf0,True,1.0,1.0,0.8724340057785696,1.0,1.0,1.0,0.9468475024077373,1
9251,c38664c4b23853a3,True,1.0,1.0,0.815503372269294,1.0,1.0,1.0,0.9231264051122059,1
9252,c388df5240dd5f6c,True,1.0,1.0,0.7261687458902455,1.0,1.0,1.0,0.8859036441209356,1
9253,c38eb1a738745b1e,True,1.0,1.0,1.0,1.0,1.0,1.0,1.0,1
9254,c38fcc20f071501a,True,1.0,1.0,1.0,1.0,1.0,1.0,1.0,1
9255,c3907cc0d2ed5600,True,1.0,1.0,0.9404772838934645,1.0,1.0,1.0,0.9751988682889436,1
9256,c3976331b5e456d4,True,1.0,1.0,0.8915414833336488,1.0,1.0,1.0,0.9548089513890203,1
9257,c3987ea376cb5a69,True,1.0,1.0,1.0,1.0,1.0,1.0,1.0,1
9258,c39af88ae1be534a,True,1.0,1.0,0.9532046367360786,1.0,1.0,1.0,0.980501931973366,1
9259,c39df8b835525d97,True,1.0,1.0,0.8205360009642472,1.0,1.0,1.0,0.925223333735103,1
9260,c39f042bbc0256ba,True,1.0,1.0,0.8583910947814837,1.0,1.0,1.0,0.9409962894922849,1
9261,c3a9557ccfb5517c,True,1.0,1.0,0.8530079397947238,1.0,1.0,1.0,0.9387533082478017,1
9262,c3ace87d2f985eaa,True,0.0,1.0,0.0,0.0,1.0,1.0,0.0,1
9263,c3bb1d6556d95d40,True,1.0,1.0,0.865149041337676,1.0,1.0,1.0,0.943812100557365,1
9264,c3c6442b2f525269,True,1.0,1.0,0.9886912679499646,1.0,1.0,1.0,0.9952880283124852,1
9265,c3cdc9086b1a55f6,True,1.0,1.0,0.6605945653048123,1.0,1.0,1.0,0.8585810688770051,1
9266,c3d5c730ba905b86,True,1.0,1.0,1.0,1.0,1.0,1.0,1.0,1
9267,c3d6016d73645955,True,1.0,1.0,0.9411902227297515,0.0,1.0,1.0,0.5588292594707298,1
9268,c3d78ec633fa57be,True,1.0,1.0,1.0,1.0,1.0,1.0,1.0,1
9269,c3e80fd14bce51a0,True,1.0,1.0,0.8043139690417526,1.0,1.0,1.0,0.9184641537673969,1
9270,c3ed0328b37b586b,True,1.0,1.0,0.828510567921931,1.0,1.0,1.0,0.9285460699674712,1
9271,c3ef435d900256c1,True,1.0,1.0,0.8491978610269451,1.0,1.0,1.0,0.9371657754278937,1
9272,c400f7664ba35555,True,1.0,1.0,0.8580136644391477,1.0,1.0,1.0,0.9408390268496448,1
9273,c404e4b4b7a455d3,True,1.0,1.0,1.0,1.0,1.0,1.0,1.0,1
9274,c40e41ba1a285e0d,True,1.0,1.0,1.0,1.0,1.0,1.0,1.0,1
9275,c40ede27ed35520b,True,1.0,1.0,0.8381512658964532,1.0,1.0,1.0,0.9325630274568555,1
9276,c418551cd6285092,True,1.0,1.0,0.7846259199346193,1.0,1.0,1.0,0.910260799972758,1
9277,c41b4666b98e5b92,True,1.0,1.0,0.8636256340958617,1.0,1.0,1.0,0.9431773475399424,1
9278,c41c11cf85b751e2,True,1.0,1.0,0.8099491560624954,1.0,1.0,1.0,0.9208121483593731,1
9279,c41d82a41da35d8d,True,1.0,1.0,0.8262159815409386,0.0,1.0,1.0,0.5109233256420577,1
9280,c423fa3a18fa5187,True,1.0,1.0,1.0,1.0,1.0,1.0,1.0,1
9281,c42677f7e56f5c3f,True,1.0,1.0,1.0,1.0,1.0,1.0,1.0,1
9282,c42697d5870e5dee,True,1.0,1.0,0.9916449170173162,1.0,1.0,1.0,0.9965187154238816,1
9283,c4284fce4a2f5213,True,1.0,1.0,0.8011579216400037,1.0,1.0,1.0,0.9171491340166682,1
9284,c43312ea64bc5d28,True,1.0,1.0,0.8176021231505186,1.0,1.0,1.0,0.9240008846460493,1
9285,c43a415dd7d2585d,True,1.0,1.0,0.8409839654222906,1.0,1.0,1.0,0.9337433189259544,1
9286,c440ceb9353f50b6,True,1.0,1.0,0.7474574205997561,1.0,1.0,1.0,0.8947739252498984,1
9287,c44755b18af45385,True,1.0,1.0,1.0,1.0,1.0,1.0,1.0,1
9288,c447b75808ee5ea6,True,1.0,1.0,1.0,1.0,1.0,1.0,1.0,1
9289,c45fc2b353c655af,True,1.0,1.0,0.8646125876654059,1.0,1.0,1.0,0.9435885781939192,1
9290,c460ec097ed958a2,True,1.0,1.0,0.9566663374955753,1.0,1.0,1.0,0.981944307289823,1
9291,c46978b319c7533d,True,1.0,1.0,0.7608378297429289,1.0,1.0,1.0,0.9003490957262205,1
9292,c46b2546f3565375,True,1.0,1.0,0.5922163443602658,1.0,1.0,1.0,0.830090143483444,1
9293,c471f8a9626d5f11,True,1.0,1.0,0.5754173283965408,1.0,1.0,1.0,0.8230905534985586,1
9294,c472d369df235104,True,1.0,1.0,0.7622401909168274,1.0,1.0,1.0,0.9009334128820115,1
9295,c473976e5a2f5111,True,1.0,1.0,0.6262639376353294,1.0,1.0,1.0,0.8442766406813872,1
9296,c4808a6f1f7f5470,True,1.0,1.0,0.867207098120173,1.0,1.0,1.0,0.9446696242167388,1
9297,c484b85e7b07535c,True,1.0,1.0,0.8671903177136858,1.0,1.0,1.0,0.9446626323807025,1
9298,c4884a363f805a18,True,1.0,0.0,0.0,1.0,1.0,1.0,0.0,1
9299,c48cfa7c240d5808,True,1.0,1.0,0.8771463099230683,1.0,1.0,1.0,0.9488109624679452,1
9300,c493172b908c5df9,True,1.0,1.0,1.0,0.0,1.0,1.0,0.5833333333333334,1
9301,c497ee89b6205eb8,True,1.0,1.0,1.0,1.0,1.0,1.0,1.0,1
9302,c49e7550cee75722,True,1.0,1.0,1.0,1.0,1.0,1.0,1.0,1
9303,c4a4767fa7675875,True,1.0,1.0,1.0,1.0,1.0,1.0,1.0,1
9304,c4a50f520ab75da6,True,1.0,1.0,1.0,1.0,1.0,1.0,1.0,1
9305,c4b1d4fabd315035,True,1.0,1.0,1.0,1.0,1.0,1.0,1.0,1
9306,c4b85436e314515b,True,1.0,1.0,0.6104591937576616,1.0,1.0,1.0,0.8376913307323589,1
9307,c4ba306cfe4f59f6,True,1.0,1.0,1.0,1.0,1.0,1.0,1.0,1
9308,c4bacbfebba15b26,True,1.0,1.0,0.937570076524825,1.0,1.0,0.0,0.9739875318853438,1
9309,c4c1e92307c55e8a,True,1.0,1.0,0.8631961475222983,1.0,1.0,1.0,0.9429983948009576,1
9310,c4c2c95cc8a358d8,True,1.0,1.0,0.8108877807953604,1.0,1.0,1.0,0.9212032419980668,1
9311,c4cb19209497505a,True,1.0,1.0,1.0,1.0,1.0,1.0,1.0,1
9312,c4d424c8f74e5b70,True,1.0,1.0,1.0,1.0,1.0,1.0,1.0,1
9313,c4d87486264d508a,True,1.0,1.0,0.897616584360339,1.0,1.0,1.0,0.9573402434834746,1
9314,c4e78f6c6fbc5ebe,True,1.0,1.0,0.8918863332607474,1.0,1.0,1.0,0.9549526388586447,1
9315,c4e83619721455b0,True,1.0,1.0,0.7928504633416382,1.0,1.0,1.0,0.9136876930590159,1
9316,c4e94b7583555176,True,1.0,1.0,1.0,1.0,1.0,1.0,1.0,1
9317,c4f1593154f95224,True,1.0,1.0,1.0,1.0,1.0,1.0,1.0,1
9318,c4f21fef5b86535b,True,1.0,1.0,0.9561390790628225,1.0,1.0,1.0,0.981724616276176,1
9319,c4f590c6b7e85691,True,1.0,1.0,0.9803280968443839,1.0,1.0,1.0,0.99180337368516,1
9320,c4fad4d040a75b90,True,1.0,1.0,0.8385117139285067,1.0,1.0,1.0,0.9327132141368777,1
9321,c4fbbd685a1953c5,True,1.0,1.0,0.9556741827897577,1.0,1.0,1.0,0.9815309094957323,1
9322,c4fd814210875a8e,True,1.0,1.0,1.0,1.0,1.0,1.0,1.0,1
9323,c505de060d305ef5,True,1.0,1.0,0.9076299114314185,1.0,1.0,1.0,0.9615124630964244,1
9324,c5099436d08c5e1f,True,1.0,1.0,1.0,1.0,1.0,1.0,1.0,1
9325,c50b9b8950ba5347,True,1.0,1.0,1.0,1.0,1.0,1.0,1.0,1
9326,c51da2f899b55508,True,1.0,1.0,1.0,1.0,1.0,1.0,1.0,1
9327,c51ec68aa4fe5f05,True,1.0,1.0,1.0,1.0,1.0,1.0,1.0,1
9328,c520f76d99f359f2,True,1.0,1.0,0.8377711602635196,1.0,1.0,1.0,0.9324046501097998,1
9329,c52f491ebd5b521a,True,1.0,1.0,0.8762681832863012,1.0,1.0,1.0,0.9484450763692921,1
9330,c53328cc0fb15f17,True,1.0,1.0,0.9850943164183695,1.0,1.0,1.0,0.9937892985076541,1
9331,c5388dbd766353cf,True,1.0,1.0,1.0,1.0,1.0,1.0,1.0,1
9332,c538fa98187053d8,True,1.0,1.0,1.0,1.0,1.0,1.0,1.0,1
9333,c53ae2fe6cc751e7,True,1.0,1.0,1.0,1.0,1.0,1.0,1.0,1
9334,c5408aef4f3a538b,True,1.0,1.0,0.9965961917289035,1.0,1.0,1.0,0.9985817465537098,1
9335,c54227acd96156e1,True,1.0,1.0,0.7943621967294692,1.0,1.0,1.0,0.9143175819706122,1
9336,c543bad7f8ff5eae,True,1.0,1.0,0.7627272857191998,1.0,1.0,1.0,0.9011363690496665,1
9337,c5510354351d5d5e,True,0.0,1.0,0.0,0.0,1.0,1.0,0.0,1
9338,c55b4a959c2d5b8e,True,1.0,1.0,1.0,1.0,1.0,1.0,1.0,1
9339,c55ef877ea075993,True,1.0,1.0,0.7850022099779295,1.0,1.0,1.0,0.9104175874908039,1
9340,c5709bf1224a5401,True,1.0,1.0,0.9594122242015879,1.0,1.0,1.0,0.9830884267506615,1
9341,c5727dc4f8665554,True,1.0,1.0,0.9570858327682488,1.0,1.0,1.0,0.9821190969867702,1
9342,c574d461642f5deb,True,1.0,1.0,1.0,1.0,1.0,1.0,1.0,1
9343,c576010dd74157a5,True,1.0,1.0,1.0,1.0,1.0,1.0,1.0,1
9344,c580790700c057e0,True,1.0,1.0,0.900953194505671,1.0,1.0,1.0,0.9587304977106963,1
9345,c5972dc8ab5c5f70,True,1.0,1.0,0.9937237601498357,1.0,1.0,1.0,0.9973849000624315,1
9346,c59ff27cf18056b4,True,1.0,1.0,0.7569694371014398,1.0,1.0,1.0,0.8987372654589333,1
9347,c5a2a467d5e25058,True,1.0,1.0,0.8658615401286309,1.0,1.0,1.0,0.9441089750535961,1
9348,c5ae8b49dc6b54f6,True,1.0,1.0,0.6453150437108167,1.0,1.0,1.0,0.8522146015461737,1
9349,c5af9333bf63510d,True,1.0,1.0,0.8174837780018921,1.0,1.0,1.0,0.923951574167455,1
9350,c5b4ff1be8bb5113,True,1.0,1.0,0.809883478204671,1.0,1.0,1.0,0.9207847825852795,1
9351,c5b585ddf50d5f1f,True,1.0,1.0,1.0,1.0,1.0,1.0,1.0,1
9352,c5b7c7d45f1d5ac1,True,1.0,1.0,1.0,1.0,1.0,1.0,1.0,1
9353,c5bec7e4a75f5ca1,True,1.0,1.0,1.0,1.0,1.0,1.0,1.0,1
9354,c5c7922b844d592f,True,1.0,1.0,1.0,1.0,1.0,1.0,1.0,1
9355,c5d626fc4b6c5efb,True,1.0,1.0,1.0,1.0,1.0,1.0,1.0,1
9356,c5dfe79ae983556a,True,1.0,1.0,1.0,1.0,1.0,1.0,1.0,1
9357,c5e4f3c361b252c1,True,1.0,1.0,0.730586057405437,1.0,1.0,1.0,0.8877441905855988,1
9358,c5e8daf69c6552a7,True,1.0,1.0,0.689455745342384,1.0,1.0,1.0,0.8706065605593266,1
9359,c5ec810bb3625418,True,1.0,1.0,0.8469232134075062,1.0,1.0,0.5,0.936218005586461,1
9360,c5ee24aa8f5059d6,True,1.0,1.0,1.0,1.0,1.0,1.0,1.0,1
9361,c5f6d8de44475520,True,1.0,1.0,1.0,1.0,1.0,1.0,1.0,1
9362,c5f7658763815835,True,1.0,1.0,0.9262295454448954,1.0,1.0,1.0,0.9692623106020397,1
9363,c5fb72e3a0855c1b,True,1.0,1.0,0.6810264925800439,1.0,1.0,1.0,0.8670943719083516,1
9364,c5ff0a82eabb5b05,True,1.0,1.0,0.7153035238696623,1.0,1.0,1.0,0.881376468279026,1
9365,c5ff90667143574a,True,0.0,1.0,0.0,0.0,1.0,1.0,0.0,1
9366,c60be3c852c55da2,True,1.0,1.0,1.0,0.0,1.0,1.0,0.5833333333333334,1
9367,c617243cb58658eb,True,1.0,1.0,0.8660330212503153,1.0,1.0,1.0,0.9441804255209648,1
9368,c61d55c28f3b538d,True,1.0,1.0,0.7886779100114418,1.0,1.0,1.0,0.911949129171434,1
9369,c61fe0459c4451ef,True,1.0,1.0,0.8147034266022171,1.0,1.0,0.5,0.9227930944175905,1
9370,c6281b21b9015448,True,1.0,1.0,0.9728615515596738,1.0,1.0,1.0,0.988692313149864,1
9371,c62b532b8f355b16,True,1.0,1.0,0.775043087685956,1.0,1.0,1.0,0.9062679532024817,1
9372,c62dafe55b9d538d,True,1.0,1.0,1.0,1.0,1.0,1.0,1.0,1
9373,c6319bbc03fb57d0,True,1.0,1.0,0.9003814878519736,1.0,1.0,1.0,0.9584922866049889,1
9374,c63599ac19bc5e9a,True,1.0,1.0,1.0,1.0,1.0,1.0,1.0,1
9375,c63b3d251ef85a13,True,1.0,1.0,0.8142742806460873,1.0,1.0,1.0,0.9226142836025364,1
9376,c648574640a65934,True,1.0,1.0,0.5585851238007514,1.0,1.0,1.0,0.8160771349169798,1
9377,c64ddb8e7b675aa3,True,1.0,1.0,0.8919070097162561,1.0,1.0,1.0,0.95496125404844,1
9378,c64f55518a18575b,True,1.0,1.0,0.8851016292596556,1.0,1.0,1.0,0.9521256788581898,1
9379,c65181647b3b5092,True,1.0,1.0,0.9326157659000273,1.0,1.0,1.0,0.971923235791678,1
9380,c653006470bf521f,True,1.0,1.0,1.0,1.0,1.0,1.0,1.0,1
9381,c65a7b2b6f8c527e,True,1.0,1.0,1.0,1.0,1.0,1.0,1.0,1
9382,c65ad538a2275dd8,True,1.0,1.0,0.8044453357392057,1.0,1.0,1.0,0.9185188898913358,1
9383,c65c265780365bb1,True,1.0,1.0,0.8639646161929124,1.0,1.0,1.0,0.9433185900803802,1
9384,c65cb00fba005ab1,True,1.0,1.0,0.9246496477042763,1.0,1.0,1.0,0.9686040198767817,1
9385,c65fbb9cff2a59e5,True,1.0,1.0,0.7982062901604118,1.0,1.0,1.0,0.9159192875668382,1
9386,c66027dcfef35daf,True,1.0,1.0,0.7479823548136889,1.0,1.0,1.0,0.894992647839037,1
9387,c665621fe4e455cb,True,1.0,1.0,0.7628343574302963,1.0,1.0,1.0,0.9011809822626234,1
9388,c66aeafedcbd5140,True,1.0,1.0,0.6951641862401338,1.0,1.0,1.0,0.8729850776000557,1
9389,c66c7433e8855d01,True,1.0,1.0,0.6961564455997988,1.0,1.0,1.0,0.8733985189999162,1
9390,c6724cca6a1559a1,True,1.0,1.0,0.9357260818673276,1.0,1.0,1.0,0.9732192007780531,1
9391,c67262b6c33b5b0f,True,1.0,1.0,0.6259090123185157,1.0,1.0,1.0,0.8441287551327149,1
9392,c672b42254b3556d,True,1.0,1.0,0.8011235824048876,1.0,1.0,1.0,0.9171348260020364,1
9393,c672f1584cb75697,True,1.0,1.0,0.4722418198983392,1.0,1.0,1.0,0.7801007582909746,1
9394,c678ab21b707538f,True,1.0,1.0,0.8801490022440774,1.0,1.0,1.0,0.9500620842683656,1
9395,c67995ef5ccc58c6,True,1.0,1.0,0.9231374019197884,1.0,1.0,1.0,0.9679739174665786,1
9396,c67e9184504951c5,True,1.0,1.0,0.7448465965441802,1.0,1.0,1.0,0.8936860818934084,1
9397,c680cd635f095d1c,True,1.0,1.0,0.8288514179129279,1.0,1.0,1.0,0.9286880907970533,1
9398,c68108211dfa57e0,True,1.0,1.0,0.7379913091447421,1.0,1.0,1.0,0.8908297121436425,1
9399,c6851e9ed6b95ab0,True,1.0,1.0,1.0,1.0,1.0,1.0,1.0,1
9400,c687799dac8d5aa2,True,1.0,1.0,1.0,1.0,1.0,1.0,1.0,1
9401,c68a0ad53c105f0d,True,1.0,1.0,0.6924406912289464,1.0,1.0,1.0,0.871850288012061,1
9402,c69051fe82a95f3c,True,1.0,1.0,1.0,1.0,1.0,1.0,1.0,1
9403,c69d4cbd79ea52a0,True,1.0,1.0,0.9787819094671631,1.0,1.0,1.0,0.9911591289446514,1
9404,c6acf71b8b3b560c,True,1.0,1.0,0.9153131178639162,1.0,1.0,1.0,0.9647137991099651,1
9405,c6ad08c8eca55275,True,1.0,1.0,1.0,1.0,1.0,1.0,1.0,1
9406,c6aec764d6d059e9,True,1.0,1.0,0.9905914781005096,1.0,1.0,1.0,0.9960797825418789,1
9407,c6b7a8d63fc95d3a,True,1.0,1.0,0.7598899405076605,1.0,1.0,1.0,0.8999541418781919,1
9408,c6bd79f439c254a0,True,1.0,1.0,0.82664543181133,1.0,1.0,0.0,0.9277689299213875,1
9409,c6be203c41a155e4,True,1.0,1.0,0.8430927880151,1.0,1.0,1.0,0.9346219950062916,1
9410,c6c1dab6af9858f9,True,1.0,1.0,0.8681373812459073,1.0,1.0,1.0,0.9450572421857947,1
9411,c6c7e6c737cb5f4c,True,1.0,1.0,1.0,1.0,1.0,1.0,1.0,1
9412,c6c94bd6691c5008,True,1.0,1.0,1.0,1.0,1.0,1.0,1.0,1
9413,c6cef2558e365e85,True,1.0,1.0,1.0,1.0,1.0,1.0,1.0,1
9414,c6d6faaea8915ef2,True,1.0,1.0,1.0,1.0,1.0,1.0,1.0,1
9415,c6e19ffa3c34551c,True,1.0,1.0,0.9756379319913641,1.0,1.0,1.0,0.9898491383297351,1
9416,c6e62024ca7e5959,True,1.0,1.0,0.891837986356239,1.0,1.0,1.0,0.9549324943150995,1
9417,c6e9b00edaa454da,True,1.0,1.0,1.0,1.0,1.0,1.0,1.0,1
9418,c6ef6a6fcd2c5466,True,1.0,1.0,1.0,1.0,1.0,1.0,1.0,1
9419,c6f0769e0c465417,True,1.0,1.0,0.8551626173003244,1.0,1.0,1.0,0.9396510905418017,1
9420,c6fc9d4d4dec5609,True,1.0,1.0,0.8682419870450881,1.0,1.0,1.0,0.9451008279354535,1
9421,c70300305bb9547e,True,1.0,1.0,0.7549260483042071,1.0,1.0,1.0,0.8978858534600862,1
9422,c707d147a5655289,True,1.0,1.0,1.0,1.0,1.0,1.0,1.0,1
9423,c70cfaf737215fca,True,1.0,1.0,1.0,1.0,1.0,1.0,1.0,1
9424,c710ccf4dffd58a7,True,1.0,1.0,1.0,1.0,1.0,1.0,1.0,1
9425,c71161b938af5b16,True,1.0,1.0,0.9177580951247858,1.0,1.0,1.0,0.9657325396353275,1
9426,c719960a45715a9c,True,1.0,1.0,1.0,1.0,1.0,1.0,1.0,1
9427,c7215f0ccee350f8,True,1.0,1.0,1.0,1.0,1.0,1.0,1.0,1
9428,c72c3c003bc95aab,True,1.0,1.0,1.0,1.0,1.0,1.0,1.0,1
9429,c73482934be65cec,True,1.0,1.0,0.7295897132214944,1.0,1.0,0.5,0.8873290471756227,1
9430,c738206669ed589c,True,1.0,1.0,1.0,1.0,1.0,1.0,1.0,1
9431,c73914d4fedc513f,True,1.0,1.0,0.8690400774075108,1.0,1.0,1.0,0.9454333655864628,1
9432,c73dd42b15465858,True,1.0,1.0,0.6875944418466354,1.0,1.0,1.0,0.869831017436098,1
9433,c7440ee97f0b5e75,True,1.0,1.0,0.7304261500069034,1.0,1.0,1.0,0.8876775625028763,1
9434,c74dd20cc31755b0,True,1.0,1.0,0.9618483978113465,1.0,1.0,1.0,0.9841034990880612,1
9435,c75331b9d30957a1,True,1.0,1.0,0.9724899063865795,0.0,1.0,1.0,0.5718707943277415,1
9436,c756ce81365d5a3b,True,1.0,1.0,1.0,1.0,1.0,1.0,1.0,1
9437,c763328b4b3855b6,True,1.0,1.0,0.9878822708654698,1.0,1.0,1.0,0.9949509461939456,1
9438,c766d336f81858c5,True,1.0,1.0,1.0,1.0,1.0,0.0,1.0,1
9439,c768a604b14e5956,True,1.0,1.0,0.9449772367014554,1.0,1.0,1.0,0.9770738486256064,1
9440,c76dce931d555c6a,True,1.0,1.0,1.0,1.0,1.0,1.0,1.0,1
9441,c772799eaf1f5ad1,True,1.0,1.0,0.8082304850697074,1.0,1.0,1.0,0.9200960354457114,1
9442,c773514392cc56ba,True,1.0,1.0,0.9419820837985281,1.0,1.0,1.0,0.9758258682493867,1
9443,c778933c0b8f5093,True,1.0,1.0,1.0,1.0,1.0,1.0,1.0,1
9444,c77bcde9378b551c,True,1.0,1.0,0.9000326263156044,1.0,1.0,0.0,0.9583469276315019,1
9445,c77d485da6ce5075,True,1.0,1.0,0.7628032863858708,1.0,1.0,1.0,0.9011680359941128,1
9446,c77d96b1b7d65d8a,True,1.0,1.0,1.0,0.0,1.0,1.0,0.5833333333333334,1
9447,c77dbdd287825d1a,True,1.0,1.0,1.0,1.0,1.0,1.0,1.0,1
9448,c78f87b2bd4151d4,True,1.0,1.0,0.8563652739582498,1.0,1.0,1.0,0.940152197482604,1
9449,c7979a062bff5710,True,1.0,1.0,1.0,1.0,1.0,1.0,1.0,1
9450,c79ab4c1abcb56fa,True,1.0,1.0,0.4563136924913848,1.0,1.0,1.0,0.773464038538077,1
9451,c79b2a28285f5e11,True,1.0,1.0,0.9223506307255375,1.0,1.0,1.0,0.9676460961356407,1
9452,c7a1cded8d4652e2,True,1.0,1.0,0.8300103921703048,1.0,1.0,1.0,0.929170996737627,1
9453,c7a44a2e52bc5e22,True,1.0,0.0,0.0,1.0,1.0,0.5,0.0,1
9454,c7b030a4025a5066,True,1.0,1.0,0.9776493726688199,1.0,1.0,1.0,0.9906872386120084,1
9455,c7b679fb61655f22,True,1.0,1.0,1.0,1.0,1.0,1.0,1.0,1
9456,c7c04f1581855ac4,True,0.0,1.0,0.0,0.0,1.0,1.0,0.0,1
9457,c7c9121707745be3,True,1.0,1.0,1.0,0.0,1.0,1.0,0.5833333333333334,1
9458,c7cb2e43b2d053b7,True,1.0,1.0,0.8573505193195021,1.0,1.0,1.0,0.9405627163831259,1
9459,c7cd4edb7b455e9f,True,1.0,1.0,0.8604632365369526,1.0,1.0,1.0,0.9418596818903969,1
9460,c7ce79ec4bf956c4,True,1.0,1.0,1.0,1.0,1.0,1.0,1.0,1
9461,c7d7e1aa241a56a7,True,1.0,1.0,0.965471091424036,1.0,1.0,1.0,0.9856129547600151,1
9462,c7e06d79e58454ae,True,1.0,1.0,1.0,1.0,1.0,1.0,1.0,1
9463,c7ef706bfbef5f7c,True,1.0,1.0,1.0,1.0,1.0,1.0,1.0,1
9464,c7f3aa98380354ba,True,1.0,1.0,0.8165656289413655,1.0,1.0,0.5,0.9235690120589023,1
9465,c7fe7790d2225990,True,1.0,1.0,1.0,1.0,1.0,1.0,1.0,1
9466,c80072cd3e165a71,True,1.0,0.0,0.0,1.0,1.0,1.0,0.0,1
9467,c801a9f6c4e05919,True,1.0,1.0,0.8942340445944253,1.0,1.0,1.0,0.9559308519143439,1
9468,c80bc7cdeb5e50f0,True,1.0,1.0,0.8840985203711911,1.0,1.0,1.0,0.9517077168213296,1
9469,c810620e645e53b8,True,1.0,1.0,1.0,1.0,1.0,1.0,1.0,1
9470,c81b474102d75351,True,1.0,1.0,1.0,1.0,1.0,1.0,1.0,1
9471,c81f2105e14758ea,True,1.0,1.0,0.9158332838225253,1.0,1.0,1.0,0.9649305349260522,1
9472,c81fe92ff9c15e8d,True,1.0,1.0,0.9062523006100738,1.0,1.0,1.0,0.9609384585875308,1
9473,c820630081b056f7,True,1.0,1.0,0.9221769556049022,1.0,1.0,1.0,0.9675737315020426,1
9474,c823f9a693a05d93,True,1.0,1.0,0.8767230656191624,1.0,1.0,1.0,0.9486346106746509,1
9475,c82bebed0dac5691,True,1.0,1.0,0.8545898709242237,1.0,1.0,0.5,0.9394124462184266,1
9476,c83d1e0923295d5a,True,1.0,1.0,1.0,1.0,1.0,1.0,1.0,1
9477,c840eac7d70e5877,True,1.0,1.0,0.803136114354542,1.0,1.0,1.0,0.9179733809810591,1
9478,c841c36b56fb53f2,True,1.0,1.0,0.6461439987013324,1.0,1.0,1.0,0.8525599994588885,1
9479,c84475f2d8475f9d,True,1.0,1.0,0.9867929637837898,1.0,1.0,1.0,0.9944970682432457,1
9480,c844ccab55295a05,True,1.0,1.0,1.0,1.0,1.0,1.0,1.0,1
9481,c848c9ccc6e55adf,True,1.0,1.0,1.0,1.0,1.0,1.0,1.0,1
9482,c84b4ca798ca563a,True,1.0,1.0,1.0,1.0,1.0,1.0,1.0,1
9483,c84db99f6a4f51ae,True,1.0,1.0,0.8200829245545114,1.0,1.0,1.0,0.9250345518977131,1
9484,c84e6787935b5483,True,1.0,1.0,0.7914264288187915,1.0,1.0,0.5,0.9130943453411632,1
9485,c8507cfbe8575463,True,1.0,1.0,1.0,0.0,1.0,1.0,0.5833333333333334,1
9486,c856f2dbe8715b80,True,1.0,1.0,0.9245943255608438,1.0,1.0,1.0,0.968580968983685,1
9487,c8629b9dd63e56ad,True,1.0,0.0,0.0,1.0,1.0,1.0,0.0,1
9488,c8649af783035c0f,True,1.0,1.0,0.7599244206330033,1.0,1.0,1.0,0.8999685085970848,1
9489,c86c1d9c6e9c58aa,True,1.0,1.0,0.8401276774873627,0.0,1.0,1.0,0.5167198656197345,1
9490,c86e7d3c0dfb57bd,True,1.0,1.0,1.0,1.0,1.0,1.0,1.0,1
9491,c87001c4251e559a,True,1.0,1.0,1.0,1.0,1.0,1.0,1.0,1
9492,c87dc623a8b3564d,True,1.0,1.0,0.8817174558074014,1.0,1.0,1.0,0.9507156065864173,1
9493,c87fe1d7a3bd57cb,True,1.0,1.0,0.8924566264222675,1.0,1.0,1.0,0.9551902610092782,1
9494,c887e4bc08f85aa5,True,0.5,1.0,0.6283432805020809,0.0,1.0,1.0,0.21423818343793352,1
9495,c89f33e9f07d5aa8,True,1.0,1.0,0.7571644007379019,1.0,1.0,1.0,0.8988185003074592,1
9496,c8ab144242b05eba,True,1.0,1.0,1.0,0.0,1.0,1.0,0.5833333333333334,1
9497,c8aeadf284a05f44,True,1.0,1.0,0.747757998040855,1.0,1.0,1.0,0.8948991658503562,1
9498,c8b422346e1f5252,True,1.0,1.0,1.0,1.0,1.0,1.0,1.0,1
9499,c8b9b19008605f76,True,1.0,1.0,0.9280894974568479,1.0,1.0,1.0,0.9700372906070199,1
9500,c8bf35e6c9065d83,True,1.0,1.0,0.9861014430960214,1.0,1.0,1.0,0.9942089346233423,1
9501,c8bf5f09438e5507,True,1.0,1.0,1.0,1.0,1.0,1.0,1.0,1
9502,c8c9563dbe59572a,True,1.0,1.0,1.0,1.0,1.0,1.0,1.0,1
9503,c8d1d4dd7889577b,True,1.0,1.0,0.9870901325312363,1.0,1.0,1.0,0.9946208885546818,1
9504,c8d4707fcc465f8b,True,1.0,1.0,0.993887535965259,1.0,1.0,1.0,0.9974531399855247,1
9505,c8dc1e0c85f75036,True,1.0,1.0,1.0,1.0,1.0,1.0,1.0,1
9506,c8dd0a6b741e58b0,True,1.0,1.0,1.0,1.0,1.0,1.0,1.0,1
9507,c8deb087395357c3,True,1.0,1.0,0.7052874277592678,1.0,1.0,1.0,0.877203094899695,1
9508,c8df3a922f9d5550,True,1.0,1.0,1.0,1.0,1.0,1.0,1.0,1
9509,c8f1cf1b119f5afe,True,1.0,1.0,0.822100008727616,1.0,1.0,1.0,0.9258750036365067,1
9510,c8fa1980b26e5f46,True,1.0,1.0,0.6578529783165583,1.0,1.0,1.0,0.8574387409652328,1
9511,c90097f9ce775eab,True,1.0,1.0,0.954090549376604,1.0,1.0,1.0,0.9808710622402517,1
9512,c90d3a1a568a59d3,True,1.0,1.0,1.0,1.0,1.0,1.0,1.0,1
9513,c9150b81da695ae9,True,1.0,1.0,0.6940210650129843,1.0,1.0,1.0,0.8725087770887434,1
9514,c917da347a6e5d6d,True,1.0,1.0,0.7694466744491557,1.0,1.0,1.0,0.9039361143538148,1
9515,c91c301500e95244,True,0.0,1.0,0.0,0.0,1.0,1.0,0.0,1
9516,c928d5d9ddc25082,True,1.0,1.0,1.0,1.0,1.0,1.0,1.0,1
9517,c93008394b945625,True,1.0,1.0,0.7577196709251435,1.0,1.0,0.5,0.8990498628854765,1
9518,c932b69d2fed5f3c,True,1.0,1.0,0.8741245612435941,1.0,1.0,1.0,0.9475519005181642,1
9519,c9374cc3f2d45d75,True,1.0,1.0,1.0,1.0,1.0,1.0,1.0,1
9520,c9395d7ca7f75410,True,1.0,1.0,1.0,1.0,1.0,1.0,1.0,1
9521,c93a302d2fb2508f,True,1.0,1.0,0.7210144509933548,1.0,1.0,1.0,0.8837560212472312,1
9522,c940e807dd6b53c8,True,1.0,1.0,0.7345338942206264,1.0,1.0,1.0,0.8893891225919277,1
9523,c943799f7b8c5f7f,True,1.0,1.0,1.0,1.0,1.0,1.0,1.0,1
9524,c9459a7641335bba,True,1.0,1.0,1.0,1.0,1.0,1.0,1.0,1
9525,c9520de7084f5868,True,1.0,1.0,0.8725877377907455,1.0,1.0,1.0,0.9469115574128106,1
9526,c95348f67fa059ae,True,1.0,1.0,1.0,1.0,1.0,1.0,1.0,1
9527,c95d7e81eec75f65,True,1.0,1.0,0.999465768816285,1.0,1.0,1.0,0.999777403673452,1
9528,c95f17dbae835b51,True,1.0,1.0,0.6521513925150053,1.0,1.0,1.0,0.8550630802145855,1
9529,c95f789949355567,True,1.0,1.0,0.666774452637954,1.0,1.0,1.0,0.8611560219324809,1
9530,c9614cfb18a953ae,True,1.0,1.0,1.0,1.0,1.0,1.0,1.0,1
9531,c962887d22e95f88,True,1.0,1.0,1.0,1.0,1.0,1.0,1.0,1
9532,c9628d0526bb58c5,True,1.0,1.0,0.8114244501458511,1.0,1.0,1.0,0.921426854227438,1
9533,c968e1d258265a2b,True,1.0,1.0,0.8582142970540808,1.0,1.0,1.0,0.9409226237725337,1
9534,c96b4de8d3d55287,True,1.0,1.0,0.7547650841285117,1.0,1.0,1.0,0.8978187850535466,1
9535,c988ef2f076359de,True,1.0,1.0,1.0,1.0,1.0,1.0,1.0,1
9536,c98aa74c885e5b96,True,1.0,1.0,1.0,1.0,1.0,0.0,1.0,1
9537,c98ef0c5c89c51d6,True,1.0,1.0,0.8664731652889477,1.0,1.0,1.0,0.944363818870395,1
9538,c9902a827ade5f45,True,1.0,1.0,0.7943410159553342,1.0,1.0,1.0,0.9143087566480559,1
9539,c9903c96ff4153fe,True,1.0,1.0,1.0,0.0,1.0,1.0,0.5833333333333334,1
9540,c9968e9ec0135b9d,True,1.0,1.0,1.0,1.0,1.0,1.0,1.0,1
9541,c9a4d6a0295f5142,True,1.0,1.0,1.0,1.0,1.0,1.0,1.0,1
9542,c9a74fd5fd9e57c8,True,1.0,1.0,0.7251941721289383,1.0,1.0,1.0,0.885497571720391,1
9543,c9aa2159bc3a50a0,True,1.0,1.0,0.8921915457717607,1.0,1.0,1.0,0.9550798107382338,1
9544,c9ab8a82cfa054ff,True,1.0,1.0,0.854223106538259,1.0,1.0,1.0,0.9392596277242745,1
9545,c9b12b21fa7c57fd,True,1.0,1.0,1.0,1.0,1.0,1.0,1.0,1
9546,c9b3ce1062455ad6,True,1.0,1.0,1.0,1.0,1.0,1.0,1.0,1
9547,c9b41d0b992158c6,True,1.0,1.0,0.8660491911455925,1.0,1.0,1.0,0.9441871629773302,1
9548,c9c4bcd94e755b0f,True,1.0,1.0,0.880293802640123,1.0,1.0,0.0,0.9501224177667179,1
9549,c9c7f9354f935514,True,1.0,1.0,0.9481704911300137,1.0,1.0,1.0,0.9784043713041725,1
9550,c9ca538cb3235e43,True,1.0,1.0,1.0,1.0,1.0,1.0,1.0,1
9551,c9cf4a630abf5bc7,True,1.0,1.0,1.0,1.0,1.0,1.0,1.0,1
9552,c9ddc670b1195efd,True,1.0,1.0,0.8780412512271888,1.0,1.0,1.0,0.9491838546779953,1
9553,c9e050ae7be45001,True,1.0,1.0,1.0,1.0,1.0,1.0,1.0,1
9554,c9e5306d839d5427,True,1.0,1.0,0.9386842180173871,1.0,1.0,1.0,0.9744517575072447,1
9555,c9ecfe02b17a5c40,True,1.0,1.0,0.7628112219947879,1.0,1.0,1.0,0.9011713424978284,1
9556,c9f0c60627ba5237,True,1.0,1.0,1.0,1.0,1.0,1.0,1.0,1
9557,c9f514edbbb55dd9,True,1.0,1.0,1.0,0.0,1.0,1.0,0.5833333333333334,1
9558,c9f8032d2d725257,True,1.0,1.0,0.9609100776892826,1.0,1.0,1.0,0.9837125323705344,1
9559,c9fb5f51480b5ff8,True,1.0,1.0,1.0,1.0,1.0,1.0,1.0,1
9560,ca000fa91efb560c,True,1.0,1.0,0.9339360372283766,1.0,1.0,1.0,0.9724733488451568,1
9561,ca009ab283bc5484,True,1.0,1.0,1.0,1.0,1.0,1.0,1.0,1
9562,ca18572aeb9755ba,True,1.0,1.0,0.7649527266865631,1.0,1.0,1.0,0.9020636361194013,1
9563,ca2552a32a0058bc,True,1.0,1.0,0.9153472303474753,1.0,1.0,1.0,0.9647280126447814,1
9564,ca3e9faa3258522b,True,1.0,1.0,1.0,1.0,1.0,1.0,1.0,1
9565,ca41dc3231965d47,True,1.0,1.0,0.9472074645222184,1.0,1.0,1.0,0.9780031102175911,1
9566,ca4686a3d8a55f9f,True,1.0,1.0,0.834476311122137,1.0,1.0,1.0,0.9310317963008904,1
9567,ca4be8d422eb5f56,True,1.0,1.0,0.9608621841168133,1.0,1.0,1.0,0.9836925767153389,1
9568,ca4f746c0a4f5396,True,1.0,1.0,0.8337856605284028,1.0,1.0,1.0,0.9307440252201679,1
9569,ca58b2e039305479,True,1.0,1.0,0.9062161944575206,1.0,1.0,1.0,0.9609234143573002,1
9570,ca5969a1b0775849,True,1.0,1.0,1.0,1.0,1.0,1.0,1.0,1
9571,ca59ecba5722534c,True,1.0,1.0,0.7522039983995047,1.0,1.0,0.5,0.8967516659997936,1
9572,ca62812a55ce5f0b,True,1.0,1.0,0.8609715073294906,1.0,1.0,1.0,0.9420714613872878,1
9573,ca68dbc018a35aa3,True,1.0,1.0,0.9115501508614362,1.0,1.0,1.0,0.9631458961922651,1
9574,ca6a8cc7012a5fac,True,1.0,1.0,0.8104207455944128,1.0,1.0,1.0,0.921008643997672,1
9575,ca7c752bcdfa5e4d,True,1.0,1.0,1.0,1.0,1.0,1.0,1.0,1
9576,ca7e845b9c19597c,True,1.0,1.0,0.6563773726368027,1.0,1.0,1.0,0.8568239052653345,1
9577,ca85e7b7b71559b3,True,1.0,1.0,0.7882777249883646,1.0,1.0,1.0,0.9117823854118186,1
9578,ca8a417f32d859ba,True,0.0,1.0,0.0,0.0,1.0,1.0,0.0,1
9579,ca8b5c5ed914507c,True,1.0,1.0,1.0,1.0,1.0,1.0,1.0,1
9580,caa0f73288d75ba7,True,0.0,1.0,0.0,0.0,1.0,1.0,0.0,1
9581,caa3170f8c3b5cfe,True,1.0,1.0,0.7073984134481899,1.0,1.0,1.0,0.8780826722700791,1
9582,caaf011808a15c9e,True,1.0,1.0,0.796815069363072,1.0,1.0,1.0,0.9153396122346132,1
9583,cab75d9e74eb52a1,True,1.0,1.0,0.9131450238969876,1.0,1.0,1.0,0.9638104266237448,1
9584,cac5deee337257e1,True,1.0,1.0,0.9132097154431973,1.0,1.0,1.0,0.9638373814346656,1
9585,cace9e6345445eee,True,1.0,1.0,0.9037344110249321,1.0,1.0,1.0,0.9598893379270551,1
9586,cacf768cc27e5574,True,1.0,1.0,0.7302154628384414,1.0,1.0,1.0,0.887589776182684,1
9587,cadeb92fe01652e3,True,1.0,1.0,0.8464481930812986,1.0,1.0,1.0,0.9360200804505411,1
9588,cae6cbccfd535659,True,1.0,1.0,0.7740649050891363,1.0,1.0,1.0,0.9058603771204735,1
9589,caee3d86c00351e6,True,1.0,1.0,0.8160806702886725,1.0,1.0,1.0,0.9233669459536135,1
9590,cb02d1e1315a5e67,True,1.0,1.0,0.8903492680567413,1.0,1.0,1.0,0.9543121950236423,1
9591,cb0505ba89415347,True,1.0,1.0,1.0,1.0,1.0,1.0,1.0,1
9592,cb0905651ea35122,True,1.0,1.0,0.8475537127159892,1.0,1.0,1.0,0.9364807136316622,1
9593,cb10eedc602a59ab,True,1.0,1.0,1.0,1.0,1.0,1.0,1.0,1
9594,cb163ff9424a5aee,True,1.0,1.0,0.9392569831643346,1.0,1.0,1.0,0.9746904096518061,1
9595,cb1d400e9da85f43,True,1.0,1.0,1.0,1.0,1.0,1.0,1.0,1
9596,cb22383a26cf594e,True,1.0,1.0,0.929023341458689,1.0,1.0,1.0,0.9704263922744537,1
9597,cb2a52e9af3a5e0a,True,1.0,1.0,1.0,1.0,1.0,1.0,1.0,1
9598,cb2db72bfca85119,True,1.0,1.0,0.6733995279793056,1.0,1.0,1.0,0.8639164699913774,1
9599,cb3bbfd7864d53f5,True,1.0,1.0,1.0,1.0,1.0,1.0,1.0,1
9600,cb3c9e9327b25cdc,True,1.0,1.0,1.0,1.0,1.0,1.0,1.0,1
9601,cb5022a3bef557e3,True,1.0,1.0,0.8660720635532695,1.0,1.0,1.0,0.9441966931471956,1
9602,cb50b764d69557b9,True,1.0,1.0,1.0,0.0,1.0,1.0,0.5833333333333334,1
9603,cb52442dd7165211,True,1.0,1.0,1.0,1.0,1.0,1.0,1.0,1
9604,cb53746741b25730,True,1.0,1.0,0.8239166887012795,1.0,1.0,1.0,0.9266319536255331,1
9605,cb5ec9cf4fb556c7,True,1.0,1.0,0.8598249299425194,1.0,1.0,1.0,0.941593720809383,1
9606,cb61b4237ad25a7c,True,1.0,1.0,0.9628382875062501,1.0,1.0,1.0,0.9845159531276041,1
9607,cb61f2ea159355a0,True,1.0,1.0,1.0,1.0,1.0,1.0,1.0,1
9608,cb70f332bc5f5bcf,True,1.0,1.0,1.0,1.0,1.0,1.0,1.0,1
9609,cb71a934523a5d4a,True,1.0,1.0,1.0,1.0,1.0,1.0,1.0,1
9610,cb7ce9515c495674,True,1.0,1.0,0.7410298575340025,1.0,1.0,1.0,0.8920957739725011,1
9611,cb84621ac42a5df2,True,1.0,1.0,1.0,1.0,1.0,1.0,1.0,1
9612,cb8822d19cc45d85,True,1.0,1.0,1.0,1.0,1.0,1.0,1.0,1
9613,cb8b1f36617c50d4,True,1.0,0.0,0.0,1.0,1.0,1.0,0.0,1
9614,cb91b17626f85892,True,1.0,1.0,1.0,1.0,1.0,1.0,1.0,1
9615,cb9992677d95539f,True,1.0,1.0,0.8715021121145462,1.0,1.0,1.0,0.9464592133810609,1
9616,cba2150084b1510a,True,1.0,1.0,0.9538282349327312,1.0,1.0,1.0,0.9807617645553046,1
9617,cba43d02cf795a0f,True,1.0,1.0,1.0,1.0,1.0,1.0,1.0,1
9618,cba63a3ef5bc51b3,True,0.0,1.0,0.0,0.0,1.0,1.0,0.0,1
9619,cbadd750cbd6581b,True,1.0,1.0,0.8444845886923552,1.0,1.0,1.0,0.935201911955148,1
9620,cbb499611c3f53ca,True,1.0,1.0,1.0,0.0,1.0,1.0,0.5833333333333334,1
9621,cbb9f6ff18285688,True,1.0,1.0,0.8507497517883592,1.0,1.0,1.0,0.937812396578483,1
9622,cbbc4cdfaf2e5106,True,1.0,1.0,0.7893543025745791,1.0,1.0,1.0,0.9122309594060747,1
9623,cbbf59be3a4e555d,True,1.0,1.0,0.9454974238255575,1.0,1.0,1.0,0.9772905932606489,1
9624,cbc1c1f392825ad6,True,1.0,1.0,0.79541168256948,1.0,1.0,1.0,0.9147548677372833,1
9625,cbc47540cc665da4,True,1.0,1.0,0.7624539928269042,1.0,1.0,1.0,0.9010224970112101,1
9626,cbc6f9e782c950ad,True,1.0,1.0,1.0,1.0,1.0,1.0,1.0,1
9627,cbc996c2f68c541c,True,1.0,1.0,0.9155755223466989,1.0,1.0,1.0,0.9648231343111245,1
9628,cbcd554895c75231,True,1.0,1.0,0.8545437046702241,1.0,1.0,1.0,0.93939321027926,1
9629,cbd04a396e145288,True,1.0,1.0,1.0,1.0,1.0,1.0,1.0,1
9630,cbd14310b3885779,True,1.0,1.0,0.8871101676499881,1.0,1.0,1.0,0.9529625698541618,1
9631,cbda46701b0d57b8,True,1.0,1.0,0.9635600218833952,1.0,1.0,1.0,0.984816675784748,1
9632,cbdda157b6705786,True,1.0,0.0,0.0,1.0,1.0,1.0,0.0,1
9633,cbe2fffee4105dbf,True,1.0,1.0,0.8969589371350888,1.0,1.0,1.0,0.957066223806287,1
9634,cbe3a6c80bfb5327,True,0.0,1.0,0.0,0.0,1.0,1.0,0.0,1
9635,cbe5bb78a9be547e,True,1.0,1.0,0.9451214395370573,1.0,1.0,1.0,0.9771339331404406,1
9636,cbe7b4e464235ca6,True,1.0,1.0,0.8566030993310916,1.0,1.0,1.0,0.9402512913879549,1
9637,cbec1eda814e5065,True,1.0,1.0,1.0,1.0,1.0,1.0,1.0,1
9638,cbf0e5deee8956a9,True,1.0,1.0,0.8911153224947473,1.0,1.0,1.0,0.9546313843728114,1
9639,cbf41000a2105ca1,True,1.0,1.0,0.9938286890784899,1.0,1.0,1.0,0.9974286204493708,1
9640,cbf53151339658cb,True,1.0,1.0,0.7855498447043837,1.0,1.0,1.0,0.9106457686268264,1
9641,cc063cc1396551a6,True,1.0,1.0,0.9182892912346317,1.0,1.0,1.0,0.9659538713477632,1
9642,cc0668b663b25703,True,1.0,1.0,0.8394252830888125,1.0,1.0,1.0,0.9330938679536719,1
9643,cc1862b24d0157bb,True,1.0,1.0,1.0,1.0,1.0,1.0,1.0,1
9644,cc2587bf27c75cc2,True,1.0,1.0,1.0,1.0,1.0,1.0,1.0,1
9645,cc2ab80d336a56e0,True,1.0,1.0,0.8256976256431782,1.0,1.0,1.0,0.9273740106846576,1
9646,cc3ebf79ba985643,True,1.0,1.0,0.8102169258803996,1.0,1.0,0.5,0.9209237191168332,1
9647,cc4a4dc2afc75aed,True,1.0,1.0,1.0,1.0,1.0,1.0,1.0,1
9648,cc4bccf7f7175ea3,True,1.0,1.0,0.8376002803012574,1.0,1.0,1.0,0.9323334501255239,1
9649,cc54b0f77c84506d,True,1.0,1.0,0.9184794886230112,1.0,1.0,1.0,0.966033120259588,1
9650,cc57d9b7b5e85eb3,True,1.0,1.0,0.8355285009483284,1.0,1.0,1.0,0.9314702087284701,1
9651,cc5e04be1f105d15,True,1.0,1.0,0.7934064466830024,1.0,1.0,1.0,0.9139193527845842,1
9652,cc6022c226c15d80,True,1.0,0.0,0.0,1.0,1.0,1.0,0.0,1
9653,cc63d140e4285f30,True,1.0,1.0,0.8943736482953146,1.0,1.0,1.0,0.9559890201230478,1
9654,cc652b7870745fa5,True,1.0,1.0,0.8004920876095263,1.0,1.0,1.0,0.9168717031706359,1
9655,cc65333a2182508c,True,1.0,1.0,0.8108855478044139,1.0,1.0,1.0,0.9212023115851725,1
9656,cc71f3639268516f,True,1.0,1.0,1.0,1.0,1.0,1.0,1.0,1
9657,cc7707ad6d0d5346,True,1.0,1.0,0.7920249514065465,1.0,1.0,1.0,0.9133437297527277,1
9658,cc7a2b953265554a,True,1.0,1.0,1.0,1.0,1.0,1.0,1.0,1
9659,cc7afdc5a1e95b5a,True,1.0,1.0,0.8242327776091973,1.0,1.0,1.0,0.9267636573371655,1
9660,cc7d3c360c345a4b,True,1.0,1.0,1.0,1.0,1.0,1.0,1.0,1
9661,cc853dd8697f51b3,True,1.0,1.0,0.8087156198560331,1.0,1.0,1.0,0.9202981749400138,1
9662,cc86bfa114035604,True,1.0,0.0,0.0,1.0,1.0,1.0,0.0,1
9663,cc8a7b88b06b56c2,True,1.0,1.0,1.0,1.0,1.0,1.0,1.0,1
9664,cc8b8b4ae726592a,True,1.0,1.0,1.0,1.0,1.0,1.0,1.0,1
9665,cc934224447a5c86,True,1.0,1.0,0.8977607448739402,1.0,1.0,1.0,0.9574003103641417,1
9666,cc9a87182a05533d,True,1.0,1.0,0.8517585564776738,1.0,1.0,1.0,0.9382327318656974,1
9667,cc9afc95afab5758,True,1.0,1.0,0.8673579516630878,1.0,1.0,1.0,0.9447324798596201,1
9668,cc9e361d27725cb7,True,1.0,1.0,0.90226681388513,1.0,1.0,1.0,0.9592778391188043,1
9669,cc9f9924e6f25e64,True,1.0,1.0,0.9431825417852068,1.0,1.0,0.0,0.9763260590771695,1
9670,cca534b6970f5c8e,True,1.0,1.0,0.8062206439451264,1.0,1.0,1.0,0.9192586016438028,1
9671,ccaf88fb91a25119,True,1.0,1.0,0.685015916982895,1.0,1.0,1.0,0.8687566320762062,1
9672,ccb2ae93b23b5826,True,1.0,1.0,1.0,0.0,1.0,1.0,0.5833333333333334,1
9673,ccb49e301e40523f,True,1.0,1.0,0.9252577895508297,1.0,1.0,1.0,0.9688574123128456,1
9674,ccc2b2377fea5191,True,1.0,1.0,1.0,0.0,1.0,1.0,0.5833333333333334,1
9675,cccd69e7a6ff5be3,True,1.0,1.0,1.0,1.0,1.0,1.0,1.0,1
9676,ccce59bb3b3a5c29,True,1.0,1.0,1.0,1.0,1.0,1.0,1.0,1
9677,ccd1908db4765e03,True,1.0,1.0,1.0,1.0,1.0,0.0,1.0,1
9678,ccd3ef26274b5b13,True,1.0,1.0,1.0,1.0,1.0,1.0,1.0,1
9679,ccd53fdd1b6e51b8,True,1.0,1.0,0.6674454639847633,1.0,1.0,1.0,0.8614356099936513,1
9680,ccd6fe2d044e5309,True,1.0,1.0,1.0,1.0,1.0,1.0,1.0,1
9681,ccd74f5377b85a36,True,0.0,1.0,0.0,0.0,1.0,1.0,0.0,1
9682,ccdb6840a0445870,True,1.0,1.0,0.8091037384545452,1.0,1.0,1.0,0.9204598910227272,1
9683,ccdb8ab156ba5b06,True,1.0,1.0,0.8247621119635856,1.0,1.0,1.0,0.9269842133181606,1
9684,cce0795c7ff05129,True,1.0,1.0,0.690082268451435,1.0,1.0,1.0,0.8708676118547647,1
9685,cce49307530e5b60,True,1.0,1.0,1.0,1.0,1.0,1.0,1.0,1
9686,ccf5fed938d95a04,True,1.0,1.0,1.0,1.0,1.0,1.0,1.0,1
9687,ccf8ef537aa65a7a,True,1.0,1.0,0.9603792049448262,1.0,1.0,1.0,0.9834913353936776,1
9688,ccfe1da323ed53a9,True,1.0,1.0,0.7855362404622963,1.0,1.0,1.0,0.9106401001926234,1
9689,ccffd575a3fb5958,True,1.0,1.0,0.9487265807764179,1.0,1.0,0.0,0.9786360753235076,1
9690,cd008a1ed571512f,True,1.0,1.0,0.7937610896283939,1.0,1.0,1.0,0.9140671206784975,1
9691,cd0a001eb97a5c88,True,1.0,1.0,0.6666848728523888,1.0,1.0,1.0,0.8611186970218286,1
9692,cd0b91f235e25b76,True,1.0,1.0,0.658781156038779,1.0,1.0,1.0,0.8578254816828247,1
9693,cd0fd62195e552da,True,1.0,1.0,0.7454683695075047,1.0,1.0,1.0,0.8939451539614603,1
9694,cd1234d5b4b2570d,True,1.0,1.0,0.7201313196169509,0.0,1.0,1.0,0.4667213831737295,1
9695,cd1304eac1a25f00,True,1.0,1.0,0.9413199372571595,1.0,1.0,1.0,0.9755499738571497,1
9696,cd16888f31015b81,True,1.0,1.0,1.0,1.0,1.0,0.5,1.0,1
9697,cd177406e5b056d6,True,1.0,1.0,0.8217041082025102,1.0,1.0,1.0,0.9257100450843793,1
9698,cd284af1ade75426,True,1.0,0.0,0.0,1.0,1.0,1.0,0.0,1
9699,cd2a694affd65d94,True,1.0,1.0,0.8348149667331888,1.0,1.0,1.0,0.9311729028054954,1
9700,cd2e3c6240d55147,True,1.0,1.0,0.8808673908742672,1.0,1.0,1.0,0.950361412864278,1
9701,cd2f52e2012f5088,True,1.0,1.0,1.0,1.0,1.0,1.0,1.0,1
9702,cd34209eec085b73,True,1.0,1.0,0.9115093153532227,1.0,1.0,1.0,0.9631288813971762,1
9703,cd3b1de5d5d759e7,True,1.0,1.0,0.9102972549614894,1.0,1.0,1.0,0.9626238562339539,1
9704,cd3b8dce1faa577f,True,1.0,1.0,0.8125147096389911,1.0,1.0,1.0,0.9218811290162462,1
9705,cd41ee390afb5da7,True,1.0,1.0,0.7915244490341076,1.0,1.0,0.0,0.9131351870975447,1
9706,cd4e4564d732554e,True,1.0,1.0,0.7975098966696745,1.0,1.0,1.0,0.9156291236123644,1
9707,cd58499f8230591a,True,1.0,0.0,0.0,1.0,1.0,1.0,0.0,1
9708,cd59c2696d01521a,True,1.0,1.0,0.8648943398731991,1.0,1.0,1.0,0.9437059749471662,1
9709,cd5af222f868534b,True,1.0,1.0,1.0,1.0,1.0,1.0,1.0,1
9710,cd5c67041095597b,True,1.0,1.0,1.0,1.0,1.0,1.0,1.0,1
9711,cd67b6a868ed5745,True,1.0,1.0,1.0,1.0,1.0,1.0,1.0,1
9712,cd6e2fc752755753,True,1.0,1.0,1.0,1.0,1.0,1.0,1.0,1
9713,cd701e198d595e2b,True,1.0,1.0,0.9610283872160024,1.0,1.0,1.0,0.9837618280066677,1
9714,cd72b9f6b03f5f41,True,0.0,1.0,0.0,0.0,1.0,1.0,0.0,1
9715,cd7568df56095ff2,True,1.0,1.0,1.0,1.0,1.0,1.0,1.0,1
9716,cd7575ed015c5678,True,1.0,1.0,0.9104221798277017,1.0,1.0,1.0,0.9626759082615424,1
9717,cd78333fa2c45328,True,1.0,1.0,0.9557613405733348,1.0,1.0,1.0,0.9815672252388895,1
9718,cd7e4f70ce8e539b,True,1.0,1.0,0.6493755813781822,1.0,1.0,1.0,0.8539064922409092,1
9719,cd7e9823f2b15e0f,True,1.0,1.0,0.9450398389240067,1.0,1.0,1.0,0.9770999328850029,1
9720,cd828def214c571e,True,0.0,1.0,0.0,0.0,1.0,1.0,0.0,1
9721,cd8518ca186155f9,True,1.0,1.0,1.0,1.0,1.0,1.0,1.0,1
9722,cd8713b912495b6d,True,1.0,1.0,0.9054355589076092,1.0,1.0,1.0,0.9605981495448371,1
9723,cd89b212efe9585a,True,1.0,1.0,1.0,1.0,1.0,1.0,1.0,1
9724,cd9330daeec55224,True,1.0,1.0,0.6414084254262999,1.0,1.0,1.0,0.850586843927625,1
9725,cd96f8a73c7a5d07,True,1.0,1.0,0.7828766358687428,1.0,1.0,1.0,0.9095319316119762,1
9726,cd9d029138325c2c,True,1.0,1.0,0.8213212738331745,1.0,1.0,1.0,0.9255505307638227,1
9727,cd9db9ad41d35989,True,1.0,1.0,0.8148328192328453,1.0,1.0,1.0,0.9228470080136856,1
9728,cd9e6c1924c35b85,True,1.0,1.0,0.8811086442107083,1.0,1.0,1.0,0.9504619350877951,1
9729,cda381919f5e5dca,True,1.0,1.0,0.9307768650073472,1.0,1.0,0.0,0.9711570270863946,1
9730,cda41068b4b65ae0,True,1.0,1.0,0.7823729058649089,1.0,1.0,1.0,0.9093220441103788,1
9731,cdab92d3f2d955db,True,1.0,1.0,1.0,1.0,1.0,1.0,1.0,1
9732,cdac2937953e5398,True,1.0,1.0,0.8212752819925124,1.0,1.0,1.0,0.9255313674968803,1
9733,cdae0433bb5d5b9e,True,1.0,1.0,1.0,1.0,1.0,1.0,1.0,1
9734,cdb1d43f01565d9c,True,1.0,1.0,0.8759300345106602,1.0,1.0,1.0,0.9483041810461085,1
9735,cdb932bd30715a52,True,1.0,1.0,0.5582855447285341,1.0,1.0,1.0,0.8159523103035559,1
9736,cdba9f9589685289,True,1.0,1.0,0.9265769236030567,1.0,1.0,1.0,0.9694070515012735,1
9737,cdc030cdbc9153ae,True,1.0,1.0,1.0,1.0,1.0,1.0,1.0,1
9738,cdc469758f7c502b,True,1.0,1.0,1.0,1.0,1.0,1.0,1.0,1
9739,cdc6e3f7dcb25376,True,1.0,1.0,1.0,1.0,1.0,1.0,1.0,1
9740,cdc8b2ccd20f5c80,True,1.0,1.0,0.9130367328716225,1.0,1.0,1.0,0.9637653053631761,1
9741,cdc9d2e591cc552c,True,1.0,1.0,1.0,1.0,1.0,1.0,1.0,1
9742,cdc9eb7c7ddb5b08,True,1.0,1.0,0.8384541980905137,1.0,1.0,1.0,0.9326892492043807,1
9743,cdd00e6a0e4754e5,True,1.0,1.0,1.0,1.0,1.0,1.0,1.0,1
9744,cdd097ea065a5ff7,True,1.0,1.0,0.9992356552256477,1.0,1.0,1.0,0.9996815230106866,1
9745,cdd72f4a568a55a0,True,1.0,1.0,1.0,1.0,1.0,1.0,1.0,1
9746,cdda15bd879d5a30,True,1.0,1.0,0.6534023073236941,1.0,1.0,1.0,0.8555842947182059,1
9747,cddadd26002959f4,True,1.0,1.0,0.8803894279985844,1.0,1.0,1.0,0.9501622616660769,1
9748,cde38b08b4a157f5,True,1.0,1.0,0.9927145922367525,1.0,1.0,1.0,0.9969644134319803,1
9749,cde54c98cbec5255,True,1.0,1.0,0.8652411842250057,1.0,1.0,1.0,0.9438504934270857,1
9750,cde6be1eb8f85b3c,True,1.0,1.0,0.9136868398094474,1.0,1.0,1.0,0.9640361832539365,1
9751,cde748c5a6905684,True,1.0,1.0,1.0,1.0,1.0,1.0,1.0,1
9752,cde9cee2c4f55145,True,1.0,1.0,0.827696819263296,1.0,1.0,1.0,0.9282070080263733,1
9753,cdeb1bce85c45cb2,True,1.0,1.0,0.7306853592916855,1.0,1.0,1.0,0.8877855663715356,1
9754,cdec001a2536542c,True,1.0,1.0,0.9772457069351446,1.0,1.0,1.0,0.9905190445563102,1
9755,cdf234c4f4c35156,True,1.0,0.0,0.0,1.0,1.0,1.0,0.0,1
9756,cdf51b82bae55641,True,0.0,1.0,0.0,0.0,1.0,1.0,0.0,1
9757,cdf6bdc01f055c77,True,1.0,1.0,0.8897165756126995,1.0,1.0,1.0,0.9540485731719581,1
9758,cdf704c535245f57,True,1.0,1.0,0.807600549091126,1.0,1.0,1.0,0.9198335621213025,1
9759,cdf8b694cdb75ac7,True,1.0,1.0,0.7274545783605542,1.0,1.0,1.0,0.8864394076502308,1
9760,cdfc50d75d0c56df,True,1.0,1.0,1.0,1.0,1.0,1.0,1.0,1
9761,ce01babf6dfb598e,True,1.0,1.0,0.7449958959995178,1.0,1.0,1.0,0.8937482899997992,1
9762,ce09ed938df353d1,True,1.0,1.0,1.0,1.0,1.0,1.0,1.0,1
9763,ce0c8678bc8559b9,True,1.0,1.0,1.0,1.0,1.0,0.5,1.0,1
9764,ce124b0ef61757d1,True,1.0,1.0,0.9605499474320296,1.0,1.0,1.0,0.9835624780966791,1
9765,ce19d75d9b55589d,True,1.0,1.0,0.9189801309045683,1.0,1.0,1.0,0.9662417212102369,1
9766,ce1f8997a8ce502b,True,1.0,1.0,1.0,1.0,1.0,1.0,1.0,1
9767,ce23b8e489255237,True,1.0,0.0,0.0,1.0,1.0,1.0,0.0,1
9768,ce27f725951058f3,True,1.0,1.0,1.0,0.0,1.0,1.0,0.5833333333333334,1
9769,ce28bbe99d7f5f43,True,1.0,1.0,0.804915605925507,1.0,1.0,1.0,0.9187148358022945,1
9770,ce2de8af70e05a57,True,1.0,1.0,0.8290012853658137,1.0,1.0,1.0,0.928750535569089,1
9771,ce2f1ac423965b7a,True,1.0,1.0,1.0,1.0,1.0,1.0,1.0,1
9772,ce3a4f649e23590d,True,1.0,1.0,0.8855031801636475,1.0,1.0,1.0,0.9522929917348532,1
9773,ce3d0bc0b2d55876,True,1.0,1.0,0.7737525199434243,1.0,1.0,1.0,0.9057302166430935,1
9774,ce3ff067f10b526b,True,1.0,1.0,1.0,1.0,1.0,1.0,1.0,1
9775,ce516bdfc6e45d5b,True,1.0,1.0,0.9392634504769448,1.0,1.0,1.0,0.9746931043653936,1
9776,ce567ba416055525,True,1.0,1.0,0.812864912843183,1.0,1.0,1.0,0.922027047017993,1
9777,ce6eb4e00dac5ae3,True,1.0,1.0,1.0,1.0,1.0,1.0,1.0,1
9778,ce82b44e8dfd5e1d,True,1.0,1.0,0.9459674306906722,1.0,1.0,1.0,0.9774864294544466,1
9779,ce8cc7a247f651be,True,1.0,1.0,1.0,1.0,1.0,1.0,1.0,1
9780,ce978770a87253c8,True,1.0,1.0,1.0,1.0,1.0,1.0,1.0,1
9781,ce9ee9a68a4c5e93,True,1.0,1.0,1.0,1.0,1.0,1.0,1.0,1
9782,ce9f5160229b5755,True,1.0,1.0,1.0,1.0,1.0,1.0,1.0,1
9783,cea4eb2a60da5354,True,1.0,1.0,1.0,1.0,1.0,1.0,1.0,1
9784,cea55cd8ec6f5185,True,1.0,1.0,0.8801951419089152,1.0,1.0,1.0,0.9500813091287146,1
9785,cea6c267a5a05b3c,True,1.0,1.0,0.9727508134530397,1.0,1.0,0.0,0.9886461722720998,1
9786,ceb9332b03d3577b,True,1.0,1.0,0.7570073211882049,1.0,1.0,1.0,0.8987530504950852,1
9787,cebd7d74024b5cce,True,1.0,1.0,1.0,1.0,1.0,1.0,1.0,1
9788,cebdeff85ac65185,True,1.0,1.0,1.0,1.0,1.0,1.0,1.0,1
9789,cebdffcaf8595c9e,True,1.0,1.0,1.0,1.0,1.0,1.0,1.0,1
9790,cec165c3246d5529,True,1.0,1.0,1.0,1.0,1.0,1.0,1.0,1
9791,ceccd4369b5f552d,True,1.0,1.0,0.7853955138675053,1.0,1.0,1.0,0.9105814641114606,1
9792,cecce24905cb5641,True,1.0,1.0,1.0,1.0,1.0,1.0,1.0,1
9793,cecd27d3ba0e54fd,True,1.0,1.0,0.7242678526546066,1.0,1.0,1.0,0.8851116052727527,1
9794,cecf3adea347569b,True,1.0,1.0,0.9074546878021248,1.0,1.0,1.0,0.9614394532508853,1
9795,ced087f9c2915f2a,True,1.0,1.0,0.7029107301625139,1.0,1.0,1.0,0.8762128042343807,1
9796,ced4cade3bea53e7,True,1.0,1.0,1.0,1.0,1.0,1.0,1.0,1
9797,ced5e9f4d448524e,True,1.0,1.0,0.9949832962873686,1.0,1.0,1.0,0.9979097067864036,1
9798,cedd32ec31e45cd9,True,1.0,1.0,0.7504365399023288,1.0,1.0,1.0,0.8960152249593037,1
9799,cee52329bc8855af,True,1.0,1.0,1.0,1.0,1.0,1.0,1.0,1
9800,ceea7304846852b9,True,1.0,1.0,0.9225952808645383,1.0,1.0,1.0,0.9677480336935576,1
9801,ceedeccf36c35c11,True,1.0,1.0,0.9881925353201536,1.0,1.0,1.0,0.995080223050064,1
9802,cefc63c820c45c3b,True,1.0,1.0,1.0,1.0,1.0,1.0,1.0,1
9803,cf039efb320e55ec,True,1.0,1.0,0.5305461790343263,1.0,1.0,1.0,0.8043942412643026,1
9804,cf05c9f4f6e55af3,True,0.0,1.0,0.0,0.0,1.0,1.0,0.0,1
9805,cf07d06219ef5cd4,True,1.0,1.0,1.0,1.0,1.0,1.0,1.0,1
9806,cf081b6882d159f5,True,1.0,1.0,1.0,1.0,1.0,1.0,1.0,1
9807,cf0aec572cdd543e,True,1.0,1.0,1.0,0.0,1.0,1.0,0.5833333333333334,1
9808,cf0b2ecc4f4d5ee7,True,1.0,1.0,0.9344446195340026,1.0,1.0,1.0,0.9726852581391677,1
9809,cf12097663665430,True,1.0,1.0,0.7219478821608281,1.0,1.0,1.0,0.8841449509003451,1
9810,cf1ad202aadb5ee6,True,1.0,1.0,1.0,1.0,1.0,1.0,1.0,1
9811,cf1b346426bd5fce,True,1.0,1.0,1.0,1.0,1.0,1.0,1.0,1
9812,cf1ba57897845189,True,1.0,1.0,0.8625283871848902,1.0,1.0,1.0,0.9427201613270375,1
9813,cf1c7170df175256,True,1.0,1.0,0.8875770135354953,1.0,1.0,1.0,0.9531570889731231,1
9814,cf2e8812889754b1,True,1.0,1.0,1.0,1.0,1.0,1.0,1.0,1
9815,cf31c5ada8c353bc,True,1.0,1.0,0.9261728606395316,1.0,1.0,1.0,0.9692386919331382,1
9816,cf34e1f8d98f56ee,True,1.0,1.0,1.0,1.0,1.0,1.0,1.0,1
9817,cf3b00d5d2b953d3,True,1.0,1.0,1.0,1.0,1.0,1.0,1.0,1
9818,cf3b2b1199045e08,True,1.0,1.0,0.8393167056591697,1.0,1.0,1.0,0.9330486273579873,1
9819,cf43204828af5513,True,1.0,1.0,1.0,1.0,1.0,1.0,1.0,1
9820,cf45427178d25b3d,True,1.0,1.0,0.7530351779162805,1.0,1.0,1.0,0.8970979907984503,1
9821,cf4d1288c560569f,True,1.0,1.0,0.8056092824930069,1.0,1.0,1.0,0.9190038677054195,1
9822,cf50ffa22c81555d,True,1.0,1.0,0.8486883315730013,1.0,1.0,1.0,0.9369534714887505,1
9823,cf533c1e7f6852e5,True,1.0,1.0,0.752409342218196,1.0,1.0,1.0,0.8968372259242483,1
9824,cf62911d4c7c541c,True,1.0,1.0,0.8911875341433962,1.0,1.0,1.0,0.9546614725597484,1
9825,cf693fb497155dee,True,1.0,1.0,0.7894105412913756,1.0,1.0,1.0,0.9122543922047398,1
9826,cf696c3ba1995fd8,True,1.0,1.0,1.0,1.0,1.0,1.0,1.0,1
9827,cf7045e0db215eea,True,1.0,1.0,1.0,1.0,1.0,1.0,1.0,1
9828,cf7876c4ad0752b5,True,1.0,1.0,1.0,1.0,1.0,1.0,1.0,1
9829,cf7d3181a516574a,True,1.0,1.0,0.8330678978100045,1.0,1.0,1.0,0.9304449574208352,1
9830,cf8f42e252855b82,True,1.0,1.0,1.0,0.0,1.0,1.0,0.5833333333333334,1
9831,cf9a762e8aaa55b4,True,1.0,1.0,1.0,1.0,1.0,1.0,1.0,1
9832,cf9af12edb535bc0,True,1.0,1.0,0.7463871372622247,1.0,1.0,1.0,0.8943279738592603,1
9833,cf9b7b96f5a057d0,True,1.0,1.0,0.3911330873153755,1.0,1.0,1.0,0.7463054530480732,1
9834,cfa1a5ff80355988,True,1.0,1.0,0.9860093412643541,1.0,1.0,1.0,0.9941705588601476,1
9835,cfaa12a747e45fb4,True,1.0,1.0,0.7419518293001993,1.0,1.0,1.0,0.892479928875083,1
9836,cfb1ab3fe0185b20,True,1.0,1.0,0.9484730133781821,1.0,1.0,1.0,0.9785304222409094,1
9837,cfb755b8d37458ac,True,1.0,1.0,0.9020512320959567,1.0,1.0,1.0,0.9591880133733154,1
9838,cfb7ecec39485237,True,1.0,1.0,0.6599813010576759,1.0,1.0,1.0,0.858325542107365,1
9839,cfb9e8d047515e4c,True,1.0,1.0,0.828975815404912,1.0,1.0,1.0,0.92873992308538,1
9840,cfbf3f55398f5fc6,True,1.0,0.0,0.0,1.0,1.0,1.0,0.0,1
9841,cfc12b02334c5a15,True,1.0,1.0,0.9712113943154158,1.0,1.0,1.0,0.9880047476314232,1
9842,cfc9186dc53b5d4a,True,1.0,1.0,0.7775451249624579,1.0,1.0,1.0,0.9073104687343575,1
9843,cfd45b3514125d2e,True,1.0,1.0,0.5914117424102822,1.0,1.0,1.0,0.8297548926709508,1
9844,cfd47fe44d355d32,True,1.0,1.0,0.7718557341068367,1.0,1.0,1.0,0.9049398892111821,1
9845,cfdeb32366475b04,True,1.0,1.0,1.0,1.0,1.0,0.5,1.0,1
9846,cfe730cbf7e55330,True,1.0,1.0,0.9220320309418224,1.0,1.0,1.0,0.9675133462257594,1
9847,cff12b59b73c537e,True,1.0,1.0,1.0,1.0,1.0,1.0,1.0,1
9848,cff46947b17c5415,True,1.0,1.0,1.0,1.0,1.0,1.0,1.0,1
9849,cffc9ea8b6ea5920,True,1.0,1.0,0.9620835758034665,1.0,1.0,1.0,0.9842014899181111,1
9850,d00c78600089543a,True,1.0,1.0,0.9509730432414106,1.0,1.0,1.0,0.9795721013505877,1
9851,d016df0950fc5e69,True,1.0,1.0,0.9426049561110532,1.0,1.0,1.0,0.9760853983796055,1
9852,d01b6e67a995589c,True,1.0,1.0,0.8776201750073734,1.0,1.0,1.0,0.9490084062530723,1
9853,d01ce29c2b1951a2,True,1.0,1.0,0.8061334867824057,1.0,1.0,1.0,0.9192222861593358,1
9854,d01d51c26594547c,True,1.0,1.0,0.9611108036834003,1.0,1.0,1.0,0.9837961682014168,1
9855,d01e896e6c325436,True,1.0,1.0,1.0,1.0,1.0,1.0,1.0,1
9856,d01fec804cd45644,True,1.0,1.0,0.6208873301678105,1.0,1.0,1.0,0.8420363875699209,1
9857,d025c5fb0df05ef7,True,1.0,1.0,1.0,1.0,1.0,1.0,1.0,1
9858,d02d0643d42c5d91,True,1.0,0.0,0.0,0.0,1.0,1.0,0.0,1
9859,d02fff0452445952,True,1.0,1.0,0.8014307775264475,1.0,1.0,1.0,0.9172628239693532,1
9860,d032dcd4015e5cee,True,1.0,1.0,0.6128292877697364,1.0,1.0,1.0,0.8386788699040569,1
9861,d04049c3978354f0,True,1.0,1.0,0.6770624633992384,1.0,1.0,1.0,0.865442693083016,1
9862,d044b887d646511b,True,1.0,1.0,0.5720099373871258,1.0,1.0,1.0,0.8216708072446357,1
9863,d05f1fb1af98505d,True,1.0,1.0,0.7437382838342198,1.0,1.0,1.0,0.893224284930925,1
9864,d060c613969b5092,True,1.0,1.0,0.7388635919696298,1.0,1.0,1.0,0.8911931633206791,1
9865,d063f70ffb44513e,True,1.0,1.0,0.9450558068751032,1.0,1.0,1.0,0.9771065861979596,1
9866,d0672a5ab71d59fb,True,1.0,1.0,1.0,1.0,1.0,1.0,1.0,1
9867,d06d8235012b56fe,True,1.0,1.0,0.8961000328019241,1.0,1.0,1.0,0.9567083470008017,1
9868,d0785c050c1350e7,True,1.0,1.0,1.0,0.0,1.0,1.0,0.5833333333333334,1
9869,d07c624bab3d5a61,True,1.0,1.0,0.9455511534888738,1.0,1.0,1.0,0.977312980620364,1
9870,d07fa319e6045a3d,True,1.0,1.0,0.8750687419843756,1.0,1.0,1.0,0.9479453091601565,1
9871,d0818bf765555782,True,1.0,1.0,0.9550651948504575,1.0,1.0,1.0,0.9812771645210239,1
9872,d084fdb9e50258ba,True,1.0,1.0,0.7425086740128122,1.0,1.0,1.0,0.8927119475053384,1
9873,d08754ee7c5c5949,True,1.0,1.0,0.9939365434354491,1.0,1.0,1.0,0.9974735597647705,1
9874,d08756521e64547e,True,1.0,1.0,0.9541739963878407,1.0,1.0,1.0,0.980905831828267,1
9875,d0884d449b2959fe,True,1.0,1.0,0.8864460883661363,1.0,1.0,1.0,0.9526858701525568,1
9876,d08ae5bc8a435f97,True,1.0,1.0,1.0,1.0,1.0,1.0,1.0,1
9877,d08c7fa247395729,True,1.0,1.0,0.9158204125272095,1.0,1.0,1.0,0.9649251718863372,1
9878,d0910fc41d785f46,True,1.0,1.0,1.0,1.0,1.0,1.0,1.0,1
9879,d099441c0eb55204,True,1.0,1.0,1.0,1.0,1.0,1.0,1.0,1
9880,d09bb687e7e15b97,True,1.0,1.0,1.0,1.0,1.0,1.0,1.0,1
9881,d09ecc45a5685873,True,1.0,1.0,1.0,1.0,1.0,1.0,1.0,1
9882,d0a77f19bd8b5348,True,1.0,1.0,1.0,1.0,1.0,1.0,1.0,1
9883,d0ae9b081c1857cf,True,1.0,1.0,1.0,1.0,1.0,1.0,1.0,1
9884,d0afb786443a5659,True,1.0,1.0,0.7655528206937567,1.0,1.0,1.0,0.9023136752890654,1
9885,d0bf0c6c025c5c8c,True,1.0,1.0,0.5038930299683466,1.0,1.0,1.0,0.793288762486811,1
9886,d0c18f1bd62950d5,True,1.0,1.0,0.9357520387062701,1.0,1.0,1.0,0.9732300161276125,1
9887,d0c86990fe0d5bc8,True,1.0,1.0,1.0,0.0,1.0,1.0,0.5833333333333334,1
9888,d0d1b5bd3b83551d,True,1.0,1.0,0.7499956123102507,1.0,1.0,0.5,0.8958315051292711,1
9889,d0d94d5dca655084,True,1.0,1.0,0.9103804510229132,1.0,1.0,1.0,0.9626585212595472,1
9890,d0dc567530ef57dd,True,1.0,1.0,0.7165313522939157,1.0,1.0,1.0,0.8818880634557983,1
9891,d0dcc4b5cf6a53ab,True,1.0,1.0,1.0,1.0,1.0,1.0,1.0,1
9892,d0de8d6a350d55d9,True,1.0,1.0,1.0,1.0,1.0,1.0,1.0,1
9893,d0fc0e92a9e4552f,True,1.0,1.0,1.0,1.0,1.0,1.0,1.0,1
9894,d0fccf42f606569a,True,1.0,1.0,0.5383041244632429,1.0,1.0,1.0,0.8076267185263513,1
9895,d1065c7c84e054ae,True,1.0,1.0,1.0,1.0,1.0,1.0,1.0,1
9896,d10c269610375646,True,1.0,1.0,1.0,1.0,1.0,1.0,1.0,1
9897,d112a49d72925b06,True,1.0,1.0,1.0,1.0,1.0,1.0,1.0,1
9898,d113b39be843564f,True,1.0,1.0,0.8592821484667853,1.0,1.0,1.0,0.9413675618611604,1
9899,d11b9fcd004e5270,True,1.0,1.0,0.7791534155999587,1.0,1.0,1.0,0.9079805898333161,1
9900,d11ecb84b9b1511c,True,1.0,1.0,0.8673806308869222,1.0,1.0,1.0,0.9447419295362177,1
9901,d11fc492a41e5279,True,1.0,1.0,0.7496221229610718,1.0,1.0,1.0,0.8956758845671132,1
9902,d1225aaedc8a5d48,True,1.0,1.0,1.0,1.0,1.0,1.0,1.0,1
9903,d12bf3c2e5ab5f74,True,1.0,1.0,0.7725823039574857,1.0,1.0,1.0,0.9052426266489523,1
9904,d12c5ba59acf55a0,True,1.0,1.0,0.9598518432812418,1.0,1.0,1.0,0.9832716013671842,1
9905,d12fdbd7f3265051,True,1.0,1.0,0.8794010163030307,1.0,1.0,1.0,0.9497504234595961,1
9906,d130c508fb26575e,True,1.0,1.0,0.7652952278715406,1.0,1.0,1.0,0.9022063449464751,1
9907,d1408323ef2357be,True,1.0,1.0,0.8282994014392668,1.0,1.0,1.0,0.928458083933028,1
9908,d142ab856b7653df,True,1.0,1.0,0.8745552835568999,1.0,1.0,1.0,0.9477313681487084,1
9909,d14ccafb937a543a,True,1.0,0.0,0.0,0.0,1.0,0.5,0.0,1
9910,d14f03fdfc1d5d54,True,1.0,1.0,0.9923415489514855,1.0,1.0,1.0,0.9968089787297857,1
9911,d14f40d60d165b25,True,1.0,1.0,1.0,1.0,1.0,1.0,1.0,1
9912,d15124ba09f35a70,True,1.0,1.0,0.7330108559665462,1.0,1.0,1.0,0.8887545233193942,1
9913,d151becf4b395f13,True,1.0,1.0,1.0,1.0,1.0,1.0,1.0,1
9914,d151cc1bccd958d3,True,1.0,1.0,0.7723502180047609,1.0,1.0,1.0,0.9051459241686505,1
9915,d165c65009785ef9,True,1.0,1.0,0.881431097635228,1.0,1.0,1.0,0.9505962906813451,1
9916,d16db4733f1e5524,True,1.0,1.0,0.8218911186262766,1.0,1.0,1.0,0.9257879660942819,1
9917,d184c07f6a0a5aaf,True,1.0,1.0,0.9868163429486293,1.0,1.0,1.0,0.9945068095619289,1
9918,d1861adbe9ff5581,True,1.0,1.0,1.0,1.0,1.0,1.0,1.0,1
9919,d18b4bcf67b05c57,True,1.0,1.0,0.7960117977785609,1.0,1.0,1.0,0.915004915741067,1
9920,d192ad1c7fa95445,True,1.0,1.0,0.8134848266727347,1.0,1.0,1.0,0.9222853444469727,1
9921,d1971f367cb85683,True,1.0,1.0,0.9253117213992841,1.0,1.0,1.0,0.9688798839163684,1
9922,d1abb12015175373,True,1.0,1.0,1.0,1.0,1.0,1.0,1.0,1
9923,d1ac97f2f57553d0,True,1.0,1.0,0.7059911486014616,1.0,1.0,1.0,0.8774963119172757,1
9924,d1af94a471135add,True,1.0,1.0,0.8325857564966915,1.0,1.0,1.0,0.9302440652069549,1
9925,d1b4625f7363548e,True,1.0,1.0,1.0,1.0,1.0,1.0,1.0,1
9926,d1ba8c31750e5cbd,True,1.0,1.0,0.8539966239925044,1.0,1.0,1.0,0.9391652599968768,1
9927,d1bae9e7d9785598,True,1.0,0.0,0.0,1.0,1.0,1.0,0.0,1
9928,d1c5fed75ec951fa,True,1.0,1.0,0.8588491177630561,1.0,1.0,1.0,0.9411871324012733,1
9929,d1cf48dea57f5d2a,True,1.0,1.0,0.947589271231882,1.0,1.0,1.0,0.9781621963466174,1
9930,d1d19175f88e5b2e,True,1.0,1.0,0.6758567313397063,1.0,1.0,1.0,0.8649403047248776,1
9931,d1d1cb2c2a5b5a29,True,1.0,1.0,0.7573449845170702,1.0,1.0,1.0,0.8988937435487793,1
9932,d1d48a8f642b5874,True,1.0,1.0,0.988684120410389,1.0,1.0,1.0,0.9952850501709953,1
9933,d1dcd412f339598a,True,1.0,1.0,0.7444051970855801,1.0,1.0,1.0,0.8935021654523251,1
9934,d1dd156bb9b1599d,True,1.0,1.0,0.7265675163151616,1.0,1.0,1.0,0.8860697984646507,1
9935,d1e0ebfac8cb510e,True,1.0,1.0,0.8870474711923072,1.0,1.0,1.0,0.9529364463301281,1
9936,d1e4600c80ab519a,True,1.0,1.0,0.5903097505102561,1.0,1.0,1.0,0.8292957293792734,1
9937,d1e46ac6cbe15c1e,True,1.0,1.0,0.9766098234507042,1.0,1.0,1.0,0.99025409310446,1
9938,d1e6f085af9b5199,True,1.0,1.0,1.0,1.0,1.0,1.0,1.0,1
9939,d1e9fac71909545f,True,1.0,1.0,1.0,1.0,1.0,1.0,1.0,1
9940,d1ef1e42fa15573d,True,1.0,1.0,0.7142022502163785,1.0,1.0,1.0,0.8809176042568243,1
9941,d1fdb156118a52ae,True,1.0,1.0,0.796542186517522,1.0,1.0,1.0,0.9152259110489674,1
9942,d20659149c14557c,True,1.0,1.0,1.0,1.0,1.0,1.0,1.0,1
9943,d2098ab3fc1953b3,True,1.0,1.0,1.0,1.0,1.0,1.0,1.0,1
9944,d20a475e7b1956bf,True,1.0,1.0,1.0,1.0,1.0,1.0,1.0,1
9945,d20be65e3dc65738,True,1.0,1.0,1.0,1.0,1.0,1.0,1.0,1
9946,d20dc707981f56e7,True,1.0,1.0,1.0,0.0,1.0,1.0,0.5833333333333334,1
9947,d218ff87bdc25c55,True,1.0,1.0,0.6729134234464277,1.0,1.0,1.0,0.8637139264360115,1
9948,d21b22d6c0405ad7,True,1.0,1.0,0.9043339963680024,1.0,1.0,1.0,0.9601391651533344,1
9949,d22135cc2a13514f,True,1.0,1.0,0.9329239924511774,1.0,1.0,1.0,0.972051663521324,1
9950,d224548a04525f2c,True,1.0,1.0,0.7930189324526556,1.0,1.0,1.0,0.9137578885219398,1
9951,d232efb9cc535426,True,1.0,0.0,0.0,1.0,1.0,0.5,0.0,1
9952,d2361c07df2f51c2,True,1.0,1.0,1.0,1.0,1.0,1.0,1.0,1
9953,d242cc91d5ef57b7,True,1.0,1.0,0.6981646230470434,1.0,1.0,1.0,0.8742352596029348,1
9954,d243aa8117495932,True,1.0,1.0,1.0,1.0,1.0,1.0,1.0,1
9955,d2440edd19d954b5,True,1.0,1.0,1.0,1.0,1.0,1.0,1.0,1
9956,d24604c7af87524f,True,1.0,1.0,0.9813176306450574,1.0,1.0,1.0,0.9922156794354405,1
9957,d24706485f0452eb,True,1.0,1.0,0.9777633118346969,1.0,1.0,1.0,0.9907347132644571,1
9958,d24a3d77682d55b6,True,1.0,1.0,0.8820801295869686,1.0,1.0,1.0,0.9508667206612369,1
9959,d258d4d9b2235df6,True,1.0,1.0,0.7450272464585979,1.0,1.0,1.0,0.8937613526910825,1
9960,d25a0ab96d165b78,True,1.0,1.0,1.0,1.0,1.0,1.0,1.0,1
9961,d25b6512a43f5e54,True,1.0,1.0,0.8517903683487125,0.0,1.0,1.0,0.5215793201452968,1
9962,d26170a35d1c5e33,True,1.0,1.0,0.710252393157324,1.0,1.0,1.0,0.8792718304822184,1
9963,d26771df718251d1,True,1.0,1.0,1.0,1.0,1.0,1.0,1.0,1
9964,d26786f5e54e53f3,True,1.0,1.0,0.9230458359630963,1.0,1.0,1.0,0.9679357649846235,1
9965,d2777b7b71325a67,True,1.0,0.0,0.0,1.0,1.0,1.0,0.0,1
9966,d2789ec30aaa5d6a,True,1.0,1.0,0.9707803304877647,1.0,1.0,1.0,0.9878251377032353,1
9967,d2853234152359b3,True,1.0,1.0,0.8276607992095711,1.0,1.0,1.0,0.9281919996706547,1
9968,d2937fdb8d605a73,True,1.0,1.0,0.8146711814970004,1.0,1.0,1.0,0.9227796589570835,1
9969,d2a2e2498d505b76,True,1.0,1.0,0.8818579180611162,1.0,1.0,1.0,0.9507741325254652,1
9970,d2a40dbaca5750e4,True,1.0,1.0,1.0,1.0,1.0,1.0,1.0,1
9971,d2b3f402ba0f55c3,True,1.0,1.0,1.0,1.0,1.0,1.0,1.0,1
9972,d2b6dcd76085519e,True,1.0,1.0,1.0,1.0,1.0,1.0,1.0,1
9973,d2b7b43e05be5082,True,1.0,1.0,0.9465101995781808,1.0,1.0,1.0,0.9777125831575754,1
9974,d2c77b46ecee58f9,True,1.0,1.0,1.0,1.0,1.0,1.0,1.0,1
9975,d2c7bb24957c56ad,True,1.0,1.0,1.0,1.0,1.0,1.0,1.0,1
9976,d2c9ae71df055417,True,1.0,1.0,0.8870025262207597,1.0,1.0,1.0,0.9529177192586499,1
9977,d2cac33c80f45434,True,1.0,1.0,0.9291254632220703,1.0,1.0,1.0,0.970468943009196,1
9978,d2ce22d49c4c5166,True,1.0,1.0,1.0,1.0,1.0,1.0,1.0,1
9979,d2d30ecb18db52f9,True,1.0,1.0,0.6849969804042868,1.0,1.0,1.0,0.8687487418351195,1
9980,d2d63c8eb7545fc1,True,1.0,1.0,1.0,1.0,1.0,1.0,1.0,1
9981,d2dd81d9f7665fde,True,1.0,1.0,1.0,1.0,1.0,1.0,1.0,1
9982,d2e124f077ee53cb,True,1.0,1.0,1.0,1.0,1.0,1.0,1.0,1
9983,d2f121776fd05b4b,True,1.0,1.0,1.0,1.0,1.0,1.0,1.0,1
9984,d2fbab8bed795b5a,True,1.0,1.0,1.0,1.0,1.0,1.0,1.0,1
9985,d306c671b1ce531c,True,1.0,1.0,0.9200327372222182,1.0,1.0,1.0,0.9666803071759243,1
9986,d30c567171635154,True,1.0,1.0,0.9358499650009717,1.0,1.0,1.0,0.973270818750405,1
9987,d3102c58562a5689,True,1.0,1.0,0.7818979841627376,1.0,1.0,1.0,0.9091241600678073,1
9988,d318551a8ce150e5,True,1.0,1.0,1.0,1.0,1.0,1.0,1.0,1
9989,d3193f2f5983500f,True,1.0,1.0,0.844754148544799,1.0,1.0,1.0,0.935314228560333,1
9990,d31b4eb761a15872,True,1.0,1.0,0.9263447151841977,1.0,1.0,1.0,0.9693102979934157,1
9991,d31c6e5e85b95aea,True,1.0,1.0,0.8159668360057805,1.0,1.0,1.0,0.9233195150024085,1
9992,d31d38e1a2305147,True,1.0,1.0,0.8477461375883731,1.0,1.0,1.0,0.9365608906618221,1
9993,d32336b185505124,True,1.0,1.0,0.8878272877145077,1.0,1.0,1.0,0.9532613698810449,1
9994,d32754e8c47e5771,True,1.0,1.0,1.0,1.0,1.0,1.0,1.0,1
9995,d32f8367252b53b1,True,1.0,1.0,1.0,1.0,1.0,1.0,1.0,1
9996,d3322747793a5dda,True,1.0,1.0,1.0,1.0,1.0,1.0,1.0,1
9997,d33a0db0dd335837,True,1.0,1.0,0.7114180691969477,1.0,1.0,1.0,0.8797575288320615,1
9998,d33aaa347f795d0b,True,1.0,1.0,0.966211940197822,1.0,1.0,1.0,0.9859216417490925,1
9999,d33c6db306f35ef9,True,1.0,1.0,1.0,1.0,1.0,1.0,1.0,1
10000,d345cd51380a5243,True,1.0,1.0,0.9065337449031285,1.0,1.0,1.0,0.9610557270429703,1
10001,d3484ba53e775a66,True,1.0,1.0,1.0,1.0,1.0,1.0,1.0,1
10002,d34d0398de585e6c,True,1.0,1.0,0.644334315837262,1.0,1.0,1.0,0.8518059649321925,1
10003,d35a0c5da0c55970,True,1.0,1.0,0.8967198760984484,1.0,1.0,1.0,0.9569666150410202,1
10004,d35af9a0d57656d4,True,1.0,1.0,1.0,1.0,1.0,1.0,1.0,1
10005,d360ce59cdc15efc,True,1.0,0.0,0.0,1.0,1.0,1.0,0.0,1
10006,d3719519c1f95276,True,1.0,1.0,0.7467734771510066,1.0,1.0,1.0,0.8944889488129194,1
10007,d37242b32b51586b,True,1.0,1.0,0.8399489129018564,1.0,1.0,1.0,0.9333120470424401,1
10008,d37afaf062ea5835,True,1.0,1.0,0.7229669396418724,1.0,1.0,1.0,0.8845695581841135,1
10009,d37cdaefc82d5cb2,True,1.0,1.0,1.0,0.0,1.0,1.0,0.5833333333333334,1
10010,d37e71f395695c6f,True,1.0,1.0,0.9006780660718885,1.0,1.0,1.0,0.9586158608632869,1
10011,d38070017e4e53c3,True,1.0,1.0,0.8835790299561906,1.0,1.0,1.0,0.9514912624817461,1
10012,d38090818a0b5bed,True,1.0,1.0,0.9282056336211131,0.0,1.0,0.0,0.5534190140087971,1
10013,d382617fe91a5c5d,True,1.0,1.0,0.8803904659046738,1.0,1.0,1.0,0.9501626941269473,1
10014,d392c806c0605f72,True,1.0,1.0,0.8942154991477373,1.0,1.0,1.0,0.9559231246448906,1
10015,d395fa715d3e58c7,True,1.0,1.0,0.9868050143060002,1.0,1.0,1.0,0.9945020892941668,1
10016,d398c8ceafe050be,True,1.0,1.0,0.9925430366166627,1.0,1.0,1.0,0.9968929319236094,1
10017,d39ff27c54d55ef1,True,1.0,1.0,0.9937851032280842,1.0,1.0,1.0,0.9974104596783685,1
10018,d3a7653499875f98,True,1.0,1.0,1.0,1.0,1.0,1.0,1.0,1
10019,d3a9acba43a05b83,True,1.0,1.0,0.7916165275234035,1.0,1.0,1.0,0.9131735531347515,1
10020,d3afcd1be60851a9,True,1.0,1.0,0.8376591261774523,1.0,1.0,1.0,0.9323579692406051,1
10021,d3b390ffae355616,True,1.0,1.0,0.7642456135222065,1.0,1.0,1.0,0.9017690056342528,1
10022,d3badb5f8c125e12,True,1.0,1.0,1.0,1.0,1.0,1.0,1.0,1
10023,d3cbad95b20b5125,True,1.0,1.0,0.9585098106335342,1.0,1.0,1.0,0.982712421097306,1
10024,d3cca8ce7e1458ad,True,1.0,1.0,1.0,1.0,1.0,1.0,1.0,1
10025,d3cd01aa67de516f,True,1.0,1.0,0.8216353035498573,1.0,1.0,1.0,0.9256813764791071,1
10026,d3d7a91aff375fc5,True,1.0,1.0,0.8361119429871329,1.0,1.0,1.0,0.931713309577972,1
10027,d3d9e16508ae5756,True,1.0,0.0,0.0,1.0,1.0,1.0,0.0,1
10028,d3dcb57d3c385f19,True,1.0,1.0,0.6568649717185916,1.0,1.0,1.0,0.8570270715494132,1
10029,d3e3c4998ad25800,True,1.0,1.0,1.0,1.0,1.0,1.0,1.0,1
10030,d3e99c65bb2a5d79,True,1.0,1.0,0.9071864430128975,1.0,1.0,1.0,0.9613276845887073,1
10031,d3f00196d11c563c,True,1.0,1.0,0.9760587596816458,1.0,1.0,1.0,0.9900244832006857,1
10032,d3fe95784a34578f,True,1.0,1.0,1.0,1.0,1.0,1.0,1.0,1
10033,d409347e88455122,True,1.0,1.0,0.8155793696622511,1.0,1.0,1.0,0.9231580706926046,1
10034,d4187db8dc625207,True,1.0,1.0,0.8719865014418869,1.0,1.0,1.0,0.946661042267453,1
10035,d422c9b6689c52bf,True,1.0,1.0,0.9613983921952941,1.0,1.0,1.0,0.9839159967480393,1
10036,d4278d63cd605813,True,1.0,1.0,0.7045381792826877,1.0,1.0,1.0,0.8768909080344532,1
10037,d42d0a93b7185161,True,1.0,1.0,0.8379260175579204,1.0,1.0,1.0,0.9324691739824669,1
10038,d42e15faa6375e18,True,1.0,1.0,1.0,1.0,1.0,1.0,1.0,1
10039,d4358e3962b758ce,True,1.0,1.0,0.8229335540770386,1.0,1.0,1.0,0.9262223141987661,1
10040,d436fd792f365847,True,1.0,1.0,1.0,1.0,1.0,1.0,1.0,1
10041,d4374a032e28535e,True,1.0,1.0,1.0,1.0,1.0,1.0,1.0,1
10042,d44241b93dc95d36,True,1.0,1.0,0.9928120638685272,1.0,1.0,1.0,0.9970050266118863,1
10043,d443368fa4615242,True,1.0,1.0,1.0,1.0,1.0,1.0,1.0,1
10044,d444aa6b0d4a5573,True,1.0,1.0,0.8014236951515786,1.0,1.0,1.0,0.9172598729798244,1
10045,d44d7aacab755892,True,1.0,1.0,0.7633242075903895,1.0,1.0,1.0,0.9013850864959956,1
10046,d44d886053b15b23,True,1.0,0.0,0.0,1.0,1.0,0.0,0.0,1
10047,d44e6abed19b5ba5,True,1.0,1.0,1.0,1.0,1.0,1.0,1.0,1
10048,d45773d48e4f5fb7,True,1.0,1.0,1.0,1.0,1.0,1.0,1.0,1
10049,d45dddb7bbfe5914,True,1.0,1.0,0.9220213308083818,1.0,1.0,1.0,0.9675088878368258,1
10050,d45f18da371a5fe5,True,1.0,1.0,0.9451974050873464,1.0,1.0,1.0,0.977165585453061,1
10051,d46b1d647640578f,True,1.0,1.0,0.9941223001216051,1.0,1.0,1.0,0.9975509583840022,1
10052,d46f1077421c5c75,True,1.0,1.0,1.0,1.0,1.0,1.0,1.0,1
10053,d471c0c48cb05f04,True,1.0,1.0,0.9075850619331,1.0,1.0,1.0,0.9614937758054584,1
10054,d474e3bc97d253ee,True,1.0,1.0,1.0,1.0,1.0,1.0,1.0,1
10055,d47d27f1cfb65061,True,1.0,1.0,0.8833996393872627,1.0,1.0,1.0,0.9514165164113595,1
10056,d4849a52aaa55a9f,True,1.0,1.0,1.0,1.0,1.0,1.0,1.0,1
10057,d484aff53cd1589f,True,1.0,1.0,1.0,1.0,1.0,1.0,1.0,1
10058,d496c44726c35e33,True,1.0,1.0,1.0,1.0,1.0,1.0,1.0,1
10059,d497c1998ba75bb9,True,1.0,1.0,0.7394132861549748,1.0,1.0,1.0,0.8914222025645729,1
10060,d49b986924cd5bed,True,1.0,1.0,0.8587924249357667,1.0,1.0,1.0,0.9411635103899028,1
10061,d4ac0a1865ac5c25,True,1.0,1.0,1.0,1.0,1.0,1.0,1.0,1
10062,d4af857a65825fc1,True,1.0,1.0,1.0,1.0,1.0,0.0,1.0,1
10063,d4b29b90b8af5f81,True,1.0,1.0,1.0,1.0,1.0,1.0,1.0,1
10064,d4bbe6333e6356b5,True,1.0,1.0,0.8413624017332428,1.0,1.0,1.0,0.9339010007221845,1
10065,d4c431871c755ba3,True,1.0,1.0,1.0,1.0,1.0,1.0,1.0,1
10066,d4c4bdedcfd25465,True,1.0,1.0,0.9698162962738263,1.0,1.0,1.0,0.9874234567807609,1
10067,d4d21ecb8e4058e8,True,1.0,1.0,1.0,1.0,1.0,1.0,1.0,1
10068,d4daf5d0fd355401,True,1.0,1.0,0.7965767823123672,1.0,1.0,1.0,0.9152403259634863,1
10069,d4e058ec6a795ef1,True,1.0,1.0,0.8134671173666018,1.0,1.0,1.0,0.9222779655694174,1
10070,d4e5d3e55e3751f9,True,1.0,1.0,0.8866739794089397,1.0,1.0,1.0,0.9527808247537249,1
10071,d4e9c2fa89c55897,True,1.0,1.0,1.0,1.0,1.0,1.0,1.0,1
10072,d4f5976a6d615330,True,1.0,1.0,1.0,1.0,1.0,1.0,1.0,1
10073,d4f972826d645ca8,True,1.0,1.0,0.9984292552127199,1.0,1.0,1.0,0.9993455230053,1
10074,d4f989ee320e52e9,True,1.0,1.0,1.0,1.0,1.0,1.0,1.0,1
10075,d5039871a3fb5b04,True,1.0,1.0,0.7442322191688656,1.0,1.0,1.0,0.8934300913203607,1
10076,d5085a26c5915a49,True,1.0,1.0,0.9534751394295435,1.0,1.0,1.0,0.9806146414289764,1
10077,d50b69bed8f2570c,True,1.0,1.0,0.7103181448146689,1.0,1.0,1.0,0.8792992270061121,1
10078,d5110a9cb2b352d5,True,1.0,1.0,0.6697983264904862,1.0,1.0,1.0,0.8624159693710359,1
10079,d5116f0d75b4549d,True,1.0,1.0,1.0,1.0,1.0,1.0,1.0,1
10080,d514826bdd045d68,True,1.0,1.0,1.0,1.0,1.0,1.0,1.0,1
10081,d51cd13cfbe35a4b,True,1.0,1.0,1.0,1.0,1.0,1.0,1.0,1
10082,d51f75f9ae88529a,True,1.0,1.0,0.8976911184121812,1.0,1.0,1.0,0.9573712993384088,1
10083,d532c0b3a43a52dc,True,1.0,1.0,0.9972532069577527,1.0,1.0,1.0,0.9988555028990636,1
10084,d534aec3a5085c3b,True,1.0,1.0,1.0,1.0,1.0,0.0,1.0,1
10085,d53ab6056bc85085,True,1.0,1.0,0.74623758448573,1.0,1.0,1.0,0.8942656602023874,1
10086,d53c6de1a159537b,True,1.0,1.0,0.7895303748395496,1.0,1.0,1.0,0.9123043228498123,1
10087,d54047580ffb5dba,True,1.0,1.0,0.6885944741659604,1.0,1.0,1.0,0.8702476975691501,1
10088,d5407856a57357ce,True,1.0,1.0,1.0,1.0,1.0,1.0,1.0,1
10089,d546193a3a28587f,True,1.0,1.0,1.0,1.0,1.0,1.0,1.0,1
10090,d5489fba77675698,True,1.0,1.0,0.8638128298005947,1.0,1.0,1.0,0.9432553457502477,1
10091,d54e58ba5e575ac0,True,1.0,1.0,1.0,1.0,1.0,1.0,1.0,1
10092,d54eba5510dc5469,True,1.0,1.0,0.9131116673777843,1.0,1.0,1.0,0.9637965280740768,1
10093,d551f73a1e4251aa,True,1.0,1.0,0.8479415015961591,1.0,1.0,0.5,0.936642292331733,1
10094,d559cac76f5a5a7d,True,1.0,1.0,1.0,0.0,1.0,1.0,0.5833333333333334,1
10095,d55a7602f48e582b,True,1.0,1.0,0.7634214124593921,1.0,1.0,1.0,0.9014255885247467,1
10096,d55aac327e4451ba,True,1.0,1.0,0.9474296476664401,0.0,1.0,1.0,0.5614290198610167,1
10097,d56cc988cfa250c6,True,1.0,1.0,1.0,1.0,1.0,1.0,1.0,1
10098,d56e3d307eb8525a,True,1.0,1.0,1.0,1.0,1.0,1.0,1.0,1
10099,d577027e9c295bde,True,1.0,1.0,0.7893903235711552,1.0,1.0,0.5,0.912245968154648,1
10100,d57d041213c554d3,True,1.0,1.0,1.0,1.0,1.0,1.0,1.0,1
10101,d57dda19866556c3,True,1.0,1.0,0.8907127825026054,1.0,1.0,1.0,0.9544636593760855,1
10102,d58159872a0d58b7,True,1.0,1.0,0.8969201476041591,1.0,1.0,1.0,0.9570500615017329,1
10103,d58a453c3f155916,True,1.0,1.0,0.9360012207968879,1.0,1.0,1.0,0.9733338419987033,1
10104,d58c4ad27c525465,True,1.0,0.0,0.0,1.0,1.0,1.0,0.0,1
10105,d58fe7e3c5575f27,True,1.0,1.0,1.0,1.0,1.0,1.0,1.0,1
10106,d59310a4fd6e5fde,True,1.0,1.0,1.0,1.0,1.0,1.0,1.0,1
10107,d5a0b92fbf8b51df,True,0.0,1.0,0.0,0.0,1.0,1.0,0.0,1
10108,d5a5e1b5588b56d5,True,1.0,1.0,0.8781166868663394,1.0,1.0,1.0,0.9492152861943081,1
10109,d5a79b89fb985129,True,1.0,1.0,0.6901751182322798,1.0,1.0,1.0,0.8709062992634499,1
10110,d5b18d6105c25004,True,0.0,1.0,0.0,0.0,1.0,1.0,0.0,1
10111,d5b21176c2e1526c,True,1.0,1.0,0.8468779814922828,1.0,1.0,1.0,0.9361991589551177,1
10112,d5b37b79dde85eb1,True,1.0,1.0,0.7812843593183566,1.0,1.0,1.0,0.9088684830493152,1
10113,d5bf13024f755ee4,True,1.0,1.0,0.7863712928144141,1.0,1.0,1.0,0.9109880386726724,1
10114,d5cf4595a3435917,True,1.0,1.0,1.0,1.0,1.0,1.0,1.0,1
10115,d5d0d0797e4a5d5b,True,1.0,1.0,1.0,1.0,1.0,1.0,1.0,1
10116,d5d4f1c1a2f0589e,True,1.0,1.0,0.8376333369461358,1.0,1.0,1.0,0.9323472237275565,1
10117,d5ea47f2ec1550b2,True,1.0,1.0,0.9201912699626594,1.0,1.0,1.0,0.9667463624844416,1
10118,d5ebca598bce566e,True,1.0,1.0,1.0,1.0,1.0,1.0,1.0,1
10119,d5ec09025a1e5a0d,True,1.0,1.0,1.0,1.0,1.0,1.0,1.0,1
10120,d5eca47b1fc25d20,True,1.0,1.0,0.7945121260642652,1.0,1.0,1.0,0.9143800525267771,1
10121,d5ece6235301571f,True,1.0,1.0,1.0,1.0,1.0,1.0,1.0,1
10122,d5f582e6945d5bc3,True,1.0,1.0,1.0,1.0,1.0,1.0,1.0,1
10123,d5f845d28a5e513f,True,1.0,1.0,0.8201257505927034,1.0,1.0,1.0,0.925052396080293,1
10124,d5fbd3df4a505559,True,1.0,1.0,1.0,1.0,1.0,1.0,1.0,1
10125,d5fc95fa66025d7a,True,1.0,1.0,0.6776949360921453,1.0,1.0,1.0,0.8657062233717272,1
10126,d5ff634ca2dd5801,True,1.0,1.0,1.0,1.0,1.0,1.0,1.0,1
10127,d6015087928d57e8,True,1.0,1.0,0.8798546547520553,1.0,1.0,1.0,0.949939439480023,1
10128,d607d27b421a562b,True,1.0,1.0,0.9668566308360762,1.0,1.0,1.0,0.9861902628483651,1
10129,d60ec6837413567c,True,1.0,1.0,0.9968282935704166,1.0,1.0,1.0,0.9986784556543403,1
10130,d615904971e05b5a,True,1.0,1.0,1.0,1.0,1.0,1.0,1.0,1
10131,d618ac9cc53c573c,True,1.0,1.0,0.8779781281692988,1.0,1.0,1.0,0.9491575534038744,1
10132,d61ed977dd8a5197,True,1.0,1.0,1.0,1.0,1.0,1.0,1.0,1
10133,d61fe42422225edf,True,1.0,1.0,1.0,1.0,1.0,1.0,1.0,1
10134,d61ff1ca160557e8,True,1.0,1.0,0.8501008580992221,1.0,1.0,1.0,0.9375420242080091,1
10135,d6353a288d0b545d,True,1.0,1.0,1.0,1.0,1.0,1.0,1.0,1
10136,d6359d514f13511a,True,1.0,1.0,0.6178032330102557,1.0,1.0,1.0,0.8407513470876066,1
10137,d637ce98fc5353be,True,1.0,0.0,0.0,1.0,1.0,1.0,0.0,1
10138,d63949c1e1a25eab,True,1.0,1.0,0.9414146438349467,1.0,1.0,1.0,0.9755894349312277,1
10139,d6396ef1c0c55d33,True,1.0,1.0,0.7761141006449449,1.0,1.0,1.0,0.9067142086020604,1
10140,d64a3964875f5b41,True,1.0,1.0,1.0,1.0,1.0,1.0,1.0,1
10141,d64abcb201245b5a,True,1.0,1.0,1.0,1.0,1.0,1.0,1.0,1
10142,d64b2da8ffb65c16,True,1.0,1.0,0.9877422146735461,1.0,1.0,0.5,0.994892589447311,1
10143,d651033bf05e5da3,True,1.0,1.0,1.0,1.0,1.0,1.0,1.0,1
10144,d65373ac727f541f,True,1.0,1.0,1.0,1.0,1.0,1.0,1.0,1
10145,d655411faf595661,True,1.0,1.0,1.0,1.0,1.0,1.0,1.0,1
10146,d655ae3476c9530c,True,1.0,1.0,0.910585023975585,1.0,1.0,1.0,0.9627437599898272,1
10147,d663992c13fa5438,True,1.0,1.0,1.0,1.0,1.0,1.0,1.0,1
10148,d6641a8596f25d47,True,1.0,1.0,1.0,1.0,1.0,1.0,1.0,1
10149,d66634cbe1b65b95,True,1.0,1.0,0.8735622804439468,1.0,1.0,1.0,0.9473176168516444,1
10150,d66904f908405550,True,1.0,1.0,1.0,1.0,1.0,1.0,1.0,1
10151,d66a4334c9625c4a,True,1.0,1.0,0.7625685144699857,1.0,1.0,1.0,0.9010702143624941,1
10152,d67eda0cf1305a71,True,1.0,1.0,0.7855205800091811,1.0,1.0,1.0,0.9106335750038254,1
10153,d6835050c97f528d,True,1.0,1.0,1.0,1.0,1.0,1.0,1.0,1
10154,d68601dbb9d45f6b,True,1.0,1.0,1.0,1.0,1.0,1.0,1.0,1
10155,d68ae36caae15586,True,1.0,1.0,0.8933653203610643,1.0,1.0,1.0,0.9555688834837768,1
10156,d68c7a7e02265029,True,1.0,1.0,1.0,0.0,1.0,0.0,0.5833333333333334,1
10157,d68d495f8f605301,True,1.0,1.0,0.8391263076038421,1.0,1.0,1.0,0.9329692948349342,1
10158,d68dba02509b50a3,True,1.0,1.0,0.8572984173141798,1.0,1.0,0.5,0.9405410072142416,1
10159,d68e0b255e055d35,True,1.0,1.0,1.0,1.0,1.0,1.0,1.0,1
10160,d697dea3ebba5047,True,1.0,1.0,0.8780354858533916,1.0,1.0,1.0,0.9491814524389133,1
10161,d6981f197dd555fd,True,1.0,1.0,0.7484566564629056,1.0,1.0,1.0,0.8951902735262106,1
10162,d69b6aacdd0459e3,True,1.0,1.0,1.0,1.0,1.0,1.0,1.0,1
10163,d6a60e406ebc5b01,True,1.0,1.0,0.819060625333788,1.0,1.0,1.0,0.9246085938890783,1
10164,d6aa1499d0be503a,True,1.0,1.0,0.9252361885825381,1.0,1.0,1.0,0.9688484119093909,1
10165,d6b2af6a4fbd5a88,True,1.0,1.0,0.8173355459290101,1.0,1.0,1.0,0.9238898108037542,1
10166,d6b5646287065fa8,True,1.0,0.0,0.0,1.0,1.0,1.0,0.0,1
10167,d6bb49ff956f5b50,True,1.0,1.0,1.0,1.0,1.0,1.0,1.0,1
10168,d6daa3b927f45168,True,1.0,1.0,1.0,1.0,1.0,1.0,1.0,1
10169,d6deeba48d2c5dfe,True,1.0,1.0,1.0,1.0,1.0,1.0,1.0,1
10170,d6e4774d5cc65309,True,1.0,1.0,1.0,1.0,1.0,1.0,1.0,1
10171,d6ec2a0b9fe25a58,True,1.0,1.0,1.0,1.0,1.0,1.0,1.0,1
10172,d6eda165241a53b9,True,1.0,1.0,1.0,1.0,1.0,1.0,1.0,1
10173,d6f52d0bbaf5523c,True,1.0,1.0,0.7607294750454615,1.0,1.0,1.0,0.9003039479356089,1
10174,d6f66c51d98a5db6,True,1.0,1.0,1.0,1.0,1.0,1.0,1.0,1
10175,d6fb4629926d57db,True,1.0,1.0,0.9269568461653901,1.0,1.0,1.0,0.9695653525689125,1
10176,d6fc32608ecc581c,True,1.0,1.0,0.7960699259470391,1.0,1.0,1.0,0.9150291358112663,1
10177,d6feccacc881504a,True,1.0,1.0,0.8211307221266586,1.0,1.0,1.0,0.9254711342194412,1
10178,d7099c8643c95283,True,1.0,1.0,1.0,1.0,1.0,1.0,1.0,1
10179,d70c87fa9c59524a,True,1.0,1.0,0.7785195277605004,1.0,1.0,1.0,0.9077164699002086,1
10180,d70e995b6ec6546a,True,1.0,1.0,0.9479586672428594,1.0,1.0,1.0,0.9783161113511915,1
10181,d70f77951917593a,True,1.0,1.0,0.74183890339807,1.0,1.0,1.0,0.8924328764158626,1
10182,d70f8a8eeeeb5e82,True,1.0,1.0,0.9381549303881113,1.0,1.0,1.0,0.9742312209950463,1
10183,d715fbc6ea0551f8,True,1.0,0.0,0.0,1.0,1.0,1.0,0.0,1
10184,d719f6e5de715f5a,True,1.0,1.0,1.0,1.0,1.0,1.0,1.0,1
10185,d71f89f4f6e350b8,True,1.0,1.0,0.8801915531521205,1.0,1.0,0.5,0.9500798138133835,1
10186,d72d183a16e05cf3,True,1.0,1.0,0.7963208627165634,1.0,1.0,1.0,0.9151336927985682,1
10187,d7350c01eab55ed0,True,1.0,1.0,0.9753011062121979,1.0,1.0,1.0,0.9897087942550824,1
10188,d73cabbfed045bf2,True,1.0,1.0,0.6121919598330161,1.0,1.0,1.0,0.83841331659709,1
10189,d74329969d1155bf,True,1.0,1.0,0.9886624965539523,1.0,1.0,1.0,0.9952760402308135,1
10190,d743862c9c555961,True,1.0,0.0,0.0,1.0,1.0,1.0,0.0,1
10191,d745bef1cebc52e7,True,1.0,1.0,1.0,1.0,1.0,1.0,1.0,1
10192,d74dbc89af495c84,True,1.0,1.0,0.9002915684918306,1.0,1.0,1.0,0.9584548202049294,1
10193,d74f4eda6af854c4,True,1.0,1.0,0.8503174400421797,1.0,1.0,1.0,0.9376322666842416,1
10194,d753a5379cc15b69,True,1.0,1.0,0.7914684199418942,1.0,1.0,1.0,0.913111841642456,1
10195,d754cb22172b5b75,True,1.0,1.0,0.7066851783145344,1.0,1.0,1.0,0.8777854909643894,1
10196,d75b5c57a3c45583,True,1.0,1.0,1.0,1.0,1.0,1.0,1.0,1
10197,d763dadacfd55928,True,1.0,1.0,0.9852367712246172,1.0,1.0,1.0,0.9938486546769237,1
10198,d767dfeed9965477,True,1.0,1.0,0.7408598877633998,1.0,1.0,1.0,0.89202495323475,1
10199,d76955208924513a,True,1.0,1.0,0.9094058553368997,1.0,1.0,1.0,0.9622524397237081,1
10200,d7708962e5cc554f,True,1.0,1.0,1.0,1.0,1.0,1.0,1.0,1
10201,d777782391de54bf,True,1.0,1.0,0.8616466663498201,1.0,1.0,1.0,0.9423527776457584,1
10202,d77a9c90baf35d87,True,1.0,1.0,1.0,1.0,1.0,1.0,1.0,1
10203,d780d3a3f10d567b,True,1.0,1.0,1.0,0.0,1.0,1.0,0.5833333333333334,1
10204,d781ee7dce4a5351,True,1.0,1.0,0.9417279328297151,1.0,1.0,1.0,0.9757199720123814,1
10205,d782b032259d5cc0,True,1.0,1.0,0.6715733158137938,1.0,1.0,1.0,0.8631555482557474,1
10206,d789efd527395984,True,1.0,1.0,1.0,1.0,1.0,1.0,1.0,1
10207,d78ce77ffdf75554,True,1.0,1.0,0.8477839002294957,1.0,1.0,1.0,0.9365766250956232,1
10208,d792515ce4b257a4,True,1.0,1.0,1.0,1.0,1.0,1.0,1.0,1
10209,d7928caf300452e2,True,1.0,0.0,0.0,1.0,1.0,1.0,0.0,1
10210,d796c1764d575153,True,0.0,1.0,0.0,0.0,1.0,1.0,0.0,1
10211,d79874fa9ba4558e,True,1.0,1.0,0.8115356196382483,1.0,1.0,1.0,0.92147317484927,1
10212,d798fc24805d5f19,True,1.0,1.0,0.7953684228580974,1.0,1.0,1.0,0.9147368428575406,1
10213,d7a0ac2136015985,True,1.0,1.0,1.0,1.0,1.0,1.0,1.0,1
10214,d7b1349fb4775cc1,True,1.0,1.0,0.9228352145963397,1.0,1.0,1.0,0.9678480060818083,1
10215,d7b1d984a0ff5791,True,1.0,1.0,0.9670360681008527,1.0,1.0,1.0,0.9862650283753553,1
10216,d7ba299450ae53e2,True,1.0,1.0,0.8999134861118929,1.0,1.0,1.0,0.9582972858799553,1
10217,d7bf550698b55562,True,1.0,1.0,0.7556138992948256,1.0,1.0,1.0,0.8981724580395106,1
10218,d7c017783af2520b,True,1.0,1.0,1.0,1.0,1.0,1.0,1.0,1
10219,d7c74666773f5575,True,1.0,0.0,0.0,1.0,1.0,0.5,0.0,1
10220,d7c78dbb6fb25194,True,1.0,1.0,1.0,0.0,1.0,1.0,0.5833333333333334,1
10221,d7cc45e58d175329,True,1.0,1.0,0.703637302525746,1.0,1.0,1.0,0.8765155427190608,1
10222,d7d57d8fb3b6589a,True,1.0,0.0,0.0,1.0,1.0,0.5,0.0,1
10223,d7d752a4a8b95a59,True,1.0,1.0,0.9169062407563117,1.0,1.0,1.0,0.9653776003151299,1
10224,d7f2f0a77e3e5b4d,True,1.0,1.0,0.919756494117093,1.0,1.0,1.0,0.9665652058821221,1
10225,d7f6204c325d53fe,True,1.0,1.0,1.0,1.0,1.0,1.0,1.0,1
10226,d7fdaa2d555c5272,True,1.0,1.0,0.8469178726567812,0.0,1.0,1.0,0.5195491136069922,1
10227,d7ff11915cdf538e,True,1.0,1.0,0.9618984356443818,1.0,1.0,1.0,0.984124348185159,1
10228,d80488b4e04c5e47,True,1.0,1.0,0.8756525772296381,1.0,1.0,1.0,0.9481885738456826,1
10229,d813c6a4706e5411,True,1.0,1.0,0.8789636336180706,1.0,1.0,1.0,0.9495681806741961,1
10230,d81b6324477757dd,True,1.0,1.0,0.8732101240485205,1.0,1.0,1.0,0.947170885020217,1
10231,d81c4398a40b52b9,True,1.0,1.0,1.0,1.0,1.0,1.0,1.0,1
10232,d81e608168615b51,True,1.0,1.0,1.0,1.0,1.0,1.0,1.0,1
10233,d82f1b20a55d5bcd,True,1.0,1.0,0.8024074174923536,1.0,1.0,1.0,0.9176697572884805,1
10234,d8320bd0be9a50b3,True,0.0,0.0,0.0,0.0,1.0,1.0,0.0,1
10235,d8338aefbb73570f,True,1.0,1.0,0.8447282537060844,1.0,1.0,1.0,0.9353034390442018,1
10236,d8346b35ed785e1d,True,1.0,1.0,1.0,1.0,1.0,1.0,1.0,1
10237,d834813ce20a54e1,True,1.0,1.0,1.0,1.0,1.0,1.0,1.0,1
10238,d83802157d9858d5,True,1.0,1.0,0.7920491104416445,1.0,1.0,1.0,0.9133537960173519,1
10239,d83c3b7416f3577e,True,1.0,1.0,0.9040590004162873,1.0,1.0,1.0,0.9600245835067863,1
10240,d849d3813e3052d0,True,1.0,1.0,0.7556906932005165,0.0,1.0,0.0,0.4815377888335486,1
10241,d84b338d48335e67,True,1.0,1.0,0.7912911857258189,1.0,1.0,1.0,0.9130379940524245,1
10242,d852a7b32d6c5448,True,1.0,0.0,0.0,1.0,1.0,1.0,0.0,1
10243,d858b7c7e6105207,True,1.0,1.0,1.0,1.0,1.0,1.0,1.0,1
10244,d85c679f79b552ae,True,1.0,1.0,1.0,1.0,1.0,1.0,1.0,1
10245,d861e8c8589e5433,True,1.0,1.0,0.8708678688234233,1.0,1.0,1.0,0.946194945343093,1
10246,d86683ee976e5889,True,1.0,1.0,0.7738208344517172,1.0,1.0,1.0,0.9057586810215489,1
10247,d8699a1844cc5541,True,1.0,1.0,1.0,1.0,1.0,1.0,1.0,1
10248,d870256a3b185659,True,1.0,1.0,0.877895270116604,1.0,1.0,1.0,0.9491230292152517,1
10249,d87ac612c49152b5,True,1.0,1.0,1.0,1.0,1.0,1.0,1.0,1
10250,d88a725f8b125d74,True,1.0,1.0,0.8546390185738181,1.0,1.0,1.0,0.9394329244057577,1
10251,d88f286835b95ff3,True,1.0,1.0,1.0,1.0,1.0,1.0,1.0,1
10252,d88fdf29aeed58f5,True,1.0,1.0,0.9723339276757674,1.0,1.0,1.0,0.9884724698649031,1
10253,d894554636eb52f4,True,1.0,1.0,0.6534910181790813,1.0,1.0,1.0,0.8556212575746173,1
10254,d8952813d8de574d,True,1.0,1.0,0.7939487884299938,1.0,1.0,1.0,0.9141453285124973,1
10255,d89a663c15da5ce2,True,1.0,1.0,0.9028061969132164,1.0,1.0,1.0,0.9595025820471735,1
10256,d89b0ef5c58b5621,True,1.0,1.0,1.0,1.0,1.0,1.0,1.0,1
10257,d89c9a87852151d1,True,1.0,1.0,0.7729767562492114,1.0,1.0,1.0,0.9054069817705047,1
10258,d89e9c599cf5571b,True,1.0,1.0,0.9016481232349978,1.0,1.0,1.0,0.9590200513479158,1
10259,d8acd89d5cc95e9a,True,1.0,1.0,0.7794170752222062,1.0,1.0,1.0,0.9080904480092525,1
10260,d8af5ee176db5d89,True,1.0,1.0,0.8142638799217033,1.0,1.0,1.0,0.9226099499673763,1
10261,d8bbb945380d5d78,True,1.0,1.0,1.0,1.0,1.0,1.0,1.0,1
10262,d8c1754607175755,True,1.0,1.0,0.9115656729075707,1.0,1.0,1.0,0.9631523637114879,1
10263,d8c6268b250e585c,True,1.0,1.0,0.8480402480244053,1.0,1.0,1.0,0.9366834366768355,1
10264,d8c6aedcb54a56fb,True,1.0,1.0,0.7286645702396752,1.0,1.0,1.0,0.8869435709331981,1
10265,d8d27319eb585277,True,1.0,1.0,1.0,1.0,1.0,1.0,1.0,1
10266,d8d39177bd96593d,True,1.0,1.0,0.8076548942397237,1.0,1.0,1.0,0.9198562059332183,1
10267,d8d4f191f3bc5f34,True,1.0,1.0,0.8835126636638454,1.0,1.0,1.0,0.9514636098599357,1
10268,d8effdc24c235d3f,True,1.0,1.0,1.0,1.0,1.0,1.0,1.0,1
10269,d8f68111f5145cc9,True,1.0,0.0,0.0,1.0,1.0,1.0,0.0,1
10270,d8faa48b75625ac0,True,1.0,1.0,1.0,1.0,1.0,1.0,1.0,1
10271,d903d26195085adb,True,1.0,1.0,0.8047334674473824,1.0,1.0,1.0,0.9186389447697426,1
10272,d90cd23a434f5c55,True,1.0,1.0,1.0,1.0,1.0,1.0,1.0,1
10273,d90d4f05ebde5bed,True,1.0,1.0,0.8930920393665357,1.0,1.0,1.0,0.9554550164027232,1
10274,d9150469e9885120,True,1.0,1.0,0.7479472792338815,1.0,1.0,0.5,0.8949780330141173,1
10275,d91edafc567a5fcc,True,1.0,1.0,0.9468748313342004,1.0,1.0,1.0,0.9778645130559168,1
10276,d91f0c28683e52da,True,0.0,1.0,0.0,0.0,1.0,1.0,0.0,1
10277,d925879cb467504c,True,0.0,1.0,0.0,0.0,1.0,1.0,0.0,1
10278,d926deb799a65bea,True,1.0,1.0,0.7817068776965895,1.0,1.0,1.0,0.9090445323735791,1
10279,d928098371595be7,True,1.0,1.0,1.0,1.0,1.0,1.0,1.0,1
10280,d929120b36a95db5,True,1.0,1.0,1.0,1.0,1.0,1.0,1.0,1
10281,d93832e29afa5f8b,True,1.0,1.0,0.9052184311485276,1.0,1.0,1.0,0.9605076796452199,1
10282,d93d307c5aeb5338,True,1.0,1.0,0.7297783072244253,1.0,1.0,1.0,0.8874076280101771,1
10283,d93e31dfb0c25be5,True,1.0,1.0,1.0,1.0,1.0,1.0,1.0,1
10284,d9422fc7065e5b62,True,1.0,0.0,0.0,1.0,1.0,1.0,0.0,1
10285,d94271077f7a5432,True,1.0,1.0,0.7994522928651746,1.0,1.0,1.0,0.9164384553604895,1
10286,d9435ec2640f586f,True,1.0,1.0,1.0,1.0,1.0,1.0,1.0,1
10287,d945bc5c595d518d,True,1.0,1.0,0.97203890738927,1.0,1.0,1.0,0.9883495447455292,1
10288,d94860755c1f5594,True,1.0,1.0,1.0,1.0,1.0,1.0,1.0,1
10289,d94a8579682651b4,True,1.0,1.0,1.0,1.0,1.0,1.0,1.0,1
10290,d94aa4b0e05e5be9,True,1.0,1.0,1.0,1.0,1.0,1.0,1.0,1
10291,d9560f4ad686510f,True,1.0,1.0,0.6084838108031745,1.0,1.0,1.0,0.8368682545013227,1
10292,d957b8de88d154cb,True,1.0,1.0,0.8865043341556386,1.0,1.0,1.0,0.9527101392315162,1
10293,d961ad586b625f55,True,1.0,1.0,1.0,1.0,1.0,1.0,1.0,1
10294,d961e40cb8185341,True,1.0,1.0,0.9714649953055962,0.0,1.0,1.0,0.5714437480439983,1
10295,d9634d08b1a85ec4,True,1.0,1.0,1.0,1.0,1.0,1.0,1.0,1
10296,d96d1690e3c05f36,True,1.0,1.0,0.9345798784008171,1.0,1.0,1.0,0.9727416160003405,1
10297,d97108bcdab25c24,True,1.0,1.0,0.9927835722906418,0.0,1.0,1.0,0.5803264884544341,1
10298,d97244a589ca587f,True,1.0,1.0,0.9167385054241045,1.0,1.0,1.0,0.9653077105933768,1
10299,d978a6878e7b5e8b,True,1.0,1.0,1.0,1.0,1.0,1.0,1.0,1
10300,d983f3c9756357b2,True,1.0,1.0,1.0,1.0,1.0,1.0,1.0,1
10301,d987180f18155985,True,1.0,1.0,1.0,1.0,1.0,1.0,1.0,1
10302,d9880e5e2cff5787,True,1.0,1.0,1.0,1.0,1.0,1.0,1.0,1
10303,d98a25449e205e55,True,1.0,1.0,0.7804612567069782,1.0,1.0,1.0,0.9085255236279076,1
10304,d99103d5b5025654,True,1.0,1.0,0.8770121020415551,1.0,1.0,1.0,0.9487550425173147,1
10305,d9953ee7b30f5ac3,True,1.0,1.0,0.8111070014975089,1.0,1.0,1.0,0.9212945839572955,1
10306,d9983fb6d20e5413,True,1.0,1.0,1.0,1.0,1.0,1.0,1.0,1
10307,d99e2e84c46f577d,True,1.0,1.0,0.7350508571689358,1.0,1.0,0.5,0.88960452382039,1
10308,d9b28b3ee70e57f2,True,1.0,1.0,0.6635711934026853,1.0,1.0,1.0,0.8598213305844521,1
10309,d9b577262eed5ceb,True,1.0,1.0,1.0,0.0,1.0,1.0,0.5833333333333334,1
10310,d9b79e606e595700,True,1.0,1.0,0.9305912108558192,1.0,1.0,1.0,0.9710796711899247,1
10311,d9bb15db6f025acb,True,1.0,1.0,0.7286157825544566,1.0,1.0,1.0,0.8869232427310235,1
10312,d9bbf36a9fca56a9,True,1.0,1.0,0.860610059249783,1.0,1.0,1.0,0.941920858020743,1
10313,d9c4acb18e675789,True,1.0,1.0,0.9888192917454083,1.0,1.0,1.0,0.9953413715605869,1
10314,d9c700e9e21b50ba,True,1.0,1.0,1.0,1.0,1.0,1.0,1.0,1
10315,d9cf5623b4f85cad,True,1.0,1.0,1.0,1.0,1.0,1.0,1.0,1
10316,d9d22fcc4d395fc9,True,1.0,1.0,1.0,1.0,1.0,1.0,1.0,1
10317,d9d78961c83a5acb,True,1.0,1.0,0.7274359311172929,1.0,1.0,1.0,0.8864316379655387,1
10318,d9d93568b27e5649,True,1.0,1.0,0.8254121946696276,1.0,1.0,1.0,0.9272550811123449,1
10319,d9e93eae3b4a5235,True,1.0,1.0,0.9227291358302172,1.0,1.0,1.0,0.9678038065959238,1
10320,d9eeceb896445e10,True,1.0,1.0,0.8198502005849366,1.0,1.0,1.0,0.9249375835770569,1
10321,d9f67f2d224a5aaf,True,1.0,1.0,0.9600654295584801,1.0,1.0,1.0,0.9833605956493666,1
10322,d9f878bd57425c2c,True,1.0,1.0,1.0,1.0,1.0,1.0,1.0,1
10323,d9fac9fdd2bd5036,True,1.0,1.0,1.0,1.0,1.0,1.0,1.0,1
10324,d9fdaff6c17659bc,True,1.0,1.0,0.7957042385407386,1.0,1.0,1.0,0.914876766058641,1
10325,da01de71bce95578,True,1.0,1.0,1.0,1.0,1.0,1.0,1.0,1
10326,da026eb9dcf75339,True,1.0,1.0,0.8354709794357096,1.0,1.0,1.0,0.9314462414315456,1
10327,da03ba74198a524b,True,1.0,1.0,1.0,1.0,1.0,1.0,1.0,1
10328,da0aac1f6c225eca,True,1.0,1.0,0.7009916338449722,1.0,1.0,1.0,0.8754131807687383,1
10329,da0d775d13c956be,True,1.0,1.0,0.6790774957409427,1.0,1.0,1.0,0.8662822898920594,1
10330,da137494751e500f,True,1.0,1.0,0.9851755106674932,1.0,1.0,1.0,0.9938231294447889,1
10331,da1a3756e4465c03,True,1.0,1.0,0.9569751173733798,1.0,1.0,1.0,0.9820729655722417,1
10332,da2fb85306b2560c,True,1.0,1.0,0.6530648864494702,1.0,1.0,1.0,0.8554437026872792,1
10333,da365ed766db5a6a,True,1.0,1.0,1.0,1.0,1.0,1.0,1.0,1
10334,da36c99454f65715,True,1.0,1.0,0.9541036962390922,1.0,1.0,1.0,0.9808765400996218,1
10335,da3dac3ca6545198,True,1.0,1.0,0.896753225551098,1.0,1.0,0.0,0.9569805106462909,1
10336,da4d89151b245e0c,True,1.0,1.0,0.7578511089191683,1.0,1.0,1.0,0.8991046287163201,1
10337,da53dac7558e563d,True,1.0,1.0,0.9409672107316484,1.0,1.0,1.0,0.9754030044715201,1
10338,da56fca2caff52e4,True,1.0,0.0,0.0,0.0,1.0,1.0,0.0,1
10339,da590e67d2e6532a,True,1.0,1.0,1.0,1.0,1.0,1.0,1.0,1
10340,da5ac44917dd5ca4,True,1.0,1.0,0.7260623264164533,1.0,1.0,1.0,0.8858593026735222,1
10341,da64267c15aa5531,True,1.0,1.0,0.9861349054964631,1.0,1.0,1.0,0.994222877290193,1
10342,da668c88a6ef562c,True,1.0,1.0,0.9441163905070072,1.0,1.0,1.0,0.9767151627112529,1
10343,da6bafca1d9f5b58,True,1.0,1.0,0.759796104990282,1.0,1.0,1.0,0.8999150437459509,1
10344,da6d3b6810995466,True,1.0,1.0,1.0,1.0,1.0,1.0,1.0,1
10345,da751fd130625cce,True,1.0,1.0,0.9966442183213828,1.0,1.0,1.0,0.9986017576339096,1
10346,da765dd341585db9,True,1.0,1.0,0.7487134828849542,1.0,1.0,1.0,0.8952972845353976,1
10347,da83e9a4e38a5d6e,True,1.0,1.0,0.8472424830680926,1.0,1.0,1.0,0.9363510346117052,1
10348,da848499bd6759c9,True,1.0,1.0,0.8851112468257925,1.0,1.0,1.0,0.9521296861774134,1
10349,da888593e9a0518c,True,1.0,1.0,0.7831273822766577,1.0,1.0,1.0,0.9096364092819407,1
10350,da924c882e6e52d0,True,1.0,1.0,1.0,1.0,1.0,1.0,1.0,1
10351,da928b52410d5da6,True,1.0,1.0,0.6643214740032091,1.0,1.0,1.0,0.8601339475013372,1
10352,da9ae73013715f70,True,1.0,1.0,0.9963730637787841,1.0,1.0,1.0,0.9984887765744933,1
10353,da9ee145e2b05480,True,1.0,1.0,0.7255763040270485,1.0,1.0,1.0,0.8856567933446037,1
10354,daa09f8522125950,True,1.0,1.0,1.0,1.0,1.0,1.0,1.0,1
10355,daa3dbcfc784564c,True,1.0,1.0,0.820083239527425,1.0,1.0,1.0,0.9250346831364271,1
10356,daaa1858309c5938,True,1.0,1.0,1.0,1.0,1.0,1.0,1.0,1
10357,dabc9043dbb9560b,True,1.0,1.0,0.877219472342545,1.0,1.0,1.0,0.9488414468093938,1
10358,dac176e7b40c5671,True,1.0,1.0,0.9212996735789756,1.0,1.0,1.0,0.9672081973245731,1
10359,dac5a6aa183b5e73,True,1.0,0.0,0.0,1.0,1.0,1.0,0.0,1
10360,dac744da64d35664,True,1.0,1.0,0.8836992061355157,1.0,1.0,1.0,0.9515413358897981,1
10361,dac84d4f931e54ab,True,1.0,1.0,0.6184839620717624,1.0,1.0,1.0,0.8410349841965677,1
10362,dad522fc9c405963,True,1.0,1.0,1.0,1.0,1.0,1.0,1.0,1
10363,dad96574decb5a68,True,1.0,1.0,0.833940988427354,1.0,1.0,1.0,0.9308087451780641,1
10364,dadaa10f428c501e,True,1.0,1.0,0.8380258168051843,1.0,1.0,1.0,0.9325107570021601,1
10365,dadc8dc029e15f0f,True,1.0,1.0,0.754654410422328,1.0,1.0,1.0,0.8977726710093034,1
10366,dadda73214d15baf,True,1.0,1.0,0.8534123352200041,1.0,1.0,1.0,0.9389218063416683,1
10367,dadfddb20a29587d,True,1.0,0.0,0.0,1.0,1.0,1.0,0.0,1
10368,dae9ebb7c5ff5c6a,True,1.0,1.0,0.9068690203126967,1.0,1.0,1.0,0.9611954251302902,1
10369,daea2a5f018858f6,True,1.0,1.0,1.0,1.0,1.0,1.0,1.0,1
10370,daf38cecd5045cf6,True,1.0,1.0,1.0,0.0,1.0,0.5,0.5833333333333334,1
10371,daf715295e7d576b,True,1.0,1.0,1.0,1.0,1.0,1.0,1.0,1
10372,dafc83b1558053e9,True,1.0,1.0,1.0,1.0,1.0,1.0,1.0,1
10373,db026a1a1b6f5d3d,True,1.0,1.0,0.725000166098323,1.0,1.0,1.0,0.8854167358743013,1
10374,db07a6d7eacd57d1,True,1.0,1.0,1.0,1.0,1.0,1.0,1.0,1
10375,db1231d931455d2c,True,1.0,1.0,0.9404341996229679,1.0,1.0,1.0,0.97518091650957,1
10376,db1794b15b1a54b4,True,1.0,1.0,0.8539012405890788,1.0,1.0,1.0,0.9391255169121161,1
10377,db180d0c665454aa,True,1.0,1.0,0.7835752451058374,1.0,1.0,1.0,0.909823018794099,1
10378,db1f0ea31f525bdb,True,1.0,1.0,1.0,1.0,1.0,1.0,1.0,1
10379,db29291cd4ee5499,True,1.0,1.0,1.0,1.0,1.0,1.0,1.0,1
10380,db36572d530a5ed3,True,1.0,1.0,0.8619412610518831,1.0,1.0,1.0,0.9424755254382845,1
10381,db36705ca2645415,True,1.0,1.0,0.8099307575294475,1.0,1.0,1.0,0.9208044823039364,1
10382,db3833e656c256dd,True,1.0,1.0,0.9389395734775099,1.0,1.0,1.0,0.9745581556156292,1
10383,db4bcafb6d775b4f,True,1.0,1.0,0.8632572716860107,1.0,1.0,1.0,0.9430238632025044,1
10384,db4f9f954c2e597f,True,1.0,1.0,1.0,1.0,1.0,1.0,1.0,1
10385,db5d96563dcb5427,True,1.0,1.0,1.0,1.0,1.0,1.0,1.0,1
10386,db601036b2fb58d7,True,1.0,1.0,1.0,1.0,1.0,1.0,1.0,1
10387,db62e3168cd051aa,True,1.0,1.0,0.8825200770884923,1.0,1.0,1.0,0.9510500321202051,1
10388,db723debaec15d81,True,1.0,1.0,1.0,1.0,1.0,1.0,1.0,1
10389,db73bde6710e50ca,True,1.0,1.0,1.0,1.0,1.0,1.0,1.0,1
10390,db740574ddc053f0,True,1.0,1.0,1.0,1.0,1.0,1.0,1.0,1
10391,db747c98e01c5b42,True,1.0,1.0,0.9425313949497016,1.0,1.0,1.0,0.976054747895709,1
10392,db7dbae63ff15234,True,1.0,1.0,1.0,1.0,1.0,1.0,1.0,1
10393,db817c126780531f,True,1.0,1.0,1.0,1.0,1.0,1.0,1.0,1
10394,db86c1d1516f557d,True,1.0,1.0,0.8026983799544014,1.0,1.0,1.0,0.9177909916476672,1
10395,db94e239ea1a5468,True,1.0,1.0,0.8094451077479669,1.0,1.0,1.0,0.9206021282283195,1
10396,db951dbc3e595c29,True,1.0,1.0,0.7907577610153836,1.0,1.0,1.0,0.9128157337564099,1
10397,db98c374c7e65602,True,1.0,1.0,1.0,1.0,1.0,1.0,1.0,1
10398,dbadf83c8bc85324,True,1.0,0.0,0.0,1.0,1.0,0.5,0.0,1
10399,dbb26055ea9351dc,True,1.0,1.0,0.869508276903455,1.0,1.0,1.0,0.9456284487097729,1
10400,dbb53601c8fb585f,True,1.0,1.0,0.9899219707038324,1.0,1.0,1.0,0.9958008211265968,1
10401,dbb9c9811b275fd8,True,1.0,1.0,0.6751875327062109,1.0,1.0,1.0,0.8646614719609212,1
10402,dbba0a418817539e,True,1.0,1.0,0.9026716140904684,1.0,1.0,1.0,0.9594465058710284,1
10403,dbbe5d5671495f13,True,1.0,1.0,0.717722291754133,1.0,1.0,1.0,0.8823842882308887,1
10404,dbcb1f2c3979500d,True,1.0,1.0,0.9257451128281029,1.0,1.0,1.0,0.9690604636783763,1
10405,dbcee699816e524c,True,1.0,1.0,0.7937370782981226,1.0,1.0,1.0,0.9140571159575511,1
10406,dbd898b3533f5ac5,True,1.0,1.0,0.8046686505673515,1.0,1.0,1.0,0.9186119377363964,1
10407,dbd94883f7865af6,True,1.0,1.0,1.0,1.0,1.0,0.5,1.0,1
10408,dbf083df3f5c55d7,True,1.0,1.0,1.0,1.0,1.0,1.0,1.0,1
10409,dbfc9f81daf956a9,True,1.0,1.0,1.0,1.0,1.0,1.0,1.0,1
10410,dbfcc3b5aa945597,True,1.0,1.0,0.8773866054407197,1.0,1.0,1.0,0.9489110856002999,1
10411,dbff1141343a5736,True,0.0,1.0,0.0,0.0,1.0,1.0,0.0,1
10412,dc0152c1caca5d94,True,1.0,1.0,1.0,1.0,1.0,1.0,1.0,1
10413,dc05b41a768b5015,True,1.0,1.0,0.7334727028665758,1.0,1.0,1.0,0.88894695952774,1
10414,dc096269aef55bf0,True,1.0,1.0,0.8394110703085991,1.0,1.0,1.0,0.9330879459619164,1
10415,dc0c3446973f56b3,True,1.0,1.0,1.0,1.0,1.0,1.0,1.0,1
10416,dc145331696d5400,True,1.0,1.0,1.0,1.0,1.0,1.0,1.0,1
10417,dc168a56b2755e21,True,1.0,1.0,0.7804289737914724,1.0,1.0,1.0,0.9085120724131134,1
10418,dc207d97e04f5ce1,True,1.0,1.0,1.0,1.0,1.0,1.0,1.0,1
10419,dc2279179bb25d08,True,1.0,1.0,0.8081699732100712,1.0,1.0,1.0,0.920070822170863,1
10420,dc2675fb11d6540d,True,1.0,1.0,0.8569950090300231,1.0,1.0,1.0,0.940414587095843,1
10421,dc26fde28bc65ef6,True,1.0,0.0,0.0,1.0,1.0,1.0,0.0,1
10422,dc2a5d567a8e5f17,True,1.0,1.0,0.8485998671778457,1.0,1.0,1.0,0.9369166113241024,1
10423,dc2d59ce7b1258cf,True,1.0,1.0,1.0,1.0,1.0,1.0,1.0,1
10424,dc39a0845cde5b42,True,1.0,1.0,0.7891930550500423,1.0,1.0,1.0,0.9121637729375176,1
10425,dc39ce9c251551bb,True,1.0,1.0,1.0,1.0,1.0,1.0,1.0,1
10426,dc3b040ef45c5094,True,1.0,1.0,0.9348376844290882,0.0,1.0,1.0,0.5561823685121201,1
10427,dc472958283b57cc,True,1.0,1.0,1.0,1.0,1.0,1.0,1.0,1
10428,dc47dc70547551f6,True,1.0,1.0,0.7835106832805327,1.0,1.0,1.0,0.9097961180335553,1
10429,dc482250cdb35c9e,True,1.0,1.0,0.8697563534179488,1.0,1.0,1.0,0.9457318139241453,1
10430,dc4b44d8961e538a,True,1.0,1.0,0.6662736647716547,1.0,1.0,1.0,0.8609473603215229,1
10431,dc50a0853e295e88,True,1.0,1.0,0.8674207172318006,1.0,1.0,1.0,0.944758632179917,1
10432,dc5bfa6f51225853,True,1.0,1.0,1.0,1.0,1.0,1.0,1.0,1
10433,dc6df220730c599a,True,1.0,1.0,1.0,0.0,1.0,1.0,0.5833333333333334,1
10434,dc7dda8b400157ef,True,1.0,1.0,1.0,1.0,1.0,1.0,1.0,1
10435,dc8554c53a2a5afc,True,1.0,1.0,0.8225045930956735,1.0,1.0,1.0,0.9260435804565307,1
10436,dc87013816e059f5,True,1.0,1.0,1.0,1.0,1.0,1.0,1.0,1
10437,dc8fc926ef0451f1,True,1.0,1.0,1.0,1.0,1.0,1.0,1.0,1
10438,dc952092ef6a5243,True,1.0,1.0,1.0,1.0,1.0,1.0,1.0,1
10439,dc95b5731cc359f3,True,1.0,1.0,0.8575257699026035,1.0,1.0,1.0,0.9406357374594182,1
10440,dc97241b7037592b,True,1.0,1.0,0.9830908115260779,1.0,1.0,1.0,0.9929545048025324,1
10441,dc9bf97cb9e151ad,True,1.0,1.0,1.0,1.0,1.0,1.0,1.0,1
10442,dca6a613dc2c5051,True,1.0,1.0,0.7999257986526898,1.0,1.0,1.0,0.9166357494386208,1
10443,dcb18ea8a7ea5d66,True,1.0,1.0,1.0,1.0,1.0,1.0,1.0,1
10444,dcb6ca8a732551eb,True,1.0,0.0,0.0,1.0,1.0,1.0,0.0,1
10445,dcb8fbfc6c1d5fd6,True,1.0,1.0,1.0,1.0,1.0,1.0,1.0,1
10446,dcc3b1a2a6da565a,True,1.0,1.0,0.8164556534195115,1.0,1.0,1.0,0.9235231889247965,1
10447,dccd7bde9a0b5bfe,True,1.0,1.0,0.8667566684012379,1.0,1.0,1.0,0.9444819451671824,1
10448,dccee2a69ee5501d,True,1.0,1.0,1.0,0.0,1.0,1.0,0.5833333333333334,1
10449,dcd3886f044a5e29,True,1.0,1.0,0.8254289069649459,1.0,1.0,1.0,0.9272620445687275,1
10450,dcd5dc3f53d9533f,True,1.0,1.0,1.0,1.0,1.0,1.0,1.0,1
10451,dcdacf7509ed5062,True,1.0,1.0,0.6750724741514026,1.0,1.0,1.0,0.8646135308964178,1
10452,dce06ee8c9fc572f,True,1.0,1.0,1.0,1.0,1.0,1.0,1.0,1
10453,dce07c446c7955aa,True,1.0,1.0,1.0,1.0,1.0,1.0,1.0,1
10454,dce197f508425f2b,True,1.0,1.0,1.0,1.0,1.0,1.0,1.0,1
10455,dce2c9983a00588e,True,1.0,1.0,0.8677968975280481,1.0,1.0,1.0,0.9449153739700201,1
10456,dcf3da6b34935bc8,True,1.0,1.0,0.6258731793355139,1.0,1.0,1.0,0.8441138247231308,1
10457,dcf6caabbee354f7,True,1.0,1.0,0.889711958877965,1.0,1.0,1.0,0.9540466495324854,1
10458,dcf89e4b93ba5fbe,True,1.0,1.0,1.0,0.0,1.0,1.0,0.5833333333333334,1
10459,dcfc13ba3a4150a6,True,1.0,1.0,1.0,1.0,1.0,1.0,1.0,1
10460,dcff89b03b925c41,True,1.0,1.0,0.6558602703875023,1.0,1.0,1.0,0.8566084459947927,1
10461,dd07f89bea6f5147,True,1.0,1.0,0.9146022483068003,1.0,1.0,1.0,0.9644176034611668,1
10462,dd149fc9cb395631,True,1.0,1.0,0.9994097524307848,1.0,1.0,1.0,0.9997540635128269,1
10463,dd157f14e18f5a1a,True,1.0,1.0,1.0,1.0,1.0,1.0,1.0,1
10464,dd162898ecf351d4,True,0.0,1.0,0.0,0.0,1.0,1.0,0.0,1
10465,dd16377ecfa45fe0,True,1.0,1.0,1.0,1.0,1.0,1.0,1.0,1
10466,dd182f5d47495d7f,True,1.0,1.0,0.9618929978281632,1.0,1.0,1.0,0.9841220824284013,1
10467,dd1ab5d48c6358ef,True,1.0,1.0,0.6798973895761616,1.0,1.0,1.0,0.8666239123234006,1
10468,dd23e66ff660575e,True,1.0,1.0,0.8040760314140629,0.0,1.0,1.0,0.5016983464225262,1
10469,dd2546a068da5ffe,True,1.0,1.0,0.9127954241064911,1.0,1.0,1.0,0.9636647600443714,1
10470,dd25fc02c23c537b,True,1.0,1.0,1.0,1.0,1.0,1.0,1.0,1
10471,dd282698a1cf543e,True,1.0,1.0,1.0,1.0,1.0,1.0,1.0,1
10472,dd2b5010e1d25d72,True,1.0,1.0,0.6385714626673614,1.0,1.0,1.0,0.8494047761114006,1
10473,dd2bc3e6bb8353b8,True,1.0,1.0,0.9965824894609419,1.0,1.0,1.0,0.9985760372753925,1
10474,dd2d7e23754e58d3,True,1.0,1.0,0.8042578941858126,1.0,1.0,1.0,0.9184407892440886,1
10475,dd30198e0e6b5bd8,True,1.0,1.0,1.0,1.0,1.0,1.0,1.0,1
10476,dd32aebcb8e6550e,True,1.0,1.0,0.8578647315025866,1.0,1.0,1.0,0.9407769714594111,1
10477,dd393ea6b72059c3,True,1.0,1.0,1.0,1.0,1.0,1.0,1.0,1
10478,dd414d3d7d5452f1,True,1.0,1.0,0.6862627823716089,1.0,1.0,1.0,0.8692761593215037,1
10479,dd43c6087aca5206,True,1.0,1.0,0.6973437724750455,1.0,1.0,1.0,0.8738932385312689,1
10480,dd443a8a8d805e57,True,1.0,1.0,1.0,1.0,1.0,1.0,1.0,1
10481,dd4483f390725319,True,1.0,1.0,0.8048623812395512,1.0,1.0,1.0,0.918692658849813,1
10482,dd4e7db697465be3,True,1.0,1.0,0.7989158400939962,1.0,1.0,1.0,0.9162149333724985,1
10483,dd54db98a83b5714,True,1.0,1.0,0.7054870006992395,1.0,1.0,1.0,0.8772862502913498,1
10484,dd6549a070e25b02,True,1.0,1.0,0.8981710032797882,1.0,1.0,1.0,0.9575712513665784,1
10485,dd671af93db454aa,True,1.0,1.0,1.0,0.0,1.0,1.0,0.5833333333333334,1
10486,dd6f3d80501c5026,True,1.0,1.0,0.90597468910312,1.0,1.0,1.0,0.9608227871263,1
10487,dd71dee142f05d7d,True,1.0,1.0,0.9434071142740377,1.0,1.0,1.0,0.9764196309475158,1
10488,dd72153f54fa59e7,True,1.0,1.0,1.0,1.0,1.0,1.0,1.0,1
10489,dd79f9aa92105761,True,1.0,0.0,0.0,1.0,1.0,1.0,0.0,1
10490,dd8205f11d7a5918,True,1.0,1.0,0.8106565851513969,1.0,1.0,1.0,0.9211069104797488,1
10491,dd83ce8b0dec51d2,True,1.0,1.0,0.9261939767935148,1.0,1.0,1.0,0.9692474903306311,1
10492,dd8ac2f25ac75478,True,1.0,1.0,0.7028691228681836,1.0,1.0,1.0,0.8761954678617432,1
10493,dd9143b12b155b15,True,1.0,1.0,1.0,1.0,1.0,1.0,1.0,1
10494,dd951db716735c82,True,1.0,1.0,0.7734022959043303,1.0,1.0,1.0,0.9055842899601375,1
10495,dd9750d89740502d,True,1.0,1.0,0.95722239832608,1.0,1.0,1.0,0.9821759993025333,1
10496,dd9b1479609c5c59,True,1.0,1.0,1.0,1.0,1.0,1.0,1.0,1
10497,dd9efbb06b495921,True,1.0,1.0,0.9263529877467469,1.0,1.0,1.0,0.9693137448944779,1
10498,dda361f4db52537a,True,1.0,1.0,1.0,1.0,1.0,0.5,1.0,1
10499,ddaf241c401e560a,True,1.0,1.0,0.6771197791581228,1.0,1.0,1.0,0.865466574649218,1
10500,ddc1271ea57154bc,True,1.0,1.0,1.0,1.0,1.0,1.0,1.0,1
10501,ddc25b8617cb5aa0,True,1.0,1.0,0.9714439188737803,1.0,1.0,1.0,0.9881016328640752,1
10502,ddc5aacc5d785804,True,1.0,1.0,1.0,1.0,1.0,1.0,1.0,1
10503,ddc62293e7875556,True,1.0,1.0,0.9492506921445673,1.0,1.0,1.0,0.9788544550602364,1
10504,ddc7d737df1957cb,True,1.0,1.0,0.9568649443679715,1.0,1.0,1.0,0.9820270601533215,1
10505,ddc904ff3be05595,True,1.0,1.0,0.901339599132931,1.0,1.0,1.0,0.9588914996387213,1
10506,ddd3fc0cf919567b,True,1.0,1.0,0.9844906348253388,1.0,1.0,1.0,0.9935377645105579,1
10507,ddd6640cba7e584c,True,1.0,1.0,1.0,1.0,1.0,1.0,1.0,1
10508,ddddd9e7e4925db9,True,1.0,1.0,0.7928880640823566,1.0,1.0,1.0,0.9137033600343152,1
10509,dddf14378c355c3a,True,1.0,1.0,0.868417862451744,1.0,1.0,1.0,0.9451741093548933,1
10510,dddf76663455527f,True,1.0,1.0,1.0,1.0,1.0,1.0,1.0,1
10511,dde2ef92aa56546b,True,1.0,1.0,0.83247864582841,1.0,1.0,1.0,0.9301994357618376,1
10512,dde50b95cefd5ecd,True,1.0,1.0,0.8663673648702791,1.0,1.0,1.0,0.9443197353626163,1
10513,dde59a501b7f5f15,True,1.0,1.0,0.7240783082603975,1.0,1.0,1.0,0.8850326284418323,1
10514,dded75c35039515f,True,1.0,1.0,1.0,1.0,1.0,1.0,1.0,1
10515,ddf3383ec8965d9b,True,1.0,1.0,0.8110033607529233,1.0,1.0,1.0,0.921251400313718,1
10516,ddf632a3ce305812,True,1.0,1.0,0.9833815381137786,1.0,1.0,1.0,0.9930756408807411,1
10517,ddfadfe2f0385b3b,True,1.0,1.0,0.9762877806653526,1.0,1.0,1.0,0.9901199086105636,1
10518,ddfeb4814eba5cf8,True,1.0,1.0,1.0,1.0,1.0,1.0,1.0,1
10519,de03efda68e65021,True,1.0,1.0,0.98729294057835,1.0,1.0,1.0,0.994705391907646,1
10520,de0726643f515304,True,1.0,1.0,0.928699228598711,1.0,1.0,1.0,0.9702913452494629,1
10521,de0fd47c70d3500a,True,1.0,1.0,0.9327320979935284,1.0,1.0,1.0,0.9719717074973034,1
10522,de1662269d685ce0,True,1.0,0.0,0.0,1.0,1.0,0.0,0.0,1
10523,de16c26b38425a6b,True,1.0,1.0,1.0,1.0,1.0,1.0,1.0,1
10524,de18caace4a351b6,True,1.0,1.0,1.0,1.0,1.0,1.0,1.0,1
10525,de205067b0165547,True,1.0,1.0,1.0,1.0,1.0,1.0,1.0,1
10526,de22e3d2143f51f7,True,1.0,1.0,0.7914877787143308,1.0,1.0,1.0,0.9131199077976379,1
10527,de235386b6c65ebd,True,1.0,1.0,1.0,1.0,1.0,1.0,1.0,1
10528,de2379f94fc85652,True,1.0,1.0,0.7538727703991573,1.0,1.0,1.0,0.8974469876663155,1
10529,de28290571ec523a,True,1.0,1.0,1.0,1.0,1.0,1.0,1.0,1
10530,de2c2bde3a615d75,True,1.0,1.0,0.7669435359216169,1.0,1.0,1.0,0.9028931399673404,1
10531,de310b1492245dab,True,1.0,1.0,0.9550343740252744,1.0,1.0,1.0,0.981264322510531,1
10532,de31419c6502517b,True,1.0,1.0,0.9119292890172154,1.0,1.0,1.0,0.9633038704238398,1
10533,de354f243fa157ec,True,1.0,1.0,0.9807976210214188,1.0,1.0,1.0,0.9919990087589244,1
10534,de3ea1d3c1e0588a,True,1.0,1.0,0.9636265266968941,1.0,1.0,1.0,0.9848443861237058,1
10535,de41a196a12e56d0,True,1.0,1.0,1.0,1.0,1.0,1.0,1.0,1
10536,de49d859c60758e9,True,1.0,1.0,0.8735946264084934,1.0,1.0,1.0,0.9473310943368722,1
10537,de4ace24443b5b2d,True,1.0,1.0,1.0,1.0,1.0,1.0,1.0,1
10538,de4facce62b05f57,True,1.0,1.0,0.8178975497721477,1.0,1.0,1.0,0.9241239790717283,1
10539,de51843c0c1a51d4,True,1.0,1.0,0.8336989380934626,1.0,1.0,1.0,0.930707890872276,1
10540,de56fef875ac5a5e,True,1.0,1.0,0.8621665651572117,1.0,1.0,1.0,0.9425694021488381,1
10541,de62001a07db556c,True,1.0,1.0,0.9560903621836707,1.0,1.0,1.0,0.9817043175765295,1
10542,de64687e89f25285,True,1.0,1.0,0.7591118631250341,1.0,1.0,1.0,0.8996299429687641,1
10543,de664d2cb249576d,True,1.0,1.0,1.0,1.0,1.0,1.0,1.0,1
10544,de7b87d6624754cf,True,1.0,1.0,0.8194782427898891,1.0,1.0,1.0,0.9247826011624539,1
10545,de80647014f35dbb,True,1.0,1.0,0.7551420722037054,1.0,1.0,1.0,0.8979758634182106,1
10546,de83f2c537565ca8,True,1.0,1.0,0.8383942252814427,1.0,1.0,1.0,0.9326642605339345,1
10547,de85008572b15018,True,1.0,1.0,1.0,1.0,1.0,1.0,1.0,1
10548,de8957bb05ae5d5d,True,1.0,1.0,1.0,1.0,1.0,1.0,1.0,1
10549,de9dd93857cf5ab5,True,1.0,1.0,0.966836026712018,1.0,1.0,1.0,0.9861816777966741,1
10550,de9f2e538b69576c,True,1.0,1.0,0.9671664706771418,1.0,1.0,1.0,0.9863193627821424,1
10551,dea63e35e7545f27,True,1.0,1.0,0.8502618892466243,1.0,1.0,1.0,0.9376091205194269,1
10552,deae4b3cac52513c,True,1.0,1.0,0.7799162048435618,1.0,1.0,1.0,0.9082984186848174,1
10553,deb16bb9771a582a,True,1.0,1.0,0.7452777644856504,1.0,1.0,1.0,0.8938657352023544,1
10554,deb455f53c805643,True,1.0,1.0,0.7927604146219605,1.0,1.0,0.5,0.9136501727591502,1
10555,deb63152bd9453e0,True,1.0,1.0,0.7637671669555709,1.0,1.0,1.0,0.9015696528981545,1
10556,deb8de65573253b7,True,1.0,1.0,1.0,1.0,1.0,1.0,1.0,1
10557,debb1dafdd77545e,True,1.0,1.0,0.9156803765673838,1.0,1.0,1.0,0.9648668235697432,1
10558,debd166df3a85845,True,1.0,1.0,0.9295452155875574,1.0,1.0,1.0,0.9706438398281488,1
10559,dec31dc25db65e6c,True,1.0,1.0,0.7606044362821128,1.0,1.0,1.0,0.9002518484508805,1
10560,dec6932758755596,True,1.0,1.0,0.6391512274682458,1.0,1.0,1.0,0.8496463447784358,1
10561,decc2e4c0f445afc,True,1.0,1.0,0.7986320524101413,1.0,1.0,1.0,0.9160966885042257,1
10562,decd6b1dd7f65e1e,True,1.0,1.0,1.0,1.0,1.0,1.0,1.0,1
10563,dece3a034000579e,True,1.0,1.0,1.0,1.0,1.0,1.0,1.0,1
10564,ded4ce0e91b4596a,True,1.0,1.0,0.7121673187757575,1.0,1.0,1.0,0.8800697161565655,1
10565,dedf2d5568c758ae,True,1.0,1.0,1.0,1.0,1.0,1.0,1.0,1
10566,dee481365b265a2d,True,1.0,1.0,0.6826350767700335,1.0,1.0,1.0,0.8677646153208473,1
10567,dee99345e2015845,True,1.0,1.0,0.7867263014408177,1.0,1.0,1.0,0.911135958933674,1
10568,dee9cc93aed75630,True,1.0,1.0,0.9318239045985633,1.0,1.0,1.0,0.9715932935827348,1
10569,def10158059d5eb1,True,1.0,1.0,1.0,1.0,1.0,1.0,1.0,1
10570,def47af8d5a35090,True,1.0,1.0,0.8669768349051364,1.0,1.0,1.0,0.9445736812104736,1
10571,def5763ef93655ae,True,1.0,1.0,0.8730993158780269,1.0,1.0,1.0,0.9471247149491778,1
10572,deff279b0c815e5a,True,1.0,1.0,1.0,1.0,1.0,1.0,1.0,1
10573,df0122d3b7d35eb9,True,1.0,1.0,1.0,1.0,1.0,1.0,1.0,1
10574,df020b6bdc1b59c0,True,1.0,1.0,1.0,1.0,1.0,1.0,1.0,1
10575,df044fb9c65c5d52,True,1.0,1.0,1.0,1.0,1.0,1.0,1.0,1
10576,df11795878cb5419,True,1.0,1.0,0.6943476317329025,1.0,1.0,1.0,0.8726448465553761,1
10577,df140a20f6b55c9b,True,1.0,1.0,0.8664444061903186,1.0,1.0,1.0,0.9443518359126327,1
10578,df1a9e58ca1150cd,True,1.0,1.0,0.7725724655555971,1.0,1.0,1.0,0.9052385273148321,1
10579,df2257e552655d84,True,1.0,1.0,1.0,1.0,1.0,1.0,1.0,1
10580,df240e44ad0d5c3c,True,1.0,1.0,0.8784397918184196,1.0,1.0,1.0,0.9493499132576749,1
10581,df284ad97ad55a31,True,1.0,1.0,0.6622172301377042,1.0,1.0,1.0,0.8592571792240434,1
10582,df2b37f4a1b85a4e,True,1.0,1.0,0.8119464531104162,1.0,1.0,1.0,0.9216443554626735,1
10583,df2ed02abeba57fe,True,1.0,1.0,1.0,1.0,1.0,1.0,1.0,1
10584,df2ff4c2c9785df6,True,1.0,1.0,0.9249251524805632,1.0,1.0,1.0,0.9687188135335679,1
10585,df30f32cd2ee5633,True,1.0,1.0,1.0,1.0,1.0,1.0,1.0,1
10586,df36523fdaeb5882,True,1.0,1.0,0.9511610236810628,1.0,1.0,1.0,0.9796504265337762,1
10587,df3b1f0f39625162,True,1.0,1.0,0.6877535034592435,1.0,1.0,1.0,0.8698972931080181,1
10588,df3d0104b7665474,True,1.0,1.0,0.8806152539753798,1.0,1.0,1.0,0.9502563558230749,1
10589,df4bbe0b4f6d5312,True,1.0,1.0,1.0,1.0,1.0,1.0,1.0,1
10590,df4bfb41bc3b5ded,True,1.0,1.0,1.0,1.0,1.0,1.0,1.0,1
10591,df4dfd432ba25781,True,1.0,1.0,1.0,1.0,1.0,1.0,1.0,1
10592,df534bbfbbba5b0c,True,1.0,1.0,1.0,1.0,1.0,1.0,1.0,1
10593,df57cf24b8025365,True,1.0,1.0,0.9971485451177796,1.0,1.0,1.0,0.998811893799075,1
10594,df5915c3464e569e,True,1.0,1.0,0.8319136500189915,1.0,1.0,1.0,0.9299640208412464,1
10595,df65991258ba5334,True,1.0,1.0,1.0,1.0,1.0,1.0,1.0,1
10596,df7662125da1513f,True,1.0,1.0,1.0,1.0,1.0,1.0,1.0,1
10597,df78364de73e581b,True,1.0,1.0,0.8858942298637377,1.0,1.0,1.0,0.9524559291098907,1
10598,df7e2f19b3cc5ba6,True,1.0,1.0,1.0,1.0,1.0,1.0,1.0,1
10599,df84a00692885ec0,True,1.0,1.0,1.0,1.0,1.0,1.0,1.0,1
10600,df8bff51c1d95e09,True,1.0,1.0,1.0,1.0,1.0,1.0,1.0,1
10601,df92aab39a395584,True,1.0,1.0,1.0,1.0,1.0,1.0,1.0,1
10602,dfa06e9592e65896,True,1.0,1.0,0.7402003809724765,1.0,1.0,1.0,0.8917501587385318,1
10603,dfa220d6e64f5d84,True,1.0,1.0,1.0,1.0,1.0,1.0,1.0,1
10604,dfa4c26313d45198,True,1.0,1.0,0.8535710488364516,1.0,1.0,0.5,0.9389879370151881,1
10605,dfaaa711e0a557ba,True,1.0,1.0,1.0,1.0,1.0,1.0,1.0,1
10606,dfb437fd895b5e96,True,1.0,1.0,1.0,1.0,1.0,1.0,1.0,1
10607,dfb58c90fd2e52fa,True,1.0,1.0,0.9768005108341952,1.0,1.0,1.0,0.9903335461809147,1
10608,dfb6fbca92bb5183,True,1.0,1.0,0.9159352729033604,1.0,1.0,1.0,0.9649730303764001,1
10609,dfb757230bed57d8,True,1.0,1.0,1.0,1.0,1.0,1.0,1.0,1
10610,dfd27e2c5d7f50fb,True,1.0,1.0,0.7955967018800814,1.0,1.0,1.0,0.9148319591167006,1
10611,dfd5770faffa5ba7,True,1.0,1.0,0.8077879038593528,1.0,1.0,1.0,0.9199116266080637,1
10612,dfe53c7f74e5554c,True,1.0,1.0,0.9031446652900205,1.0,1.0,1.0,0.9596436105375085,1
10613,dfeb840d983e55ca,True,1.0,1.0,0.8542197890973611,1.0,1.0,1.0,0.9392582454572338,1
10614,dff44219172a5f99,True,1.0,1.0,0.8560184651739762,1.0,1.0,1.0,0.94000769382249,1
10615,dffc6ff890745dbe,True,1.0,1.0,0.7668054644251618,1.0,1.0,1.0,0.9028356101771507,1
10616,e000d4f7fdfb5f6b,True,1.0,0.0,0.0,1.0,1.0,1.0,0.0,1
10617,e001c497823c5154,True,1.0,1.0,0.9364439651428533,1.0,1.0,1.0,0.9735183188095222,1
10618,e009079e2dc25bbf,True,1.0,1.0,0.9120029691286156,1.0,1.0,1.0,0.9633345704702565,1
10619,e0094ac69a8955fb,True,1.0,1.0,1.0,1.0,1.0,1.0,1.0,1
10620,e00c640657fb5895,True,1.0,1.0,0.8735364591187317,1.0,1.0,1.0,0.9473068579661382,1
10621,e0164d976037592c,True,1.0,1.0,0.7807191763605269,1.0,1.0,1.0,0.9086329901502195,1
10622,e0190f0059145fc6,True,1.0,1.0,1.0,1.0,1.0,1.0,1.0,1
10623,e024bd23594b5a13,True,1.0,1.0,1.0,1.0,1.0,1.0,1.0,1
10624,e024d36bdd205a12,True,1.0,1.0,1.0,1.0,1.0,1.0,1.0,1
10625,e028780a88805f58,True,1.0,1.0,0.7312692673436487,1.0,1.0,1.0,0.8880288613931869,1
10626,e02db4e2c5ed5b76,True,1.0,1.0,1.0,1.0,1.0,1.0,1.0,1
10627,e02f26d0eb0152e3,True,1.0,1.0,1.0,1.0,1.0,1.0,1.0,1
10628,e0307c8f17145414,True,1.0,1.0,0.9976869773875124,1.0,1.0,1.0,0.9990362405781301,1
10629,e036ba13ad4d5784,True,0.0,1.0,0.0,0.0,1.0,1.0,0.0,1
10630,e0388cc13b635cd7,True,1.0,1.0,0.8461887550852706,1.0,1.0,1.0,0.9359119812855295,1
10631,e03d76c4983954eb,True,1.0,1.0,0.9821959895292683,1.0,1.0,1.0,0.9925816623038619,1
10632,e03da8beb33a5e06,True,1.0,1.0,0.9113874918085628,1.0,1.0,1.0,0.9630781215869012,1
10633,e0416692bc5251ba,True,1.0,1.0,0.8719581679701885,1.0,1.0,1.0,0.9466492366542453,1
10634,e045d3abc4e95f52,True,1.0,1.0,0.7212728140896262,1.0,1.0,1.0,0.8838636725373442,1
10635,e04d45a55abd5fd5,True,1.0,1.0,1.0,1.0,1.0,1.0,1.0,1
10636,e051405f88c05270,True,1.0,1.0,1.0,1.0,1.0,1.0,1.0,1
10637,e0522da7328d5c9e,True,1.0,1.0,0.8522197653378266,1.0,1.0,1.0,0.9384249022240944,1
10638,e052a41759445a28,True,1.0,1.0,0.5972650897154425,1.0,1.0,1.0,0.8321937873814343,1
10639,e0545b6d2b755ea9,True,1.0,1.0,0.8618514628766653,1.0,1.0,1.0,0.942438109531944,1
10640,e058b97f439c51c7,True,1.0,1.0,0.9291770624104676,1.0,1.0,1.0,0.9704904426710281,1
10641,e05b464c21d0597d,True,1.0,1.0,1.0,1.0,1.0,1.0,1.0,1
10642,e05cdac678ea503c,True,1.0,1.0,0.7399957199113004,1.0,1.0,1.0,0.8916648832963752,1
10643,e05f3bbcb266504c,True,1.0,1.0,1.0,1.0,1.0,1.0,1.0,1
10644,e06567ac03815716,True,1.0,1.0,1.0,1.0,1.0,1.0,1.0,1
10645,e0657b3fd2ac5c55,True,1.0,1.0,0.9492650371757612,1.0,1.0,0.0,0.9788604321565672,1
10646,e072351fbbfd5765,True,1.0,1.0,0.7276204717494728,1.0,1.0,1.0,0.8865085298956137,1
10647,e073c9ed32975c17,True,1.0,1.0,0.8898260824778162,1.0,1.0,1.0,0.9540942010324235,1
10648,e074c5e6917e5f1d,True,1.0,1.0,0.9326185956653499,1.0,1.0,1.0,0.9719244148605624,1
10649,e0865304e2b95eaa,True,1.0,1.0,1.0,1.0,1.0,1.0,1.0,1
10650,e08a526c85475c4b,True,1.0,1.0,1.0,1.0,1.0,1.0,1.0,1
10651,e09425a247f752e5,True,1.0,1.0,0.9692879706374503,1.0,1.0,1.0,0.9872033210989377,1
10652,e095e7e21ab65691,True,1.0,1.0,0.7474577731723933,1.0,1.0,1.0,0.8947740721551639,1
10653,e09bc42b58285147,True,1.0,1.0,0.9169284260579815,1.0,1.0,1.0,0.9653868441908257,1
10654,e0a1d14a2cea5d4a,True,1.0,1.0,0.9155804724639535,1.0,1.0,1.0,0.9648251968599806,1
10655,e0a645315de658bc,True,1.0,1.0,0.905438241836477,1.0,1.0,1.0,0.9605992674318654,1
10656,e0ae2ba5807f558a,True,1.0,1.0,1.0,1.0,1.0,1.0,1.0,1
10657,e0aee9e955b35c08,True,1.0,1.0,0.7549601033629829,1.0,1.0,1.0,0.8979000430679095,1
10658,e0b46b7248a75fc9,True,1.0,1.0,0.8192416753034436,1.0,1.0,1.0,0.9246840313764348,1
10659,e0b7d625d3f55cd8,True,1.0,1.0,0.7655986994165583,1.0,1.0,1.0,0.902332791423566,1
10660,e0b92501aa5051b1,True,1.0,1.0,1.0,0.0,1.0,1.0,0.5833333333333334,1
10661,e0b9f01f36d75552,True,1.0,1.0,0.8634883129565528,1.0,1.0,1.0,0.9431201303985638,1
10662,e0bb2b04e9455fa6,True,1.0,1.0,0.7886907530419864,1.0,1.0,1.0,0.911954480434161,1
10663,e0c6e5c235ed5b7b,True,1.0,1.0,0.8249718588193816,1.0,1.0,1.0,0.927071607841409,1
10664,e0c8f4849910501f,True,1.0,1.0,0.9394460775743915,1.0,1.0,1.0,0.9747691989893298,1
10665,e0cbc7ab694157a5,True,1.0,1.0,0.8343013349238596,1.0,1.0,1.0,0.9309588895516082,1
10666,e0cc59c7dc8c50bd,True,1.0,1.0,0.8981645111466663,1.0,1.0,1.0,0.9575685463111109,1
10667,e0cd66542e715685,True,1.0,1.0,0.9135673450532512,1.0,1.0,1.0,0.963986393772188,1
10668,e0d14f6cb7df526e,True,1.0,1.0,1.0,1.0,1.0,1.0,1.0,1
10669,e0dbf07da5c55877,True,1.0,1.0,0.8679735971127603,1.0,1.0,1.0,0.9449889987969836,1
10670,e0dd84d2357d5ed8,True,1.0,1.0,0.8774661910372273,1.0,1.0,1.0,0.9489442462655114,1
10671,e0e1551b09f15a74,True,1.0,1.0,0.6690997127949215,1.0,1.0,1.0,0.8621248803312174,1
10672,e0e228212a655d7f,True,1.0,1.0,0.9378757298475434,1.0,1.0,1.0,0.9741148874364765,1
10673,e0e85d4fc9545225,True,0.0,1.0,0.0,0.0,1.0,1.0,0.0,1
10674,e0f45205e41155ed,True,1.0,1.0,1.0,1.0,1.0,1.0,1.0,1
10675,e0f8a20a76c25e20,True,1.0,1.0,0.7967059831125731,1.0,1.0,1.0,0.9152941596302387,1
10676,e102672eb1975e6f,True,1.0,1.0,1.0,1.0,1.0,1.0,1.0,1
10677,e10a3a8d627e5700,True,1.0,1.0,0.9631006327434507,1.0,1.0,1.0,0.9846252636431044,1
10678,e10bd715492150e3,True,1.0,1.0,0.7654639377099068,1.0,1.0,1.0,0.902276640712461,1
10679,e10fd359f695575f,True,1.0,1.0,0.8439440045387236,1.0,1.0,1.0,0.9349766685578015,1
10680,e11091e5742d545b,True,1.0,1.0,0.48289657841260963,1.0,1.0,1.0,0.7845402410052541,1
10681,e11b470ae6285663,True,1.0,1.0,0.8779471400458331,1.0,1.0,1.0,0.9491446416857637,1
10682,e11f2ff7ffba5b45,True,1.0,1.0,1.0,1.0,1.0,1.0,1.0,1
10683,e1209ca7050c5033,True,1.0,1.0,0.690926806715681,0.0,1.0,1.0,0.4545528361315337,1
10684,e12cd09a8f515c73,True,1.0,1.0,0.8357416499315616,1.0,1.0,1.0,0.9315590208048175,1
10685,e12d472387385ef6,True,1.0,1.0,0.8595741368102069,1.0,1.0,1.0,0.9414892236709195,1
10686,e131caa356115811,True,1.0,1.0,0.673143599647175,1.0,1.0,1.0,0.8638098331863229,1
10687,e132b016eee85b16,True,1.0,1.0,0.8594446199470525,1.0,1.0,1.0,0.9414352583112718,1
10688,e133b313fabc56b4,True,1.0,1.0,0.7695080757821899,1.0,1.0,1.0,0.9039616982425791,1
10689,e1398b3ecf3f520d,True,1.0,1.0,0.8875542010429424,1.0,1.0,1.0,0.9531475837678927,1
10690,e13b89a8813159df,True,1.0,1.0,0.6509699945513774,1.0,1.0,1.0,0.8545708310630739,1
10691,e13e38532130514b,True,1.0,1.0,1.0,1.0,1.0,1.0,1.0,1
10692,e14711ef4d2f5000,True,1.0,1.0,0.7872441834105516,1.0,1.0,1.0,0.9113517430877298,1
10693,e149babe2348549e,True,1.0,1.0,0.8521872330997605,1.0,1.0,1.0,0.9384113471249002,1
10694,e14abaa91ad3511b,True,1.0,1.0,0.6070550137645191,1.0,1.0,1.0,0.836272922401883,1
10695,e14d9a1990535a29,True,1.0,0.0,0.0,1.0,1.0,1.0,0.0,1
10696,e14f1ffbe6f856e8,True,1.0,1.0,0.701079691397104,1.0,1.0,1.0,0.87544987141546,1
10697,e1540b19efec5d97,True,1.0,1.0,0.8872459526677821,1.0,1.0,1.0,0.9530191469449093,1
10698,e15cc5e1d2f85a26,True,1.0,1.0,0.8821451715891593,1.0,1.0,1.0,0.950893821495483,1
10699,e166284508e554fa,True,1.0,1.0,0.835401200836888,1.0,1.0,1.0,0.93141716701537,1
10700,e16c585e12445a60,True,1.0,1.0,1.0,1.0,1.0,1.0,1.0,1
10701,e16ed6e841ee58cd,True,1.0,1.0,1.0,1.0,1.0,1.0,1.0,1
10702,e16f6f634adf50d3,True,1.0,1.0,1.0,1.0,1.0,1.0,1.0,1
10703,e17906596dab5e6c,True,1.0,1.0,0.8421967480573823,0.0,1.0,1.0,0.5175819783572426,1
10704,e1886e081b945907,True,1.0,1.0,0.7109919801585861,1.0,1.0,1.0,0.8795799917327441,1
10705,e18ac69f49cf582f,True,1.0,1.0,0.8966240237132954,1.0,1.0,1.0,0.9569266765472064,1
10706,e18ca78f3c5f5a04,True,1.0,1.0,1.0,1.0,1.0,1.0,1.0,1
10707,e194cef299cf5264,True,1.0,1.0,1.0,1.0,1.0,1.0,1.0,1
10708,e194e033ee72504a,True,1.0,1.0,0.7884961005284324,1.0,1.0,1.0,0.9118733752201802,1
10709,e1950bc54da65383,True,1.0,1.0,1.0,1.0,1.0,1.0,1.0,1
10710,e1b3e5e086a05ff9,True,1.0,0.0,0.0,1.0,1.0,1.0,0.0,1
10711,e1b645135dae5fe9,True,1.0,1.0,1.0,1.0,1.0,1.0,1.0,1
10712,e1c0081536575390,True,1.0,1.0,1.0,1.0,1.0,1.0,1.0,1
10713,e1c80a4e90a1501d,True,1.0,1.0,0.7249314421132876,1.0,1.0,1.0,0.8853881008805365,1
10714,e1ca840974745c96,True,1.0,1.0,0.7750690230164966,1.0,1.0,1.0,0.906278759590207,1
10715,e1cb9d3c53135bfa,True,1.0,1.0,0.8702432085279632,1.0,1.0,1.0,0.9459346702199847,1
10716,e1d5cb7ac38f5038,True,1.0,1.0,1.0,0.0,1.0,1.0,0.5833333333333334,1
10717,e1d83d0f913a5263,True,1.0,1.0,0.9045617588240216,1.0,1.0,1.0,0.9602340661766756,1
10718,e1db7cf1ba505f99,True,1.0,1.0,0.7405294185693054,1.0,1.0,1.0,0.8918872577372107,1
10719,e1e4395724c05092,True,1.0,1.0,0.9240081513118968,1.0,1.0,1.0,0.9683367297132902,1
10720,e1e4717862d25d42,True,1.0,1.0,0.7636141776255563,1.0,1.0,1.0,0.9015059073439818,1
10721,e1e8aae3165c5652,True,1.0,1.0,0.9541761181016979,1.0,1.0,1.0,0.9809067158757075,1
10722,e1ea05ca230f5c42,True,1.0,1.0,0.7883470564471838,1.0,1.0,1.0,0.91181127351966,1
10723,e1f58cff32225d3a,True,1.0,1.0,1.0,1.0,1.0,1.0,1.0,1
10724,e1f6c044f4235462,True,1.0,1.0,0.6363640399382944,1.0,1.0,1.0,0.848485016640956,1
10725,e1fe1575a4275d3c,True,1.0,1.0,1.0,1.0,1.0,1.0,1.0,1
10726,e2080118123b5cc8,True,1.0,1.0,0.6543790341304376,1.0,1.0,1.0,0.8559912642210157,1
10727,e209822e11365182,True,1.0,1.0,0.8637390247453823,1.0,1.0,1.0,0.9432245936439093,1
10728,e2116f0f33b25eb5,True,1.0,1.0,0.8679569293015648,1.0,1.0,1.0,0.9449820538756519,1
10729,e2209d1558d75150,True,1.0,1.0,0.9013311589617338,1.0,1.0,1.0,0.9588879829007224,1
10730,e22b4bce822a51fb,True,1.0,1.0,1.0,1.0,1.0,1.0,1.0,1
10731,e22c42694be05703,True,1.0,1.0,0.6550033237110962,1.0,1.0,1.0,0.8562513848796233,1
10732,e22c4b8440c759b7,True,1.0,1.0,1.0,1.0,1.0,1.0,1.0,1
10733,e22fe7366ecd5c70,True,0.0,1.0,0.0,0.0,1.0,1.0,0.0,1
10734,e23fdb8f34b35d20,True,1.0,1.0,0.8213310154653257,1.0,1.0,1.0,0.925554589777219,1
10735,e241e150a9c157b8,True,1.0,1.0,0.714485217757382,1.0,1.0,1.0,0.8810355073989092,1
10736,e2442187de045407,True,1.0,1.0,0.8992942400081787,1.0,1.0,1.0,0.9580392666700744,1
10737,e244b2ddf97a57d6,True,1.0,1.0,0.84430534003322,1.0,1.0,0.5,0.9351272250138417,1
10738,e247c988c28957fc,True,1.0,1.0,0.9165689187080482,1.0,1.0,1.0,0.9652370494616868,1
10739,e24d893472bf5ce0,True,1.0,1.0,1.0,1.0,1.0,1.0,1.0,1
10740,e24e2c91fb5759dc,True,1.0,1.0,0.8232938326297017,1.0,1.0,1.0,0.9263724302623757,1
10741,e253ff0b4fd758cc,True,1.0,1.0,1.0,1.0,1.0,1.0,1.0,1
10742,e25ab8d2df785bf3,True,1.0,1.0,0.6596696765903438,1.0,1.0,1.0,0.8581956985793099,1
10743,e26d616b5c4b5642,True,1.0,1.0,1.0,1.0,1.0,1.0,1.0,1
10744,e26d9a5288165f2a,True,1.0,1.0,0.8980233658127046,1.0,1.0,1.0,0.9575097357552936,1
10745,e26de26a56dd5d21,True,1.0,1.0,1.0,1.0,1.0,1.0,1.0,1
10746,e27870f87c3656b1,True,1.0,1.0,0.9099508047088501,1.0,1.0,1.0,0.9624795019620209,1
10747,e27b4628314951bb,True,1.0,1.0,0.8477619238343467,1.0,1.0,1.0,0.936567468264311,1
10748,e28e57068b0b5cf3,True,1.0,1.0,0.97119893889998,1.0,1.0,1.0,0.9879995578749917,1
10749,e29b049a9bf3509c,True,1.0,1.0,1.0,1.0,1.0,1.0,1.0,1
10750,e2a0ac6a977b5c70,True,1.0,1.0,0.8786015574283851,1.0,1.0,1.0,0.9494173155951605,1
10751,e2acd907240850a3,True,1.0,1.0,1.0,1.0,1.0,0.5,1.0,1
10752,e2ae05340dba502d,True,1.0,1.0,0.5335117096926525,1.0,1.0,0.5,0.8056298790386052,1
10753,e2ae96f479935b31,True,1.0,1.0,1.0,1.0,1.0,1.0,1.0,1
10754,e2c14ab1fbe350b1,True,1.0,1.0,0.8510811273377326,1.0,1.0,1.0,0.9379504697240552,1
10755,e2d33c999ca45ea7,True,1.0,1.0,0.9101304095460581,1.0,1.0,1.0,0.9625543373108575,1
10756,e2de3bfda0725acc,True,1.0,1.0,0.9131187853259528,1.0,1.0,1.0,0.9637994938858135,1
10757,e2e2578cd6b6505f,True,1.0,1.0,0.6786297118531053,1.0,1.0,1.0,0.8660957132721272,1
10758,e2e6c22bce7f59fc,True,1.0,1.0,0.8370210892997847,1.0,1.0,1.0,0.932092120541577,1
10759,e2e83df1a791542b,True,1.0,1.0,1.0,0.0,1.0,1.0,0.5833333333333334,1
10760,e2efd574ab0b56a2,True,1.0,1.0,1.0,1.0,1.0,1.0,1.0,1
10761,e2fe44045eac5b89,True,1.0,1.0,1.0,1.0,1.0,1.0,1.0,1
10762,e2fe8539502a5fd1,True,1.0,1.0,0.9891345766006916,1.0,1.0,1.0,0.9954727402502881,1
10763,e3082eaad29750fd,True,1.0,1.0,1.0,1.0,1.0,1.0,1.0,1
10764,e309a82b568d5669,True,1.0,1.0,0.9227745393615787,1.0,1.0,1.0,0.9678227247339911,1
10765,e30d715817b7524a,True,1.0,1.0,0.9396393047614406,1.0,1.0,1.0,0.974849710317267,1
10766,e31131deed6656ea,True,1.0,1.0,1.0,1.0,1.0,1.0,1.0,1
10767,e317ddda18f25545,True,1.0,1.0,1.0,1.0,1.0,1.0,1.0,1
10768,e3194cb3328b512f,True,1.0,1.0,1.0,1.0,1.0,1.0,1.0,1
10769,e3418fb50fa55320,True,1.0,1.0,0.9180456198257617,1.0,1.0,1.0,0.9658523415940673,1
10770,e343f38ae86a57fd,True,1.0,1.0,1.0,1.0,1.0,1.0,1.0,1
10771,e344674ba93250b5,True,1.0,1.0,0.5435500014188352,1.0,1.0,1.0,0.8098125005911814,1
10772,e34c3d18bc405ace,True,1.0,1.0,1.0,1.0,1.0,1.0,1.0,1
10773,e34d17f003a052f5,True,1.0,1.0,1.0,1.0,1.0,1.0,1.0,1
10774,e35a803202875fa0,True,1.0,1.0,0.8820331464270545,1.0,1.0,1.0,0.950847144344606,1
10775,e3608421b9825fbd,True,1.0,1.0,1.0,1.0,1.0,1.0,1.0,1
10776,e360cb69b8a55a47,True,1.0,1.0,0.9807277133015203,1.0,1.0,1.0,0.9919698805423002,1
10777,e36762528cdb5e37,True,1.0,1.0,0.8532483993001071,1.0,1.0,1.0,0.9388534997083781,1
10778,e367d7a3c3b55302,True,1.0,1.0,1.0,1.0,1.0,1.0,1.0,1
10779,e36849f8d9e15ce8,True,1.0,1.0,0.8135861099730434,1.0,1.0,1.0,0.9223275458221014,1
10780,e36e9da57e1e5e32,True,1.0,1.0,0.7895801080765397,1.0,1.0,1.0,0.9123250450318915,1
10781,e36edd3aedf05e30,True,1.0,1.0,0.7545144569688554,1.0,1.0,1.0,0.8977143570703564,1
10782,e36f096910ed562a,True,1.0,1.0,1.0,1.0,1.0,1.0,1.0,1
10783,e375b42cd83a5bf3,True,1.0,1.0,1.0,1.0,1.0,1.0,1.0,1
10784,e377a0a97c895d9c,True,1.0,1.0,0.9517920222852442,1.0,1.0,1.0,0.9799133426188518,1
10785,e3893ed312f45501,True,1.0,1.0,1.0,1.0,1.0,1.0,1.0,1
10786,e38aa05b9c8b5e32,True,1.0,1.0,1.0,1.0,1.0,1.0,1.0,1
10787,e38dd745e363544c,True,1.0,1.0,0.8244824848463203,1.0,1.0,1.0,0.9268677020193001,1
10788,e393bc5cafe95872,True,1.0,0.0,0.0,1.0,1.0,1.0,0.0,1
10789,e39a79ae2ceb5829,True,1.0,1.0,0.8728015440323584,1.0,1.0,1.0,0.947000643346816,1
10790,e3a04835bb6357ad,True,1.0,1.0,0.7506129383900527,0.0,1.0,1.0,0.47942205766252194,1
10791,e3a97e3004795b39,True,1.0,1.0,0.7286841394973763,1.0,1.0,1.0,0.8869517247905735,1
10792,e3aa32e033635c8d,True,1.0,1.0,0.7665957278180372,1.0,1.0,1.0,0.9027482199241822,1
10793,e3b8bfc261ac5969,True,1.0,1.0,1.0,1.0,1.0,1.0,1.0,1
10794,e3bfee2b093e5e35,True,1.0,1.0,1.0,1.0,1.0,1.0,1.0,1
10795,e3c90a2ce83f5d9f,True,1.0,1.0,0.6745926640951578,1.0,1.0,1.0,0.8644136100396492,1
10796,e3caf69e02f857ba,True,1.0,1.0,0.7940075633940264,1.0,1.0,1.0,0.9141698180808443,1
10797,e3cd93e027285031,True,1.0,1.0,0.8408510200229186,1.0,1.0,1.0,0.9336879250095494,1
10798,e3ce6f2ef9765b9a,True,1.0,1.0,1.0,1.0,1.0,1.0,1.0,1
10799,e3d3be1bc77e517e,True,1.0,1.0,1.0,1.0,1.0,1.0,1.0,1
10800,e3d7979e2cfb5441,True,1.0,1.0,1.0,0.0,1.0,1.0,0.5833333333333334,1
10801,e3ddabf456b155a9,True,1.0,0.0,0.0,1.0,1.0,1.0,0.0,1
10802,e3e49101a8b45645,True,1.0,1.0,0.9296838111864688,1.0,1.0,1.0,0.970701587994362,1
10803,e3eaafd948b15069,True,1.0,1.0,0.6244825015519357,1.0,1.0,1.0,0.8435343756466399,1
10804,e3ed22f3bc385b45,True,1.0,1.0,1.0,1.0,1.0,0.0,1.0,1
10805,e3ee2f8d1057557d,True,1.0,1.0,0.6524270754030245,1.0,1.0,1.0,0.8551779480845935,1
10806,e3ee34ba4c0c59fd,True,1.0,1.0,1.0,1.0,1.0,1.0,1.0,1
10807,e3ef42c62ba2595b,True,1.0,1.0,1.0,1.0,1.0,1.0,1.0,1
10808,e3f62a1acf9d565e,True,1.0,1.0,1.0,1.0,1.0,1.0,1.0,1
10809,e4007492f3d55374,True,1.0,1.0,1.0,1.0,1.0,1.0,1.0,1
10810,e404f3b25f405019,True,1.0,1.0,1.0,1.0,1.0,1.0,1.0,1
10811,e4054a16eede5400,True,1.0,1.0,1.0,1.0,1.0,1.0,1.0,1
10812,e40b2bf57fa5576f,True,1.0,1.0,0.8003919620473252,1.0,1.0,1.0,0.9168299841863855,1
10813,e40bf2ac511950c4,True,1.0,1.0,1.0,1.0,1.0,1.0,1.0,1
10814,e41740b9529753af,True,0.0,1.0,0.0,0.0,1.0,1.0,0.0,1
10815,e4174e91095b530b,True,1.0,1.0,1.0,1.0,1.0,1.0,1.0,1
10816,e41f13ed67485c54,True,1.0,1.0,0.9392161873051492,1.0,1.0,1.0,0.9746734113771455,1
10817,e4237030b1b75a8d,True,1.0,1.0,1.0,1.0,1.0,1.0,1.0,1
10818,e429babc45b05f4e,True,1.0,1.0,1.0,1.0,1.0,1.0,1.0,1
10819,e43d7861387c59f2,True,1.0,1.0,0.995406822172169,1.0,1.0,1.0,0.9980861759050704,1
10820,e443a0e9bbc75c69,True,1.0,1.0,0.8367139148669737,1.0,1.0,1.0,0.9319641311945723,1
10821,e44a31dd99af5556,True,1.0,1.0,0.8886166108806958,1.0,1.0,1.0,0.9535902545336232,1
10822,e44b06b920d35486,True,1.0,1.0,1.0,1.0,1.0,1.0,1.0,1
10823,e44b9b8654a15bfd,True,0.0,1.0,0.0,0.0,1.0,1.0,0.0,1
10824,e45023fbb46857d6,True,1.0,1.0,0.7208535427773153,1.0,1.0,1.0,0.8836889761572148,1
10825,e453e4cb030955c7,True,1.0,1.0,0.8215735252088109,1.0,1.0,1.0,0.9256556355036712,1
10826,e4553dc9b5725cb7,True,1.0,1.0,1.0,1.0,1.0,1.0,1.0,1
10827,e45572ab63ef5deb,True,1.0,1.0,0.8986085712159299,1.0,1.0,1.0,0.9577535713399707,1
10828,e456e929ecb85b07,True,1.0,1.0,0.3873284815426712,1.0,1.0,1.0,0.7447202006427797,1
10829,e45aa663bd0756d9,True,1.0,1.0,0.7294081434022442,1.0,1.0,1.0,0.8872533930842684,1
10830,e463ad284c0d595c,True,1.0,1.0,0.9110283925855351,1.0,1.0,1.0,0.9629284969106396,1
10831,e4673b6cec6b521a,True,1.0,1.0,0.880501653267521,1.0,1.0,1.0,0.9502090221948004,1
10832,e46762b07ca45b74,True,1.0,0.0,0.0,1.0,1.0,1.0,0.0,1
10833,e46bb2932c0452b2,True,1.0,1.0,0.9341490595926033,1.0,1.0,1.0,0.9725621081635847,1
10834,e485bc6cdd285588,True,1.0,1.0,0.7969968143140242,1.0,1.0,1.0,0.9154153392975101,1
10835,e49a1ec4a5af596b,True,1.0,1.0,0.7079923138761534,1.0,1.0,1.0,0.8783301307817305,1
10836,e49e37e5fed25c9a,True,1.0,1.0,0.9106504196415284,1.0,1.0,1.0,0.9627710081839701,1
10837,e49e9763e6ea5ffb,True,1.0,1.0,0.8451437080356539,1.0,1.0,1.0,0.9354765450148558,1
10838,e4ad471729c65fc9,True,1.0,1.0,0.7858994646131492,1.0,1.0,1.0,0.9107914435888121,1
10839,e4ae770961c15455,True,1.0,1.0,1.0,1.0,1.0,1.0,1.0,1
10840,e4b5a2693d2d5a31,True,1.0,1.0,0.8785981624530738,1.0,1.0,1.0,0.949415901022114,1
10841,e4b6a49b32545d95,True,1.0,1.0,0.6706179277653492,1.0,1.0,1.0,0.8627574699022288,1
10842,e4b8bdb842ae567e,True,1.0,1.0,0.9163843980690224,1.0,1.0,1.0,0.9651601658620926,1
10843,e4c83b8feafe5cb4,True,1.0,1.0,0.9495008391913937,1.0,1.0,1.0,0.9789586829964141,1
10844,e4d27e2ed6ac513e,True,1.0,1.0,0.9594404653950233,1.0,1.0,1.0,0.983100193914593,1
10845,e4d88f52d2b45609,True,1.0,1.0,1.0,1.0,1.0,1.0,1.0,1
10846,e4ec48f9d6f85d23,True,1.0,1.0,1.0,1.0,1.0,1.0,1.0,1
10847,e4eebb1bdcdf5ae6,True,1.0,1.0,1.0,1.0,1.0,1.0,1.0,1
10848,e4f34d35c8fd5fd2,True,1.0,1.0,1.0,0.0,1.0,1.0,0.5833333333333334,1
10849,e4fdad547c9a54a7,True,1.0,1.0,1.0,1.0,1.0,1.0,1.0,1
10850,e50483d19a4b5489,True,1.0,1.0,0.9416578774496605,1.0,1.0,1.0,0.975690782270692,1
10851,e511376fdf3250e5,True,1.0,1.0,0.8161006609467932,1.0,1.0,1.0,0.9233752753944972,1
10852,e516528c577453a7,True,1.0,1.0,1.0,1.0,1.0,1.0,1.0,1
10853,e51779c52d7956bd,True,1.0,1.0,1.0,1.0,1.0,1.0,1.0,1
10854,e5224fa3a0f95b04,True,1.0,1.0,0.92709280544353,1.0,1.0,1.0,0.9696220022681376,1
10855,e52c457d50455d0c,True,1.0,1.0,0.677594028953599,1.0,1.0,1.0,0.8656641787306661,1
10856,e52f4dccf26f55a8,True,1.0,1.0,1.0,0.0,1.0,1.0,0.5833333333333334,1
10857,e530e78499a75539,True,1.0,0.0,0.0,1.0,1.0,1.0,0.0,1
10858,e536fdecd7ba54a5,True,1.0,1.0,0.8847994794567597,1.0,1.0,1.0,0.9519997831069832,1
10859,e53fc4a1bbe0568b,True,1.0,1.0,0.9853029144713841,1.0,1.0,1.0,0.9938762143630767,1
10860,e54bb40453165fac,True,1.0,1.0,0.9769709763709566,1.0,1.0,1.0,0.9904045734878987,1
10861,e54d150b34215b84,True,1.0,1.0,1.0,1.0,1.0,1.0,1.0,1
10862,e54d6de2e70157b0,True,1.0,1.0,1.0,1.0,1.0,1.0,1.0,1
10863,e54deddcc84150be,True,1.0,1.0,1.0,1.0,1.0,1.0,1.0,1
10864,e5599a8884235d93,True,1.0,1.0,0.8374722621669942,1.0,1.0,1.0,0.9322801092362476,1
10865,e55bd804e572502a,True,1.0,1.0,1.0,1.0,1.0,1.0,1.0,1
10866,e55ee684113c5e7d,True,1.0,1.0,1.0,1.0,1.0,1.0,1.0,1
10867,e55fc5c3ee36528b,True,1.0,1.0,1.0,1.0,1.0,1.0,1.0,1
10868,e56402797d665711,True,1.0,1.0,0.7673012143937353,1.0,1.0,1.0,0.9030421726640564,1
10869,e565610cd7b15784,True,1.0,1.0,1.0,1.0,1.0,1.0,1.0,1
10870,e56891a5170256f1,True,1.0,1.0,0.8850360824345848,1.0,1.0,1.0,0.952098367681077,1
10871,e56f85ee56395a99,True,1.0,1.0,1.0,1.0,1.0,1.0,1.0,1
10872,e57f09cee57d5ee1,True,1.0,1.0,1.0,1.0,1.0,1.0,1.0,1
10873,e59a5171c33c5af9,True,1.0,1.0,1.0,0.0,1.0,1.0,0.5833333333333334,1
10874,e59b32f05f5e54f0,True,1.0,1.0,0.5884102602310579,1.0,1.0,0.0,0.828504275096274,1
10875,e59da7b4970654fd,True,1.0,1.0,0.7855610814490227,1.0,1.0,1.0,0.9106504506037595,1
10876,e59fd69b1be85258,True,1.0,1.0,0.7714268471485638,1.0,1.0,1.0,0.9047611863119016,1
10877,e5ab81a4896751e3,True,1.0,1.0,1.0,1.0,1.0,1.0,1.0,1
10878,e5abdd8b726e5a2f,True,1.0,1.0,1.0,1.0,1.0,1.0,1.0,1
10879,e5b0b2c83a395163,True,0.0,1.0,0.0,0.0,1.0,1.0,0.0,1
10880,e5bb04b7c6695184,True,1.0,1.0,1.0,1.0,1.0,1.0,1.0,1
10881,e5c10d26102f51e3,True,1.0,1.0,1.0,1.0,1.0,1.0,1.0,1
10882,e5c858ae96265d95,True,1.0,1.0,0.7977075863287231,1.0,1.0,1.0,0.9157114943036347,1
10883,e5caf6d750415ee7,True,1.0,1.0,1.0,1.0,1.0,1.0,1.0,1
10884,e5d133c0ed5b51f6,True,1.0,1.0,1.0,1.0,1.0,1.0,1.0,1
10885,e5d2a01ab5b0562a,True,1.0,1.0,0.7734725829655277,1.0,1.0,1.0,0.9056135762356364,1
10886,e5d91842b228552a,True,1.0,1.0,0.9360253921535644,1.0,1.0,1.0,0.9733439133973185,1
10887,e5dc48dd83585491,True,1.0,1.0,0.8607235115656122,1.0,1.0,1.0,0.9419681298190051,1
10888,e5dd6a4462dd5e29,True,1.0,1.0,1.0,1.0,1.0,1.0,1.0,1
10889,e5de42748cb65962,True,1.0,1.0,0.6240375151566854,1.0,1.0,1.0,0.8433489646486189,1
10890,e5e00457df055e1a,True,1.0,1.0,1.0,1.0,1.0,1.0,1.0,1
10891,e5e0c85236f95d91,True,1.0,1.0,0.686429493940036,1.0,1.0,1.0,0.869345622475015,1
10892,e5e1dbb69578517b,True,1.0,1.0,0.855068524109824,1.0,1.0,1.0,0.93961188504576,1
10893,e5e21bbf8d665374,True,1.0,1.0,1.0,0.0,1.0,1.0,0.5833333333333334,1
10894,e5ec53f2b9875433,True,1.0,1.0,0.8953371265816839,1.0,1.0,1.0,0.9563904694090349,1
10895,e5f2eb158bc65167,True,1.0,1.0,0.6560439655647623,1.0,1.0,1.0,0.8566849856519844,1
10896,e5fb0daef05956f0,True,1.0,1.0,0.8792632580386764,1.0,1.0,1.0,0.9496930241827819,1
10897,e5fba7e447ff5a61,True,1.0,1.0,0.87942273344489,1.0,1.0,1.0,0.949759472268704,1
10898,e6025eb182885adb,True,1.0,1.0,0.974051627549416,1.0,1.0,1.0,0.9891881781455899,1
10899,e6056b57c0515735,True,1.0,1.0,1.0,1.0,1.0,1.0,1.0,1
10900,e6077696f29b54ca,True,0.0,1.0,0.0,0.0,1.0,0.5,0.0,1
10901,e6095ad750805bff,True,1.0,1.0,1.0,1.0,1.0,1.0,1.0,1
10902,e60d3950023a5e46,True,1.0,1.0,0.8123211455399731,1.0,1.0,1.0,0.9218004773083223,1
10903,e610e8c900a75a0b,True,1.0,1.0,1.0,1.0,1.0,1.0,1.0,1
10904,e61699cda2f15e01,True,1.0,1.0,1.0,1.0,1.0,1.0,1.0,1
10905,e617fe519ab754dc,True,1.0,1.0,0.8926785927280987,1.0,1.0,1.0,0.9552827469700412,1
10906,e61adc75d7da50c3,True,1.0,1.0,1.0,1.0,1.0,1.0,1.0,1
10907,e61cc4ac32d7538a,True,1.0,1.0,1.0,1.0,1.0,1.0,1.0,1
10908,e61e8cbd0df957f0,True,1.0,1.0,1.0,1.0,1.0,1.0,1.0,1
10909,e6206364da5b51f3,True,1.0,1.0,1.0,1.0,1.0,1.0,1.0,1
10910,e6289d35e92c56b9,True,1.0,1.0,0.7758381482831376,1.0,1.0,1.0,0.9065992284513072,1
10911,e62a5092735359ee,True,1.0,0.0,0.0,1.0,1.0,1.0,0.0,1
10912,e62e904da0695956,True,1.0,1.0,0.9252385827815197,1.0,1.0,1.0,0.9688494094922998,1
10913,e62eeef3ef7055b9,True,1.0,1.0,0.8615526428650565,1.0,1.0,1.0,0.9423136011937735,1
10914,e631898f3f38551c,True,1.0,1.0,0.88937242234259,1.0,1.0,1.0,0.9539051759760792,1
10915,e63b6dfddfc855da,True,1.0,1.0,0.574664494973967,1.0,1.0,1.0,0.8227768729058195,1
10916,e63c18e2bcfa5526,True,1.0,1.0,1.0,1.0,1.0,1.0,1.0,1
10917,e63d12285d215a4f,True,1.0,1.0,1.0,1.0,1.0,1.0,1.0,1
10918,e63d13e083695b1f,True,1.0,1.0,0.7790782284336467,1.0,1.0,1.0,0.9079492618473527,1
10919,e648d5c380455667,True,0.0,1.0,0.0,0.0,1.0,1.0,0.0,1
10920,e64d11cc39c753ba,True,1.0,1.0,0.8450003453838334,1.0,1.0,1.0,0.9354168105765973,1
10921,e64d993cb8a75338,True,1.0,1.0,0.9237950150275421,1.0,1.0,1.0,0.9682479229281427,1
10922,e656eb8f3cdf590c,True,1.0,1.0,1.0,1.0,1.0,1.0,1.0,1
10923,e658c60a7b705bea,True,1.0,1.0,0.9563806320464864,1.0,1.0,1.0,0.9818252633527026,1
10924,e668948b1c0f5b82,True,1.0,1.0,1.0,1.0,1.0,1.0,1.0,1
10925,e66b1160e38f5483,True,1.0,1.0,0.7666602132840351,1.0,1.0,1.0,0.902775088868348,1
10926,e66d21ee45e65dac,True,1.0,1.0,0.7643628112528849,1.0,1.0,1.0,0.9018178380220353,1
10927,e67729beeaa95c34,True,1.0,1.0,1.0,1.0,1.0,1.0,1.0,1
10928,e67c2879271350c1,True,1.0,1.0,0.8805748559558149,1.0,1.0,1.0,0.9502395233149228,1
10929,e67e31370c185b83,True,1.0,1.0,1.0,1.0,1.0,1.0,1.0,1
10930,e683a9a072485098,True,1.0,1.0,1.0,1.0,1.0,1.0,1.0,1
10931,e68ddf5be41355dc,True,1.0,1.0,0.6996074957227626,1.0,1.0,1.0,0.8748364565511512,1
10932,e694a2cdf01e52b8,True,1.0,1.0,0.8820601393386219,1.0,1.0,1.0,0.9508583913910925,1
10933,e694febcad5b5185,True,1.0,1.0,1.0,1.0,1.0,1.0,1.0,1
10934,e698c7da1faf53f5,True,1.0,1.0,0.7117898636357907,1.0,1.0,1.0,0.8799124431815795,1
10935,e699fb1c75b95e57,True,1.0,1.0,0.7434951168723622,1.0,1.0,1.0,0.8931229653634842,1
10936,e69be869445455c7,True,1.0,1.0,0.7190753864613747,1.0,1.0,1.0,0.8829480776922395,1
10937,e69e63297ed85a68,True,1.0,1.0,0.9716639088203548,1.0,1.0,1.0,0.9881932953418145,1
10938,e69f96075afb5d86,True,1.0,1.0,0.9225700434278131,1.0,1.0,1.0,0.9677375180949221,1
10939,e69feea0fa7953e0,True,1.0,1.0,0.8831056488731651,1.0,1.0,1.0,0.9512940203638188,1
10940,e6a27e83c6025b68,True,1.0,1.0,0.878193034525776,1.0,1.0,1.0,0.9492470977190733,1
10941,e6a4a48400545711,True,1.0,1.0,0.9158381318308187,1.0,1.0,1.0,0.9649325549295078,1
10942,e6a5ca65ce135d1c,True,1.0,1.0,0.9702933556167045,1.0,1.0,1.0,0.9876222315069603,1
10943,e6a94b91b19f5315,True,1.0,1.0,1.0,1.0,1.0,1.0,1.0,1
10944,e6b7dddf4ae95fea,True,1.0,1.0,0.8797330713742745,1.0,1.0,1.0,0.9498887797392811,1
10945,e6bdb406a21e55ba,True,1.0,1.0,0.9259112826444942,1.0,1.0,1.0,0.9691297011018726,1
10946,e6be0f4d0dc351d0,True,1.0,1.0,1.0,1.0,1.0,1.0,1.0,1
10947,e6bf9ed756f95544,True,1.0,1.0,1.0,1.0,1.0,1.0,1.0,1
10948,e6c32a1387c554cf,True,1.0,1.0,0.9221651954308758,1.0,1.0,1.0,0.9675688314295315,1
10949,e6c36a6be3c75127,True,0.0,1.0,0.0,0.0,1.0,1.0,0.0,1
10950,e6c5a792f2f058f3,True,1.0,1.0,0.8641525517387311,1.0,1.0,1.0,0.9433968965578047,1
10951,e6c8f0c4aaea52d7,True,1.0,1.0,1.0,1.0,1.0,1.0,1.0,1
10952,e6d59439935a5309,True,1.0,1.0,0.9836484763949815,1.0,1.0,1.0,0.9931868651645757,1
10953,e6dae41a69575555,True,1.0,1.0,0.7602904423342125,1.0,1.0,1.0,0.9001210176392552,1
10954,e6db7be94a175aec,True,1.0,1.0,0.8622030962714664,1.0,1.0,1.0,0.9425846234464443,1
10955,e6dc564e1a3a588e,True,1.0,0.0,0.0,1.0,1.0,1.0,0.0,1
10956,e6dde7de045154c3,True,1.0,1.0,1.0,1.0,1.0,1.0,1.0,1
10957,e6e189b1aaa85d41,True,1.0,1.0,0.8460539994186331,1.0,1.0,1.0,0.9358558330910971,1
10958,e6e2b0d2f0495557,True,1.0,0.0,0.0,1.0,1.0,1.0,0.0,1
10959,e6e40103bfcb539e,True,1.0,1.0,0.9571576195247468,1.0,1.0,1.0,0.9821490081353111,1
10960,e6e4e254f1c55405,True,1.0,1.0,0.7693953768444289,1.0,1.0,1.0,0.9039147403518454,1
10961,e6e99834855a5f10,True,1.0,1.0,1.0,1.0,1.0,1.0,1.0,1
10962,e6eeac307f6d507d,True,1.0,1.0,1.0,1.0,1.0,1.0,1.0,1
10963,e6f0e2d8ec345ad6,True,1.0,1.0,0.6604417599805837,1.0,1.0,1.0,0.8585173999919099,1
10964,e6fd7389cbfb5943,True,0.0,1.0,0.0,0.0,1.0,1.0,0.0,1
10965,e6ff5e16c5f25533,True,1.0,1.0,0.9299746791395156,1.0,1.0,0.0,0.9708227829747983,1
10966,e6ff81ab83355450,True,1.0,1.0,0.9386720952859816,1.0,1.0,1.0,0.9744467063691591,1
10967,e704fb7745a75fd7,True,1.0,1.0,0.6029954576486305,1.0,1.0,1.0,0.8345814406869293,1
10968,e706a9c88e625828,True,1.0,1.0,0.8169716746650818,1.0,1.0,1.0,0.9237381977771175,1
10969,e7116a2035205221,True,1.0,1.0,1.0,1.0,1.0,1.0,1.0,1
10970,e717645716555e33,True,1.0,1.0,1.0,1.0,1.0,1.0,1.0,1
10971,e71bd2560b255f76,True,1.0,1.0,1.0,1.0,1.0,1.0,1.0,1
10972,e720bb9728785a67,True,1.0,1.0,0.9127751443195948,1.0,1.0,1.0,0.9636563101331644,1
10973,e721852571e5573b,True,1.0,1.0,0.9713387128845783,1.0,1.0,1.0,0.9880577970352409,1
10974,e726c3ae361058c1,True,1.0,1.0,1.0,1.0,1.0,1.0,1.0,1
10975,e727c1d090125d64,True,1.0,1.0,1.0,1.0,1.0,1.0,1.0,1
10976,e7295df63d0751d2,True,1.0,1.0,1.0,1.0,1.0,1.0,1.0,1
10977,e736f6ed766658fb,True,1.0,1.0,1.0,1.0,1.0,1.0,1.0,1
10978,e742fc9deaac5321,True,1.0,1.0,0.8340577487550191,1.0,1.0,1.0,0.9308573953145913,1
10979,e745423278015ece,True,1.0,1.0,0.8822336140192137,1.0,1.0,1.0,0.9509306725080057,1
10980,e747d6fdc59252f3,True,1.0,1.0,0.7973300044793353,1.0,1.0,1.0,0.9155541685330565,1
10981,e74ca27f40755297,True,1.0,1.0,1.0,1.0,1.0,1.0,1.0,1
10982,e758a9ddb8a85469,True,1.0,1.0,1.0,1.0,1.0,0.0,1.0,1
10983,e76485315c2c5028,True,1.0,1.0,1.0,1.0,1.0,1.0,1.0,1
10984,e76c53ede9205ba9,True,1.0,1.0,0.9048133185153389,1.0,1.0,1.0,0.9603388827147246,1
10985,e76cb8b17f8f51f3,True,1.0,1.0,1.0,1.0,1.0,1.0,1.0,1
10986,e76e7c89a8935276,True,1.0,1.0,0.9456938150143889,1.0,1.0,1.0,0.9773724229226621,1
10987,e773519a60035714,True,1.0,1.0,1.0,1.0,1.0,1.0,1.0,1
10988,e77360b1bf605f87,True,1.0,1.0,1.0,1.0,1.0,1.0,1.0,1
10989,e77441c822075f1b,True,1.0,1.0,0.6017276458033788,1.0,1.0,1.0,0.8340531857514079,1
10990,e775640dbaf45c91,True,1.0,1.0,1.0,1.0,1.0,1.0,1.0,1
10991,e7756dc30c605482,True,1.0,1.0,1.0,1.0,1.0,1.0,1.0,1
10992,e776468d9bf65a8a,True,1.0,1.0,0.678374366585105,0.0,1.0,1.0,0.44932265274379374,1
10993,e779c1cc4ae45a84,True,1.0,1.0,1.0,1.0,1.0,1.0,1.0,1
10994,e797167404675bfa,True,1.0,1.0,0.7711239570534872,1.0,1.0,1.0,0.9046349821056197,1
10995,e7a7c61c543e5b88,True,1.0,1.0,0.7740278196157078,1.0,1.0,1.0,0.9058449248398782,1
10996,e7a838e8611f56b0,True,1.0,1.0,0.8819096368122031,1.0,1.0,1.0,0.9507956820050847,1
10997,e7aded473b7e5183,True,1.0,1.0,0.9958250957514037,0.0,1.0,1.0,0.5815937898964182,1
10998,e7ae612e880e5d5f,True,1.0,0.0,0.0,1.0,1.0,1.0,0.0,1
10999,e7b0fe1f4b13597c,True,1.0,1.0,1.0,1.0,1.0,1.0,1.0,1
11000,e7b269e3a51c5713,True,1.0,1.0,0.9585399336781133,1.0,1.0,1.0,0.9827249723658805,1
11001,e7b5da2135fc5303,True,1.0,1.0,1.0,1.0,1.0,1.0,1.0,1
11002,e7b780eed68e5ce3,True,1.0,1.0,1.0,1.0,1.0,1.0,1.0,1
11003,e7c485c237b352cd,True,1.0,1.0,0.9041773053868997,1.0,1.0,1.0,0.9600738772445415,1
11004,e7c691d409295501,True,1.0,1.0,0.8363206871208371,1.0,1.0,1.0,0.9318002863003487,1
11005,e7c778d603885f57,True,1.0,1.0,0.8438115608385107,1.0,1.0,1.0,0.9349214836827128,1
11006,e7cfffa4e8dd53a8,True,1.0,1.0,1.0,1.0,1.0,1.0,1.0,1
11007,e7d1a48359b65c2d,True,1.0,1.0,0.8766268181682085,1.0,1.0,1.0,0.9485945075700869,1
11008,e7d1f889fc4d5309,True,1.0,1.0,1.0,1.0,1.0,1.0,1.0,1
11009,e7d6dc36775b52cc,True,1.0,1.0,0.96656810461458,1.0,1.0,1.0,0.9860700435894083,1
11010,e7da21c4ef4a5e3f,True,1.0,1.0,1.0,1.0,1.0,1.0,1.0,1
11011,e7daf964463c530b,True,1.0,1.0,1.0,1.0,1.0,0.0,1.0,1
11012,e7dc959cb4745b66,True,1.0,1.0,0.7818238645582204,1.0,1.0,1.0,0.9090932768992586,1
11013,e7f8a61d807f5914,True,1.0,1.0,1.0,1.0,1.0,1.0,1.0,1
11014,e80197fe19435d28,True,1.0,1.0,1.0,1.0,1.0,1.0,1.0,1
11015,e801c47d97b95978,True,1.0,1.0,1.0,1.0,1.0,1.0,1.0,1
11016,e805310ff3055efa,True,1.0,1.0,1.0,1.0,1.0,1.0,1.0,1
11017,e80df2a74bfd5a22,True,1.0,1.0,0.947000816274881,0.0,1.0,1.0,0.5612503401145338,1
11018,e814805effdb5b56,True,1.0,1.0,0.5924078994850228,1.0,1.0,0.5,0.8301699581187595,1
11019,e817f131c7815d82,True,1.0,1.0,1.0,1.0,1.0,1.0,1.0,1
11020,e81d82f764c853c0,True,1.0,1.0,0.9348217064844331,1.0,1.0,1.0,0.9728423777018471,1
11021,e820310f7d0b5016,True,1.0,1.0,1.0,1.0,1.0,1.0,1.0,1
11022,e82216ae03b05bd4,True,1.0,1.0,1.0,1.0,1.0,1.0,1.0,1
11023,e826fc97761759f9,True,1.0,1.0,1.0,1.0,1.0,1.0,1.0,1
11024,e82fe0d7d02054b8,True,1.0,1.0,0.8593619804255481,1.0,1.0,1.0,0.9414008251773117,1
11025,e83a3108893753f0,True,1.0,1.0,0.5811827577615539,1.0,1.0,1.0,0.8254928157339808,1
11026,e83be8437b0c5862,True,1.0,1.0,1.0,1.0,1.0,1.0,1.0,1
11027,e83f4b6e1dd25c90,True,1.0,1.0,1.0,1.0,1.0,1.0,1.0,1
11028,e849e6a954285f60,True,1.0,1.0,1.0,1.0,1.0,1.0,1.0,1
11029,e84ff3e29bc05254,True,1.0,1.0,0.6556806962388783,1.0,1.0,1.0,0.856533623432866,1
11030,e85416da86d4567f,True,1.0,1.0,0.778034675288158,1.0,1.0,1.0,0.9075144480367324,1
11031,e859a9e666c15716,True,1.0,1.0,0.7300703110329674,1.0,1.0,1.0,0.8875292962637364,1
11032,e87f90ab04a25be9,True,1.0,1.0,0.7566429195402349,1.0,1.0,1.0,0.8986012164750979,1
11033,e87ffda7f5655c3c,True,1.0,1.0,0.8100253906003287,1.0,1.0,1.0,0.920843912750137,1
11034,e8850900bade58f6,True,1.0,1.0,1.0,1.0,1.0,1.0,1.0,1
11035,e8858099d9b652f2,True,1.0,1.0,1.0,1.0,1.0,1.0,1.0,1
11036,e88e44d720f65e0e,True,1.0,1.0,1.0,0.0,1.0,1.0,0.5833333333333334,1
11037,e89a30bba6345ada,True,1.0,1.0,0.7593968960583564,1.0,1.0,1.0,0.8997487066909818,1
11038,e89a3ed626f75032,True,1.0,1.0,1.0,1.0,1.0,1.0,1.0,1
11039,e89ad5d8a66250f0,True,1.0,1.0,0.8306515987071967,1.0,1.0,1.0,0.9294381661279987,1
11040,e8a004bfab7d5034,True,1.0,1.0,0.872543333912138,1.0,1.0,0.0,0.9468930557967242,1
11041,e8ae48e9ca4a58fc,True,1.0,1.0,1.0,1.0,1.0,1.0,1.0,1
11042,e8bc2f6b295e5867,True,1.0,1.0,1.0,1.0,1.0,1.0,1.0,1
11043,e8c4f72606fb5cb0,True,1.0,1.0,0.661199485746139,1.0,1.0,1.0,0.8588331190608912,1
11044,e8d654d610fa547f,True,1.0,1.0,1.0,0.0,1.0,1.0,0.5833333333333334,1
11045,e8d6682562335254,True,1.0,1.0,1.0,1.0,1.0,1.0,1.0,1
11046,e8d7197f07635cfb,True,1.0,1.0,1.0,1.0,1.0,1.0,1.0,1
11047,e8d869b5752751a6,True,1.0,1.0,0.9641828841486588,1.0,1.0,1.0,0.9850762017286079,1
11048,e8d9bf10ffc95001,True,1.0,1.0,0.9939264306028059,1.0,1.0,1.0,0.9974693460845024,1
11049,e8daa33268685b31,True,1.0,1.0,1.0,1.0,1.0,1.0,1.0,1
11050,e8dd949cee3c5f30,True,1.0,1.0,0.8014461112260393,1.0,1.0,1.0,0.9172692130108496,1
11051,e8e01645fcde5b8e,True,1.0,1.0,0.8398078121306369,1.0,1.0,1.0,0.933253255054432,1
11052,e8e49013253b5e7c,True,1.0,1.0,1.0,1.0,1.0,1.0,1.0,1
11053,e8edb3108f41545c,True,1.0,1.0,0.7657596957330338,1.0,1.0,1.0,0.9023998732220974,1
11054,e8f5c2714bfe5213,True,1.0,1.0,0.9248107725573931,1.0,1.0,1.0,0.9686711552322471,1
11055,e905f33735985cfe,True,1.0,1.0,0.9153202305866961,1.0,1.0,1.0,0.9647167627444567,1
11056,e90b4ad6e7905adf,True,1.0,1.0,0.7207251316483376,1.0,1.0,1.0,0.8836354715201407,1
11057,e90d6c211deb5f05,True,0.5,1.0,0.6213272978212419,0.0,1.0,0.5,0.2127765203794254,1
11058,e917a198bd9757a4,True,1.0,1.0,1.0,1.0,1.0,1.0,1.0,1
11059,e91c1fdb29a858f3,True,1.0,1.0,0.8101620169964101,1.0,1.0,1.0,0.9209008404151708,1
11060,e91f2da06b8e517f,True,0.0,1.0,0.0,0.0,1.0,1.0,0.0,1
11061,e92a637d847e516c,True,1.0,1.0,0.9363751992790226,1.0,1.0,1.0,0.9734896663662594,1
11062,e92c94f8bdcc54c6,True,1.0,1.0,0.9581037577114433,1.0,1.0,1.0,0.982543232379768,1
11063,e933d70dd378598f,True,1.0,1.0,0.8492141994670623,1.0,1.0,1.0,0.937172583111276,1
11064,e941bb5a630f58ae,True,1.0,1.0,1.0,1.0,1.0,1.0,1.0,1
11065,e9505f806d8d5998,True,1.0,1.0,0.7916718778124198,1.0,1.0,1.0,0.913196615755175,1
11066,e952dd35343958d8,True,1.0,1.0,0.8166259651378659,1.0,1.0,1.0,0.9235941521407774,1
11067,e9597ce7a5a7589b,True,1.0,1.0,0.997462651860812,1.0,1.0,1.0,0.9989427716086716,1
11068,e95b2a30d9f456e2,True,1.0,1.0,1.0,1.0,1.0,1.0,1.0,1
11069,e96035d0292956f1,True,1.0,1.0,0.9563529146409264,1.0,1.0,0.0,0.9818137144337195,1
11070,e9645135a4fe5739,True,1.0,1.0,0.9476871485074051,1.0,1.0,1.0,0.978202978544752,1
11071,e966ed2a366b5bcb,True,1.0,1.0,0.9334456809085905,1.0,1.0,1.0,0.9722690337119128,1
11072,e96c8f66dae15d60,True,1.0,1.0,0.9203280629372093,1.0,1.0,1.0,0.9668033595571704,1
11073,e96f254899095cf1,True,1.0,1.0,0.9641287503487295,1.0,1.0,1.0,0.9850536459786373,1
11074,e970702e97ea50b2,True,1.0,1.0,1.0,1.0,1.0,1.0,1.0,1
11075,e973ce0e5d605df5,True,1.0,1.0,1.0,1.0,1.0,1.0,1.0,1
11076,e9799c219eb25a48,True,1.0,1.0,1.0,1.0,1.0,1.0,1.0,1
11077,e97ba617b7c059a7,True,1.0,1.0,1.0,0.0,1.0,0.0,0.5833333333333334,1
11078,e97cd418ab4c5691,True,1.0,1.0,1.0,1.0,1.0,1.0,1.0,1
11079,e97db5c7da675b13,True,1.0,1.0,1.0,1.0,1.0,1.0,1.0,1
11080,e98f83538a315982,True,1.0,1.0,1.0,1.0,1.0,1.0,1.0,1
11081,e993f3cb1dd051df,True,1.0,1.0,1.0,1.0,1.0,1.0,1.0,1
11082,e99744bcd703522c,True,1.0,1.0,1.0,1.0,1.0,1.0,1.0,1
11083,e99ca54f8f4d585f,True,1.0,1.0,0.941454615832481,1.0,1.0,1.0,0.9756060899302005,1
11084,e9a26f1753a85a88,True,1.0,1.0,1.0,1.0,1.0,1.0,1.0,1
11085,e9a6f39362ba53a3,True,1.0,1.0,0.8872928291591405,1.0,1.0,1.0,0.9530386788163087,1
11086,e9a71ddab0055f99,True,1.0,1.0,0.6659089009317153,1.0,1.0,1.0,0.8607953753882147,1
11087,e9adc94d4e9c5fbb,True,1.0,1.0,0.9053586198732951,1.0,1.0,1.0,0.960566091613873,1
11088,e9b43b140b1d54bf,True,1.0,0.0,0.0,1.0,1.0,1.0,0.0,1
11089,e9bb1dab462252e9,True,1.0,1.0,0.8835320104462429,1.0,1.0,1.0,0.9514716710192679,1
11090,e9bfb4821bfd5801,True,1.0,1.0,1.0,1.0,1.0,1.0,1.0,1
11091,e9c2b75226b85cfe,True,1.0,1.0,1.0,0.0,1.0,1.0,0.5833333333333334,1
11092,e9c2ed7aa8275015,True,1.0,1.0,0.8796000510622017,1.0,1.0,1.0,0.9498333546092507,1
11093,e9cb16355c1f5d9b,True,1.0,1.0,0.8677960248147585,1.0,1.0,1.0,0.9449150103394827,1
11094,e9cfc98fdc09590a,True,1.0,1.0,0.978143258491044,1.0,1.0,1.0,0.9908930243712684,1
11095,e9d16ba0eb935220,True,1.0,1.0,0.973141390556813,1.0,1.0,1.0,0.9888089127320056,1
11096,e9d7cc484394548f,True,1.0,1.0,1.0,1.0,1.0,1.0,1.0,1
11097,e9d869eb2d255788,True,1.0,1.0,0.7826269482091707,1.0,1.0,1.0,0.9094278950871545,1
11098,e9d8c81a844c5c95,True,1.0,1.0,0.7422736053635163,1.0,1.0,1.0,0.8926140022347985,1
11099,e9ed7dbcb6365ea2,True,1.0,1.0,1.0,1.0,1.0,1.0,1.0,1
11100,e9f68a55225a536c,True,1.0,1.0,0.9235668119060295,1.0,1.0,1.0,0.9681528382941789,1
11101,e9f927ace9f4542d,True,1.0,1.0,0.9714976529918262,1.0,1.0,1.0,0.9881240220799276,1
11102,e9fcec80707952c3,True,1.0,1.0,0.9346641743860165,1.0,1.0,1.0,0.9727767393275069,1
11103,e9fd1602f4555be6,True,1.0,1.0,1.0,1.0,1.0,1.0,1.0,1
11104,ea1302023ad258ff,True,1.0,1.0,0.9002859121682047,1.0,1.0,1.0,0.9584524634034186,1
11105,ea141bd5c40259de,True,1.0,1.0,1.0,1.0,1.0,1.0,1.0,1
11106,ea1b4fddc18d51bf,True,1.0,1.0,0.988842315006613,1.0,1.0,1.0,0.9953509645860888,1
11107,ea1c363c888b59c7,True,1.0,1.0,0.7603118038502604,1.0,1.0,1.0,0.9001299182709418,1
11108,ea21c4b17b865a4d,True,1.0,1.0,1.0,1.0,1.0,1.0,1.0,1
11109,ea23b2bb8e5756b8,True,1.0,1.0,0.7322580473013098,1.0,1.0,1.0,0.8884408530422124,1
11110,ea32cdfc9478501d,True,1.0,1.0,0.7942995577394124,1.0,1.0,1.0,0.9142914823914219,1
11111,ea34282dc63d5a9a,True,1.0,1.0,0.8909516804118878,1.0,1.0,1.0,0.95456320017162,1
11112,ea3766d0f2985fc8,True,1.0,1.0,1.0,1.0,1.0,1.0,1.0,1
11113,ea38508ef0de57c3,True,1.0,1.0,0.7782643657594381,1.0,1.0,1.0,0.9076101523997658,1
11114,ea3b45489faf5c70,True,1.0,1.0,0.8275953891252583,1.0,1.0,1.0,0.9281647454688576,1
11115,ea408ea92ea9549b,True,1.0,1.0,1.0,1.0,1.0,1.0,1.0,1
11116,ea492662cb205db2,True,1.0,1.0,0.6460032954841144,1.0,1.0,1.0,0.8525013731183809,1
11117,ea4d19ff25ac52f6,True,1.0,1.0,1.0,1.0,1.0,1.0,1.0,1
11118,ea57966419605846,True,1.0,1.0,0.8296515171047412,1.0,1.0,1.0,0.9290214654603087,1
11119,ea60e66a13335f6e,True,1.0,1.0,0.739617667370404,1.0,1.0,1.0,0.8915073614043351,1
11120,ea789512f1be5a47,True,1.0,1.0,1.0,1.0,1.0,1.0,1.0,1
11121,ea7d8f38a0a05149,True,1.0,1.0,0.8110967582342761,1.0,1.0,1.0,0.9212903159309483,1
11122,ea85208e83eb57b6,True,1.0,1.0,1.0,0.0,1.0,1.0,0.5833333333333334,1
11123,ea8b66a838c75042,True,1.0,1.0,1.0,1.0,1.0,1.0,1.0,1
11124,ea8ce810e307587d,True,1.0,1.0,0.6886531949447598,1.0,1.0,1.0,0.8702721645603165,1
11125,ea8e1b52032857e1,True,1.0,1.0,1.0,1.0,1.0,1.0,1.0,1
11126,ea90773e4a7c5723,True,1.0,1.0,1.0,1.0,1.0,1.0,1.0,1
11127,ea91c9a3a75f514c,True,1.0,1.0,0.87477924831421,1.0,1.0,1.0,0.9478246867975875,1
11128,ea93b5b81d425814,True,1.0,1.0,0.868158549347565,1.0,1.0,1.0,0.9450660622281521,1
11129,ea9e97a691b45397,True,1.0,1.0,0.7633701063230428,1.0,1.0,1.0,0.9014042109679345,1
11130,ea9f070b56115301,True,1.0,1.0,0.9618166422956176,0.0,1.0,1.0,0.5674236009565073,1
11131,eaa64f296ff85b61,True,1.0,1.0,1.0,1.0,1.0,1.0,1.0,1
11132,eab63019e1825aea,True,1.0,1.0,1.0,1.0,1.0,1.0,1.0,1
11133,eaba7fd433c45e20,True,1.0,1.0,0.9306233044529001,1.0,1.0,1.0,0.9710930435220417,1
11134,eabbb4546a145980,True,1.0,1.0,1.0,0.0,1.0,1.0,0.5833333333333334,1
11135,eabdad9a669b5739,True,1.0,1.0,1.0,1.0,1.0,1.0,1.0,1
11136,eac61acb69665f21,True,1.0,1.0,0.8351647679996114,1.0,1.0,1.0,0.9313186533331713,1
11137,ead04653ed0c5545,True,1.0,1.0,1.0,1.0,1.0,1.0,1.0,1
11138,ead391b66ff253c1,True,1.0,1.0,0.9895564729637147,1.0,1.0,1.0,0.9956485304015478,1
11139,ead55e845b5f561d,True,1.0,1.0,1.0,1.0,1.0,1.0,1.0,1
11140,ead9740dd25f59c3,True,1.0,1.0,1.0,1.0,1.0,1.0,1.0,1
11141,eadc0f19b54352ae,True,1.0,1.0,0.8386482194975501,1.0,1.0,1.0,0.9327700914573125,1
11142,eae658a09ef152a9,True,1.0,1.0,1.0,1.0,1.0,1.0,1.0,1
11143,eaee116f6fae5472,True,1.0,1.0,0.96284400625027,1.0,1.0,1.0,0.9845183359376124,1
11144,eaf08861a02351a5,True,1.0,1.0,1.0,1.0,1.0,1.0,1.0,1
11145,eaf3255921e35495,True,1.0,1.0,0.9897306859483457,1.0,1.0,1.0,0.995721119145144,1
11146,eb0095eae628560d,True,1.0,1.0,0.960850503804177,1.0,1.0,1.0,0.983687709918407,1
11147,eb0a89861a32518e,True,1.0,1.0,1.0,1.0,1.0,1.0,1.0,1
11148,eb1315c4860c5189,True,1.0,1.0,0.8603581028061177,1.0,1.0,1.0,0.9418158761692158,1
11149,eb15f0d956eb5ac4,True,1.0,1.0,1.0,1.0,1.0,1.0,1.0,1
11150,eb19160d56255b73,True,1.0,1.0,1.0,1.0,1.0,1.0,1.0,1
11151,eb2304df049d5ce3,True,1.0,1.0,1.0,1.0,1.0,1.0,1.0,1
11152,eb2797d76e3b5384,True,1.0,1.0,1.0,1.0,1.0,1.0,1.0,1
11153,eb3531cddadb57e9,True,1.0,1.0,1.0,1.0,1.0,1.0,1.0,1
11154,eb3c2a16d549564a,True,1.0,1.0,0.824092201410176,1.0,1.0,1.0,0.9267050839209068,1
11155,eb3dc7204bd55d17,True,1.0,1.0,1.0,1.0,1.0,1.0,1.0,1
11156,eb3e272209a4520f,True,1.0,1.0,0.8176293125304639,1.0,1.0,1.0,0.9240122135543599,1
11157,eb430bd4f0095c28,True,1.0,1.0,0.605522125318812,1.0,1.0,1.0,0.8356342188828383,1
11158,eb4bbe69b80d5f12,True,1.0,1.0,0.949564518347682,1.0,1.0,1.0,0.9789852159782008,1
11159,eb527d130d8d5e33,True,1.0,1.0,1.0,1.0,1.0,1.0,1.0,1
11160,eb5989e21dc35a47,True,1.0,1.0,1.0,1.0,1.0,1.0,1.0,1
11161,eb5ef679c80959fe,True,1.0,1.0,1.0,1.0,1.0,1.0,1.0,1
11162,eb6c8a396bb75a89,True,1.0,1.0,0.9948237391381037,1.0,1.0,1.0,0.9978432246408765,1
11163,eb72736f2edf5380,True,1.0,1.0,1.0,1.0,1.0,1.0,1.0,1
11164,eb74b3c99b175bc1,True,1.0,1.0,0.9696525782344629,1.0,1.0,1.0,0.9873552409310262,1
11165,eb7ed87b4ef65273,True,1.0,1.0,1.0,1.0,1.0,1.0,1.0,1
11166,eb81d53204735bcc,True,1.0,1.0,0.9995560939425445,1.0,1.0,1.0,0.9998150391427268,1
11167,eb822e0610545fd6,True,1.0,1.0,0.9663590322266064,1.0,1.0,1.0,0.9859829300944193,1
11168,eb85aecce15f5e63,True,1.0,1.0,0.9400655579584106,1.0,1.0,1.0,0.9750273158160043,1
11169,eb86e67498595966,True,1.0,0.0,0.0,0.0,1.0,1.0,0.0,1
11170,eb872b2d7e7c52bf,True,1.0,1.0,1.0,1.0,1.0,1.0,1.0,1
11171,eb890bda8eb75f6c,True,1.0,1.0,0.8630526468729638,1.0,1.0,1.0,0.9429386028637349,1
11172,eb8fd3a2b08e5e52,True,1.0,1.0,0.8851664213965118,1.0,1.0,1.0,0.95215267558188,1
11173,eb92f4cdb4fa54dd,True,1.0,1.0,0.99258440472962,1.0,1.0,1.0,0.9969101686373416,1
11174,eb9827bfdf925815,True,1.0,1.0,1.0,1.0,1.0,0.0,1.0,1
11175,eb9fd90de700597b,True,1.0,1.0,0.9991621100378028,1.0,1.0,1.0,0.9996508791824178,1
11176,eba929a6772254e4,True,1.0,1.0,1.0,1.0,1.0,0.5,1.0,1
11177,ebb1e037f19b5c55,True,1.0,1.0,0.8151072426482752,1.0,1.0,1.0,0.922961351103448,1
11178,ebb383e16f7c5121,True,1.0,1.0,1.0,1.0,1.0,1.0,1.0,1
11179,ebc294355ca753b0,True,1.0,1.0,1.0,0.0,1.0,1.0,0.5833333333333334,1
11180,ebc5a6ec11205f0c,True,1.0,1.0,1.0,1.0,1.0,1.0,1.0,1
11181,ebd299a3953a50ad,True,1.0,1.0,0.8382814100728969,1.0,1.0,1.0,0.9326172541970404,1
11182,ebd8d87ff33b5b7a,True,1.0,1.0,0.9441701975819703,1.0,1.0,1.0,0.976737582325821,1
11183,ebd940b0039e5cd1,True,1.0,1.0,1.0,1.0,1.0,1.0,1.0,1
11184,ebe1b48a47f356a4,True,0.0,1.0,0.0,0.0,1.0,1.0,0.0,1
11185,ebfa82f4906755d4,True,1.0,1.0,1.0,1.0,1.0,1.0,1.0,1
11186,ebfb953d479d5982,True,1.0,1.0,1.0,1.0,1.0,1.0,1.0,1
11187,ebfd1e0fff105c51,True,1.0,1.0,1.0,1.0,1.0,1.0,1.0,1
11188,ebffacdb3be25252,True,0.0,1.0,0.0,1.0,1.0,1.0,0.0,1
11189,ec02f065af405039,True,1.0,1.0,0.8475914979614718,1.0,1.0,1.0,0.9364964574839466,1
11190,ec044ac1af1655be,True,1.0,1.0,0.9626247805395072,1.0,1.0,1.0,0.9844269918914613,1
11191,ec04801554fb518f,True,1.0,1.0,0.381910116884813,1.0,1.0,1.0,0.7424625487020053,1
11192,ec097e80d5565caa,True,1.0,1.0,0.9871376215752531,1.0,1.0,1.0,0.9946406756563554,1
11193,ec1dd3d02f035d78,True,1.0,1.0,0.8646914166238002,1.0,1.0,1.0,0.9436214235932501,1
11194,ec1fc260f1c15d42,True,1.0,1.0,0.7842265678334145,1.0,1.0,0.5,0.9100944032639227,1
11195,ec2200402d965ced,True,1.0,1.0,1.0,1.0,1.0,1.0,1.0,1
11196,ec2d4139247f5375,True,1.0,1.0,0.9892759276589029,1.0,1.0,1.0,0.9955316365245429,1
11197,ec372e5b0ad7504f,True,1.0,0.0,0.0,1.0,1.0,0.5,0.0,1
11198,ec3969afeb945ddb,True,1.0,1.0,0.7043587891925583,1.0,1.0,1.0,0.876816162163566,1
11199,ec398c5c12055eed,True,1.0,1.0,0.9814942389525088,1.0,1.0,1.0,0.992289266230212,1
11200,ec3a67acceec55cc,True,1.0,1.0,1.0,1.0,1.0,1.0,1.0,1
11201,ec3c0587b1775b7c,True,1.0,1.0,0.880606856523353,1.0,1.0,1.0,0.9502528568847305,1
11202,ec4557ae01265fc4,True,1.0,1.0,0.8653319370565271,1.0,1.0,1.0,0.9438883071068863,1
11203,ec574c9ae43e56a9,True,1.0,1.0,1.0,1.0,1.0,1.0,1.0,1
11204,ec5e157a5222534d,True,1.0,1.0,0.7950119629986401,1.0,1.0,1.0,0.9145883179161,1
11205,ec60244b07ad5466,True,1.0,1.0,1.0,1.0,1.0,1.0,1.0,1
11206,ec611f7d00d85b31,True,1.0,1.0,0.965504255087291,1.0,1.0,1.0,0.9856267729530379,1
11207,ec64154dcf525edb,True,1.0,1.0,1.0,0.0,1.0,1.0,0.5833333333333334,1
11208,ec68073cb7a15741,True,1.0,1.0,1.0,1.0,1.0,1.0,1.0,1
11209,ec68f8027f415301,True,1.0,1.0,0.922440543989373,1.0,1.0,1.0,0.9676835599955721,1
11210,ec7125e961205a2d,True,1.0,1.0,0.9455759416076877,1.0,1.0,1.0,0.9773233090032032,1
11211,ec75cc0ff5825fb9,True,1.0,1.0,0.7907964541725059,1.0,1.0,1.0,0.9128318559052108,1
11212,ec78d882433a50ca,True,1.0,1.0,0.7981202664434601,1.0,1.0,1.0,0.9158834443514418,1
11213,ec7ca545f4055a2b,True,1.0,1.0,1.0,1.0,1.0,1.0,1.0,1
11214,ec7ec2875d5f5fe9,True,1.0,1.0,0.7953452746329699,1.0,1.0,1.0,0.9147271977637375,1
11215,ec8a3deaeb1a53ac,True,1.0,1.0,0.9555309334520274,1.0,1.0,1.0,0.981471222271678,1
11216,ec8eced041bb5ad5,True,1.0,1.0,1.0,1.0,1.0,1.0,1.0,1
11217,ec90dfde532d5633,True,1.0,1.0,1.0,1.0,1.0,1.0,1.0,1
11218,ec921ad4a3d05806,True,1.0,1.0,1.0,1.0,1.0,1.0,1.0,1
11219,ecaafd3b7f635e0d,True,1.0,1.0,0.9542751717036496,1.0,1.0,1.0,0.980947988209854,1
11220,ecaca52a9b295117,True,1.0,1.0,1.0,1.0,1.0,1.0,1.0,1
11221,ecb0765ba5c05fa3,True,1.0,1.0,1.0,1.0,1.0,1.0,1.0,1
11222,ecbe3bf1006155c7,True,1.0,1.0,0.7642848231380143,1.0,1.0,1.0,0.9017853429741726,1
11223,ecc5d9051f445174,True,1.0,1.0,1.0,1.0,1.0,1.0,1.0,1
11224,ecc6f4f3dd735feb,True,1.0,1.0,0.8927961299701148,1.0,1.0,1.0,0.9553317208208812,1
11225,eccb91aff29c5415,True,1.0,1.0,0.8845798613612076,1.0,1.0,1.0,0.9519082755671698,1
11226,eccba8e0ad6651c3,True,1.0,1.0,1.0,1.0,1.0,1.0,1.0,1
11227,ecce119989c25ae9,True,1.0,1.0,1.0,1.0,1.0,1.0,1.0,1
11228,ecd769043adc5346,True,1.0,1.0,0.8736823410279674,1.0,1.0,1.0,0.9473676420949865,1
11229,ecdc079932755e4e,True,1.0,1.0,0.9466511802852122,1.0,1.0,1.0,0.9777713251188384,1
11230,ece3a3dc01cd53d2,True,1.0,1.0,0.7522653835240305,1.0,1.0,1.0,0.8967772431350127,1
11231,ece9650c827e569f,True,1.0,1.0,1.0,0.0,1.0,1.0,0.5833333333333334,1
11232,ecf0448cf58a54fb,True,1.0,1.0,1.0,1.0,1.0,1.0,1.0,1
11233,ecf10edba55e5595,True,1.0,1.0,0.8314727540247192,1.0,1.0,1.0,0.9297803141769663,1
11234,ed01297783a05dba,True,1.0,1.0,0.9186137242329544,1.0,1.0,1.0,0.9660890517637309,1
11235,ed02d0df47ca55e7,True,1.0,1.0,1.0,1.0,1.0,1.0,1.0,1
11236,ed0c080a65445565,True,1.0,1.0,0.8195995541252419,1.0,1.0,1.0,0.9248331475521842,1
11237,ed105c47e38b55e4,True,1.0,1.0,1.0,1.0,1.0,1.0,1.0,1
11238,ed166d61f7435477,True,1.0,1.0,0.6303304656498262,1.0,1.0,1.0,0.8459710273540942,1
11239,ed19f6a36af757b7,True,1.0,1.0,0.7515513090458245,1.0,1.0,1.0,0.8964797121024269,1
11240,ed1a1174e6aa5270,True,1.0,1.0,1.0,1.0,1.0,1.0,1.0,1
11241,ed1ae68f8c0f5f3a,True,1.0,1.0,1.0,0.0,1.0,1.0,0.5833333333333334,1
11242,ed205afc48d150f3,True,1.0,1.0,0.7951172447037683,1.0,1.0,1.0,0.9146321852932369,1
11243,ed2103838dae5993,True,1.0,1.0,0.8541388358211047,1.0,1.0,1.0,0.9392245149254603,1
11244,ed2466a660ba5661,True,1.0,1.0,0.9060343206170254,1.0,1.0,1.0,0.9608476335904271,1
11245,ed2a869a8d1c5eb7,True,1.0,1.0,0.8918305562375928,1.0,1.0,1.0,0.9549293984323303,1
11246,ed3e5181549254bc,True,1.0,1.0,0.7868354876236442,1.0,1.0,1.0,0.9111814531765184,1
11247,ed4bcfb05c405bac,True,1.0,1.0,0.976397370468363,1.0,1.0,1.0,0.9901655710284846,1
11248,ed534c3b8d86515e,True,1.0,1.0,0.8283959826225971,1.0,1.0,1.0,0.9284983260927487,1
11249,ed5b36731bad5a32,True,1.0,1.0,1.0,1.0,1.0,1.0,1.0,1
11250,ed5defe615515789,True,1.0,1.0,0.8605547880668621,1.0,1.0,1.0,0.9418978283611926,1
11251,ed69e15d85ab50a6,True,1.0,1.0,0.7951443084198674,1.0,1.0,1.0,0.9146434618416114,1
11252,ed76cdcd1c6c5078,True,1.0,1.0,1.0,1.0,1.0,1.0,1.0,1
11253,ed77d7ff214f53aa,True,1.0,1.0,0.8874909156424112,1.0,1.0,1.0,0.9531212148510045,1
11254,ed7a09d2f93d5e90,True,1.0,1.0,0.9887344554912626,0.0,1.0,1.0,0.5786393564546928,1
11255,ed7a0f74484d58a8,True,1.0,1.0,1.0,1.0,1.0,1.0,1.0,1
11256,ed7d26ad16065f5a,True,1.0,1.0,0.7146803769341723,1.0,1.0,1.0,0.8811168237225718,1
11257,ed7e9a246a01525d,True,1.0,1.0,1.0,1.0,1.0,1.0,1.0,1
11258,ed8294474bc35b6c,True,1.0,1.0,1.0,1.0,1.0,1.0,1.0,1
11259,ed8384b107d95d89,True,1.0,1.0,0.820775981247399,1.0,1.0,1.0,0.9253233255197495,1
11260,ed896606c8d658fc,True,1.0,1.0,0.9570266552216666,1.0,1.0,1.0,0.9820944396756944,1
11261,ed90bab84c475e4f,True,1.0,1.0,0.938832092332645,1.0,1.0,1.0,0.9745133718052688,1
11262,ed95bd64d5a555c8,True,1.0,1.0,0.7023888100683335,1.0,1.0,1.0,0.8759953375284724,1
11263,ed97bf4877fa5bb0,True,1.0,1.0,1.0,0.0,1.0,1.0,0.5833333333333334,1
11264,ed98a4566ea95092,True,1.0,1.0,1.0,1.0,1.0,1.0,1.0,1
11265,ed98d12e4c99536d,True,0.0,1.0,0.0,0.0,1.0,0.5,0.0,1
11266,ed9a6ef4e38b58ec,True,1.0,1.0,0.9365696119603272,1.0,1.0,1.0,0.9735706716501363,1
11267,ed9f00d292b55607,True,1.0,1.0,0.7844948935326234,1.0,1.0,1.0,0.910206205638593,1
11268,eda3453c6d5355e0,True,0.5,0.0,0.0,0.0,1.0,1.0,0.0,1
11269,eda5fa80573953b8,True,1.0,1.0,0.8340018536255529,1.0,1.0,1.0,0.9308341056773136,1
11270,edb0dbd58be650f3,True,1.0,1.0,0.6998506133762286,1.0,1.0,0.5,0.8749377555734285,1
11271,edbd8b34cdc65008,True,1.0,1.0,1.0,1.0,1.0,1.0,1.0,1
11272,edcad0bfc4b15515,True,1.0,1.0,0.8569029847972045,1.0,1.0,1.0,0.940376243665502,1
11273,edd24f4c0a295030,True,1.0,1.0,0.977363635207333,1.0,1.0,1.0,0.9905681813363888,1
11274,eddb4834d5e459c6,True,1.0,1.0,0.9016827154457544,1.0,1.0,1.0,0.9590344647690644,1
11275,edeaf2305fa85143,True,1.0,1.0,0.8670854769809503,1.0,1.0,1.0,0.9446189487420625,1
11276,edf7281f49b9573d,True,1.0,1.0,1.0,1.0,1.0,1.0,1.0,1
11277,edf7e758c7075ce8,True,1.0,1.0,1.0,1.0,1.0,1.0,1.0,1
11278,ee0e03f19a735d67,True,1.0,1.0,0.8584785076665914,1.0,1.0,1.0,0.9410327115277465,1
11279,ee380d59f0f450c6,True,1.0,1.0,0.8403655397474514,1.0,1.0,1.0,0.9334856415614382,1
11280,ee42b86599ca5632,True,1.0,1.0,1.0,0.0,1.0,1.0,0.5833333333333334,1
11281,ee461de4700c5148,True,1.0,1.0,0.6391748140318746,1.0,1.0,0.0,0.8496561725132811,1
11282,ee492610c55b5440,True,0.0,1.0,0.0,0.0,1.0,1.0,0.0,1
11283,ee4a2e2de70a510b,True,1.0,1.0,0.9193403938511041,1.0,1.0,1.0,0.9663918307712933,1
11284,ee4ca385da5d5778,True,1.0,1.0,0.8490563613440337,1.0,1.0,1.0,0.9371068172266807,1
11285,ee526f78f4ce5d75,True,1.0,1.0,1.0,1.0,1.0,1.0,1.0,1
11286,ee53e7213c995a0b,True,1.0,1.0,0.995826707820569,1.0,1.0,1.0,0.9982611282585704,1
11287,ee545028f8a85e6f,True,1.0,1.0,1.0,0.0,1.0,1.0,0.5833333333333334,1
11288,ee5975ff12275983,True,1.0,1.0,1.0,1.0,1.0,1.0,1.0,1
11289,ee69970ae6f85870,True,1.0,1.0,1.0,1.0,1.0,1.0,1.0,1
11290,ee6d63d4e8b35518,True,0.0,1.0,0.0,0.0,1.0,1.0,0.0,1
11291,ee741b93dca35dd4,True,1.0,1.0,0.7513542703950682,1.0,1.0,1.0,0.8963976126646118,1
11292,ee7a9468bd475205,True,1.0,1.0,0.8260200204785033,1.0,1.0,1.0,0.927508341866043,1
11293,ee7be0b111a85c25,True,1.0,1.0,1.0,1.0,1.0,1.0,1.0,1
11294,ee80a7cf312253e2,True,1.0,1.0,0.6489459309865857,1.0,1.0,1.0,0.8537274712444107,1
11295,ee82b0fc7b2a5208,True,1.0,1.0,0.9108510062804102,1.0,1.0,1.0,0.9628545859501708,1
11296,ee835ef3f912599c,True,1.0,1.0,0.9334942006073857,1.0,1.0,1.0,0.9722892502530774,1
11297,ee86c71bc0765fd0,True,1.0,1.0,1.0,1.0,1.0,1.0,1.0,1
11298,ee88e21932e6564f,True,1.0,1.0,1.0,1.0,1.0,1.0,1.0,1
11299,ee88f3dfa73a5f65,True,1.0,1.0,1.0,1.0,1.0,1.0,1.0,1
11300,ee8a391c71ab5f5f,True,1.0,1.0,0.9624237427838009,1.0,1.0,1.0,0.9843432261599171,1
11301,ee8e4ad158ef5a8d,True,1.0,1.0,1.0,1.0,1.0,1.0,1.0,1
11302,ee91209e45fe5141,True,1.0,1.0,0.8529708558944408,1.0,1.0,0.0,0.9387378566226836,1
11303,ee95e29e1aec53e1,True,1.0,1.0,0.8827128439905251,1.0,1.0,1.0,0.9511303516627189,1
11304,ee9615c4b10d5ec9,True,1.0,1.0,1.0,1.0,1.0,1.0,1.0,1
11305,ee99fbc3e9a25112,True,1.0,1.0,0.8050582984513704,1.0,1.0,1.0,0.9187742910214043,1
11306,ee9a17a589805c85,True,1.0,1.0,0.8051787122455152,1.0,1.0,1.0,0.9188244634356314,1
11307,ee9a7d622e33569a,True,1.0,1.0,1.0,1.0,1.0,1.0,1.0,1
11308,ee9ddfe6625b5969,True,1.0,1.0,1.0,1.0,1.0,1.0,1.0,1
11309,eea2ca9965e35b7a,True,1.0,1.0,1.0,1.0,1.0,1.0,1.0,1
11310,eea52ed765aa5977,True,1.0,1.0,0.8547910591139012,1.0,1.0,1.0,0.9394962746307921,1
11311,eea61634eb875210,True,1.0,1.0,1.0,1.0,1.0,1.0,1.0,1
11312,eeab709ca6e05d14,True,1.0,1.0,0.9529683321843063,1.0,1.0,1.0,0.980403471743461,1
11313,eeae24d38eb15e0a,True,1.0,1.0,0.559891550710695,1.0,1.0,1.0,0.8166214794627896,1
11314,eeafee3118a35987,True,1.0,1.0,0.6530649380926035,1.0,1.0,1.0,0.8554437242052515,1
11315,eeb4b973450f50e9,True,1.0,1.0,1.0,1.0,1.0,1.0,1.0,1
11316,eeba0804c2645281,True,1.0,1.0,1.0,1.0,1.0,1.0,1.0,1
11317,eec0bc4e1b185d67,True,1.0,1.0,0.9258452861110797,1.0,1.0,0.5,0.9691022025462832,1
11318,eed30293a86e5feb,True,1.0,1.0,1.0,1.0,1.0,1.0,1.0,1
11319,eed4abcb01455af9,True,1.0,1.0,1.0,1.0,1.0,1.0,1.0,1
11320,eed801b1cd035275,True,1.0,1.0,1.0,1.0,1.0,1.0,1.0,1
11321,eed926191448591a,True,1.0,1.0,1.0,1.0,1.0,1.0,1.0,1
11322,eee59dd716c05e1b,True,1.0,1.0,0.9645059964372769,1.0,1.0,1.0,0.9852108318488654,1
11323,eeeaf1937c015ab9,True,1.0,1.0,1.0,1.0,1.0,1.0,1.0,1
11324,eeee7091fa995250,True,1.0,1.0,0.7085419090813235,1.0,1.0,1.0,0.8785591287838849,1
11325,eef98aae7e42579d,True,1.0,1.0,1.0,1.0,1.0,1.0,1.0,1
11326,eefc84cb86d45529,True,1.0,1.0,0.8863754823939224,1.0,1.0,1.0,0.9526564509974677,1
11327,eefe691a7cbb55c8,True,1.0,1.0,0.9300283154502332,1.0,1.0,1.0,0.9708451314375971,1
11328,ef0914834c445c21,True,1.0,1.0,1.0,1.0,1.0,1.0,1.0,1
11329,ef0b044d86855ffe,True,1.0,1.0,1.0,0.0,1.0,1.0,0.5833333333333334,1
11330,ef0b98c7837e5e4a,True,1.0,1.0,0.9464752075264653,1.0,1.0,1.0,0.9776980031360272,1
11331,ef11e35afed25326,True,1.0,1.0,1.0,1.0,1.0,1.0,1.0,1
11332,ef16f9855fe95fda,True,1.0,1.0,0.6402003417093197,1.0,1.0,1.0,0.8500834757122165,1
11333,ef1c8f5af4525791,True,1.0,1.0,0.8531091658477884,1.0,1.0,1.0,0.9387954857699118,1
11334,ef1f8e45b9f05e4f,True,1.0,0.0,0.0,1.0,1.0,1.0,0.0,1
11335,ef23fc3dea3551b5,True,1.0,1.0,1.0,1.0,1.0,1.0,1.0,1
11336,ef27f4eeb34e5b83,True,1.0,1.0,1.0,0.0,1.0,1.0,0.5833333333333334,1
11337,ef300f8a9cf254bc,True,1.0,1.0,0.9191606014585502,1.0,1.0,1.0,0.966316917274396,1
11338,ef34a4f536c5598c,True,1.0,1.0,0.8739250936271935,1.0,1.0,1.0,0.9474687890113307,1
11339,ef35eef8e3ae56ef,True,1.0,1.0,0.88480197191114,1.0,1.0,1.0,0.9520008216296416,1
11340,ef3dd8a6f4995678,True,1.0,1.0,1.0,1.0,1.0,1.0,1.0,1
11341,ef41e9c7f99d5d85,True,1.0,0.0,0.0,1.0,1.0,1.0,0.0,1
11342,ef43bbb93f0d50eb,True,1.0,1.0,0.8491421612386483,1.0,1.0,1.0,0.9371425671827701,1
11343,ef4cd07fc8245457,True,1.0,1.0,1.0,1.0,1.0,1.0,1.0,1
11344,ef4e7ef102395420,True,1.0,1.0,0.9349134736190035,1.0,1.0,1.0,0.9728806140079181,1
11345,ef51ebb0662159d9,True,1.0,1.0,0.9922774725864746,1.0,1.0,1.0,0.9967822802443645,1
11346,ef5dcc2415915678,True,1.0,1.0,0.9854337259814016,1.0,1.0,1.0,0.9939307191589174,1
11347,ef65f88fc1a55fdc,True,1.0,1.0,0.8824584406959167,1.0,1.0,1.0,0.9510243502899653,1
11348,ef68308faf305171,True,1.0,1.0,1.0,1.0,1.0,1.0,1.0,1
11349,ef6e61a4a7ed550a,True,1.0,1.0,0.8758086780208668,1.0,1.0,1.0,0.9482536158420278,1
11350,ef703bb40b9a516c,True,1.0,1.0,0.9684632271712582,1.0,1.0,1.0,0.9868596779880242,1
11351,ef7089ecfb0c5028,True,1.0,1.0,1.0,1.0,1.0,1.0,1.0,1
11352,ef72c411731f5e79,True,1.0,1.0,0.9242408052309818,1.0,1.0,1.0,0.9684336688462425,1
11353,ef7822ee7fa35042,True,1.0,1.0,0.7510899390350665,1.0,1.0,1.0,0.8962874745979444,1
11354,ef7fb2d0c7bf52a4,True,1.0,1.0,0.9056322090102239,1.0,1.0,1.0,0.9606800870875932,1
11355,ef81756601bc569f,True,1.0,1.0,1.0,1.0,1.0,1.0,1.0,1
11356,ef886d0dee3e534c,True,1.0,1.0,0.8049333798329743,1.0,1.0,1.0,0.9187222415970725,1
11357,ef89947a381a50bf,True,1.0,1.0,1.0,1.0,1.0,1.0,1.0,1
11358,ef90f66b5d465ebf,True,1.0,1.0,1.0,1.0,1.0,1.0,1.0,1
11359,ef91e3538f775238,True,1.0,1.0,0.9336595620733005,1.0,1.0,1.0,0.9723581508638753,1
11360,ef97c6e9f11b59a7,True,1.0,1.0,0.902333347161046,1.0,1.0,1.0,0.9593055613171025,1
11361,ef9b600e65ac5391,True,1.0,1.0,0.6665792555692666,1.0,1.0,1.0,0.8610746898205277,1
11362,ef9d931830115c03,True,1.0,1.0,1.0,1.0,1.0,1.0,1.0,1
11363,efb0bd5e26305e5b,True,1.0,1.0,0.9823680074962662,1.0,1.0,1.0,0.9926533364567774,1
11364,efb7ddb02e9f59f1,True,1.0,1.0,0.7852127715396399,1.0,1.0,1.0,0.91050532147485,1
11365,efb87bb3ff675f08,True,1.0,1.0,0.822389644734066,0.0,1.0,0.0,0.5093290186391942,1
11366,efb9929eed1852f0,True,1.0,1.0,0.5960651264857676,1.0,1.0,1.0,0.8316938027024031,1
11367,efbd7ea4d97c5cb9,True,1.0,1.0,1.0,1.0,1.0,1.0,1.0,1
11368,efbfc794e30f528f,True,1.0,1.0,0.8794556998844439,1.0,1.0,1.0,0.9497732082851851,1
11369,efc87f8726645319,True,1.0,1.0,0.9012266444558026,1.0,1.0,1.0,0.9588444351899178,1
11370,efc8eef1e7b551d9,True,1.0,1.0,0.863307619796486,1.0,1.0,1.0,0.9430448415818692,1
11371,efca142f8d93518b,True,1.0,1.0,0.8828584070652534,1.0,1.0,1.0,0.9511910029438555,1
11372,efcc43b333075098,True,1.0,1.0,0.8139688346695343,1.0,1.0,1.0,0.9224870144456393,1
11373,efd0435305f5532a,True,1.0,1.0,1.0,1.0,1.0,1.0,1.0,1
11374,efd6ba6db6db5f6c,True,1.0,1.0,0.8247376406673426,1.0,1.0,1.0,0.926974016944726,1
11375,efd90f7518445bef,True,1.0,1.0,1.0,1.0,1.0,1.0,1.0,1
11376,efe0cf18491855e6,True,1.0,1.0,0.9594425678272388,1.0,1.0,1.0,0.9831010699280162,1
11377,efe1222923b65833,True,1.0,1.0,1.0,1.0,1.0,1.0,1.0,1
11378,efe7a294e40e5508,True,1.0,1.0,0.9121488120584519,1.0,1.0,1.0,0.9633953383576883,1
11379,efeac78f0da05463,True,1.0,1.0,0.7973079028000092,1.0,1.0,1.0,0.9155449595000039,1
11380,eff5b15eb0935b33,True,1.0,1.0,1.0,1.0,1.0,1.0,1.0,1
11381,eff5e373dade52e7,True,1.0,1.0,0.8443641873822807,1.0,1.0,1.0,0.9351517447426169,1
11382,eff63ffe642d5409,True,1.0,1.0,0.7610549389670642,1.0,1.0,1.0,0.9004395579029434,1
11383,f001f00535065622,True,1.0,1.0,0.9340432778795712,1.0,1.0,1.0,0.9725180324498214,1
11384,f004b5e4838455f3,True,1.0,1.0,0.9767113806547778,1.0,1.0,1.0,0.9902964086061573,1
11385,f01212b1c5b25520,True,1.0,1.0,0.9194711882298554,1.0,1.0,1.0,0.9664463284291065,1
11386,f0135d40a8f05feb,True,1.0,1.0,0.8303526975716434,1.0,1.0,1.0,0.9293136239881847,1
11387,f016e2b6ac155a30,True,1.0,1.0,1.0,1.0,1.0,1.0,1.0,1
11388,f01fa850d0455e68,True,1.0,1.0,0.8519455969289743,1.0,1.0,1.0,0.9383106653870726,1
11389,f025b78e77b25fba,True,1.0,1.0,0.676122450050332,1.0,1.0,1.0,0.8650510208543051,1
11390,f0297d1838cd5b1f,True,1.0,1.0,1.0,1.0,1.0,1.0,1.0,1
11391,f02b15cc225b5d9a,True,1.0,1.0,0.913778540956008,1.0,1.0,1.0,0.9640743920650033,1
11392,f033f87821135704,True,1.0,1.0,1.0,1.0,1.0,1.0,1.0,1
11393,f038fc7ffdab5bad,True,1.0,1.0,1.0,1.0,1.0,1.0,1.0,1
11394,f03963c1aacd54f4,True,1.0,1.0,1.0,1.0,1.0,1.0,1.0,1
11395,f039cb3455f356ac,True,1.0,1.0,0.6735044940782846,1.0,1.0,1.0,0.8639602058659519,1
11396,f03f53f19c6254b8,True,1.0,1.0,0.47914102581260315,1.0,1.0,1.0,0.782975427421918,1
11397,f0455664b24358a7,True,1.0,1.0,1.0,1.0,1.0,1.0,1.0,1
11398,f04d33e677745e8e,True,1.0,1.0,1.0,1.0,1.0,1.0,1.0,1
11399,f05325ffb9425a4b,True,1.0,1.0,1.0,1.0,1.0,1.0,1.0,1
11400,f064ef8fafcf5528,True,1.0,1.0,0.8761151047650169,1.0,1.0,1.0,0.9483812936520902,1
11401,f069ac62d63e5e25,True,1.0,1.0,0.7961712866465811,1.0,1.0,1.0,0.9150713694360754,1
11402,f07e680e53135311,True,1.0,1.0,1.0,1.0,1.0,1.0,1.0,1
11403,f07e9711c5285e75,True,1.0,1.0,0.9432679520713714,1.0,1.0,1.0,0.9763616466964047,1
11404,f07e9b76d6e0503d,True,1.0,1.0,0.7950178964105717,1.0,1.0,1.0,0.9145907901710716,1
11405,f082cf21642c5cbc,True,1.0,1.0,1.0,1.0,1.0,1.0,1.0,1
11406,f08f205e15975d97,True,1.0,0.0,0.0,1.0,1.0,1.0,0.0,1
11407,f096ff143e815978,True,1.0,1.0,0.9946490233698665,1.0,1.0,1.0,0.9977704264041111,1
11408,f099b753f4345fb5,True,1.0,1.0,1.0,1.0,1.0,1.0,1.0,1
11409,f0a338ae8f3a56bd,True,1.0,1.0,0.8554004539989667,1.0,1.0,1.0,0.9397501891662361,1
11410,f0a6222ab3e55174,True,1.0,1.0,1.0,1.0,1.0,1.0,1.0,1
11411,f0b6499b393152be,True,1.0,1.0,0.8515288581335401,1.0,1.0,1.0,0.9381370242223084,1
11412,f0b762b8c08b5ff0,True,1.0,1.0,1.0,1.0,1.0,1.0,1.0,1
11413,f0c41eb61ba65434,True,1.0,1.0,1.0,1.0,1.0,1.0,1.0,1
11414,f0cdcc3967335c01,True,1.0,1.0,1.0,1.0,1.0,1.0,1.0,1
11415,f0d1419c24b85651,True,1.0,1.0,0.6584376809325857,1.0,1.0,1.0,0.857682367055244,1
11416,f0d6814d23245178,True,1.0,1.0,1.0,1.0,1.0,1.0,1.0,1
11417,f0e0408bae9b5037,True,1.0,1.0,1.0,1.0,1.0,1.0,1.0,1
11418,f0f77f6f5cb4562c,True,1.0,1.0,1.0,1.0,1.0,1.0,1.0,1
11419,f0fb575adb8a5171,True,1.0,1.0,0.7990403910599012,1.0,1.0,1.0,0.9162668296082922,1
11420,f1002f2d240c514e,True,1.0,1.0,0.7378525814486809,1.0,1.0,1.0,0.8907719089369505,1
11421,f102658ad87c561f,True,1.0,1.0,0.9461109293690364,1.0,1.0,1.0,0.9775462205704318,1
11422,f1041299a1a059f5,True,1.0,1.0,0.7316624646963077,1.0,1.0,1.0,0.8881926936234615,1
11423,f1042fb26da2534a,True,1.0,1.0,0.8558348609550712,1.0,1.0,1.0,0.9399311920646131,1
11424,f105b1f7e3a65303,True,1.0,1.0,0.8194527408262539,1.0,1.0,1.0,0.9247719753442724,1
11425,f10d0ad9103c5495,True,1.0,1.0,0.9053132850341506,1.0,1.0,1.0,0.9605472020975627,1
11426,f1106b0f8f745eae,True,1.0,1.0,1.0,0.0,1.0,1.0,0.5833333333333334,1
11427,f11cf1d1b58454d8,True,1.0,1.0,0.8879021396743166,1.0,1.0,1.0,0.9532925581976319,1
11428,f12f96257dce5e91,True,1.0,1.0,1.0,1.0,1.0,1.0,1.0,1
11429,f140d31943145068,True,1.0,1.0,0.7483149291081477,1.0,1.0,1.0,0.8951312204617281,1
11430,f1494fd9840c5014,True,1.0,1.0,0.9533454528114282,1.0,1.0,1.0,0.9805606053380952,1
11431,f14a3d3672035597,True,1.0,1.0,1.0,1.0,1.0,1.0,1.0,1
11432,f14e7ed78b5d55b4,True,1.0,1.0,0.745401204605034,1.0,1.0,1.0,0.8939171685854309,1
11433,f154d2accd365815,True,1.0,1.0,0.8075918145379315,1.0,1.0,1.0,0.9198299227241381,1
11434,f158576757e95c31,True,1.0,1.0,1.0,1.0,1.0,1.0,1.0,1
11435,f1592141ee0157fe,True,1.0,1.0,1.0,1.0,1.0,1.0,1.0,1
11436,f15b26c87a0e557d,True,1.0,1.0,0.860449920067239,1.0,1.0,1.0,0.9418541333613496,1
11437,f15b772180455c2f,True,1.0,1.0,0.7784858530407546,1.0,1.0,1.0,0.9077024387669811,1
11438,f16753eac7825480,True,1.0,1.0,1.0,1.0,1.0,1.0,1.0,1
11439,f16fe36eef2b5157,True,1.0,1.0,0.9756930910740853,1.0,1.0,1.0,0.9898721212808689,1
11440,f17ee11904385731,True,1.0,1.0,0.869580465663818,1.0,1.0,1.0,0.9456585273599242,1
11441,f18158051cc457d8,True,1.0,1.0,0.9963310359028577,1.0,1.0,1.0,0.998471264959524,1
11442,f1849aa89eed53d1,True,1.0,1.0,1.0,1.0,1.0,1.0,1.0,1
11443,f18ef27ec008527a,True,1.0,1.0,0.7738227403782829,1.0,1.0,1.0,0.9057594751576179,1
11444,f18efb3a137b529a,True,1.0,1.0,0.661812168769277,1.0,1.0,1.0,0.8590884036538654,1
11445,f191de4360a35ad8,True,1.0,1.0,0.8736253773561052,1.0,1.0,1.0,0.9473439072317106,1
11446,f1940c1eca9857cb,True,1.0,1.0,1.0,1.0,1.0,1.0,1.0,1
11447,f1992f61c13e5998,True,1.0,1.0,0.8883335035566802,1.0,1.0,1.0,0.9534722931486167,1
11448,f199bfb931d65f4f,True,1.0,1.0,1.0,1.0,1.0,1.0,1.0,1
11449,f19a48878cfe5bb0,True,1.0,1.0,0.8840502204234771,1.0,1.0,1.0,0.9516875918431156,1
11450,f19d96f947fa52d9,True,1.0,1.0,1.0,1.0,1.0,1.0,1.0,1
11451,f1ae4feebfda5b75,True,1.0,1.0,0.7896898405627922,1.0,1.0,0.5,0.9123707669011635,1
11452,f1ae86b9b6a75893,True,1.0,1.0,1.0,1.0,1.0,1.0,1.0,1
11453,f1b0cf7d344052ba,True,1.0,1.0,0.9850007086057514,1.0,1.0,1.0,0.9937502952523966,1
11454,f1b71a95642b5da2,True,1.0,1.0,0.7917221243124091,1.0,1.0,1.0,0.9132175517968371,1
11455,f1b802f6e9a559af,True,1.0,1.0,1.0,1.0,1.0,1.0,1.0,1
11456,f1b8c54a906f525e,True,1.0,1.0,1.0,1.0,1.0,1.0,1.0,1
11457,f1bd1724d07957cc,True,0.0,1.0,0.0,0.0,1.0,1.0,0.0,1
11458,f1bdf7e4e9f5534e,True,1.0,1.0,0.7165470080889814,1.0,1.0,1.0,0.8818945867037423,1
11459,f1ca8dd77f205599,True,1.0,1.0,0.8783353255442998,1.0,1.0,1.0,0.9493063856434582,1
11460,f1cc8f05115d5db6,True,1.0,1.0,1.0,1.0,1.0,1.0,1.0,1
11461,f1ceb70bd72a5048,True,1.0,1.0,1.0,1.0,1.0,1.0,1.0,1
11462,f1d33f8016b153ef,True,1.0,1.0,1.0,0.0,1.0,1.0,0.5833333333333334,1
11463,f1dabe118a6955d6,True,1.0,1.0,1.0,1.0,1.0,1.0,1.0,1
11464,f1def9ef86125c39,True,1.0,1.0,1.0,1.0,1.0,1.0,1.0,1
11465,f1e870d5d8275cac,True,1.0,1.0,0.8437271329241695,1.0,1.0,1.0,0.9348863053850707,1
11466,f1ef98a6ff94525c,True,0.0,1.0,0.0,0.0,1.0,1.0,0.0,1
11467,f1f233f26fcf590b,True,1.0,1.0,1.0,1.0,1.0,1.0,1.0,1
11468,f1f463892f3d5bb7,True,1.0,1.0,0.8712044883202066,1.0,1.0,1.0,0.9463352034667527,1
11469,f1f69cb418a05b54,True,1.0,1.0,0.8235489851378531,1.0,1.0,1.0,0.9264787438074388,1
11470,f2033bf66332541b,True,0.0,1.0,0.0,0.0,1.0,1.0,0.0,1
11471,f203a01d3a8055f1,True,1.0,1.0,1.0,1.0,1.0,1.0,1.0,1
11472,f20518f97cb558d4,True,1.0,1.0,0.9679544433363128,0.0,1.0,1.0,0.5699810180567969,1
11473,f205c912572b559e,True,1.0,1.0,0.822841696775743,1.0,1.0,1.0,0.9261840403232263,1
11474,f205efb84def5cc8,True,1.0,1.0,0.8795424860046792,1.0,1.0,1.0,0.9498093691686164,1
11475,f2117260382b5d83,True,1.0,1.0,0.9181245597670559,1.0,1.0,1.0,0.9658852332362734,1
11476,f211c8127aff5246,True,1.0,1.0,0.9575292479916383,1.0,1.0,1.0,0.9823038533298494,1
11477,f21d5b2f9a5e5276,True,1.0,1.0,0.7332145696643732,1.0,1.0,1.0,0.8888394040268222,1
11478,f227c6775ba75451,True,1.0,1.0,0.7197912279162326,1.0,1.0,1.0,0.8832463449650968,1
11479,f2280f25f98852c0,True,1.0,1.0,0.9590915277366635,1.0,1.0,1.0,0.9829548032236097,1
11480,f228a1710d2f5ccd,True,1.0,1.0,0.9823722497214011,1.0,1.0,1.0,0.9926551040505838,1
11481,f2291b8766215c41,True,1.0,1.0,0.6456106677134553,1.0,1.0,1.0,0.8523377782139397,1
11482,f23073987e7956e3,True,0.0,1.0,0.0,0.0,1.0,1.0,0.0,1
11483,f231f20bdcb55426,True,1.0,1.0,0.9835140382293744,0.0,1.0,1.0,0.5764641825955726,1
11484,f233f263a7e75621,True,1.0,1.0,1.0,1.0,1.0,1.0,1.0,1
11485,f23b50abdf445d29,True,1.0,1.0,0.7673141368457795,1.0,1.0,1.0,0.9030475570190748,1
11486,f23d4a49b1c753bc,True,1.0,1.0,1.0,0.0,1.0,1.0,0.5833333333333334,1
11487,f24100a519ef5940,True,1.0,1.0,0.9040254880049755,1.0,1.0,1.0,0.9600106200020732,1
11488,f24730f3bb525e73,True,1.0,1.0,0.9035625974069511,1.0,1.0,1.0,0.959817748919563,1
11489,f2495a0cce605703,True,1.0,1.0,0.6887073722054196,1.0,1.0,1.0,0.8702947384189249,1
11490,f24ade1ee3ac51ce,True,1.0,1.0,1.0,1.0,1.0,1.0,1.0,1
11491,f24b703a3f14583f,True,1.0,1.0,0.8020256905742854,1.0,1.0,1.0,0.9175107044059523,1
11492,f24e615d71a155ae,True,1.0,1.0,1.0,1.0,1.0,1.0,1.0,1
11493,f2508193ac0c5f27,True,1.0,1.0,0.9857055675052256,1.0,1.0,0.5,0.9940439864605107,1
11494,f252e2d96f805926,True,1.0,1.0,1.0,1.0,1.0,1.0,1.0,1
11495,f253fd0891d3562a,True,1.0,1.0,1.0,1.0,1.0,1.0,1.0,1
11496,f25881a0f78f5aa9,True,1.0,1.0,1.0,1.0,1.0,1.0,1.0,1
11497,f2592c08589e5398,True,1.0,1.0,0.7930417424202805,1.0,1.0,1.0,0.9137673926751169,1
11498,f25f295b364a5f29,True,1.0,1.0,0.9265172925317801,1.0,1.0,1.0,0.9693822052215749,1
11499,f25f862298af549d,True,1.0,1.0,0.9564333109869854,1.0,1.0,1.0,0.9818472129112439,1
11500,f2644280215250cd,True,1.0,1.0,0.9919288320816323,1.0,1.0,1.0,0.9966370133673467,1
11501,f264f464b21753de,True,1.0,1.0,0.9458248750433265,1.0,1.0,1.0,0.9774270312680526,1
11502,f2655b7cd5d15a20,True,1.0,1.0,0.6259089427753061,1.0,1.0,1.0,0.8441287261563776,1
11503,f2695c7680505b79,True,1.0,1.0,0.8596257998917229,1.0,1.0,1.0,0.9415107499548846,1
11504,f2722839a7ed50fe,True,1.0,1.0,1.0,1.0,1.0,1.0,1.0,1
11505,f289e368449b517b,True,0.5,0.0,0.0,0.0,1.0,1.0,0.0,1
11506,f28c522b8a0155cc,True,1.0,1.0,1.0,1.0,1.0,1.0,1.0,1
11507,f28cb1d6c0cf568f,True,1.0,1.0,0.9027294721831717,1.0,1.0,1.0,0.9594706134096548,1
11508,f2909a9ad9cb552e,True,1.0,0.0,0.0,1.0,1.0,1.0,0.0,1
11509,f29d6171f46b551d,True,1.0,1.0,0.8130888969596948,1.0,1.0,1.0,0.9221203737332061,1
11510,f2a41314d1575761,True,1.0,1.0,1.0,1.0,1.0,1.0,1.0,1
11511,f2a54a0461005d6c,True,1.0,1.0,1.0,1.0,1.0,1.0,1.0,1
11512,f2a8ed3f01f15ef3,True,1.0,1.0,0.6669139561558133,1.0,1.0,1.0,0.8612141483982555,1
11513,f2acd82c43fd5490,True,1.0,1.0,1.0,1.0,1.0,1.0,1.0,1
11514,f2b83fb414eb5cf0,True,1.0,1.0,0.8722268664414892,1.0,1.0,1.0,0.9467611943506204,1
11515,f2d4e4b013a3579e,True,1.0,1.0,0.8041026754546564,1.0,1.0,1.0,0.9183761147727735,1
11516,f2d64d93a1915c8b,True,1.0,0.0,0.0,1.0,1.0,1.0,0.0,1
11517,f2d7208949535747,True,1.0,0.0,0.0,0.0,1.0,1.0,0.0,1
11518,f2dd261c41755967,True,1.0,1.0,0.8044238724819953,1.0,1.0,1.0,0.9185099468674981,1
11519,f2e0d7e15fa253f0,True,1.0,1.0,0.7038076862536138,1.0,1.0,1.0,0.8765865359390057,1
11520,f2e1685f07675799,True,1.0,1.0,0.8599694538827096,1.0,1.0,1.0,0.9416539391177956,1
11521,f2e2e64000445230,True,1.0,1.0,0.9769129473892616,1.0,1.0,1.0,0.9903803947455256,1
11522,f2f5b666a04b53f8,True,1.0,1.0,0.9332801634487853,1.0,1.0,1.0,0.9722000681036604,1
11523,f2fdedb5a4ba5c4c,True,1.0,1.0,0.8772191896728921,1.0,1.0,1.0,0.9488413290303717,1
11524,f3047391e1f25aad,True,1.0,1.0,1.0,1.0,1.0,1.0,1.0,1
11525,f304e815462d5f1f,True,1.0,1.0,0.9845788335984074,1.0,1.0,1.0,0.9935745139993365,1
11526,f308a472f26056a7,True,1.0,1.0,1.0,1.0,1.0,1.0,1.0,1
11527,f313a28be30f5bd8,True,1.0,1.0,1.0,1.0,1.0,1.0,1.0,1
11528,f322d71f14a35cfa,True,1.0,1.0,1.0,1.0,1.0,1.0,1.0,1
11529,f3282fb9352c5c9c,True,1.0,1.0,0.8499909111610912,1.0,1.0,1.0,0.9374962129837879,1
11530,f32d809c7175588c,True,1.0,1.0,1.0,1.0,1.0,1.0,1.0,1
11531,f32e1b068c3351eb,True,1.0,1.0,1.0,1.0,1.0,1.0,1.0,1
11532,f33405d075755825,True,1.0,1.0,0.7118773059946181,1.0,1.0,1.0,0.8799488774977574,1
11533,f335a11369685b08,True,1.0,1.0,0.9062021008026101,1.0,1.0,1.0,0.9609175420010875,1
11534,f33a23766bcb55a6,True,1.0,1.0,0.617554816174126,1.0,1.0,1.0,0.8406478400725526,1
11535,f33eaf7a7ddc5891,True,1.0,1.0,0.7292671548133941,1.0,1.0,1.0,0.8871946478389142,1
11536,f3462625913a59c2,True,1.0,1.0,0.5792607494046609,1.0,1.0,0.5,0.8246919789186086,1
11537,f3493d3b23cd55c2,True,1.0,1.0,0.8545449315082774,1.0,1.0,1.0,0.9393937214617822,1
11538,f34af4dbbbd35a23,True,1.0,1.0,1.0,1.0,1.0,1.0,1.0,1
11539,f34d9948bdc257ab,True,1.0,1.0,1.0,1.0,1.0,1.0,1.0,1
11540,f3509f572c4f5bbb,True,1.0,1.0,0.7616272698615808,1.0,1.0,1.0,0.9006780291089921,1
11541,f3512ae175b45844,True,1.0,1.0,1.0,1.0,1.0,1.0,1.0,1
11542,f3521da962a75e3d,True,1.0,1.0,1.0,1.0,1.0,1.0,1.0,1
11543,f35274c7a16657d7,True,1.0,1.0,0.7600331787005659,1.0,1.0,1.0,0.900013824458569,1
11544,f3532c4c4ad95b27,True,1.0,1.0,0.9995251521937542,1.0,1.0,1.0,0.9998021467473975,1
11545,f3572fcbcd285f1e,True,1.0,1.0,1.0,1.0,1.0,1.0,1.0,1
11546,f35c6a6f6a1157b3,True,1.0,1.0,1.0,1.0,1.0,1.0,1.0,1
11547,f35e97504024530b,True,1.0,1.0,0.9928804364795126,1.0,1.0,1.0,0.997033515199797,1
11548,f36969fd00f15050,True,1.0,1.0,1.0,1.0,1.0,1.0,1.0,1
11549,f36b32268f1c5404,True,1.0,1.0,0.9919599750306802,1.0,1.0,1.0,0.9966499895961167,1
11550,f36dbc258c8b5e17,True,1.0,1.0,1.0,1.0,1.0,1.0,1.0,1
11551,f3738f5be59d5d10,True,1.0,1.0,1.0,1.0,1.0,1.0,1.0,1
11552,f376ed0415235e20,True,1.0,1.0,0.8839044390879118,1.0,1.0,0.0,0.9516268496199632,1
11553,f377405106115a34,True,1.0,1.0,0.6127927595119227,1.0,1.0,1.0,0.8386636497966343,1
11554,f37c90e977e856c8,True,1.0,1.0,1.0,1.0,1.0,1.0,1.0,1
11555,f37d9bf7782d524b,True,1.0,1.0,1.0,1.0,1.0,1.0,1.0,1
11556,f381809a5ec053f3,True,1.0,1.0,1.0,1.0,1.0,1.0,1.0,1
11557,f3872682944e5d13,True,1.0,1.0,0.8689004312508933,1.0,1.0,1.0,0.9453751796878723,1
11558,f38d4f3f7e425c91,True,1.0,1.0,0.7366168206045558,1.0,1.0,1.0,0.8902570085852316,1
11559,f38ecbfea0075cca,True,1.0,1.0,0.9251323328858125,1.0,1.0,1.0,0.968805138702422,1
11560,f3931b33198d5570,True,1.0,1.0,1.0,1.0,1.0,1.0,1.0,1
11561,f39952caeb2b5014,True,1.0,1.0,1.0,1.0,1.0,1.0,1.0,1
11562,f39db68736425365,True,1.0,1.0,0.9311856893582943,1.0,1.0,1.0,0.9713273705659559,1
11563,f3a327d6e0e45d9a,True,1.0,1.0,1.0,1.0,1.0,0.0,1.0,1
11564,f3a61425920f57a7,True,1.0,1.0,1.0,0.0,1.0,1.0,0.5833333333333334,1
11565,f3aaed259ab15dcc,True,1.0,1.0,1.0,1.0,1.0,1.0,1.0,1
11566,f3b3336807f8590b,True,1.0,1.0,0.9982939675341573,1.0,1.0,1.0,0.9992891531392322,1
11567,f3c165d6e31f524d,True,0.0,1.0,0.0,0.0,1.0,1.0,0.0,1
11568,f3c6560a01e55c94,True,1.0,1.0,1.0,1.0,1.0,1.0,1.0,1
11569,f3c7dc93e3bc57c1,True,1.0,1.0,0.8382056598889849,1.0,1.0,1.0,0.9325856916204103,1
11570,f3c9dcda27ba51a7,True,1.0,1.0,0.9042618206052218,1.0,1.0,1.0,0.9601090919188424,1
11571,f3e0463f3cf4505e,True,1.0,1.0,0.8949866355109706,1.0,1.0,1.0,0.9562444314629044,1
11572,f3e09f0670d25426,True,1.0,1.0,1.0,1.0,1.0,1.0,1.0,1
11573,f3e32c06633756e9,True,1.0,1.0,0.6850677150266901,1.0,1.0,1.0,0.8687782145944541,1
11574,f3f0ebe8d9185b69,True,1.0,1.0,0.8818646938377678,1.0,1.0,1.0,0.9507769557657365,1
11575,f3f9b7c1f6e95b82,True,1.0,1.0,1.0,1.0,1.0,1.0,1.0,1
11576,f3f9f7a6f8f15f49,True,1.0,1.0,1.0,1.0,1.0,1.0,1.0,1
11577,f3fc5020ecbd537f,True,1.0,1.0,0.8915800025538636,1.0,1.0,1.0,0.9548250010641098,1
11578,f3fd7b1cf6055ad5,True,0.0,1.0,0.0,0.0,1.0,1.0,0.0,1
11579,f40172a8fb1a54ee,True,1.0,1.0,1.0,1.0,1.0,1.0,1.0,1
11580,f4059b9c69d5509c,True,1.0,1.0,1.0,1.0,1.0,1.0,1.0,1
11581,f407714273645434,True,1.0,0.0,0.0,1.0,1.0,1.0,0.0,1
11582,f40843145ae35cd8,True,1.0,1.0,0.5906910292982832,1.0,1.0,1.0,0.8294545955409514,1
11583,f409dfb714ed539c,True,1.0,1.0,0.9336020887817098,1.0,1.0,1.0,0.9723342036590458,1
11584,f40f57ad82885f04,True,1.0,1.0,1.0,1.0,1.0,1.0,1.0,1
11585,f412a36812a55b62,True,1.0,1.0,0.6267016923438764,1.0,1.0,1.0,0.8444590384766152,1
11586,f414059fffd45057,True,1.0,1.0,1.0,1.0,1.0,1.0,1.0,1
11587,f419cea88ed9500b,True,1.0,1.0,0.8458661965189371,1.0,1.0,1.0,0.9357775818828905,1
11588,f41cf739059453a4,True,1.0,1.0,0.779349256223124,1.0,1.0,1.0,0.9080621900929683,1
11589,f42258b638fc5b64,True,1.0,1.0,0.9204428496786429,1.0,1.0,1.0,0.9668511873661011,1
11590,f424ee234e385b95,True,1.0,1.0,0.8713541805885531,1.0,1.0,0.0,0.9463975752452304,1
11591,f42bdbb0a30c5854,True,1.0,1.0,1.0,1.0,1.0,1.0,1.0,1
11592,f42c66a9b7a456f7,True,1.0,1.0,0.9305102241186297,1.0,1.0,1.0,0.9710459267160957,1
11593,f4458a9c09795afa,True,1.0,1.0,1.0,1.0,1.0,0.5,1.0,1
11594,f44600c092b959f4,True,1.0,1.0,0.9380483919243289,1.0,1.0,1.0,0.9741868299684704,1
11595,f4495a91b9fb505d,True,1.0,1.0,0.7306162654447572,1.0,1.0,1.0,0.8877567772686489,1
11596,f4511c17c15a531f,True,1.0,1.0,0.8712896834858938,1.0,1.0,1.0,0.9463707014524557,1
11597,f4544174530b5715,True,1.0,1.0,0.8259086879325379,1.0,1.0,0.5,0.9274619533052242,1
11598,f465e74f13e652ce,True,1.0,1.0,0.9373428256870977,1.0,1.0,0.0,0.9738928440362907,1
11599,f470121c6add5665,True,0.0,1.0,0.0,0.0,1.0,1.0,0.0,1
11600,f47841466d835000,True,1.0,1.0,0.9267267216832124,1.0,1.0,1.0,0.9694694673680052,1
11601,f47f7733a11d51a1,True,1.0,1.0,1.0,1.0,1.0,1.0,1.0,1
11602,f4814e7eb01252b6,True,1.0,1.0,0.9962197620867873,1.0,1.0,1.0,0.9984249008694946,1
11603,f48e825b763050bb,True,1.0,1.0,1.0,1.0,1.0,1.0,1.0,1
11604,f4991b521fa15f17,True,1.0,1.0,1.0,1.0,1.0,1.0,1.0,1
11605,f49e8b1837cd5b23,True,1.0,0.0,0.0,1.0,1.0,1.0,0.0,1
11606,f49f94b388d8561d,True,1.0,1.0,1.0,1.0,1.0,1.0,1.0,1
11607,f4aca518cfa05850,True,1.0,1.0,0.7812541932859997,1.0,1.0,1.0,0.9088559138691665,1
11608,f4af3907bb665bf7,True,1.0,1.0,1.0,1.0,1.0,1.0,1.0,1
11609,f4cc7553b85f5fb0,True,1.0,1.0,0.825563515234588,1.0,1.0,1.0,0.9273181313477451,1
11610,f4d869c13a015a28,True,1.0,1.0,0.7120116597201294,1.0,1.0,1.0,0.8800048582167207,1
11611,f4d95a784b725915,True,1.0,1.0,1.0,1.0,1.0,1.0,1.0,1
11612,f4da0138413c595a,True,1.0,1.0,0.901622586355466,1.0,1.0,1.0,0.9590094109814441,1
11613,f4da372227475285,True,1.0,1.0,1.0,1.0,1.0,1.0,1.0,1
11614,f4e2ec6e37535056,True,1.0,1.0,0.9602979651966119,1.0,1.0,1.0,0.9834574854985884,1
11615,f4eec162c14e5bfa,True,1.0,1.0,1.0,1.0,1.0,1.0,1.0,1
11616,f4f1692fee475afa,True,1.0,1.0,0.8798840843689332,1.0,1.0,1.0,0.9499517018203889,1
11617,f4fc2446b41e55ba,True,1.0,1.0,1.0,1.0,1.0,1.0,1.0,1
11618,f50843b06ec259f2,True,1.0,1.0,0.9361388110436077,1.0,1.0,1.0,0.9733911712681699,1
11619,f512480c969a5eab,True,0.0,1.0,0.0,0.0,1.0,1.0,0.0,1
11620,f51357fd3f59500a,True,1.0,1.0,1.0,1.0,1.0,1.0,1.0,1
11621,f51778edd8ea5ee5,True,1.0,1.0,0.9221012562326429,1.0,1.0,1.0,0.9675421900969345,1
11622,f518d10b147c5398,True,1.0,1.0,0.7939170795295218,1.0,1.0,1.0,0.9141321164706341,1
11623,f51a75fadd695f06,True,1.0,1.0,0.8056847466764774,1.0,1.0,1.0,0.9190353111151989,1
11624,f51f9c282b9a54aa,True,1.0,1.0,1.0,1.0,1.0,1.0,1.0,1
11625,f52211f2dec85537,True,1.0,1.0,0.8494340594788213,1.0,1.0,1.0,0.9372641914495089,1
11626,f530d03c88b652a7,True,1.0,1.0,0.7245948133367296,1.0,1.0,1.0,0.885247838890304,1
11627,f534c8da0962552c,True,1.0,1.0,1.0,1.0,1.0,1.0,1.0,1
11628,f53ece8c1cb9562c,True,1.0,1.0,1.0,0.0,1.0,1.0,0.5833333333333334,1
11629,f53ee13c32ac5bec,True,1.0,1.0,1.0,1.0,1.0,1.0,1.0,1
11630,f5442665da9f554c,True,1.0,1.0,0.9301961329205319,1.0,1.0,1.0,0.9709150553835549,1
11631,f54559dd98e75d83,True,1.0,1.0,1.0,1.0,1.0,1.0,1.0,1
11632,f55316b2f9655692,True,1.0,1.0,0.8876433305122526,1.0,1.0,1.0,0.9531847210467719,1
11633,f558dbb8523f552f,True,1.0,1.0,1.0,1.0,1.0,1.0,1.0,1
11634,f559d26401125dbe,True,1.0,1.0,1.0,1.0,1.0,1.0,1.0,1
11635,f55c530f3875533f,True,1.0,1.0,0.9713355075346385,1.0,1.0,1.0,0.988056461472766,1
11636,f55f99174afa5d7e,True,1.0,1.0,0.8158681854671617,1.0,1.0,1.0,0.9232784106113173,1
11637,f55fd99d0cd65b58,True,1.0,1.0,0.9404864045588034,1.0,1.0,1.0,0.9752026685661681,1
11638,f561d19a11375418,True,1.0,1.0,1.0,0.0,1.0,1.0,0.5833333333333334,1
11639,f57582f9a7dc511c,True,1.0,0.0,0.0,1.0,1.0,1.0,0.0,1
11640,f57f56e799be599f,True,1.0,1.0,1.0,1.0,1.0,1.0,1.0,1
11641,f582317803e65752,True,1.0,1.0,0.8244666329599998,1.0,1.0,1.0,0.9268610970666665,1
11642,f583323fe0215871,True,1.0,1.0,0.9468661656881774,1.0,1.0,1.0,0.977860902370074,1
11643,f587b097f5f65db6,True,1.0,1.0,1.0,1.0,1.0,1.0,1.0,1
11644,f590f07cbcc15388,True,1.0,1.0,0.9116590123402661,1.0,1.0,1.0,0.9631912551417775,1
11645,f597ea9aeb7f512d,True,1.0,1.0,0.8442590088251161,1.0,1.0,1.0,0.9351079203437983,1
11646,f5a6d648a71e5d47,True,1.0,1.0,0.8346932065679067,1.0,1.0,1.0,0.9311221694032944,1
11647,f5a9eba40a9055f3,True,1.0,1.0,1.0,1.0,1.0,1.0,1.0,1
11648,f5ac458eab7b5ba5,True,1.0,1.0,0.9868081660360887,1.0,1.0,1.0,0.9945034025150369,1
11649,f5af09063e125bb2,True,1.0,1.0,0.8114445612941887,1.0,1.0,1.0,0.9214352338725785,1
11650,f5af188b17e85ef0,True,1.0,1.0,1.0,1.0,1.0,1.0,1.0,1
11651,f5b613e3fa03593d,True,1.0,1.0,1.0,1.0,1.0,1.0,1.0,1
11652,f5c4d4a66e13514d,True,1.0,1.0,0.7329757259570688,1.0,1.0,1.0,0.8887398858154453,1
11653,f5c6f00966f152ec,True,1.0,1.0,0.9155871864368993,1.0,1.0,1.0,0.964827994348708,1
11654,f5c9c516bf7a5ce8,True,1.0,1.0,1.0,1.0,1.0,1.0,1.0,1
11655,f5cb61c359ce574b,True,1.0,1.0,0.9590794655051692,1.0,1.0,1.0,0.9829497772938205,1
11656,f5cf721a02df5ba1,True,1.0,1.0,0.9205195864983464,1.0,1.0,1.0,0.9668831610409777,1
11657,f5d8dc03a0555cdc,True,1.0,1.0,1.0,1.0,1.0,1.0,1.0,1
11658,f5d967a1fedb5e3b,True,1.0,1.0,0.7982994451084383,1.0,1.0,1.0,0.915958102128516,1
11659,f5d9b1df3fef57ec,True,1.0,1.0,1.0,1.0,1.0,1.0,1.0,1
11660,f5dccbabc2f95bbd,True,1.0,1.0,1.0,1.0,1.0,1.0,1.0,1
11661,f5e28113983e54bd,True,1.0,1.0,0.8934454904369334,1.0,1.0,1.0,0.9556022876820555,1
11662,f5e6e24328fd5e7c,True,1.0,1.0,0.9527062025537619,0.0,1.0,0.0,0.5636275843974008,1
11663,f5eb7105d1d358c5,True,1.0,1.0,0.7791410176199164,1.0,1.0,1.0,0.9079754240082986,1
11664,f5ebfa68c2315d0c,True,1.0,1.0,1.0,1.0,1.0,1.0,1.0,1
11665,f5edba52c4545fe3,True,1.0,1.0,0.6058083456538508,1.0,1.0,1.0,0.8357534773557712,1
11666,f5f173ece87c5c11,True,1.0,1.0,0.9738197793706351,1.0,1.0,1.0,0.9890915747377647,1
11667,f5f55c1132d75fa7,True,1.0,1.0,1.0,1.0,1.0,1.0,1.0,1
11668,f5f7d39ffe625dda,True,1.0,1.0,0.9461422833860381,1.0,1.0,1.0,0.9775592847441826,1
11669,f6038d685a4d55b4,True,1.0,1.0,1.0,1.0,1.0,0.5,1.0,1
11670,f606d0e6eda7549a,True,1.0,1.0,0.8286517720544581,1.0,1.0,1.0,0.9286049050226909,1
11671,f6082f18c392582f,True,1.0,1.0,1.0,1.0,1.0,1.0,1.0,1
11672,f60b8b3796c45845,True,1.0,1.0,0.7595146080347035,1.0,1.0,1.0,0.8997977533477931,1
11673,f618df9b13b75f68,True,1.0,1.0,0.928390801508369,1.0,1.0,1.0,0.9701628339618203,1
11674,f6195258cc20552f,True,0.0,1.0,0.0,0.0,1.0,1.0,0.0,1
11675,f620e6d6c13b53b7,True,1.0,1.0,0.5602523720263011,1.0,1.0,0.5,0.8167718216776255,1
11676,f625dafc811b5c1f,True,1.0,1.0,1.0,1.0,1.0,1.0,1.0,1
11677,f6268af57ef35a2b,True,1.0,1.0,1.0,1.0,1.0,1.0,1.0,1
11678,f62e6cb228dc50e1,True,1.0,1.0,0.7757757254912259,1.0,1.0,0.5,0.9065732189546774,1
11679,f631a836a63855e0,True,1.0,1.0,0.7910502143060447,1.0,1.0,1.0,0.9129375892941853,1
11680,f636a93caad2585f,True,1.0,1.0,0.8654846151375423,1.0,1.0,1.0,0.943951922973976,1
11681,f638ae3f35d25d55,True,1.0,1.0,0.6705246067410269,1.0,1.0,1.0,0.8627185861420945,1
11682,f63a2f8e05115d52,True,1.0,1.0,1.0,0.0,1.0,1.0,0.5833333333333334,1
11683,f640e9a42e215992,True,1.0,1.0,0.846167682038357,1.0,1.0,1.0,0.9359032008493154,1
11684,f641cb06f2175d36,True,1.0,1.0,0.9966583286980139,1.0,1.0,1.0,0.9986076369575058,1
11685,f642f93db71f5dfb,True,1.0,1.0,1.0,1.0,1.0,1.0,1.0,1
11686,f6483f2f9126533f,True,1.0,1.0,0.9810767350734466,1.0,1.0,1.0,0.9921153062806027,1
11687,f64ec139a30958d0,True,1.0,1.0,0.8779408365852152,1.0,1.0,1.0,0.9491420152438397,1
11688,f65f43d44343500b,True,1.0,1.0,0.9941095253278401,1.0,1.0,1.0,0.9975456355532667,1
11689,f665cf888bbd5595,True,1.0,1.0,0.9361851270206178,1.0,1.0,1.0,0.9734104695919242,1
11690,f66694a622cf5c99,True,1.0,1.0,1.0,1.0,1.0,1.0,1.0,1
11691,f669f89b3272514c,True,1.0,1.0,0.8458432225467344,1.0,1.0,1.0,0.9357680093944727,1
11692,f66d06ec0f355fac,True,1.0,1.0,0.8825382659817639,1.0,1.0,0.5,0.9510576108257349,1
11693,f674a05cc42b5d4a,True,1.0,1.0,0.976115757110757,1.0,1.0,1.0,0.9900482321294821,1
11694,f67e431f781659eb,True,1.0,1.0,0.786951930916342,1.0,1.0,1.0,0.9112299712151425,1
11695,f6855b72b0aa57e2,True,1.0,1.0,0.746722504606696,1.0,1.0,1.0,0.89446771025279,1
11696,f68aaf95d7825182,True,1.0,1.0,1.0,1.0,1.0,1.0,1.0,1
11697,f68c27c86c235646,True,1.0,1.0,1.0,1.0,1.0,1.0,1.0,1
11698,f68fcc74e570541d,True,1.0,1.0,0.7586931339835193,1.0,1.0,0.5,0.8994554724931331,1
11699,f69367f756605199,True,1.0,1.0,1.0,1.0,1.0,1.0,1.0,1
11700,f6a5c2b1f50d5afc,True,1.0,1.0,0.880218073942578,1.0,1.0,1.0,0.9500908641427408,1
11701,f6a8d6a5c5b355d0,True,1.0,1.0,0.8879277358531135,1.0,1.0,1.0,0.9533032232721306,1
11702,f6ab99e351c95b45,True,1.0,1.0,0.9072495114971258,1.0,1.0,1.0,0.9613539631238025,1
11703,f6b2a416f38d5609,True,0.0,1.0,0.0,0.0,1.0,1.0,0.0,1
11704,f6b3ef5ef2085e46,True,1.0,1.0,1.0,1.0,1.0,1.0,1.0,1
11705,f6b9867069845fd2,True,1.0,1.0,0.5869352069843001,1.0,1.0,1.0,0.8278896695767918,1
11706,f6c528f78bdf593c,True,1.0,1.0,0.5649395912858369,1.0,1.0,1.0,0.8187248297024321,1
11707,f6c6b09c85e357ee,True,1.0,1.0,1.0,1.0,1.0,1.0,1.0,1
11708,f6ce545dcc975501,True,1.0,1.0,1.0,1.0,1.0,1.0,1.0,1
11709,f6d575d8e0a45772,True,1.0,1.0,0.5290168735268503,1.0,1.0,1.0,0.8037570306361875,1
11710,f6db2434c92450b8,True,1.0,1.0,1.0,1.0,1.0,1.0,1.0,1
11711,f6df3f934bdb598d,True,1.0,1.0,1.0,1.0,1.0,1.0,1.0,1
11712,f6e64f5e788b5101,True,1.0,1.0,0.9107920201317833,1.0,1.0,1.0,0.962830008388243,1
11713,f6e9ee0b3a81575b,True,1.0,1.0,0.8520759464517561,1.0,1.0,1.0,0.9383649776882317,1
11714,f6ee3ce42dfc56e3,True,1.0,1.0,1.0,1.0,1.0,1.0,1.0,1
11715,f6eec3b743985122,True,1.0,1.0,1.0,1.0,1.0,1.0,1.0,1
11716,f6f14df95f6c52af,True,1.0,1.0,0.9804392273077701,1.0,1.0,1.0,0.9918496780449043,1
11717,f70c1fa8bbfc5d77,True,0.0,1.0,0.0,0.0,1.0,1.0,0.0,1
11718,f70c8122d2a65847,True,1.0,1.0,0.97187811649664,1.0,1.0,1.0,0.9882825485402668,1
11719,f7103dfe59a959be,True,1.0,1.0,0.978002277868121,1.0,1.0,1.0,0.9908342824450505,1
11720,f713c584fcfe5824,True,1.0,1.0,0.8682735429052302,1.0,1.0,1.0,0.9451139762105125,1
11721,f7143ad20856584c,True,1.0,1.0,0.9079566977711848,1.0,1.0,1.0,0.961648624071327,1
11722,f714eb04f5495273,True,1.0,1.0,0.9184829578446262,1.0,1.0,1.0,0.9660345657685943,1
11723,f71e5dcd9df85d97,True,1.0,1.0,0.8784199170643282,1.0,1.0,1.0,0.9493416321101368,1
11724,f71f0d4ca6db5d40,True,1.0,1.0,0.8274619011942115,1.0,1.0,1.0,0.9281091254975881,1
11725,f722930665045683,True,1.0,1.0,1.0,1.0,1.0,1.0,1.0,1
11726,f727c5fa1e735d2d,True,1.0,1.0,1.0,1.0,1.0,1.0,1.0,1
11727,f72ccf055618500a,True,1.0,1.0,0.7723406883462024,1.0,1.0,1.0,0.9051419534775844,1
11728,f72d2f080fe35910,True,0.0,1.0,0.0,0.0,1.0,1.0,0.0,1
11729,f73281d701fd56a6,True,1.0,1.0,0.9402213945477698,1.0,1.0,1.0,0.9750922477282374,1
11730,f733e02fa876535a,True,1.0,1.0,0.8254590716292194,1.0,1.0,1.0,0.9272746131788413,1
11731,f7341516d74658fc,True,1.0,1.0,0.9043178870941644,1.0,1.0,1.0,0.9601324529559019,1
11732,f740386a50c45238,True,1.0,1.0,0.8751507175150839,1.0,1.0,1.0,0.9479794656312849,1
11733,f74148c131c15381,True,1.0,1.0,0.8971894380013807,1.0,1.0,1.0,0.9571622658339086,1
11734,f742c7490c2d5b98,True,1.0,1.0,0.8519726794603852,1.0,1.0,1.0,0.9383219497751605,1
11735,f748ff8ee5be533a,True,1.0,1.0,1.0,1.0,1.0,1.0,1.0,1
11736,f749ff64838c5664,True,1.0,1.0,0.8851668540847468,1.0,1.0,1.0,0.9521528558686446,1
11737,f750532882175c31,True,1.0,1.0,0.9505221008599111,1.0,1.0,1.0,0.9793842086916297,1
11738,f750e0c7f8375bae,True,1.0,1.0,1.0,1.0,1.0,1.0,1.0,1
11739,f754138d3e3e5fd5,True,1.0,1.0,0.8462199355177318,1.0,1.0,1.0,0.9359249731323883,1
11740,f7544894729252f5,True,1.0,1.0,0.9511101088455711,1.0,1.0,1.0,0.9796292120189879,1
11741,f755005e289d5ccd,True,1.0,1.0,1.0,1.0,1.0,1.0,1.0,1
11742,f75560fb13f25476,True,1.0,1.0,1.0,1.0,1.0,0.5,1.0,1
11743,f75c8c639ded5924,True,1.0,1.0,0.8209474643475196,1.0,1.0,1.0,0.9253947768114665,1
11744,f75d3314a8c85955,True,1.0,1.0,0.9585809621808266,1.0,1.0,1.0,0.9827420675753444,1
11745,f769ef75631451c8,True,1.0,1.0,0.9222118473741775,1.0,1.0,1.0,0.9675882697392405,1
11746,f76d76bae0365a21,True,1.0,1.0,1.0,1.0,1.0,1.0,1.0,1
11747,f776577c7428592b,True,1.0,1.0,1.0,1.0,1.0,1.0,1.0,1
11748,f77c053616475084,True,1.0,1.0,0.6687525209172784,1.0,1.0,1.0,0.861980217048866,1
11749,f78a67043d9e5477,True,1.0,1.0,1.0,0.0,1.0,1.0,0.5833333333333334,1
11750,f790e64181a15f5a,True,1.0,1.0,1.0,1.0,1.0,1.0,1.0,1
11751,f79397c87fbf5965,True,1.0,1.0,1.0,1.0,1.0,1.0,1.0,1
11752,f79916e26eef5b74,True,1.0,1.0,1.0,1.0,1.0,1.0,1.0,1
11753,f79931e74df250f7,True,1.0,1.0,0.8446858517631125,1.0,1.0,1.0,0.9352857715679636,1
11754,f79b805ec2435c98,True,1.0,1.0,0.9840396761137096,1.0,1.0,1.0,0.993349865047379,1
11755,f7a474593242588b,True,1.0,1.0,0.9073048756099336,1.0,1.0,1.0,0.961377031504139,1
11756,f7a5f237abcd5b04,True,0.0,1.0,0.0,0.0,1.0,1.0,0.0,1
11757,f7a9f82f17b256e2,True,1.0,1.0,0.8761282556458473,1.0,1.0,1.0,0.9483867731857698,1
11758,f7b170baa6bd5b95,True,1.0,1.0,1.0,1.0,1.0,1.0,1.0,1
11759,f7b40e0f94c25b3b,True,1.0,1.0,1.0,1.0,1.0,1.0,1.0,1
11760,f7b7dcf856ce587d,True,1.0,1.0,1.0,1.0,1.0,1.0,1.0,1
11761,f7c495f7030a5ac1,True,1.0,1.0,0.9405573578164131,1.0,1.0,1.0,0.9752322324235054,1
11762,f7c57baf089e561b,True,1.0,1.0,1.0,0.0,1.0,1.0,0.5833333333333334,1
11763,f7cef72b285555af,True,1.0,1.0,0.8091818247178872,1.0,1.0,1.0,0.9204924269657863,1
11764,f7d2b771e8425c20,True,1.0,1.0,0.6742236094881667,1.0,1.0,1.0,0.8642598372867362,1
11765,f7d40806c7045d54,True,1.0,1.0,0.7933177054039903,1.0,1.0,1.0,0.9138823772516625,1
11766,f7e52770089e5230,True,1.0,1.0,0.8008655465843703,1.0,1.0,1.0,0.9170273110768209,1
11767,f7f7750b2dc2548e,True,1.0,1.0,0.6888216751465472,1.0,1.0,1.0,0.8703423646443946,1
11768,f809d95714a05fad,True,1.0,1.0,1.0,1.0,1.0,1.0,1.0,1
11769,f80a6f7f4de5564d,True,1.0,1.0,0.9678015401830696,1.0,1.0,1.0,0.9865839750762792,1
11770,f8191af1aab95906,True,1.0,1.0,1.0,1.0,1.0,1.0,1.0,1
11771,f820630d5f0a50ed,True,1.0,1.0,0.7598974964963071,1.0,1.0,1.0,0.8999572902067946,1
11772,f8331125139c53d2,True,1.0,1.0,0.9794317339797802,1.0,1.0,1.0,0.9914298891582417,1
11773,f84498af5b4f55eb,True,1.0,1.0,1.0,1.0,1.0,1.0,1.0,1
11774,f84819b5dc2a5130,True,1.0,1.0,0.8307514328761821,1.0,1.0,0.0,0.9294797636984091,1
11775,f84b6dbc1cd35f61,True,1.0,1.0,0.8812467306504368,1.0,1.0,1.0,0.9505194711043486,1
11776,f860a73be2cd5fe5,True,1.0,1.0,0.9568245082185529,1.0,1.0,1.0,0.9820102117577303,1
11777,f860c4879d1c5996,True,1.0,1.0,0.9172407040571979,1.0,1.0,1.0,0.9655169600238325,1
11778,f863be1a4d1d5e96,True,1.0,1.0,0.6997867568629124,1.0,1.0,1.0,0.8749111486928802,1
11779,f8682fec1c2e5c59,True,1.0,0.0,0.0,1.0,1.0,1.0,0.0,1
11780,f86adcbec849574a,True,1.0,1.0,1.0,1.0,1.0,1.0,1.0,1
11781,f86eb011b333505e,True,1.0,1.0,0.8516808017233232,1.0,1.0,1.0,0.9382003340513846,1
11782,f87414e8321c5fa7,True,1.0,1.0,0.8183858615769215,1.0,1.0,1.0,0.9243274423237172,1
11783,f874757c4b46591b,True,1.0,1.0,0.9794037352292965,1.0,1.0,1.0,0.9914182230122068,1
11784,f879fd3edf21506a,True,1.0,1.0,0.711136843538738,1.0,1.0,1.0,0.8796403514744742,1
11785,f897914e6f0c52e5,True,1.0,1.0,1.0,1.0,1.0,1.0,1.0,1
11786,f8b10bcaa98a53e8,True,0.0,1.0,0.0,0.0,1.0,1.0,0.0,1
11787,f8b1bb7447c257dc,True,1.0,1.0,0.7333932003151301,1.0,1.0,1.0,0.8889138334646375,1
11788,f8b4b55200585f2b,True,1.0,1.0,1.0,1.0,1.0,1.0,1.0,1
11789,f8b524a4e8925503,True,1.0,1.0,0.9772425035659474,1.0,1.0,1.0,0.9905177098191448,1
11790,f8b8b8ee49205def,True,1.0,1.0,0.934371768014053,1.0,1.0,1.0,0.9726549033391887,1
11791,f8bec974b86952e9,True,1.0,1.0,1.0,1.0,1.0,1.0,1.0,1
11792,f8c4bf250c1c512c,True,1.0,1.0,0.9536808047849835,1.0,1.0,1.0,0.9807003353270765,1
11793,f8d3738f77c05163,True,1.0,1.0,0.8944408275926918,1.0,1.0,1.0,0.956017011496955,1
11794,f8de050af1de5ced,True,1.0,1.0,1.0,1.0,1.0,1.0,1.0,1
11795,f8ded55c8f855116,True,1.0,1.0,0.8573705004579895,1.0,1.0,1.0,0.9405710418574955,1
11796,f8e036dd79a954d6,True,1.0,1.0,1.0,1.0,1.0,1.0,1.0,1
11797,f8e2454674f75e0f,True,1.0,1.0,1.0,1.0,1.0,1.0,1.0,1
11798,f8ec4186e4f15c8f,True,1.0,1.0,1.0,1.0,1.0,1.0,1.0,1
11799,f8f02729d1ee5c16,True,1.0,1.0,1.0,1.0,1.0,1.0,1.0,1
11800,f8f1d3aa1a30553d,True,1.0,1.0,0.7198384879593801,1.0,1.0,1.0,0.8832660366497418,1
11801,f8f7f1ebe2fc5bda,True,1.0,1.0,1.0,1.0,1.0,1.0,1.0,1
11802,f8fd766eb013577f,True,1.0,1.0,0.9593900802200832,1.0,1.0,0.5,0.9830792000917014,1
11803,f91647b196dd5180,True,1.0,1.0,0.9301624452596393,1.0,1.0,1.0,0.970901018858183,1
11804,f91b769af7815ea5,True,1.0,1.0,0.8626997213579188,1.0,1.0,1.0,0.9427915505657994,1
11805,f91ece9be7be56f6,True,1.0,1.0,0.752836752324327,1.0,1.0,1.0,0.8970153134684695,1
11806,f92ecd09fdf45404,True,1.0,1.0,0.8790014194509984,1.0,1.0,1.0,0.9495839247712494,1
11807,f9349f5d723b5421,True,1.0,1.0,1.0,1.0,1.0,1.0,1.0,1
11808,f93751942d4e5c48,True,1.0,1.0,1.0,1.0,1.0,1.0,1.0,1
11809,f938c73be4165c7f,True,1.0,1.0,0.8185862389348028,1.0,1.0,1.0,0.9244109328895012,1
11810,f93a7b7a8fe95c6f,True,1.0,1.0,1.0,1.0,1.0,1.0,1.0,1
11811,f93bfd9479fd52ee,True,1.0,1.0,0.8238519172057929,1.0,1.0,1.0,0.9266049655024137,1
11812,f93c0db62e075508,True,1.0,1.0,0.7991827609111278,1.0,1.0,1.0,0.9163261503796366,1
11813,f94a9ce36b8e5516,True,1.0,1.0,1.0,1.0,1.0,1.0,1.0,1
11814,f94d84bd174d59ce,True,1.0,1.0,1.0,1.0,1.0,1.0,1.0,1
11815,f9505a84a7745537,True,1.0,1.0,0.766838123874028,1.0,1.0,1.0,0.9028492182808451,1
11816,f952ad55ab565465,True,1.0,1.0,0.8567261365901876,1.0,1.0,1.0,0.9403025569125782,1
11817,f9532e6ad0b05fbb,True,1.0,1.0,0.8928468282338696,1.0,1.0,1.0,0.9553528450974458,1
11818,f958234391c05be3,True,1.0,1.0,1.0,0.0,1.0,1.0,0.5833333333333334,1
11819,f9592039b6aa5165,True,1.0,1.0,0.7704211428968872,1.0,1.0,1.0,0.904342142873703,1
11820,f962927ff5dc518c,True,1.0,1.0,0.7889655352473728,1.0,1.0,1.0,0.9120689730197387,1
11821,f964ec80acf557bd,True,1.0,1.0,0.8040676162634406,1.0,1.0,1.0,0.9183615067764336,1
11822,f969cc5d3bc95470,True,1.0,1.0,0.8794654429156185,1.0,1.0,1.0,0.9497772678815076,1
11823,f9720f622fd4511b,True,1.0,1.0,0.8234252141317677,1.0,1.0,1.0,0.9264271725549031,1
11824,f976da772a435bd5,True,1.0,1.0,1.0,1.0,1.0,1.0,1.0,1
11825,f980b34746d45868,True,1.0,1.0,1.0,1.0,1.0,1.0,1.0,1
11826,f985ec5a35285901,True,1.0,1.0,0.8306924875744641,1.0,1.0,1.0,0.9294552031560267,1
11827,f98bff8bb0675d96,True,1.0,1.0,0.9850633197017828,1.0,1.0,1.0,0.9937763832090761,1
11828,f994322c76145318,True,1.0,1.0,0.8068098435509302,1.0,1.0,1.0,0.9195041014795543,1
11829,f99992756cbb5adb,True,1.0,1.0,0.7865624473340637,1.0,1.0,1.0,0.9110676863891932,1
11830,f99a74d444e651d3,True,1.0,1.0,0.8569914487471177,1.0,1.0,1.0,0.9404131036446324,1
11831,f9a9b5ee707e501e,True,1.0,1.0,0.9010641195268209,1.0,1.0,1.0,0.9587767164695086,1
11832,f9b16eaee3b956a3,True,1.0,1.0,1.0,1.0,1.0,1.0,1.0,1
11833,f9b3a9c625905d77,True,1.0,1.0,1.0,1.0,1.0,1.0,1.0,1
11834,f9bce7199ad8555d,True,1.0,1.0,0.9046979523656034,1.0,1.0,1.0,0.9602908134856681,1
11835,f9bd532e790f53ea,True,1.0,1.0,1.0,1.0,1.0,1.0,1.0,1
11836,f9c0cc538bb457c8,True,1.0,1.0,0.9372405195528524,1.0,1.0,1.0,0.9738502164803551,1
11837,f9c41d66eb3c5d86,True,1.0,1.0,0.798694887318473,1.0,1.0,1.0,0.9161228697160304,1
11838,f9c6e1eadcf45c37,True,1.0,1.0,1.0,1.0,1.0,1.0,1.0,1
11839,f9c8ec6aefc05be4,True,1.0,1.0,0.6961325013331314,1.0,1.0,1.0,0.8733885422221381,1
11840,f9cfac7b9f30506d,True,1.0,1.0,0.8582177161394301,1.0,1.0,1.0,0.9409240483914291,1
11841,f9d772498ab656d6,True,1.0,1.0,1.0,1.0,1.0,1.0,1.0,1
11842,f9d9a2a2e2d25a8c,True,1.0,1.0,0.7984000384894688,1.0,1.0,1.0,0.9160000160372787,1
11843,f9de30ccbddd50dc,True,1.0,1.0,1.0,1.0,1.0,1.0,1.0,1
11844,f9df92352a5f53f2,True,1.0,1.0,1.0,1.0,1.0,1.0,1.0,1
11845,f9ed38d9ddfa531e,True,1.0,1.0,0.9893420269742885,1.0,1.0,1.0,0.9955591779059535,1
11846,f9f38dec4f2c58d7,True,1.0,1.0,0.8979311136191461,1.0,1.0,1.0,0.957471297341311,1
11847,f9f4354a1d12565d,True,1.0,1.0,0.962262029703066,1.0,1.0,1.0,0.9842758457096107,1
11848,f9f97f2e6d435822,True,1.0,1.0,0.6677550853206718,1.0,1.0,1.0,0.8615646188836132,1
11849,f9ff7b08b88e5365,True,1.0,1.0,1.0,1.0,1.0,0.0,1.0,1
11850,fa02f1587177551c,True,1.0,1.0,1.0,1.0,1.0,1.0,1.0,1
11851,fa0f2e54ad7259b0,True,1.0,1.0,0.9618879349208598,1.0,1.0,1.0,0.9841199728836916,1
11852,fa16987e17c25356,True,1.0,1.0,1.0,1.0,1.0,1.0,1.0,1
11853,fa16fc0f1e9851a3,True,1.0,1.0,0.8490099357372606,1.0,1.0,1.0,0.9370874732238587,1
11854,fa1a3ccade2e50bf,True,1.0,1.0,0.7527844354244838,1.0,1.0,1.0,0.8969935147602016,1
11855,fa1f681041595461,True,1.0,1.0,1.0,1.0,1.0,1.0,1.0,1
11856,fa23f65e1638570e,True,1.0,1.0,0.889468180104484,1.0,1.0,1.0,0.953945075043535,1
11857,fa39ec6686705dac,True,1.0,1.0,0.882860055348604,1.0,1.0,1.0,0.951191689728585,1
11858,fa3c2377e39c52e3,True,1.0,1.0,0.8996112430919404,1.0,1.0,1.0,0.9581713512883084,1
11859,fa40f1c24ced584f,True,1.0,1.0,1.0,1.0,1.0,1.0,1.0,1
11860,fa4e4826f5585647,True,1.0,1.0,0.9203741406965746,1.0,1.0,1.0,0.9668225586235728,1
11861,fa545b09688957b8,True,1.0,1.0,1.0,0.0,1.0,1.0,0.5833333333333334,1
11862,fa5edfd430ba550d,True,1.0,1.0,0.8792916514399837,0.0,1.0,1.0,0.5330381880999931,1
11863,fa6480e0a896514c,True,1.0,1.0,1.0,1.0,1.0,1.0,1.0,1
11864,fa70c2e191965353,True,1.0,1.0,0.9437345256495421,1.0,1.0,1.0,0.9765560523539758,1
11865,fa72fd5d5f285388,True,1.0,1.0,1.0,1.0,1.0,1.0,1.0,1
11866,fa7459e482c05911,True,1.0,1.0,0.8066391691798288,1.0,1.0,1.0,0.9194329871582619,1
11867,fa7555f0099f5c59,True,1.0,1.0,1.0,1.0,1.0,1.0,1.0,1
11868,fa7793ced9cc559e,True,1.0,1.0,1.0,1.0,1.0,1.0,1.0,1
11869,fa7f471f19aa5806,True,1.0,1.0,0.789150445398477,1.0,1.0,1.0,0.9121460189160321,1
11870,fa80f505766d50fa,True,1.0,1.0,1.0,1.0,1.0,1.0,1.0,1
11871,fa861c2b864254dc,True,1.0,1.0,0.7764868445074895,1.0,1.0,1.0,0.9068695185447874,1
11872,fa8627edacbd5ea0,True,1.0,1.0,1.0,1.0,1.0,1.0,1.0,1
11873,fa8c164985255698,True,1.0,1.0,0.9687270903869563,1.0,1.0,1.0,0.986969620994565,1
11874,fa919203c245502d,True,0.0,1.0,0.0,0.0,1.0,1.0,0.0,1
11875,fa937665dc4a5d08,True,1.0,1.0,1.0,1.0,1.0,1.0,1.0,1
11876,fa9a6007ed205fe7,True,1.0,1.0,0.9962581870642766,1.0,1.0,1.0,0.9984409112767819,1
11877,fa9e58947ab65890,True,1.0,1.0,0.9580774670691186,1.0,1.0,1.0,0.982532277945466,1
11878,faa12c2adc7c521f,True,1.0,1.0,0.7658458417702076,1.0,1.0,0.5,0.9024357674042532,1
11879,fab1993d5d4759da,True,1.0,1.0,0.9464915694927901,1.0,1.0,1.0,0.9777048206219959,1
11880,fab1fef0e2dc57cd,True,1.0,1.0,0.975762753338721,1.0,1.0,1.0,0.989901147224467,1
11881,fab7537b12d254bd,True,1.0,1.0,1.0,1.0,1.0,1.0,1.0,1
11882,fab7cc2db66f5e63,True,1.0,1.0,1.0,1.0,1.0,1.0,1.0,1
11883,faba362f85a95b6c,True,1.0,1.0,0.9466778705861773,1.0,1.0,1.0,0.9777824460775738,1
11884,fac35c75801751bd,True,1.0,1.0,0.6877102683795091,1.0,1.0,1.0,0.8698792784914621,1
11885,fac5b39e58445a31,True,1.0,1.0,1.0,1.0,1.0,1.0,1.0,1
11886,fac7dc214370509e,True,1.0,1.0,0.789077082981015,1.0,1.0,1.0,0.9121154512420896,1
11887,facbbc93a1925184,True,1.0,1.0,0.7621733473768993,1.0,1.0,1.0,0.9009055614070415,1
11888,facc11b0d1075018,True,1.0,1.0,0.9964052523417506,1.0,1.0,1.0,0.9985021884757295,1
11889,fad0701870e750a5,True,1.0,1.0,1.0,1.0,1.0,1.0,1.0,1
11890,fad5349c0f7c501a,True,1.0,1.0,0.7684734547778806,1.0,1.0,1.0,0.9035306061574503,1
11891,fae7a01d5d815f04,True,1.0,1.0,0.8625039824178743,1.0,1.0,1.0,0.9427099926741143,1
11892,fae990c38c515aa9,True,1.0,1.0,0.8754175064961099,0.0,1.0,1.0,0.5314239610400459,1
11893,faf6d9be89f0538c,True,1.0,1.0,1.0,1.0,1.0,1.0,1.0,1
11894,faf7e71648b65503,True,1.0,1.0,0.6424645333216136,1.0,1.0,1.0,0.8510268888840056,1
11895,faf80a4ecf8858fe,True,1.0,1.0,0.9554039877684706,1.0,1.0,1.0,0.9814183282368627,1
11896,fb00299d62585308,True,1.0,1.0,0.9408136459209685,1.0,1.0,1.0,0.9753390191337369,1
11897,fb0297e3fc9b573e,True,1.0,1.0,0.9194108627281878,1.0,1.0,1.0,0.9664211928034115,1
11898,fb0a26a28ec359ce,True,1.0,1.0,0.9843239331250565,1.0,1.0,1.0,0.9934683054687735,1
11899,fb188ed7e53552c5,True,1.0,1.0,1.0,1.0,1.0,1.0,1.0,1
11900,fb1c9ac223bf5bbe,True,1.0,1.0,1.0,1.0,1.0,1.0,1.0,1
11901,fb1d534ccf82583f,True,1.0,1.0,0.8755814674918587,0.0,1.0,0.0,0.5314922781216078,1
11902,fb21dbec77535015,True,1.0,1.0,0.8512606516483819,1.0,1.0,1.0,0.9380252715201592,1
11903,fb2289e9d46258f2,True,1.0,1.0,0.9490951324810574,1.0,1.0,1.0,0.9787896385337739,1
11904,fb2402a506065225,True,1.0,1.0,0.5468555283296737,1.0,1.0,1.0,0.8111898034706974,1
11905,fb259f736cd55252,True,1.0,1.0,0.8928746474173633,1.0,1.0,1.0,0.9553644364239015,1
11906,fb26a29303d1507e,True,1.0,1.0,0.8335504316281676,1.0,1.0,1.0,0.9306460131784031,1
11907,fb2a6578f15d5ff5,True,1.0,1.0,1.0,1.0,1.0,1.0,1.0,1
11908,fb2daf8a925a5ff2,True,1.0,1.0,0.8385110148610978,1.0,1.0,1.0,0.9327129228587907,1
11909,fb2ff1ed5e1b529f,True,1.0,1.0,1.0,1.0,1.0,0.5,1.0,1
11910,fb311858e737556d,True,1.0,0.0,0.0,1.0,1.0,0.0,0.0,1
11911,fb351801ac245053,True,1.0,1.0,0.9653628522508291,1.0,1.0,1.0,0.9855678551045122,1
11912,fb3e4b836ab758db,True,1.0,1.0,0.8841281838096308,1.0,1.0,1.0,0.9517200765873461,1
11913,fb3ec8fa431c5d83,True,1.0,1.0,1.0,1.0,1.0,1.0,1.0,1
11914,fb3eed693c845412,True,1.0,1.0,1.0,1.0,1.0,1.0,1.0,1
11915,fb42b4cbf6b95b6c,True,1.0,1.0,0.9591690246179583,1.0,1.0,1.0,0.9829870935908159,1
11916,fb43d35afc375bb2,True,1.0,1.0,0.823133485001309,1.0,1.0,1.0,0.9263056187505455,1
11917,fb44fa6567a65ad0,True,1.0,1.0,0.972611766618636,1.0,1.0,1.0,0.9885882360910984,1
11918,fb4908bfeaf75ab1,True,1.0,1.0,1.0,1.0,1.0,1.0,1.0,1
11919,fb4a03d7f9395b9a,True,1.0,1.0,1.0,1.0,1.0,1.0,1.0,1
11920,fb4ac387cd285171,True,1.0,1.0,1.0,1.0,1.0,1.0,1.0,1
11921,fb524406adde5e78,True,1.0,1.0,0.8686419092236687,1.0,1.0,1.0,0.9452674621765286,1
11922,fb5265ab37085422,True,1.0,1.0,0.9013228058848953,1.0,1.0,1.0,0.9588845024520397,1
11923,fb54b190735e579f,True,1.0,1.0,1.0,1.0,1.0,1.0,1.0,1
11924,fb62cea889d654ec,True,1.0,1.0,0.8472646359240305,1.0,1.0,1.0,0.936360264968346,1
11925,fb643a2514195bfa,True,1.0,1.0,1.0,0.0,1.0,1.0,0.5833333333333334,1
11926,fb6e02b5752e5754,True,0.0,1.0,0.0,0.0,1.0,1.0,0.0,1
11927,fb73ca8c7d5f5d34,True,1.0,1.0,1.0,1.0,1.0,1.0,1.0,1
11928,fb7d83b69f38539f,True,1.0,1.0,1.0,1.0,1.0,1.0,1.0,1
11929,fb8731e672c45a13,True,1.0,1.0,0.7314305254004554,1.0,1.0,1.0,0.8880960522501896,1
11930,fb8bef473d555fe3,True,1.0,1.0,0.8384268211469127,1.0,1.0,1.0,0.932677842144547,1
11931,fb8df4568d585efa,True,1.0,1.0,1.0,1.0,1.0,1.0,1.0,1
11932,fb8f21990ffb52d5,True,1.0,1.0,0.869934765399021,1.0,1.0,1.0,0.9458061522495921,1
11933,fb92846550d15dc1,True,1.0,1.0,1.0,1.0,1.0,1.0,1.0,1
11934,fba8aa5a1cb8583e,True,1.0,1.0,1.0,1.0,1.0,1.0,1.0,1
11935,fbb8f13bd26a5eee,True,1.0,1.0,0.7792728662469645,1.0,1.0,1.0,0.9080303609362352,1
11936,fbc91394092b5dbb,True,1.0,1.0,0.89688404710536,1.0,1.0,1.0,0.9570350196272334,1
11937,fbc9981c30745684,True,1.0,1.0,0.9469126879016085,1.0,1.0,1.0,0.9778802866256703,1
11938,fbd06f49da055ea8,True,1.0,1.0,0.9003530468335164,1.0,1.0,1.0,0.9584804361806318,1
11939,fbd963d6b7e750a6,True,1.0,1.0,0.8970852351922786,1.0,1.0,1.0,0.9571188479967828,1
11940,fbe0e54ef79254bb,True,1.0,1.0,0.47166560406783337,1.0,1.0,1.0,0.7798606683615973,1
11941,fbe5169b7fc85137,True,1.0,1.0,1.0,1.0,1.0,1.0,1.0,1
11942,fbe55fdc31135ad5,True,1.0,1.0,1.0,1.0,1.0,1.0,1.0,1
11943,fbe67126a4285628,True,1.0,1.0,0.9746974310710291,1.0,1.0,1.0,0.9894572629462622,1
11944,fbe786c417ca5245,True,1.0,1.0,1.0,1.0,1.0,1.0,1.0,1
11945,fbf241ca4b6758d8,True,1.0,1.0,1.0,1.0,1.0,1.0,1.0,1
11946,fbf2eaa61abb5a2f,True,1.0,1.0,0.963615262595838,1.0,1.0,1.0,0.9848396927482659,1
11947,fbf9670a3e82519c,True,1.0,1.0,1.0,1.0,1.0,1.0,1.0,1
11948,fc09376fd45c509a,True,1.0,1.0,0.9830096567460894,1.0,1.0,1.0,0.9929206903108705,1
11949,fc0a5277292352d9,True,1.0,1.0,1.0,1.0,1.0,1.0,1.0,1
11950,fc0a59dcf9d75219,True,1.0,1.0,0.7042639734818642,1.0,1.0,1.0,0.8767766556174434,1
11951,fc0a60a9d8245aea,True,1.0,1.0,0.7969870982228043,1.0,1.0,1.0,0.9154112909261686,1
11952,fc0acfe530ba5562,True,1.0,1.0,0.7749293907030556,1.0,1.0,1.0,0.9062205794596064,1
11953,fc0d0363cab85e22,True,1.0,1.0,0.7608722456881828,1.0,1.0,1.0,0.9003634357034095,1
11954,fc0d202904585a6a,True,1.0,1.0,0.6673283800056313,1.0,1.0,1.0,0.8613868250023464,1
11955,fc0fc7649a335d27,True,1.0,1.0,1.0,1.0,1.0,1.0,1.0,1
11956,fc14b78a566f5620,True,1.0,1.0,0.8417294479829373,1.0,1.0,1.0,0.9340539366595572,1
11957,fc1785d55b675c6c,True,1.0,1.0,0.7383418052715733,1.0,1.0,1.0,0.8909757521964888,1
11958,fc1800501fa157a7,True,1.0,1.0,0.8939074947475818,1.0,1.0,1.0,0.955794789478159,1
11959,fc1b6762387f5209,True,1.0,1.0,0.9942555545438511,1.0,1.0,1.0,0.9976064810599379,1
11960,fc2a5f9f60965ab9,True,1.0,1.0,1.0,1.0,1.0,1.0,1.0,1
11961,fc33d014431a5b1b,True,1.0,1.0,0.8200583004362164,1.0,1.0,1.0,0.9250242918484236,1
11962,fc39a399fd24554b,True,1.0,1.0,1.0,1.0,1.0,1.0,1.0,1
11963,fc450a5080d458e1,True,1.0,1.0,0.8313960946649597,1.0,1.0,1.0,0.9297483727770666,1
11964,fc4811f1f2745645,True,1.0,1.0,0.8255210933427534,1.0,1.0,1.0,0.9273004555594806,1
11965,fc48d9805c955217,True,1.0,1.0,1.0,1.0,1.0,1.0,1.0,1
11966,fc4982439fef5cb2,True,1.0,1.0,0.7655397303938534,1.0,1.0,1.0,0.902308220997439,1
11967,fc4bdb76d30553b0,True,1.0,1.0,1.0,1.0,1.0,1.0,1.0,1
11968,fc529b3abdc65998,True,1.0,1.0,1.0,1.0,1.0,1.0,1.0,1
11969,fc58a8b4d619577d,True,1.0,1.0,1.0,1.0,1.0,1.0,1.0,1
11970,fc5d32be7f785570,True,1.0,1.0,0.7994652031872748,1.0,1.0,1.0,0.9164438346613645,1
11971,fc6dc98b89a95817,True,1.0,1.0,0.8813645598101485,1.0,1.0,1.0,0.9505685665875618,1
11972,fc7b8441f81b5296,True,1.0,0.0,0.0,1.0,1.0,1.0,0.0,1
11973,fc844eb140035b27,True,1.0,1.0,1.0,1.0,1.0,1.0,1.0,1
11974,fc8a40e606a25836,True,1.0,1.0,0.7957340517594075,1.0,1.0,1.0,0.9148891882330865,1
11975,fc8de9b657805f00,True,1.0,1.0,0.8667410110340215,1.0,1.0,1.0,0.9444754212641756,1
11976,fc8f087133c55220,True,1.0,1.0,0.9448880975272819,1.0,1.0,1.0,0.977036707303034,1
11977,fc9b5914f47e58fe,True,1.0,1.0,0.775373701920941,1.0,1.0,1.0,0.9064057091337254,1
11978,fca1702dec8a50c6,True,1.0,1.0,1.0,1.0,1.0,1.0,1.0,1
11979,fcb157cfb7785486,True,1.0,1.0,0.8703514966324758,1.0,1.0,1.0,0.9459797902635315,1
11980,fcb205c7324051ae,True,1.0,1.0,1.0,1.0,1.0,1.0,1.0,1
11981,fcb45b2aa29356d9,True,1.0,1.0,1.0,1.0,1.0,1.0,1.0,1
11982,fcb4f430c99050b3,True,1.0,1.0,1.0,1.0,1.0,1.0,1.0,1
11983,fcb6bd60c8905c79,True,1.0,1.0,0.9610618647274389,1.0,1.0,1.0,0.9837757769697663,1
11984,fcbc81e3caa75186,True,1.0,1.0,0.8522362670188387,1.0,1.0,1.0,0.938431777924516,1
11985,fcbe2ed045225b79,True,1.0,1.0,0.8995148136281953,1.0,1.0,0.0,0.9581311723450815,1
11986,fccd90b794b15d6a,True,1.0,1.0,1.0,1.0,1.0,1.0,1.0,1
11987,fccef3d0f5cc5d8e,True,1.0,1.0,1.0,1.0,1.0,1.0,1.0,1
11988,fcdc1e7c917e5283,True,1.0,1.0,0.7233090511280814,1.0,1.0,1.0,0.8847121046367006,1
11989,fcdcb2e456bf5360,True,1.0,1.0,0.6271037898002659,1.0,1.0,1.0,0.8446265790834442,1
11990,fce43d129a9154a1,True,1.0,1.0,1.0,1.0,1.0,1.0,1.0,1
11991,fce6a1ea8fce5644,True,1.0,1.0,0.8363343154715849,1.0,1.0,1.0,0.931805964779827,1
11992,fce752b25ce55380,True,1.0,1.0,0.8664711349026024,1.0,1.0,1.0,0.9443629728760844,1
11993,fceded25dc595e06,True,1.0,1.0,0.9564783046870385,1.0,1.0,1.0,0.981865960286266,1
11994,fd001bff97c155b3,True,1.0,1.0,0.9831240718242262,1.0,1.0,1.0,0.9929683632600943,1
11995,fd02cd78f5b55d6f,True,1.0,1.0,0.858336531847447,1.0,1.0,1.0,0.9409735549364363,1
11996,fd11a0fc35cb52e4,True,1.0,1.0,1.0,1.0,1.0,1.0,1.0,1
11997,fd16b1d0d41352ee,True,1.0,1.0,0.9235840656520224,1.0,1.0,1.0,0.9681600273550094,1
11998,fd1e4ae4c102553c,True,1.0,1.0,1.0,1.0,1.0,1.0,1.0,1
11999,fd20892efbe35102,True,1.0,1.0,0.9089735527355581,1.0,1.0,1.0,0.9620723136398158,1
12000,fd2de60bf6745e9a,True,1.0,1.0,0.8674813627456859,1.0,1.0,1.0,0.9447839011440357,1
12001,fd30ed65f94d51b2,True,1.0,1.0,0.6093633163303053,1.0,1.0,1.0,0.8372347151376273,1
12002,fd30fae9e4f35fa8,True,1.0,1.0,0.7978266832437053,1.0,1.0,1.0,0.9157611180182106,1
12003,fd3606c29f3f57fb,True,1.0,1.0,0.866596084145757,1.0,1.0,1.0,0.944415035060732,1
12004,fd38927a12a152fa,True,1.0,1.0,0.8612794565038159,1.0,1.0,1.0,0.9421997735432566,1
12005,fd391501d37752ba,True,1.0,1.0,1.0,1.0,1.0,0.0,1.0,1
12006,fd3b8f88745c5c2d,True,1.0,1.0,1.0,1.0,1.0,1.0,1.0,1
12007,fd4b31afd0915f92,True,1.0,1.0,0.7632793515098051,1.0,1.0,1.0,0.9013663964624188,1
12008,fd4c64e354f953bd,True,1.0,1.0,0.9282176532284007,1.0,1.0,1.0,0.9700906888451669,1
12009,fd513762a5ea5dd4,True,1.0,1.0,1.0,1.0,1.0,1.0,1.0,1
12010,fd525d3c25b15c97,True,1.0,1.0,0.8193737084640234,1.0,1.0,1.0,0.924739045193343,1
12011,fd63045289ac5df7,True,1.0,1.0,1.0,1.0,1.0,1.0,1.0,1
12012,fd676fd01e475e33,True,1.0,1.0,1.0,1.0,1.0,1.0,1.0,1
12013,fd6c8bf8f80f5f53,True,1.0,1.0,1.0,1.0,1.0,1.0,1.0,1
12014,fd75eff84fb15543,True,1.0,1.0,1.0,1.0,1.0,1.0,1.0,1
12015,fd765c984c93597f,True,0.0,1.0,0.0,0.0,1.0,1.0,0.0,1
12016,fd78b0de42045de7,True,1.0,1.0,1.0,1.0,1.0,1.0,1.0,1
12017,fd7c51a15e5b54a6,True,1.0,1.0,0.6679968802685666,1.0,1.0,1.0,0.8616653667785693,1
12018,fd8299e81b435b94,True,1.0,1.0,0.822061594317089,1.0,1.0,1.0,0.9258589976321204,1
12019,fd87474daeb05e69,True,1.0,1.0,1.0,1.0,1.0,1.0,1.0,1
12020,fd8949d5e40a54ea,True,1.0,1.0,0.8663005288114333,1.0,1.0,1.0,0.944291887004764,1
12021,fd89a82cf20e5632,True,1.0,1.0,0.7858634729068965,1.0,1.0,1.0,0.9107764470445403,1
12022,fd8d10736c675232,True,1.0,1.0,0.9727449233315917,1.0,1.0,1.0,0.9886437180548299,1
12023,fd99b81c7f2b5ed7,True,1.0,1.0,1.0,1.0,1.0,1.0,1.0,1
12024,fd9ae566c34f5acd,True,1.0,1.0,1.0,1.0,1.0,1.0,1.0,1
12025,fd9b227cec3d5c3f,True,1.0,1.0,0.8397497556253407,1.0,1.0,1.0,0.9332290648438919,1
12026,fd9b66480e895706,True,1.0,1.0,0.8467707596217683,1.0,1.0,1.0,0.9361544831757368,1
12027,fd9dc4abc0d357a1,True,1.0,1.0,1.0,1.0,1.0,1.0,1.0,1
12028,fd9dc6fb2e145ef4,True,1.0,1.0,1.0,1.0,1.0,1.0,1.0,1
12029,fda0145d54065b7c,True,1.0,1.0,1.0,1.0,1.0,1.0,1.0,1
12030,fda70850d06c51a1,True,1.0,1.0,1.0,1.0,1.0,1.0,1.0,1
12031,fda9b858e7e4588f,True,1.0,1.0,1.0,1.0,1.0,1.0,1.0,1
12032,fdaf1d60259d5466,True,1.0,1.0,0.9470292029119927,1.0,1.0,1.0,0.9779288345466636,1
12033,fdb658e4941855a3,True,1.0,1.0,1.0,1.0,1.0,1.0,1.0,1
12034,fdba4d15c05554e1,True,1.0,1.0,0.9465446825439892,1.0,1.0,1.0,0.9777269510599954,1
12035,fdc126183c355692,True,1.0,1.0,1.0,1.0,1.0,1.0,1.0,1
12036,fdc43c8424a256ce,True,1.0,1.0,0.7301542737092225,1.0,1.0,1.0,0.8875642807121761,1
12037,fdcbf84507845615,True,1.0,0.0,0.0,0.0,1.0,1.0,0.0,1
12038,fdd02b27e20c515e,True,1.0,1.0,0.9433120891499032,1.0,1.0,1.0,0.9763800371457929,1
12039,fdd599e861875d9f,True,1.0,1.0,0.8822622839607456,1.0,1.0,1.0,0.9509426183169772,1
12040,fdd71ab4630a5fb8,True,1.0,1.0,0.9293952214287059,1.0,1.0,1.0,0.9705813422619608,1
12041,fddb0bdd1d7f53e0,True,1.0,1.0,0.7329343827764444,1.0,1.0,1.0,0.8887226594901851,1
12042,fdde37fbe3d35bef,True,1.0,1.0,0.8652535781718081,1.0,1.0,1.0,0.9438556575715866,1
12043,fde2ed45bca05510,True,1.0,1.0,0.8616295665631384,1.0,1.0,1.0,0.942345652734641,1
12044,fde793c65573590a,True,1.0,1.0,0.7926462275449735,1.0,1.0,1.0,0.9136025948104057,1
12045,fde7abb615895be2,True,1.0,1.0,0.652712277746918,1.0,1.0,1.0,0.8552967823945492,1
12046,fdee882945885aa7,True,1.0,1.0,0.6565436839639499,1.0,1.0,1.0,0.8568932016516458,1
12047,fdf7643412e85c31,True,1.0,1.0,0.9633198041694249,1.0,1.0,1.0,0.9847165850705938,1
12048,fdfad1317cd75455,True,1.0,1.0,1.0,1.0,1.0,1.0,1.0,1
12049,fe068f6ae8135412,True,1.0,1.0,0.9229194563820933,1.0,1.0,1.0,0.9678831068258722,1
12050,fe0a33d7599a59b3,True,1.0,1.0,0.9036680853173038,1.0,1.0,1.0,0.9598617022155432,1
12051,fe0a6bd36c395735,True,1.0,1.0,0.7115069664224593,1.0,1.0,1.0,0.8797945693426913,1
12052,fe0c83d70ca456ae,True,1.0,1.0,0.8871156943053908,1.0,1.0,1.0,0.9529648726272462,1
12053,fe132c4b31ff5fc7,True,1.0,1.0,0.9844180392215327,1.0,1.0,1.0,0.9935075163423054,1
12054,fe2270288c1d5628,True,1.0,1.0,1.0,1.0,1.0,1.0,1.0,1
12055,fe22e2c812e65096,True,1.0,1.0,0.5372921320025223,1.0,1.0,1.0,0.807205055001051,1
12056,fe37acae391d507c,True,1.0,1.0,1.0,1.0,1.0,1.0,1.0,1
12057,fe3a1294722e5e1e,True,1.0,1.0,1.0,1.0,1.0,1.0,1.0,1
12058,fe41706ad44652b0,True,1.0,1.0,0.7614092394125389,1.0,1.0,1.0,0.9005871830885579,1
12059,fe4459e9f02052d3,True,1.0,1.0,0.93609133834355,1.0,1.0,0.0,0.9733713909764793,1
12060,fe469d42385259e2,True,1.0,1.0,0.9181350487682196,1.0,1.0,1.0,0.9658896036534248,1
12061,fe4b2cf4e9ad5b37,True,1.0,1.0,0.9135251188807432,1.0,1.0,1.0,0.9639687995336429,1
12062,fe4bac0ae9bc5639,True,1.0,1.0,0.5956725570160409,1.0,1.0,1.0,0.831530232090017,1
12063,fe4e5fdf88195cfa,True,1.0,1.0,0.9729528325105548,1.0,1.0,1.0,0.9887303468793979,1
12064,fe520672ef8f5770,True,1.0,1.0,0.8993045201546647,1.0,1.0,1.0,0.9580435500644436,1
12065,fe5247f772d15ec0,True,1.0,1.0,0.9186163170627274,1.0,1.0,1.0,0.9660901321094698,1
12066,fe55e4c568a753a9,True,1.0,1.0,1.0,1.0,1.0,1.0,1.0,1
12067,fe5bd33f199d5a64,True,1.0,1.0,0.8066057204979628,1.0,1.0,1.0,0.9194190502074845,1
12068,fe6105aa925d5621,True,1.0,1.0,1.0,1.0,1.0,0.0,1.0,1
12069,fe61cae0e4ae5f1a,True,1.0,1.0,1.0,1.0,1.0,1.0,1.0,1
12070,fe6db2d0c7025b8a,True,1.0,1.0,1.0,1.0,1.0,1.0,1.0,1
12071,fe703fbf263151f2,True,1.0,1.0,1.0,1.0,1.0,1.0,1.0,1
12072,fe71d216396c5ab3,True,1.0,1.0,1.0,1.0,1.0,1.0,1.0,1
12073,fe746b45992f5a69,True,1.0,1.0,1.0,1.0,1.0,0.0,1.0,1
12074,fe74f3d6f5ea5283,True,1.0,1.0,0.8236851770896239,1.0,1.0,1.0,0.9265354904540098,1
12075,fe789ce80d4f5b2e,True,1.0,1.0,0.9711948077842262,1.0,1.0,1.0,0.9879978365767609,1
12076,fe800ded24045b44,True,1.0,1.0,1.0,1.0,1.0,1.0,1.0,1
12077,fe810492129f57a8,True,1.0,1.0,0.5969976772417257,1.0,1.0,1.0,0.8320823655173858,1
12078,fe8eddd5ec8654cd,True,1.0,1.0,0.8422077222518353,1.0,1.0,1.0,0.9342532176049314,1
12079,fe8efa6c8dc4573e,True,1.0,1.0,0.8632515902713115,1.0,1.0,1.0,0.9430214959463799,1
12080,fe94da01811e53fc,True,1.0,1.0,1.0,1.0,1.0,1.0,1.0,1
12081,fe9a137303a9521c,True,1.0,0.0,0.0,1.0,1.0,1.0,0.0,1
12082,fe9ad4d0e8d355e2,True,1.0,1.0,1.0,1.0,1.0,1.0,1.0,1
12083,fe9e76e6cac35fba,True,0.0,1.0,0.0,0.0,1.0,1.0,0.0,1
12084,feb4ce395d4d54fb,True,1.0,1.0,0.8518576948326794,1.0,1.0,1.0,0.9382740395136165,1
12085,feb7748995f55bdd,True,1.0,1.0,1.0,1.0,1.0,1.0,1.0,1
12086,feb90d2112ec57cf,True,1.0,1.0,0.8813158164179775,1.0,1.0,1.0,0.950548256840824,1
12087,fec2bf4f1842590c,True,1.0,1.0,0.7092245251064823,1.0,1.0,1.0,0.878843552127701,1
12088,fec541917e3f5029,True,1.0,1.0,0.7554537111383001,1.0,1.0,1.0,0.8981057129742916,1
12089,fec68cb4b42a5b30,True,1.0,1.0,0.8435058006515137,1.0,1.0,1.0,0.9347940836047973,1
12090,fedeb108feed57c0,True,1.0,1.0,0.772957378403804,1.0,1.0,1.0,0.9053989076682516,1
12091,fee60d4bd08f550a,True,1.0,1.0,1.0,1.0,1.0,1.0,1.0,1
12092,fefad5f7d3405512,True,1.0,1.0,0.9718189877740363,1.0,1.0,1.0,0.9882579115725152,1
12093,fefc295622155532,True,1.0,1.0,0.9895171699313317,0.0,1.0,1.0,0.5789654874713882,1
12094,fefe6361de855419,True,1.0,1.0,0.9844002385040336,1.0,1.0,1.0,0.9935000993766806,1
12095,feff00cef4985d6b,True,1.0,1.0,0.9086624558583313,1.0,1.0,1.0,0.9619426899409714,1
12096,feff7ece85635a65,True,1.0,1.0,0.9737549127265086,1.0,1.0,1.0,0.9890645469693786,1
12097,ff0ad146b37756e3,True,1.0,0.0,0.0,1.0,1.0,1.0,0.0,1
12098,ff1044970b525386,True,1.0,1.0,1.0,1.0,1.0,1.0,1.0,1
12099,ff137d1eea555686,True,1.0,1.0,0.7991182249768984,1.0,1.0,1.0,0.9162992604070409,1
12100,ff14af5a86c55674,True,1.0,1.0,0.9237493170430048,1.0,1.0,1.0,0.968228882101252,1
12101,ff1a305b2c1752af,True,1.0,1.0,0.8902602654065626,1.0,1.0,1.0,0.9542751105860677,1
12102,ff1a4e51e3f558ce,True,1.0,1.0,1.0,1.0,1.0,1.0,1.0,1
12103,ff32fea658445802,True,1.0,1.0,0.8920683640899814,1.0,1.0,1.0,0.9550284850374923,1
12104,ff412420037b524a,True,1.0,1.0,1.0,0.0,1.0,1.0,0.5833333333333334,1
12105,ff4125f507e35f9b,True,1.0,1.0,0.784809881763447,1.0,1.0,1.0,0.9103374507347697,1
12106,ff44394af7265df3,True,1.0,0.0,0.0,1.0,1.0,1.0,0.0,1
12107,ff4dceb630df54fa,True,1.0,1.0,0.8985545073690359,1.0,1.0,1.0,0.9577310447370984,1
12108,ff4f691f82915561,True,1.0,1.0,0.8464166293761476,1.0,1.0,1.0,0.9360069289067282,1
12109,ff5c0e17d20351ca,True,1.0,1.0,0.6671893966765594,1.0,1.0,1.0,0.8613289152818998,1
12110,ff5e13b14d735e52,True,1.0,1.0,1.0,1.0,1.0,1.0,1.0,1
12111,ff60af032dbd5caa,True,1.0,1.0,0.5755380579063938,1.0,1.0,1.0,0.8231408574609974,1
12112,ff60c00aba8b554e,True,1.0,1.0,0.8063875615239463,1.0,1.0,1.0,0.9193281506349775,1
12113,ff66468144595101,True,1.0,1.0,1.0,1.0,1.0,1.0,1.0,1
12114,ff6f020133855f6a,True,1.0,1.0,0.965137476602035,1.0,1.0,0.5,0.9854739485841812,1
12115,ff76d319bd9558f9,True,1.0,1.0,1.0,1.0,1.0,1.0,1.0,1
12116,ff7bf9054f4a5a4a,True,1.0,1.0,0.9774388908821805,1.0,1.0,1.0,0.9905995378675753,1
12117,ff83944cb2845479,True,1.0,1.0,1.0,1.0,1.0,1.0,1.0,1
12118,ff86cfb959e1545e,True,1.0,1.0,0.9728389360312522,1.0,1.0,0.0,0.9886828900130217,1
12119,ff89c9bf77dc58ce,True,1.0,1.0,1.0,1.0,1.0,1.0,1.0,1
12120,ff8fade989aa5bb8,True,1.0,1.0,0.7957502749835761,1.0,1.0,1.0,0.9148959479098234,1
12121,ff9058bacb845910,True,1.0,1.0,1.0,1.0,1.0,1.0,1.0,1
12122,ff91d9e01e4259b1,True,1.0,1.0,0.805593204929629,1.0,1.0,1.0,0.9189971687206787,1
12123,ff94ab2c81a25745,True,1.0,1.0,0.7257029759733716,1.0,1.0,1.0,0.8857095733222381,1
12124,ff9d7c14934b541e,True,1.0,1.0,0.7931646607181297,1.0,1.0,1.0,0.9138186086325542,1
12125,ffac18af5cea540a,True,1.0,1.0,0.5063064810273433,1.0,1.0,1.0,0.7942943670947263,1
12126,ffb2d865d42e57c0,True,1.0,1.0,1.0,1.0,1.0,1.0,1.0,1
12127,ffb89fa44ab351b9,True,1.0,1.0,0.7853719643197861,1.0,1.0,1.0,0.910571651799911,1
12128,ffb972d89b065422,True,1.0,1.0,1.0,1.0,1.0,1.0,1.0,1
12129,ffbe4e0250f45a3a,True,1.0,1.0,0.8018397289081332,1.0,1.0,1.0,0.9174332203783888,1
12130,ffcbea07e13e540d,True,1.0,1.0,1.0,0.0,1.0,1.0,0.5833333333333334,1
12131,ffcbf5f098625d83,True,1.0,1.0,0.6003071806125959,1.0,1.0,1.0,0.8334613252552483,1
12132,ffcc0535b4fa5628,True,1.0,1.0,0.6935924954711576,1.0,1.0,1.0,0.8723302064463158,1
12133,ffd429cac51751d9,True,1.0,1.0,1.0,1.0,1.0,1.0,1.0,1
12134,ffd68c5733d35ebc,True,1.0,1.0,0.8629074524302174,1.0,1.0,1.0,0.9428781051792573,1
12135,ffde3cc525b75021,True,1.0,1.0,1.0,1.0,1.0,1.0,1.0,1
12136,ffe848c5ab4e5b30,True,1.0,1.0,0.817398705526067,1.0,1.0,1.0,0.9239161273025278,1
12137,ffe87d190cd358c8,True,1.0,1.0,1.0,1.0,1.0,1.0,1.0,1
12138,ffe92084016a5795,True,1.0,1.0,0.4685236795351879,1.0,1.0,1.0,0.7785515331396616,1
12139,ffed00245f3f5d00,True,0.0,1.0,0.0,0.0,1.0,1.0,0.0,1
12140,ffef12d9476e557b,True,1.0,1.0,0.9025634665090043,1.0,1.0,1.0,0.9594014443787519,1
12141,fff1abbe76e55819,True,1.0,1.0,0.8323562854616766,1.0,1.0,1.0,0.9301484522756986,1
12142,fff690c93ca15495,True,1.0,1.0,0.7741638598632453,1.0,1.0,1.0,0.9059016082763521,1
12143,fff973197a795e6a,True,1.0,1.0,0.8472261321154828,1.0,1.0,1.0,0.9363442217147845,1
12144,fffbe416ae85553b,True,1.0,1.0,0.9138387204439257,1.0,1.0,1.0,0.9640994668516356,1
12145,fffe18f189075204,True,1.0,1.0,0.8920195740216196,1.0,1.0,1.0,0.9550081558423414,1
12146,average,True,0.9771118063560019,0.9739008727152972,0.855202626584794,0.9449201383171415,1.0,0.974312530874362,0.8988522836509949,0
