[2026-06-04 22:28:08,884 I 512 512] (gcs_server) gcs_server_main.cc:89: Ray cluster metadata ray_version=2.51.2 ray_commit=9ac1e61c02269dd77174150f0285f144c541b221
[2026-06-04 22:28:08,885 I 512 512] (gcs_server) io_service_pool.cc:37: IOServicePool is running with 1 io_service.
[2026-06-04 22:28:08,891 I 512 512] (gcs_server) event.cc:499: Ray Event initialized for GCS
[2026-06-04 22:28:08,891 I 512 512] (gcs_server) event.cc:499: Ray Event initialized for EXPORT_NODE
[2026-06-04 22:28:08,891 I 512 512] (gcs_server) event.cc:499: Ray Event initialized for EXPORT_ACTOR
[2026-06-04 22:28:08,891 I 512 512] (gcs_server) event.cc:499: Ray Event initialized for EXPORT_DRIVER_JOB
[2026-06-04 22:28:08,891 I 512 512] (gcs_server) event.cc:332: Set ray event level to warning
[2026-06-04 22:28:08,898 I 512 512] (gcs_server) event_aggregator_client.h:50: Initiating the local event aggregator client with port: 64614
[2026-06-04 22:28:08,898 I 512 512] (gcs_server) gcs_server.cc:149: GCS storage type is StorageType::IN_MEMORY
[2026-06-04 22:28:08,899 I 512 512] (gcs_server) gcs_init_data.cc:46: Loading job table data.
[2026-06-04 22:28:08,899 I 512 512] (gcs_server) gcs_init_data.cc:56: Loading node table data.
[2026-06-04 22:28:08,899 I 512 512] (gcs_server) gcs_init_data.cc:76: Loading actor table data.
[2026-06-04 22:28:08,899 I 512 512] (gcs_server) gcs_init_data.cc:87: Loading actor task spec table data.
[2026-06-04 22:28:08,899 I 512 512] (gcs_server) gcs_init_data.cc:66: Loading placement group table data.
[2026-06-04 22:28:08,899 I 512 512] (gcs_server) gcs_init_data.cc:50: Finished loading job table data, size = 0
[2026-06-04 22:28:08,899 I 512 512] (gcs_server) gcs_init_data.cc:60: Finished loading node table data, size = 0
[2026-06-04 22:28:08,899 I 512 512] (gcs_server) gcs_init_data.cc:81: Finished loading actor table data, size = 0
[2026-06-04 22:28:08,899 I 512 512] (gcs_server) gcs_init_data.cc:91: Finished loading actor task spec table data, size = 0
[2026-06-04 22:28:08,899 I 512 512] (gcs_server) gcs_init_data.cc:70: Finished loading placement group table data, size = 0
[2026-06-04 22:28:08,899 I 512 512] (gcs_server) gcs_server.cc:240: Generated new cluster ID. cluster_id=892bf32569bbf8ad6f6b730225761a8ceb3acb325e8b88ec32f84d06
[2026-06-04 22:28:08,900 I 512 512] (gcs_server) gcs_server.cc:749: Autoscaler V2 enabled: 0
[2026-06-04 22:28:08,900 I 512 512] (gcs_server) metrics_agent_client.cc:42: Initializing exporter ...
[2026-06-04 22:28:08,902 I 512 512] (gcs_server) grpc_server.cc:142: GcsServer server started, listening on port 48483.
[2026-06-04 22:28:10,422 I 512 512] (gcs_server) gcs_server.cc:922: Gcs Debug state:

GcsNodeManager: 
- RegisterNode request count: 0
- DrainNode request count: 0
- GetAllNodeInfo request count: 0

GcsActorManager: 
- RegisterActor request count: 0
- CreateActor request count: 0
- GetActorInfo request count: 0
- GetNamedActorInfo request count: 0
- GetAllActorInfo request count: 0
- KillActor request count: 0
- ListNamedActors request count: 0
- Registered actors count: 0
- Destroyed actors count: 0
- Named actors count: 0
- Unresolved actors count: 0
- Pending actors count: 0
- Created actors count: 0
- owners_: 0
- actor_to_register_callbacks_: 0
- actor_to_restart_for_lineage_reconstruction_callbacks_: 0
- actor_to_create_callbacks_: 0
- sorted_destroyed_actor_list_: 0

GcsResourceManager: 
- GetAllAvailableResources request count: 0
- GetAllTotalResources request count: 0
- GetAllResourceUsage request count: 0

GcsPlacementGroupManager: 
- CreatePlacementGroup request count: 0
- RemovePlacementGroup request count: 0
- GetPlacementGroup request count: 0
- GetAllPlacementGroup request count: 0
- WaitPlacementGroupUntilReady request count: 0
- GetNamedPlacementGroup request count: 0
- Scheduling pending placement group count: 0
- Registered placement groups count: 0
- Named placement group count: 0
- Pending placement groups count: 0
- Infeasible placement groups count: 0

Publisher:

[runtime env manager] ID to URIs table:
[runtime env manager] URIs reference table:

GcsTaskManager: 
-Total num task events reported: 0
-Total num status task events dropped: 0
-Total num profile events dropped: 0
-Current num of task events stored: 0
-Total num of actor creation tasks: 0
-Total num of actor tasks: 0
-Total num of normal tasks: 0
-Total num of driver tasks: 0

GcsAutoscalerStateManager: 
- last_seen_autoscaler_state_version_: 0
- last_cluster_resource_state_version_: 0
- pending demands:



[2026-06-04 22:28:10,422 I 512 512] (gcs_server) gcs_server.cc:936: Main service Event stats:


Global stats: 32 total (13 active)
Queueing time: mean = 190.72ms, max = 1522.53ms, min = 0.00ms, total = 6103.05ms
Execution time:  mean = 95.17ms, total = 3045.33ms
Event stats:
	GcsInMemoryStore.Put - 9 total (6 active), Execution time: mean = 168.93ms, total = 1520.40ms, Queueing time: mean = 169.10ms, max = 1521.87ms, min = 0.01ms, total = 1521.93ms
	PeriodicalRunner.RunFnPeriodically - 5 total (2 active, 1 running), Execution time: mean = 0.05ms, total = 0.26ms, Queueing time: mean = 609.43ms, max = 1522.53ms, min = 2.26ms, total = 3047.16ms
	GcsInMemoryStore.GetAll - 5 total (0 active), Execution time: mean = 0.01ms, total = 0.04ms, Queueing time: mean = 0.07ms, max = 0.07ms, min = 0.06ms, total = 0.33ms
	event_loop_lag_probe - 2 total (0 active), Execution time: mean = 0.01ms, total = 0.01ms, Queueing time: mean = 7.17ms, max = 14.25ms, min = 0.09ms, total = 14.34ms
	GcsServer.GetOrGenerateClusterId.continuation - 1 total (0 active), Execution time: mean = 1520.34ms, total = 1520.34ms, Queueing time: mean = 0.00ms, max = 0.00ms, min = 0.00ms, total = 0.00ms
	GCSServer.deadline_timer.metrics_report - 1 total (1 active), Execution time: mean = 0.00ms, total = 0.00ms, Queueing time: mean = 0.00ms, max = -0.00ms, min = 9223372036854.78ms, total = 0.00ms
	MetricsAgentClient.WaitForServerReadyWithRetry - 1 total (1 active), Execution time: mean = 0.00ms, total = 0.00ms, Queueing time: mean = 0.00ms, max = -0.00ms, min = 9223372036854.78ms, total = 0.00ms
	RayletLoadPulled - 1 total (1 active), Execution time: mean = 0.00ms, total = 0.00ms, Queueing time: mean = 0.00ms, max = -0.00ms, min = 9223372036854.78ms, total = 0.00ms
	ReporterService.grpc_client.HealthCheck.OnReplyReceived - 1 total (0 active), Execution time: mean = 0.08ms, total = 0.08ms, Queueing time: mean = 1517.54ms, max = 1517.54ms, min = 1517.54ms, total = 1517.54ms
	NodeInfoGcsService.grpc_server.GetClusterId.HandleRequestImpl - 1 total (0 active), Execution time: mean = 2.10ms, total = 2.10ms, Queueing time: mean = 1.73ms, max = 1.73ms, min = 1.73ms, total = 1.73ms
	NodeInfoGcsService.grpc_server.GetClusterId - 1 total (1 active), Execution time: mean = 0.00ms, total = 0.00ms, Queueing time: mean = 0.00ms, max = -0.00ms, min = 9223372036854.78ms, total = 0.00ms
	ReporterService.grpc_client.HealthCheck - 1 total (0 active), Execution time: mean = 2.08ms, total = 2.08ms, Queueing time: mean = 0.00ms, max = -0.00ms, min = 9223372036854.78ms, total = 0.00ms
	GcsInMemoryStore.Get - 1 total (0 active), Execution time: mean = 0.01ms, total = 0.01ms, Queueing time: mean = 0.02ms, max = 0.02ms, min = 0.02ms, total = 0.02ms
	GcsInitData::AsyncLoad - 1 total (0 active), Execution time: mean = 0.01ms, total = 0.01ms, Queueing time: mean = 0.00ms, max = 0.00ms, min = 0.00ms, total = 0.00ms
	ClusterResourceManager.ResetRemoteNodeView - 1 total (1 active), Execution time: mean = 0.00ms, total = 0.00ms, Queueing time: mean = 0.00ms, max = -0.00ms, min = 9223372036854.78ms, total = 0.00ms


[2026-06-04 22:28:10,422 I 512 512] (gcs_server) gcs_server.cc:940: task_io_context Event stats:


Global stats: 4 total (1 active)
Queueing time: mean = 0.14ms, max = 0.50ms, min = 0.02ms, total = 0.57ms
Execution time:  mean = 0.11ms, total = 0.45ms
Event stats:
	event_loop_lag_probe - 2 total (0 active), Execution time: mean = 0.22ms, total = 0.44ms, Queueing time: mean = 0.27ms, max = 0.50ms, min = 0.05ms, total = 0.55ms
	GcsTaskManager.GcJobSummary - 1 total (1 active), Execution time: mean = 0.00ms, total = 0.00ms, Queueing time: mean = 0.00ms, max = -0.00ms, min = 9223372036854.78ms, total = 0.00ms
	PeriodicalRunner.RunFnPeriodically - 1 total (0 active), Execution time: mean = 0.02ms, total = 0.02ms, Queueing time: mean = 0.02ms, max = 0.02ms, min = 0.02ms, total = 0.02ms


[2026-06-04 22:28:10,422 I 512 512] (gcs_server) gcs_server.cc:940: pubsub_io_context Event stats:


Global stats: 4 total (1 active)
Queueing time: mean = 5.67ms, max = 15.11ms, min = 0.11ms, total = 22.66ms
Execution time:  mean = 0.06ms, total = 0.22ms
Event stats:
	event_loop_lag_probe - 2 total (0 active), Execution time: mean = 0.08ms, total = 0.16ms, Queueing time: mean = 7.61ms, max = 15.11ms, min = 0.11ms, total = 15.22ms
	PeriodicalRunner.RunFnPeriodically - 1 total (0 active), Execution time: mean = 0.06ms, total = 0.06ms, Queueing time: mean = 7.44ms, max = 7.44ms, min = 7.44ms, total = 7.44ms
	Publisher.CheckDeadSubscribers - 1 total (1 active), Execution time: mean = 0.00ms, total = 0.00ms, Queueing time: mean = 0.00ms, max = -0.00ms, min = 9223372036854.78ms, total = 0.00ms


[2026-06-04 22:28:10,422 I 512 512] (gcs_server) gcs_server.cc:940: ray_syncer_io_context Event stats:


Global stats: 4 total (0 active)
Queueing time: mean = 0.18ms, max = 0.61ms, min = 0.01ms, total = 0.74ms
Execution time:  mean = 0.07ms, total = 0.30ms
Event stats:
	event_loop_lag_probe - 2 total (0 active), Execution time: mean = 0.15ms, total = 0.30ms, Queueing time: mean = 0.33ms, max = 0.61ms, min = 0.05ms, total = 0.66ms
	RaySyncerRegister - 2 total (0 active), Execution time: mean = 0.00ms, total = 0.00ms, Queueing time: mean = 0.04ms, max = 0.06ms, min = 0.01ms, total = 0.08ms


[2026-06-04 22:28:10,422 I 512 512] (gcs_server) gcs_server.cc:940: ray_event_io_context Event stats:


Global stats: 2 total (0 active)
Queueing time: mean = 4.12ms, max = 8.24ms, min = 0.00ms, total = 8.24ms
Execution time:  mean = 0.06ms, total = 0.11ms
Event stats:
	event_loop_lag_probe - 2 total (0 active), Execution time: mean = 0.06ms, total = 0.11ms, Queueing time: mean = 4.12ms, max = 8.24ms, min = 0.00ms, total = 8.24ms


[2026-06-04 22:28:24,145 I 512 512] (gcs_server) gcs_node_manager.cc:106: Registering new node. node_id=11e184b7641b47dd66e5366c42f7fe51cb28f4bab1ca7ef8847590e4 node_name=172.16.254.232 node_address=172.16.254.232
[2026-06-04 22:28:24,167 W 512 535] (gcs_server) metric_exporter.cc:107: [1] Export metrics to agent failed: RpcError: RPC Error message: failed to connect to all addresses; last error: UNKNOWN: ipv4:127.0.0.1:64614: Failed to connect to remote host: Connection refused; RPC Error details:  rpc_code: 14. This won't affect Ray, but you can lose metrics from the cluster.
[2026-06-04 22:28:40,890 E 512 512] (gcs_server) gcs_server.cc:302: Failed to establish connection to the event+metrics exporter agent. Events and metrics will not be exported. Exporter agent status: RpcError: Running out of retries to initialize the metrics agent. rpc_code: 14
[2026-06-04 22:29:10,490 I 512 512] (gcs_server) gcs_server.cc:922: Gcs Debug state:

GcsNodeManager: 
- RegisterNode request count: 1
- DrainNode request count: 0
- GetAllNodeInfo request count: 3

GcsActorManager: 
- RegisterActor request count: 0
- CreateActor request count: 0
- GetActorInfo request count: 0
- GetNamedActorInfo request count: 0
- GetAllActorInfo request count: 0
- KillActor request count: 0
- ListNamedActors request count: 0
- Registered actors count: 0
- Destroyed actors count: 0
- Named actors count: 0
- Unresolved actors count: 0
- Pending actors count: 0
- Created actors count: 0
- owners_: 0
- actor_to_register_callbacks_: 0
- actor_to_restart_for_lineage_reconstruction_callbacks_: 0
- actor_to_create_callbacks_: 0
- sorted_destroyed_actor_list_: 0

GcsResourceManager: 
- GetAllAvailableResources request count: 0
- GetAllTotalResources request count: 0
- GetAllResourceUsage request count: 11

GcsPlacementGroupManager: 
- CreatePlacementGroup request count: 0
- RemovePlacementGroup request count: 0
- GetPlacementGroup request count: 0
- GetAllPlacementGroup request count: 0
- WaitPlacementGroupUntilReady request count: 0
- GetNamedPlacementGroup request count: 0
- Scheduling pending placement group count: 0
- Registered placement groups count: 0
- Named placement group count: 0
- Pending placement groups count: 0
- Infeasible placement groups count: 0

Publisher:
GCS_NODE_INFO_CHANNEL
- cumulative published messages: 1
- cumulative published bytes: 499
- current buffered bytes: 0
GCS_NODE_ADDRESS_AND_LIVENESS_CHANNEL
- cumulative published messages: 1
- cumulative published bytes: 92
- current buffered bytes: 0
RAY_LOG_CHANNEL
- cumulative published messages: 9
- cumulative published bytes: 10633
- current buffered bytes: 0

[runtime env manager] ID to URIs table:
[runtime env manager] URIs reference table:

GcsTaskManager: 
-Total num task events reported: 0
-Total num status task events dropped: 0
-Total num profile events dropped: 0
-Current num of task events stored: 0
-Total num of actor creation tasks: 0
-Total num of actor tasks: 0
-Total num of normal tasks: 0
-Total num of driver tasks: 0

GcsAutoscalerStateManager: 
- last_seen_autoscaler_state_version_: 0
- last_cluster_resource_state_version_: 11
- pending demands:



[2026-06-04 22:29:10,491 I 512 512] (gcs_server) gcs_server.cc:936: Main service Event stats:


Global stats: 959 total (5 active)
Queueing time: mean = 40.16ms, max = 1522.53ms, min = 0.00ms, total = 38516.89ms
Execution time:  mean = 14.41ms, total = 13815.56ms
Event stats:
	GcsInMemoryStore.Get - 127 total (0 active), Execution time: mean = 0.01ms, total = 1.23ms, Queueing time: mean = 0.01ms, max = 0.04ms, min = 0.01ms, total = 1.67ms
	InternalKVGcsService.grpc_server.InternalKVGet.HandleRequestImpl - 126 total (0 active), Execution time: mean = 0.06ms, total = 7.12ms, Queueing time: mean = 0.78ms, max = 95.88ms, min = 0.01ms, total = 98.59ms
	InternalKVGcsService.grpc_server.InternalKVGet - 126 total (0 active), Execution time: mean = 1.94ms, total = 243.86ms, Queueing time: mean = 0.00ms, max = -0.00ms, min = 9223372036854.78ms, total = 0.00ms
	GcsInMemoryStore.Put - 106 total (0 active), Execution time: mean = 14.35ms, total = 1521.15ms, Queueing time: mean = 14.47ms, max = 1521.87ms, min = 0.00ms, total = 1533.85ms
	RayletLoadPulled - 60 total (1 active), Execution time: mean = 0.26ms, total = 15.44ms, Queueing time: mean = 12.58ms, max = 195.89ms, min = 0.01ms, total = 754.81ms
	NodeManagerService.grpc_client.GetResourceLoad - 46 total (0 active), Execution time: mean = 209.36ms, total = 9630.36ms, Queueing time: mean = 0.00ms, max = -0.00ms, min = 9223372036854.78ms, total = 0.00ms
	NodeManagerService.grpc_client.GetResourceLoad.OnReplyReceived - 46 total (0 active), Execution time: mean = 0.07ms, total = 3.10ms, Queueing time: mean = 8.49ms, max = 96.21ms, min = 0.02ms, total = 390.36ms
	ReporterService.grpc_client.HealthCheck - 31 total (0 active), Execution time: mean = 3.62ms, total = 112.34ms, Queueing time: mean = 0.00ms, max = -0.00ms, min = 9223372036854.78ms, total = 0.00ms
	ReporterService.grpc_client.HealthCheck.OnReplyReceived - 31 total (0 active), Execution time: mean = 0.16ms, total = 5.10ms, Queueing time: mean = 52.09ms, max = 1517.54ms, min = 0.02ms, total = 1614.71ms
	InternalKVGcsService.grpc_server.InternalKVPut - 30 total (0 active), Execution time: mean = 16.65ms, total = 499.40ms, Queueing time: mean = 0.00ms, max = -0.00ms, min = 9223372036854.78ms, total = 0.00ms
	InternalKVGcsService.grpc_server.InternalKVPut.HandleRequestImpl - 30 total (0 active), Execution time: mean = 0.07ms, total = 2.13ms, Queueing time: mean = 9.65ms, max = 96.13ms, min = 0.01ms, total = 289.55ms
	MetricsAgentClient.WaitForServerReadyWithRetry - 30 total (0 active), Execution time: mean = 0.27ms, total = 8.13ms, Queueing time: mean = 1008.67ms, max = 1097.53ms, min = 1000.02ms, total = 30260.04ms
	ClusterResourceManager.ResetRemoteNodeView - 20 total (1 active), Execution time: mean = 0.01ms, total = 0.24ms, Queueing time: mean = 8.41ms, max = 95.89ms, min = 0.02ms, total = 168.17ms
	HealthCheck - 14 total (0 active), Execution time: mean = 0.01ms, total = 0.16ms, Queueing time: mean = 13.94ms, max = 96.16ms, min = 0.03ms, total = 195.10ms
	GCSServer.deadline_timer.metrics_report - 12 total (1 active), Execution time: mean = 0.21ms, total = 2.58ms, Queueing time: mean = 5.73ms, max = 66.77ms, min = 0.01ms, total = 68.80ms
	NodeInfoGcsService.grpc_server.CheckAlive.HandleRequestImpl - 11 total (0 active), Execution time: mean = 0.03ms, total = 0.36ms, Queueing time: mean = 0.08ms, max = 0.31ms, min = 0.01ms, total = 0.93ms
	NodeInfoGcsService.grpc_server.CheckAlive - 11 total (0 active), Execution time: mean = 9.61ms, total = 105.68ms, Queueing time: mean = 0.00ms, max = -0.00ms, min = 9223372036854.78ms, total = 0.00ms
	AutoscalerStateService.grpc_server.GetClusterResourceState.HandleRequestImpl - 11 total (0 active), Execution time: mean = 0.05ms, total = 0.57ms, Queueing time: mean = 0.08ms, max = 0.31ms, min = 0.01ms, total = 0.84ms
	NodeResourceInfoGcsService.grpc_server.GetAllResourceUsage - 11 total (0 active), Execution time: mean = 9.83ms, total = 108.17ms, Queueing time: mean = 0.00ms, max = -0.00ms, min = 9223372036854.78ms, total = 0.00ms
	NodeResourceInfoGcsService.grpc_server.GetAllResourceUsage.HandleRequestImpl - 11 total (0 active), Execution time: mean = 0.08ms, total = 0.85ms, Queueing time: mean = 0.22ms, max = 1.15ms, min = 0.01ms, total = 2.42ms
	AutoscalerStateService.grpc_server.GetClusterResourceState - 11 total (0 active), Execution time: mean = 0.73ms, total = 8.08ms, Queueing time: mean = 0.00ms, max = -0.00ms, min = 9223372036854.78ms, total = 0.00ms
	event_loop_lag_probe - 8 total (0 active), Execution time: mean = 0.01ms, total = 0.09ms, Queueing time: mean = 1.85ms, max = 14.25ms, min = 0.00ms, total = 14.80ms
	GCSServer.deadline_timer.gcs_global_gc - 6 total (1 active), Execution time: mean = 0.01ms, total = 0.06ms, Queueing time: mean = 11.22ms, max = 66.72ms, min = 0.05ms, total = 67.30ms
	GcsInMemoryStore.GetAll - 6 total (0 active), Execution time: mean = 0.01ms, total = 0.06ms, Queueing time: mean = 0.06ms, max = 0.07ms, min = 0.01ms, total = 0.34ms
	PeriodicalRunner.RunFnPeriodically - 5 total (0 active), Execution time: mean = 0.11ms, total = 0.54ms, Queueing time: mean = 610.50ms, max = 1522.53ms, min = 2.26ms, total = 3052.48ms
	NodeInfoGcsService.grpc_server.GetClusterId.HandleRequestImpl - 4 total (0 active), Execution time: mean = 0.54ms, total = 2.15ms, Queueing time: mean = 0.45ms, max = 1.73ms, min = 0.02ms, total = 1.81ms
	NodeInfoGcsService.grpc_server.GetClusterId - 4 total (0 active), Execution time: mean = 2.91ms, total = 11.62ms, Queueing time: mean = 0.00ms, max = -0.00ms, min = 9223372036854.78ms, total = 0.00ms
	NodeInfoGcsService.grpc_server.GetAllNodeInfo - 2 total (0 active), Execution time: mean = 0.36ms, total = 0.71ms, Queueing time: mean = 0.00ms, max = -0.00ms, min = 9223372036854.78ms, total = 0.00ms
	NodeInfoGcsService.grpc_server.GetAllNodeInfo.HandleRequestImpl - 2 total (0 active), Execution time: mean = 0.04ms, total = 0.08ms, Queueing time: mean = 0.02ms, max = 0.03ms, min = 0.01ms, total = 0.04ms
	InternalKVGcsService.grpc_server.InternalKVDel.HandleRequestImpl - 1 total (0 active), Execution time: mean = 0.06ms, total = 0.06ms, Queueing time: mean = 0.01ms, max = 0.01ms, min = 0.01ms, total = 0.01ms
	NodeManager.AddNodeCallback - 1 total (0 active), Execution time: mean = 0.45ms, total = 0.45ms, Queueing time: mean = 0.13ms, max = 0.13ms, min = 0.13ms, total = 0.13ms
	InternalKVGcsService.grpc_server.InternalKVDel - 1 total (0 active), Execution time: mean = 0.45ms, total = 0.45ms, Queueing time: mean = 0.00ms, max = -0.00ms, min = 9223372036854.78ms, total = 0.00ms
	JobInfoGcsService.grpc_server.GetAllJobInfo - 1 total (0 active), Execution time: mean = 0.35ms, total = 0.35ms, Queueing time: mean = 0.00ms, max = -0.00ms, min = 9223372036854.78ms, total = 0.00ms
	JobInfoGcsService.grpc_server.GetNextJobID.HandleRequestImpl - 1 total (0 active), Execution time: mean = 0.02ms, total = 0.02ms, Queueing time: mean = 0.02ms, max = 0.02ms, min = 0.02ms, total = 0.02ms
	JobInfoGcsService.grpc_server.GetNextJobID - 1 total (0 active), Execution time: mean = 0.35ms, total = 0.35ms, Queueing time: mean = 0.00ms, max = -0.00ms, min = 9223372036854.78ms, total = 0.00ms
	GcsHealthCheckManager::AddNode - 1 total (0 active), Execution time: mean = 0.02ms, total = 0.02ms, Queueing time: mean = 0.00ms, max = 0.00ms, min = 0.00ms, total = 0.00ms
	NodeInfoGcsService.grpc_server.GetAllNodeAddressAndLiveness - 1 total (0 active), Execution time: mean = 0.37ms, total = 0.37ms, Queueing time: mean = 0.00ms, max = -0.00ms, min = 9223372036854.78ms, total = 0.00ms
	JobInfoGcsService.grpc_server.GetAllJobInfo.HandleRequestImpl - 1 total (0 active), Execution time: mean = 0.04ms, total = 0.04ms, Queueing time: mean = 0.02ms, max = 0.02ms, min = 0.02ms, total = 0.02ms
	GcsResourceManager::Update - 1 total (0 active), Execution time: mean = 0.08ms, total = 0.08ms, Queueing time: mean = 0.01ms, max = 0.01ms, min = 0.01ms, total = 0.01ms
	GcsInMemoryStore.Delete - 1 total (0 active), Execution time: mean = 0.01ms, total = 0.01ms, Queueing time: mean = 0.01ms, max = 0.01ms, min = 0.01ms, total = 0.01ms
	NodeInfoGcsService.grpc_server.RegisterNode - 1 total (0 active), Execution time: mean = 0.64ms, total = 0.64ms, Queueing time: mean = 0.00ms, max = -0.00ms, min = 9223372036854.78ms, total = 0.00ms
	InternalKVGcsService.grpc_server.GetInternalConfig.HandleRequestImpl - 1 total (0 active), Execution time: mean = 0.10ms, total = 0.10ms, Queueing time: mean = 0.02ms, max = 0.02ms, min = 0.02ms, total = 0.02ms
	NodeInfoGcsService.grpc_server.GetAllNodeAddressAndLiveness.HandleRequestImpl - 1 total (0 active), Execution time: mean = 0.01ms, total = 0.01ms, Queueing time: mean = 0.01ms, max = 0.01ms, min = 0.01ms, total = 0.01ms
	GcsHealthCheckManager::MarkNodeHealthy - 1 total (0 active), Execution time: mean = 0.00ms, total = 0.00ms, Queueing time: mean = 0.01ms, max = 0.01ms, min = 0.01ms, total = 0.01ms
	GCSServer.deadline_timer.debug_state_event_stats_print - 1 total (1 active, 1 running), Execution time: mean = 0.00ms, total = 0.00ms, Queueing time: mean = 0.00ms, max = -0.00ms, min = 9223372036854.78ms, total = 0.00ms
	GcsInitData::AsyncLoad - 1 total (0 active), Execution time: mean = 0.01ms, total = 0.01ms, Queueing time: mean = 0.00ms, max = 0.00ms, min = 0.00ms, total = 0.00ms
	InternalKVGcsService.grpc_server.GetInternalConfig - 1 total (0 active), Execution time: mean = 0.65ms, total = 0.65ms, Queueing time: mean = 0.00ms, max = -0.00ms, min = 9223372036854.78ms, total = 0.00ms
	GcsInMemoryStore.GetNextJobID - 1 total (0 active), Execution time: mean = 0.01ms, total = 0.01ms, Queueing time: mean = 0.01ms, max = 0.01ms, min = 0.01ms, total = 0.01ms
	GcsServer.GetOrGenerateClusterId.continuation - 1 total (0 active), Execution time: mean = 1520.34ms, total = 1520.34ms, Queueing time: mean = 0.00ms, max = 0.00ms, min = 0.00ms, total = 0.00ms
	NodeInfoGcsService.grpc_server.RegisterNode.HandleRequestImpl - 1 total (0 active), Execution time: mean = 0.23ms, total = 0.23ms, Queueing time: mean = 0.02ms, max = 0.02ms, min = 0.02ms, total = 0.02ms


[2026-06-04 22:29:10,491 I 512 512] (gcs_server) gcs_server.cc:940: task_io_context Event stats:


Global stats: 22 total (1 active)
Queueing time: mean = 4.18ms, max = 89.27ms, min = 0.00ms, total = 91.89ms
Execution time:  mean = 0.03ms, total = 0.68ms
Event stats:
	GcsTaskManager.GcJobSummary - 13 total (1 active), Execution time: mean = 0.01ms, total = 0.14ms, Queueing time: mean = 7.02ms, max = 89.27ms, min = 0.02ms, total = 91.27ms
	event_loop_lag_probe - 8 total (0 active), Execution time: mean = 0.06ms, total = 0.52ms, Queueing time: mean = 0.08ms, max = 0.50ms, min = 0.00ms, total = 0.60ms
	PeriodicalRunner.RunFnPeriodically - 1 total (0 active), Execution time: mean = 0.02ms, total = 0.02ms, Queueing time: mean = 0.02ms, max = 0.02ms, min = 0.02ms, total = 0.02ms


[2026-06-04 22:29:10,491 I 512 512] (gcs_server) gcs_server.cc:940: pubsub_io_context Event stats:


Global stats: 34 total (2 active)
Queueing time: mean = 6.35ms, max = 95.93ms, min = 0.01ms, total = 215.74ms
Execution time:  mean = 5.98ms, total = 203.43ms
Event stats:
	InternalPubSubGcsService.grpc_server.GcsPublish - 9 total (0 active), Execution time: mean = 22.30ms, total = 200.66ms, Queueing time: mean = 0.00ms, max = -0.00ms, min = 9223372036854.78ms, total = 0.00ms
	InternalPubSubGcsService.grpc_server.GcsPublish.HandleRequestImpl - 9 total (0 active), Execution time: mean = 0.16ms, total = 1.43ms, Queueing time: mean = 21.42ms, max = 95.93ms, min = 0.03ms, total = 192.78ms
	event_loop_lag_probe - 8 total (0 active), Execution time: mean = 0.04ms, total = 0.29ms, Queueing time: mean = 1.91ms, max = 15.11ms, min = 0.01ms, total = 15.29ms
	InternalPubSubGcsService.grpc_server.GcsSubscriberCommandBatch - 2 total (0 active), Execution time: mean = 0.37ms, total = 0.74ms, Queueing time: mean = 0.00ms, max = -0.00ms, min = 9223372036854.78ms, total = 0.00ms
	InternalPubSubGcsService.grpc_server.GcsSubscriberCommandBatch.HandleRequestImpl - 2 total (0 active), Execution time: mean = 0.10ms, total = 0.21ms, Queueing time: mean = 0.02ms, max = 0.03ms, min = 0.01ms, total = 0.04ms
	InternalPubSubGcsService.grpc_server.GcsSubscriberPoll - 1 total (1 active), Execution time: mean = 0.00ms, total = 0.00ms, Queueing time: mean = 0.00ms, max = -0.00ms, min = 9223372036854.78ms, total = 0.00ms
	PeriodicalRunner.RunFnPeriodically - 1 total (0 active), Execution time: mean = 0.06ms, total = 0.06ms, Queueing time: mean = 7.44ms, max = 7.44ms, min = 7.44ms, total = 7.44ms
	InternalPubSubGcsService.grpc_server.GcsSubscriberPoll.HandleRequestImpl - 1 total (0 active), Execution time: mean = 0.04ms, total = 0.04ms, Queueing time: mean = 0.19ms, max = 0.19ms, min = 0.19ms, total = 0.19ms
	Publisher.CheckDeadSubscribers - 1 total (1 active), Execution time: mean = 0.00ms, total = 0.00ms, Queueing time: mean = 0.00ms, max = -0.00ms, min = 9223372036854.78ms, total = 0.00ms


[2026-06-04 22:29:10,491 I 512 512] (gcs_server) gcs_server.cc:940: ray_syncer_io_context Event stats:


Global stats: 12 total (0 active)
Queueing time: mean = 0.07ms, max = 0.61ms, min = 0.00ms, total = 0.81ms
Execution time:  mean = 0.05ms, total = 0.62ms
Event stats:
	event_loop_lag_probe - 8 total (0 active), Execution time: mean = 0.05ms, total = 0.43ms, Queueing time: mean = 0.09ms, max = 0.61ms, min = 0.01ms, total = 0.71ms
	RaySyncerRegister - 2 total (0 active), Execution time: mean = 0.00ms, total = 0.00ms, Queueing time: mean = 0.04ms, max = 0.06ms, min = 0.01ms, total = 0.08ms
	RaySyncer.BroadcastMessage - 1 total (0 active), Execution time: mean = 0.02ms, total = 0.02ms, Queueing time: mean = 0.00ms, max = 0.00ms, min = 0.00ms, total = 0.00ms
	 - 1 total (0 active), Execution time: mean = 0.16ms, total = 0.16ms, Queueing time: mean = 0.02ms, max = 0.02ms, min = 0.02ms, total = 0.02ms


[2026-06-04 22:29:10,492 I 512 512] (gcs_server) gcs_server.cc:940: ray_event_io_context Event stats:


Global stats: 8 total (0 active)
Queueing time: mean = 1.04ms, max = 8.24ms, min = 0.00ms, total = 8.31ms
Execution time:  mean = 0.03ms, total = 0.28ms
Event stats:
	event_loop_lag_probe - 8 total (0 active), Execution time: mean = 0.03ms, total = 0.28ms, Queueing time: mean = 1.04ms, max = 8.24ms, min = 0.00ms, total = 8.31ms


[2026-06-04 22:30:10,492 I 512 512] (gcs_server) gcs_server.cc:922: Gcs Debug state:

GcsNodeManager: 
- RegisterNode request count: 1
- DrainNode request count: 0
- GetAllNodeInfo request count: 3

GcsActorManager: 
- RegisterActor request count: 0
- CreateActor request count: 0
- GetActorInfo request count: 0
- GetNamedActorInfo request count: 0
- GetAllActorInfo request count: 0
- KillActor request count: 0
- ListNamedActors request count: 0
- Registered actors count: 0
- Destroyed actors count: 0
- Named actors count: 0
- Unresolved actors count: 0
- Pending actors count: 0
- Created actors count: 0
- owners_: 0
- actor_to_register_callbacks_: 0
- actor_to_restart_for_lineage_reconstruction_callbacks_: 0
- actor_to_create_callbacks_: 0
- sorted_destroyed_actor_list_: 0

GcsResourceManager: 
- GetAllAvailableResources request count: 0
- GetAllTotalResources request count: 0
- GetAllResourceUsage request count: 23

GcsPlacementGroupManager: 
- CreatePlacementGroup request count: 0
- RemovePlacementGroup request count: 0
- GetPlacementGroup request count: 0
- GetAllPlacementGroup request count: 0
- WaitPlacementGroupUntilReady request count: 0
- GetNamedPlacementGroup request count: 0
- Scheduling pending placement group count: 0
- Registered placement groups count: 0
- Named placement group count: 0
- Pending placement groups count: 0
- Infeasible placement groups count: 0

Publisher:
GCS_NODE_INFO_CHANNEL
- cumulative published messages: 1
- cumulative published bytes: 499
- current buffered bytes: 0
GCS_NODE_ADDRESS_AND_LIVENESS_CHANNEL
- cumulative published messages: 1
- cumulative published bytes: 92
- current buffered bytes: 0
RAY_LOG_CHANNEL
- cumulative published messages: 68
- cumulative published bytes: 63164
- current buffered bytes: 0

[runtime env manager] ID to URIs table:
[runtime env manager] URIs reference table:

GcsTaskManager: 
-Total num task events reported: 0
-Total num status task events dropped: 0
-Total num profile events dropped: 0
-Current num of task events stored: 0
-Total num of actor creation tasks: 0
-Total num of actor tasks: 0
-Total num of normal tasks: 0
-Total num of driver tasks: 0

GcsAutoscalerStateManager: 
- last_seen_autoscaler_state_version_: 0
- last_cluster_resource_state_version_: 23
- pending demands:



[2026-06-04 22:30:10,493 I 512 512] (gcs_server) gcs_server.cc:936: Main service Event stats:


Global stats: 1461 total (5 active)
Queueing time: mean = 27.03ms, max = 1522.53ms, min = 0.00ms, total = 39489.36ms
Execution time:  mean = 10.51ms, total = 15348.68ms
Event stats:
	GcsInMemoryStore.Put - 204 total (0 active), Execution time: mean = 7.46ms, total = 1521.66ms, Queueing time: mean = 7.56ms, max = 1521.87ms, min = 0.00ms, total = 1541.68ms
	GcsInMemoryStore.Get - 139 total (0 active), Execution time: mean = 0.01ms, total = 1.48ms, Queueing time: mean = 0.01ms, max = 0.11ms, min = 0.01ms, total = 1.95ms
	InternalKVGcsService.grpc_server.InternalKVGet.HandleRequestImpl - 138 total (0 active), Execution time: mean = 0.06ms, total = 8.53ms, Queueing time: mean = 0.73ms, max = 95.88ms, min = 0.01ms, total = 101.11ms
	InternalKVGcsService.grpc_server.InternalKVGet - 138 total (0 active), Execution time: mean = 2.53ms, total = 349.23ms, Queueing time: mean = 0.00ms, max = -0.00ms, min = 9223372036854.78ms, total = 0.00ms
	RayletLoadPulled - 119 total (1 active), Execution time: mean = 0.27ms, total = 32.31ms, Queueing time: mean = 10.49ms, max = 297.72ms, min = 0.01ms, total = 1248.81ms
	NodeManagerService.grpc_client.GetResourceLoad.OnReplyReceived - 105 total (0 active), Execution time: mean = 0.06ms, total = 6.78ms, Queueing time: mean = 5.57ms, max = 96.21ms, min = 0.02ms, total = 585.05ms
	NodeManagerService.grpc_client.GetResourceLoad - 105 total (0 active), Execution time: mean = 102.78ms, total = 10791.65ms, Queueing time: mean = 0.00ms, max = -0.00ms, min = 9223372036854.78ms, total = 0.00ms
	InternalKVGcsService.grpc_server.InternalKVPut.HandleRequestImpl - 56 total (0 active), Execution time: mean = 0.07ms, total = 3.93ms, Queueing time: mean = 6.90ms, max = 96.13ms, min = 0.01ms, total = 386.65ms
	InternalKVGcsService.grpc_server.InternalKVPut - 56 total (0 active), Execution time: mean = 12.63ms, total = 707.04ms, Queueing time: mean = 0.00ms, max = -0.00ms, min = 9223372036854.78ms, total = 0.00ms
	ClusterResourceManager.ResetRemoteNodeView - 40 total (1 active), Execution time: mean = 0.01ms, total = 0.44ms, Queueing time: mean = 4.28ms, max = 95.89ms, min = 0.01ms, total = 171.27ms
	HealthCheck - 34 total (0 active), Execution time: mean = 0.01ms, total = 0.30ms, Queueing time: mean = 5.83ms, max = 96.16ms, min = 0.01ms, total = 198.19ms
	ReporterService.grpc_client.HealthCheck - 31 total (0 active), Execution time: mean = 3.62ms, total = 112.34ms, Queueing time: mean = 0.00ms, max = -0.00ms, min = 9223372036854.78ms, total = 0.00ms
	ReporterService.grpc_client.HealthCheck.OnReplyReceived - 31 total (0 active), Execution time: mean = 0.16ms, total = 5.10ms, Queueing time: mean = 52.09ms, max = 1517.54ms, min = 0.02ms, total = 1614.71ms
	MetricsAgentClient.WaitForServerReadyWithRetry - 30 total (0 active), Execution time: mean = 0.27ms, total = 8.13ms, Queueing time: mean = 1008.67ms, max = 1097.53ms, min = 1000.02ms, total = 30260.04ms
	GCSServer.deadline_timer.metrics_report - 24 total (1 active), Execution time: mean = 0.24ms, total = 5.69ms, Queueing time: mean = 6.89ms, max = 95.50ms, min = 0.01ms, total = 165.25ms
	NodeInfoGcsService.grpc_server.CheckAlive.HandleRequestImpl - 24 total (0 active), Execution time: mean = 0.03ms, total = 0.71ms, Queueing time: mean = 0.07ms, max = 0.31ms, min = 0.01ms, total = 1.79ms
	NodeInfoGcsService.grpc_server.CheckAlive - 24 total (0 active), Execution time: mean = 4.75ms, total = 114.06ms, Queueing time: mean = 0.00ms, max = -0.00ms, min = 9223372036854.78ms, total = 0.00ms
	AutoscalerStateService.grpc_server.GetClusterResourceState.HandleRequestImpl - 23 total (0 active), Execution time: mean = 0.07ms, total = 1.56ms, Queueing time: mean = 0.08ms, max = 0.70ms, min = 0.01ms, total = 1.88ms
	NodeResourceInfoGcsService.grpc_server.GetAllResourceUsage.HandleRequestImpl - 23 total (0 active), Execution time: mean = 0.07ms, total = 1.67ms, Queueing time: mean = 0.19ms, max = 1.38ms, min = 0.01ms, total = 4.46ms
	NodeResourceInfoGcsService.grpc_server.GetAllResourceUsage - 23 total (0 active), Execution time: mean = 5.13ms, total = 117.99ms, Queueing time: mean = 0.00ms, max = -0.00ms, min = 9223372036854.78ms, total = 0.00ms
	AutoscalerStateService.grpc_server.GetClusterResourceState - 23 total (0 active), Execution time: mean = 0.71ms, total = 16.30ms, Queueing time: mean = 0.00ms, max = -0.00ms, min = 9223372036854.78ms, total = 0.00ms
	event_loop_lag_probe - 14 total (0 active), Execution time: mean = 0.01ms, total = 0.16ms, Queueing time: mean = 1.06ms, max = 14.25ms, min = 0.00ms, total = 14.84ms
	GCSServer.deadline_timer.gcs_global_gc - 12 total (1 active), Execution time: mean = 0.01ms, total = 0.12ms, Queueing time: mean = 5.80ms, max = 66.72ms, min = 0.02ms, total = 69.63ms
	GcsInMemoryStore.GetAll - 6 total (0 active), Execution time: mean = 0.01ms, total = 0.06ms, Queueing time: mean = 0.06ms, max = 0.07ms, min = 0.01ms, total = 0.34ms
	PeriodicalRunner.RunFnPeriodically - 5 total (0 active), Execution time: mean = 0.11ms, total = 0.54ms, Queueing time: mean = 610.50ms, max = 1522.53ms, min = 2.26ms, total = 3052.48ms
	NodeInfoGcsService.grpc_server.GetClusterId - 4 total (0 active), Execution time: mean = 2.91ms, total = 11.62ms, Queueing time: mean = 0.00ms, max = -0.00ms, min = 9223372036854.78ms, total = 0.00ms
	NodeInfoGcsService.grpc_server.GetClusterId.HandleRequestImpl - 4 total (0 active), Execution time: mean = 0.54ms, total = 2.15ms, Queueing time: mean = 0.45ms, max = 1.73ms, min = 0.02ms, total = 1.81ms
	GCSServer.deadline_timer.debug_state_event_stats_print - 2 total (1 active, 1 running), Execution time: mean = 1.07ms, total = 2.14ms, Queueing time: mean = 33.55ms, max = 67.10ms, min = 67.10ms, total = 67.10ms
	NodeInfoGcsService.grpc_server.GetAllNodeInfo - 2 total (0 active), Execution time: mean = 0.36ms, total = 0.71ms, Queueing time: mean = 0.00ms, max = -0.00ms, min = 9223372036854.78ms, total = 0.00ms
	NodeInfoGcsService.grpc_server.GetAllNodeInfo.HandleRequestImpl - 2 total (0 active), Execution time: mean = 0.04ms, total = 0.08ms, Queueing time: mean = 0.02ms, max = 0.03ms, min = 0.01ms, total = 0.04ms
	GcsInMemoryStore.Delete - 1 total (0 active), Execution time: mean = 0.01ms, total = 0.01ms, Queueing time: mean = 0.01ms, max = 0.01ms, min = 0.01ms, total = 0.01ms
	NodeManager.AddNodeCallback - 1 total (0 active), Execution time: mean = 0.45ms, total = 0.45ms, Queueing time: mean = 0.13ms, max = 0.13ms, min = 0.13ms, total = 0.13ms
	InternalKVGcsService.grpc_server.InternalKVDel - 1 total (0 active), Execution time: mean = 0.45ms, total = 0.45ms, Queueing time: mean = 0.00ms, max = -0.00ms, min = 9223372036854.78ms, total = 0.00ms
	JobInfoGcsService.grpc_server.GetAllJobInfo - 1 total (0 active), Execution time: mean = 0.35ms, total = 0.35ms, Queueing time: mean = 0.00ms, max = -0.00ms, min = 9223372036854.78ms, total = 0.00ms
	JobInfoGcsService.grpc_server.GetNextJobID.HandleRequestImpl - 1 total (0 active), Execution time: mean = 0.02ms, total = 0.02ms, Queueing time: mean = 0.02ms, max = 0.02ms, min = 0.02ms, total = 0.02ms
	JobInfoGcsService.grpc_server.GetNextJobID - 1 total (0 active), Execution time: mean = 0.35ms, total = 0.35ms, Queueing time: mean = 0.00ms, max = -0.00ms, min = 9223372036854.78ms, total = 0.00ms
	GcsHealthCheckManager::AddNode - 1 total (0 active), Execution time: mean = 0.02ms, total = 0.02ms, Queueing time: mean = 0.00ms, max = 0.00ms, min = 0.00ms, total = 0.00ms
	NodeInfoGcsService.grpc_server.GetAllNodeAddressAndLiveness - 1 total (0 active), Execution time: mean = 0.37ms, total = 0.37ms, Queueing time: mean = 0.00ms, max = -0.00ms, min = 9223372036854.78ms, total = 0.00ms
	JobInfoGcsService.grpc_server.GetAllJobInfo.HandleRequestImpl - 1 total (0 active), Execution time: mean = 0.04ms, total = 0.04ms, Queueing time: mean = 0.02ms, max = 0.02ms, min = 0.02ms, total = 0.02ms
	GcsResourceManager::Update - 1 total (0 active), Execution time: mean = 0.08ms, total = 0.08ms, Queueing time: mean = 0.01ms, max = 0.01ms, min = 0.01ms, total = 0.01ms
	NodeInfoGcsService.grpc_server.RegisterNode.HandleRequestImpl - 1 total (0 active), Execution time: mean = 0.23ms, total = 0.23ms, Queueing time: mean = 0.02ms, max = 0.02ms, min = 0.02ms, total = 0.02ms
	InternalKVGcsService.grpc_server.InternalKVDel.HandleRequestImpl - 1 total (0 active), Execution time: mean = 0.06ms, total = 0.06ms, Queueing time: mean = 0.01ms, max = 0.01ms, min = 0.01ms, total = 0.01ms
	InternalKVGcsService.grpc_server.GetInternalConfig.HandleRequestImpl - 1 total (0 active), Execution time: mean = 0.10ms, total = 0.10ms, Queueing time: mean = 0.02ms, max = 0.02ms, min = 0.02ms, total = 0.02ms
	NodeInfoGcsService.grpc_server.GetAllNodeAddressAndLiveness.HandleRequestImpl - 1 total (0 active), Execution time: mean = 0.01ms, total = 0.01ms, Queueing time: mean = 0.01ms, max = 0.01ms, min = 0.01ms, total = 0.01ms
	GcsHealthCheckManager::MarkNodeHealthy - 1 total (0 active), Execution time: mean = 0.00ms, total = 0.00ms, Queueing time: mean = 0.01ms, max = 0.01ms, min = 0.01ms, total = 0.01ms
	GcsInitData::AsyncLoad - 1 total (0 active), Execution time: mean = 0.01ms, total = 0.01ms, Queueing time: mean = 0.00ms, max = 0.00ms, min = 0.00ms, total = 0.00ms
	InternalKVGcsService.grpc_server.GetInternalConfig - 1 total (0 active), Execution time: mean = 0.65ms, total = 0.65ms, Queueing time: mean = 0.00ms, max = -0.00ms, min = 9223372036854.78ms, total = 0.00ms
	GcsInMemoryStore.GetNextJobID - 1 total (0 active), Execution time: mean = 0.01ms, total = 0.01ms, Queueing time: mean = 0.01ms, max = 0.01ms, min = 0.01ms, total = 0.01ms
	NodeInfoGcsService.grpc_server.RegisterNode - 1 total (0 active), Execution time: mean = 0.64ms, total = 0.64ms, Queueing time: mean = 0.00ms, max = -0.00ms, min = 9223372036854.78ms, total = 0.00ms
	GcsServer.GetOrGenerateClusterId.continuation - 1 total (0 active), Execution time: mean = 1520.34ms, total = 1520.34ms, Queueing time: mean = 0.00ms, max = 0.00ms, min = 0.00ms, total = 0.00ms


[2026-06-04 22:30:10,493 I 512 512] (gcs_server) gcs_server.cc:940: task_io_context Event stats:


Global stats: 40 total (1 active)
Queueing time: mean = 2.31ms, max = 89.27ms, min = 0.00ms, total = 92.37ms
Execution time:  mean = 0.02ms, total = 0.89ms
Event stats:
	GcsTaskManager.GcJobSummary - 25 total (1 active), Execution time: mean = 0.01ms, total = 0.28ms, Queueing time: mean = 3.67ms, max = 89.27ms, min = 0.02ms, total = 91.69ms
	event_loop_lag_probe - 14 total (0 active), Execution time: mean = 0.04ms, total = 0.60ms, Queueing time: mean = 0.05ms, max = 0.50ms, min = 0.00ms, total = 0.66ms
	PeriodicalRunner.RunFnPeriodically - 1 total (0 active), Execution time: mean = 0.02ms, total = 0.02ms, Queueing time: mean = 0.02ms, max = 0.02ms, min = 0.02ms, total = 0.02ms


[2026-06-04 22:30:10,493 I 512 512] (gcs_server) gcs_server.cc:940: pubsub_io_context Event stats:


Global stats: 158 total (2 active)
Queueing time: mean = 1.99ms, max = 95.93ms, min = 0.00ms, total = 313.64ms
Execution time:  mean = 4.46ms, total = 705.46ms
Event stats:
	InternalPubSubGcsService.grpc_server.GcsPublish - 68 total (0 active), Execution time: mean = 10.25ms, total = 696.70ms, Queueing time: mean = 0.00ms, max = -0.00ms, min = 9223372036854.78ms, total = 0.00ms
	InternalPubSubGcsService.grpc_server.GcsPublish.HandleRequestImpl - 68 total (0 active), Execution time: mean = 0.11ms, total = 7.30ms, Queueing time: mean = 4.27ms, max = 95.93ms, min = 0.01ms, total = 290.60ms
	event_loop_lag_probe - 14 total (0 active), Execution time: mean = 0.03ms, total = 0.40ms, Queueing time: mean = 1.10ms, max = 15.11ms, min = 0.00ms, total = 15.36ms
	InternalPubSubGcsService.grpc_server.GcsSubscriberCommandBatch - 2 total (0 active), Execution time: mean = 0.37ms, total = 0.74ms, Queueing time: mean = 0.00ms, max = -0.00ms, min = 9223372036854.78ms, total = 0.00ms
	InternalPubSubGcsService.grpc_server.GcsSubscriberCommandBatch.HandleRequestImpl - 2 total (0 active), Execution time: mean = 0.10ms, total = 0.21ms, Queueing time: mean = 0.02ms, max = 0.03ms, min = 0.01ms, total = 0.04ms
	InternalPubSubGcsService.grpc_server.GcsSubscriberPoll - 1 total (1 active), Execution time: mean = 0.00ms, total = 0.00ms, Queueing time: mean = 0.00ms, max = -0.00ms, min = 9223372036854.78ms, total = 0.00ms
	PeriodicalRunner.RunFnPeriodically - 1 total (0 active), Execution time: mean = 0.06ms, total = 0.06ms, Queueing time: mean = 7.44ms, max = 7.44ms, min = 7.44ms, total = 7.44ms
	InternalPubSubGcsService.grpc_server.GcsSubscriberPoll.HandleRequestImpl - 1 total (0 active), Execution time: mean = 0.04ms, total = 0.04ms, Queueing time: mean = 0.19ms, max = 0.19ms, min = 0.19ms, total = 0.19ms
	Publisher.CheckDeadSubscribers - 1 total (1 active), Execution time: mean = 0.00ms, total = 0.00ms, Queueing time: mean = 0.00ms, max = -0.00ms, min = 9223372036854.78ms, total = 0.00ms


[2026-06-04 22:30:10,493 I 512 512] (gcs_server) gcs_server.cc:940: ray_syncer_io_context Event stats:


Global stats: 18 total (0 active)
Queueing time: mean = 0.05ms, max = 0.61ms, min = 0.00ms, total = 0.88ms
Execution time:  mean = 0.04ms, total = 0.73ms
Event stats:
	event_loop_lag_probe - 14 total (0 active), Execution time: mean = 0.04ms, total = 0.55ms, Queueing time: mean = 0.06ms, max = 0.61ms, min = 0.01ms, total = 0.79ms
	RaySyncerRegister - 2 total (0 active), Execution time: mean = 0.00ms, total = 0.00ms, Queueing time: mean = 0.04ms, max = 0.06ms, min = 0.01ms, total = 0.08ms
	RaySyncer.BroadcastMessage - 1 total (0 active), Execution time: mean = 0.02ms, total = 0.02ms, Queueing time: mean = 0.00ms, max = 0.00ms, min = 0.00ms, total = 0.00ms
	 - 1 total (0 active), Execution time: mean = 0.16ms, total = 0.16ms, Queueing time: mean = 0.02ms, max = 0.02ms, min = 0.02ms, total = 0.02ms


[2026-06-04 22:30:10,493 I 512 512] (gcs_server) gcs_server.cc:940: ray_event_io_context Event stats:


Global stats: 14 total (0 active)
Queueing time: mean = 0.60ms, max = 8.24ms, min = 0.00ms, total = 8.37ms
Execution time:  mean = 0.03ms, total = 0.38ms
Event stats:
	event_loop_lag_probe - 14 total (0 active), Execution time: mean = 0.03ms, total = 0.38ms, Queueing time: mean = 0.60ms, max = 8.24ms, min = 0.00ms, total = 8.37ms


[2026-06-04 22:31:10,493 I 512 512] (gcs_server) gcs_server.cc:922: Gcs Debug state:

GcsNodeManager: 
- RegisterNode request count: 1
- DrainNode request count: 0
- GetAllNodeInfo request count: 3

GcsActorManager: 
- RegisterActor request count: 0
- CreateActor request count: 0
- GetActorInfo request count: 0
- GetNamedActorInfo request count: 0
- GetAllActorInfo request count: 0
- KillActor request count: 0
- ListNamedActors request count: 0
- Registered actors count: 0
- Destroyed actors count: 0
- Named actors count: 0
- Unresolved actors count: 0
- Pending actors count: 0
- Created actors count: 0
- owners_: 0
- actor_to_register_callbacks_: 0
- actor_to_restart_for_lineage_reconstruction_callbacks_: 0
- actor_to_create_callbacks_: 0
- sorted_destroyed_actor_list_: 0

GcsResourceManager: 
- GetAllAvailableResources request count: 0
- GetAllTotalResources request count: 0
- GetAllResourceUsage request count: 35

GcsPlacementGroupManager: 
- CreatePlacementGroup request count: 0
- RemovePlacementGroup request count: 0
- GetPlacementGroup request count: 0
- GetAllPlacementGroup request count: 0
- WaitPlacementGroupUntilReady request count: 0
- GetNamedPlacementGroup request count: 0
- Scheduling pending placement group count: 0
- Registered placement groups count: 0
- Named placement group count: 0
- Pending placement groups count: 0
- Infeasible placement groups count: 0

Publisher:
GCS_NODE_INFO_CHANNEL
- cumulative published messages: 1
- cumulative published bytes: 499
- current buffered bytes: 0
GCS_NODE_ADDRESS_AND_LIVENESS_CHANNEL
- cumulative published messages: 1
- cumulative published bytes: 92
- current buffered bytes: 0
RAY_LOG_CHANNEL
- cumulative published messages: 80
- cumulative published bytes: 73436
- current buffered bytes: 0

[runtime env manager] ID to URIs table:
[runtime env manager] URIs reference table:

GcsTaskManager: 
-Total num task events reported: 0
-Total num status task events dropped: 0
-Total num profile events dropped: 0
-Current num of task events stored: 0
-Total num of actor creation tasks: 0
-Total num of actor tasks: 0
-Total num of normal tasks: 0
-Total num of driver tasks: 0

GcsAutoscalerStateManager: 
- last_seen_autoscaler_state_version_: 0
- last_cluster_resource_state_version_: 35
- pending demands:



[2026-06-04 22:31:10,494 I 512 512] (gcs_server) gcs_server.cc:936: Main service Event stats:


Global stats: 1958 total (5 active)
Queueing time: mean = 20.17ms, max = 1522.53ms, min = 0.00ms, total = 39502.58ms
Execution time:  mean = 7.90ms, total = 15467.40ms
Event stats:
	GcsInMemoryStore.Put - 300 total (0 active), Execution time: mean = 5.07ms, total = 1521.96ms, Queueing time: mean = 5.16ms, max = 1521.87ms, min = 0.00ms, total = 1547.50ms
	RayletLoadPulled - 179 total (1 active), Execution time: mean = 0.26ms, total = 45.80ms, Queueing time: mean = 6.99ms, max = 297.72ms, min = 0.01ms, total = 1250.59ms
	NodeManagerService.grpc_client.GetResourceLoad.OnReplyReceived - 165 total (0 active), Execution time: mean = 0.06ms, total = 9.45ms, Queueing time: mean = 3.56ms, max = 96.21ms, min = 0.01ms, total = 586.62ms
	NodeManagerService.grpc_client.GetResourceLoad - 165 total (0 active), Execution time: mean = 65.82ms, total = 10859.85ms, Queueing time: mean = 0.00ms, max = -0.00ms, min = 9223372036854.78ms, total = 0.00ms
	GcsInMemoryStore.Get - 151 total (0 active), Execution time: mean = 0.01ms, total = 1.65ms, Queueing time: mean = 0.01ms, max = 0.11ms, min = 0.01ms, total = 2.12ms
	InternalKVGcsService.grpc_server.InternalKVGet.HandleRequestImpl - 150 total (0 active), Execution time: mean = 0.07ms, total = 9.86ms, Queueing time: mean = 0.68ms, max = 95.88ms, min = 0.01ms, total = 101.30ms
	InternalKVGcsService.grpc_server.InternalKVGet - 150 total (0 active), Execution time: mean = 2.36ms, total = 353.79ms, Queueing time: mean = 0.00ms, max = -0.00ms, min = 9223372036854.78ms, total = 0.00ms
	InternalKVGcsService.grpc_server.InternalKVPut.HandleRequestImpl - 80 total (0 active), Execution time: mean = 0.07ms, total = 5.23ms, Queueing time: mean = 4.84ms, max = 96.13ms, min = 0.01ms, total = 387.01ms
	InternalKVGcsService.grpc_server.InternalKVPut - 80 total (0 active), Execution time: mean = 8.93ms, total = 714.63ms, Queueing time: mean = 0.00ms, max = -0.00ms, min = 9223372036854.78ms, total = 0.00ms
	ClusterResourceManager.ResetRemoteNodeView - 60 total (1 active), Execution time: mean = 0.01ms, total = 0.62ms, Queueing time: mean = 2.86ms, max = 95.89ms, min = 0.01ms, total = 171.88ms
	HealthCheck - 54 total (0 active), Execution time: mean = 0.01ms, total = 0.38ms, Queueing time: mean = 3.68ms, max = 96.16ms, min = 0.01ms, total = 198.68ms
	GCSServer.deadline_timer.metrics_report - 36 total (1 active), Execution time: mean = 0.22ms, total = 7.92ms, Queueing time: mean = 4.60ms, max = 95.50ms, min = 0.01ms, total = 165.51ms
	NodeInfoGcsService.grpc_server.CheckAlive - 36 total (0 active), Execution time: mean = 3.28ms, total = 117.92ms, Queueing time: mean = 0.00ms, max = -0.00ms, min = 9223372036854.78ms, total = 0.00ms
	NodeInfoGcsService.grpc_server.CheckAlive.HandleRequestImpl - 36 total (0 active), Execution time: mean = 0.02ms, total = 0.87ms, Queueing time: mean = 0.06ms, max = 0.31ms, min = 0.01ms, total = 2.10ms
	AutoscalerStateService.grpc_server.GetClusterResourceState - 35 total (0 active), Execution time: mean = 0.58ms, total = 20.42ms, Queueing time: mean = 0.00ms, max = -0.00ms, min = 9223372036854.78ms, total = 0.00ms
	AutoscalerStateService.grpc_server.GetClusterResourceState.HandleRequestImpl - 35 total (0 active), Execution time: mean = 0.06ms, total = 1.97ms, Queueing time: mean = 0.06ms, max = 0.70ms, min = 0.01ms, total = 2.07ms
	NodeResourceInfoGcsService.grpc_server.GetAllResourceUsage.HandleRequestImpl - 35 total (0 active), Execution time: mean = 0.07ms, total = 2.33ms, Queueing time: mean = 0.14ms, max = 1.38ms, min = 0.01ms, total = 4.78ms
	NodeResourceInfoGcsService.grpc_server.GetAllResourceUsage - 35 total (0 active), Execution time: mean = 3.54ms, total = 123.88ms, Queueing time: mean = 0.00ms, max = -0.00ms, min = 9223372036854.78ms, total = 0.00ms
	ReporterService.grpc_client.HealthCheck.OnReplyReceived - 31 total (0 active), Execution time: mean = 0.16ms, total = 5.10ms, Queueing time: mean = 52.09ms, max = 1517.54ms, min = 0.02ms, total = 1614.71ms
	ReporterService.grpc_client.HealthCheck - 31 total (0 active), Execution time: mean = 3.62ms, total = 112.34ms, Queueing time: mean = 0.00ms, max = -0.00ms, min = 9223372036854.78ms, total = 0.00ms
	MetricsAgentClient.WaitForServerReadyWithRetry - 30 total (0 active), Execution time: mean = 0.27ms, total = 8.13ms, Queueing time: mean = 1008.67ms, max = 1097.53ms, min = 1000.02ms, total = 30260.04ms
	event_loop_lag_probe - 20 total (0 active), Execution time: mean = 0.01ms, total = 0.24ms, Queueing time: mean = 0.74ms, max = 14.25ms, min = 0.00ms, total = 14.88ms
	GCSServer.deadline_timer.gcs_global_gc - 18 total (1 active), Execution time: mean = 0.01ms, total = 0.15ms, Queueing time: mean = 3.93ms, max = 66.72ms, min = 0.02ms, total = 70.71ms
	GcsInMemoryStore.GetAll - 6 total (0 active), Execution time: mean = 0.01ms, total = 0.06ms, Queueing time: mean = 0.06ms, max = 0.07ms, min = 0.01ms, total = 0.34ms
	PeriodicalRunner.RunFnPeriodically - 5 total (0 active), Execution time: mean = 0.11ms, total = 0.54ms, Queueing time: mean = 610.50ms, max = 1522.53ms, min = 2.26ms, total = 3052.48ms
	NodeInfoGcsService.grpc_server.GetClusterId - 4 total (0 active), Execution time: mean = 2.91ms, total = 11.62ms, Queueing time: mean = 0.00ms, max = -0.00ms, min = 9223372036854.78ms, total = 0.00ms
	NodeInfoGcsService.grpc_server.GetClusterId.HandleRequestImpl - 4 total (0 active), Execution time: mean = 0.54ms, total = 2.15ms, Queueing time: mean = 0.45ms, max = 1.73ms, min = 0.02ms, total = 1.81ms
	GCSServer.deadline_timer.debug_state_event_stats_print - 3 total (1 active, 1 running), Execution time: mean = 1.18ms, total = 3.54ms, Queueing time: mean = 22.37ms, max = 67.10ms, min = 0.03ms, total = 67.12ms
	NodeInfoGcsService.grpc_server.GetAllNodeInfo.HandleRequestImpl - 2 total (0 active), Execution time: mean = 0.04ms, total = 0.08ms, Queueing time: mean = 0.02ms, max = 0.03ms, min = 0.01ms, total = 0.04ms
	NodeInfoGcsService.grpc_server.GetAllNodeInfo - 2 total (0 active), Execution time: mean = 0.36ms, total = 0.71ms, Queueing time: mean = 0.00ms, max = -0.00ms, min = 9223372036854.78ms, total = 0.00ms
	GcsInMemoryStore.Delete - 1 total (0 active), Execution time: mean = 0.01ms, total = 0.01ms, Queueing time: mean = 0.01ms, max = 0.01ms, min = 0.01ms, total = 0.01ms
	NodeManager.AddNodeCallback - 1 total (0 active), Execution time: mean = 0.45ms, total = 0.45ms, Queueing time: mean = 0.13ms, max = 0.13ms, min = 0.13ms, total = 0.13ms
	InternalKVGcsService.grpc_server.InternalKVDel - 1 total (0 active), Execution time: mean = 0.45ms, total = 0.45ms, Queueing time: mean = 0.00ms, max = -0.00ms, min = 9223372036854.78ms, total = 0.00ms
	JobInfoGcsService.grpc_server.GetAllJobInfo - 1 total (0 active), Execution time: mean = 0.35ms, total = 0.35ms, Queueing time: mean = 0.00ms, max = -0.00ms, min = 9223372036854.78ms, total = 0.00ms
	JobInfoGcsService.grpc_server.GetNextJobID.HandleRequestImpl - 1 total (0 active), Execution time: mean = 0.02ms, total = 0.02ms, Queueing time: mean = 0.02ms, max = 0.02ms, min = 0.02ms, total = 0.02ms
	JobInfoGcsService.grpc_server.GetNextJobID - 1 total (0 active), Execution time: mean = 0.35ms, total = 0.35ms, Queueing time: mean = 0.00ms, max = -0.00ms, min = 9223372036854.78ms, total = 0.00ms
	GcsHealthCheckManager::AddNode - 1 total (0 active), Execution time: mean = 0.02ms, total = 0.02ms, Queueing time: mean = 0.00ms, max = 0.00ms, min = 0.00ms, total = 0.00ms
	NodeInfoGcsService.grpc_server.GetAllNodeAddressAndLiveness - 1 total (0 active), Execution time: mean = 0.37ms, total = 0.37ms, Queueing time: mean = 0.00ms, max = -0.00ms, min = 9223372036854.78ms, total = 0.00ms
	JobInfoGcsService.grpc_server.GetAllJobInfo.HandleRequestImpl - 1 total (0 active), Execution time: mean = 0.04ms, total = 0.04ms, Queueing time: mean = 0.02ms, max = 0.02ms, min = 0.02ms, total = 0.02ms
	GcsResourceManager::Update - 1 total (0 active), Execution time: mean = 0.08ms, total = 0.08ms, Queueing time: mean = 0.01ms, max = 0.01ms, min = 0.01ms, total = 0.01ms
	NodeInfoGcsService.grpc_server.RegisterNode.HandleRequestImpl - 1 total (0 active), Execution time: mean = 0.23ms, total = 0.23ms, Queueing time: mean = 0.02ms, max = 0.02ms, min = 0.02ms, total = 0.02ms
	InternalKVGcsService.grpc_server.InternalKVDel.HandleRequestImpl - 1 total (0 active), Execution time: mean = 0.06ms, total = 0.06ms, Queueing time: mean = 0.01ms, max = 0.01ms, min = 0.01ms, total = 0.01ms
	InternalKVGcsService.grpc_server.GetInternalConfig.HandleRequestImpl - 1 total (0 active), Execution time: mean = 0.10ms, total = 0.10ms, Queueing time: mean = 0.02ms, max = 0.02ms, min = 0.02ms, total = 0.02ms
	NodeInfoGcsService.grpc_server.GetAllNodeAddressAndLiveness.HandleRequestImpl - 1 total (0 active), Execution time: mean = 0.01ms, total = 0.01ms, Queueing time: mean = 0.01ms, max = 0.01ms, min = 0.01ms, total = 0.01ms
	GcsHealthCheckManager::MarkNodeHealthy - 1 total (0 active), Execution time: mean = 0.00ms, total = 0.00ms, Queueing time: mean = 0.01ms, max = 0.01ms, min = 0.01ms, total = 0.01ms
	GcsInitData::AsyncLoad - 1 total (0 active), Execution time: mean = 0.01ms, total = 0.01ms, Queueing time: mean = 0.00ms, max = 0.00ms, min = 0.00ms, total = 0.00ms
	InternalKVGcsService.grpc_server.GetInternalConfig - 1 total (0 active), Execution time: mean = 0.65ms, total = 0.65ms, Queueing time: mean = 0.00ms, max = -0.00ms, min = 9223372036854.78ms, total = 0.00ms
	GcsInMemoryStore.GetNextJobID - 1 total (0 active), Execution time: mean = 0.01ms, total = 0.01ms, Queueing time: mean = 0.01ms, max = 0.01ms, min = 0.01ms, total = 0.01ms
	NodeInfoGcsService.grpc_server.RegisterNode - 1 total (0 active), Execution time: mean = 0.64ms, total = 0.64ms, Queueing time: mean = 0.00ms, max = -0.00ms, min = 9223372036854.78ms, total = 0.00ms
	GcsServer.GetOrGenerateClusterId.continuation - 1 total (0 active), Execution time: mean = 1520.34ms, total = 1520.34ms, Queueing time: mean = 0.00ms, max = 0.00ms, min = 0.00ms, total = 0.00ms


[2026-06-04 22:31:10,494 I 512 512] (gcs_server) gcs_server.cc:940: task_io_context Event stats:


Global stats: 58 total (1 active)
Queueing time: mean = 1.60ms, max = 89.27ms, min = 0.00ms, total = 92.81ms
Execution time:  mean = 0.02ms, total = 1.10ms
Event stats:
	GcsTaskManager.GcJobSummary - 37 total (1 active), Execution time: mean = 0.01ms, total = 0.41ms, Queueing time: mean = 2.49ms, max = 89.27ms, min = 0.02ms, total = 92.07ms
	event_loop_lag_probe - 20 total (0 active), Execution time: mean = 0.03ms, total = 0.68ms, Queueing time: mean = 0.04ms, max = 0.50ms, min = 0.00ms, total = 0.72ms
	PeriodicalRunner.RunFnPeriodically - 1 total (0 active), Execution time: mean = 0.02ms, total = 0.02ms, Queueing time: mean = 0.02ms, max = 0.02ms, min = 0.02ms, total = 0.02ms


[2026-06-04 22:31:10,494 I 512 512] (gcs_server) gcs_server.cc:940: pubsub_io_context Event stats:


Global stats: 188 total (2 active)
Queueing time: mean = 1.67ms, max = 95.93ms, min = 0.00ms, total = 314.16ms
Execution time:  mean = 3.79ms, total = 713.35ms
Event stats:
	InternalPubSubGcsService.grpc_server.GcsPublish - 80 total (0 active), Execution time: mean = 8.78ms, total = 702.51ms, Queueing time: mean = 0.00ms, max = -0.00ms, min = 9223372036854.78ms, total = 0.00ms
	InternalPubSubGcsService.grpc_server.GcsPublish.HandleRequestImpl - 80 total (0 active), Execution time: mean = 0.12ms, total = 9.27ms, Queueing time: mean = 3.64ms, max = 95.93ms, min = 0.01ms, total = 291.05ms
	event_loop_lag_probe - 20 total (0 active), Execution time: mean = 0.03ms, total = 0.51ms, Queueing time: mean = 0.77ms, max = 15.11ms, min = 0.00ms, total = 15.43ms
	InternalPubSubGcsService.grpc_server.GcsSubscriberCommandBatch - 2 total (0 active), Execution time: mean = 0.37ms, total = 0.74ms, Queueing time: mean = 0.00ms, max = -0.00ms, min = 9223372036854.78ms, total = 0.00ms
	InternalPubSubGcsService.grpc_server.GcsSubscriberCommandBatch.HandleRequestImpl - 2 total (0 active), Execution time: mean = 0.10ms, total = 0.21ms, Queueing time: mean = 0.02ms, max = 0.03ms, min = 0.01ms, total = 0.04ms
	InternalPubSubGcsService.grpc_server.GcsSubscriberPoll - 1 total (1 active), Execution time: mean = 0.00ms, total = 0.00ms, Queueing time: mean = 0.00ms, max = -0.00ms, min = 9223372036854.78ms, total = 0.00ms
	PeriodicalRunner.RunFnPeriodically - 1 total (0 active), Execution time: mean = 0.06ms, total = 0.06ms, Queueing time: mean = 7.44ms, max = 7.44ms, min = 7.44ms, total = 7.44ms
	InternalPubSubGcsService.grpc_server.GcsSubscriberPoll.HandleRequestImpl - 1 total (0 active), Execution time: mean = 0.04ms, total = 0.04ms, Queueing time: mean = 0.19ms, max = 0.19ms, min = 0.19ms, total = 0.19ms
	Publisher.CheckDeadSubscribers - 1 total (1 active), Execution time: mean = 0.00ms, total = 0.00ms, Queueing time: mean = 0.00ms, max = -0.00ms, min = 9223372036854.78ms, total = 0.00ms


[2026-06-04 22:31:10,494 I 512 512] (gcs_server) gcs_server.cc:940: ray_syncer_io_context Event stats:


Global stats: 24 total (0 active)
Queueing time: mean = 0.04ms, max = 0.61ms, min = 0.00ms, total = 0.95ms
Execution time:  mean = 0.04ms, total = 0.84ms
Event stats:
	event_loop_lag_probe - 20 total (0 active), Execution time: mean = 0.03ms, total = 0.66ms, Queueing time: mean = 0.04ms, max = 0.61ms, min = 0.01ms, total = 0.85ms
	RaySyncerRegister - 2 total (0 active), Execution time: mean = 0.00ms, total = 0.00ms, Queueing time: mean = 0.04ms, max = 0.06ms, min = 0.01ms, total = 0.08ms
	RaySyncer.BroadcastMessage - 1 total (0 active), Execution time: mean = 0.02ms, total = 0.02ms, Queueing time: mean = 0.00ms, max = 0.00ms, min = 0.00ms, total = 0.00ms
	 - 1 total (0 active), Execution time: mean = 0.16ms, total = 0.16ms, Queueing time: mean = 0.02ms, max = 0.02ms, min = 0.02ms, total = 0.02ms


[2026-06-04 22:31:10,494 I 512 512] (gcs_server) gcs_server.cc:940: ray_event_io_context Event stats:


Global stats: 20 total (0 active)
Queueing time: mean = 0.42ms, max = 8.24ms, min = 0.00ms, total = 8.43ms
Execution time:  mean = 0.02ms, total = 0.48ms
Event stats:
	event_loop_lag_probe - 20 total (0 active), Execution time: mean = 0.02ms, total = 0.48ms, Queueing time: mean = 0.42ms, max = 8.24ms, min = 0.00ms, total = 8.43ms


[2026-06-04 22:32:10,495 I 512 512] (gcs_server) gcs_server.cc:922: Gcs Debug state:

GcsNodeManager: 
- RegisterNode request count: 1
- DrainNode request count: 0
- GetAllNodeInfo request count: 3

GcsActorManager: 
- RegisterActor request count: 0
- CreateActor request count: 0
- GetActorInfo request count: 0
- GetNamedActorInfo request count: 0
- GetAllActorInfo request count: 0
- KillActor request count: 0
- ListNamedActors request count: 0
- Registered actors count: 0
- Destroyed actors count: 0
- Named actors count: 0
- Unresolved actors count: 0
- Pending actors count: 0
- Created actors count: 0
- owners_: 0
- actor_to_register_callbacks_: 0
- actor_to_restart_for_lineage_reconstruction_callbacks_: 0
- actor_to_create_callbacks_: 0
- sorted_destroyed_actor_list_: 0

GcsResourceManager: 
- GetAllAvailableResources request count: 0
- GetAllTotalResources request count: 0
- GetAllResourceUsage request count: 47

GcsPlacementGroupManager: 
- CreatePlacementGroup request count: 0
- RemovePlacementGroup request count: 0
- GetPlacementGroup request count: 0
- GetAllPlacementGroup request count: 0
- WaitPlacementGroupUntilReady request count: 0
- GetNamedPlacementGroup request count: 0
- Scheduling pending placement group count: 0
- Registered placement groups count: 0
- Named placement group count: 0
- Pending placement groups count: 0
- Infeasible placement groups count: 0

Publisher:
GCS_NODE_INFO_CHANNEL
- cumulative published messages: 1
- cumulative published bytes: 499
- current buffered bytes: 0
GCS_NODE_ADDRESS_AND_LIVENESS_CHANNEL
- cumulative published messages: 1
- cumulative published bytes: 92
- current buffered bytes: 0
RAY_LOG_CHANNEL
- cumulative published messages: 92
- cumulative published bytes: 83708
- current buffered bytes: 0

[runtime env manager] ID to URIs table:
[runtime env manager] URIs reference table:

GcsTaskManager: 
-Total num task events reported: 0
-Total num status task events dropped: 0
-Total num profile events dropped: 0
-Current num of task events stored: 0
-Total num of actor creation tasks: 0
-Total num of actor tasks: 0
-Total num of normal tasks: 0
-Total num of driver tasks: 0

GcsAutoscalerStateManager: 
- last_seen_autoscaler_state_version_: 0
- last_cluster_resource_state_version_: 47
- pending demands:



[2026-06-04 22:32:10,495 I 512 512] (gcs_server) gcs_server.cc:936: Main service Event stats:


Global stats: 2457 total (5 active)
Queueing time: mean = 16.08ms, max = 1522.53ms, min = 0.00ms, total = 39517.87ms
Execution time:  mean = 6.36ms, total = 15614.95ms
Event stats:
	GcsInMemoryStore.Put - 396 total (0 active), Execution time: mean = 3.84ms, total = 1522.30ms, Queueing time: mean = 3.92ms, max = 1521.87ms, min = 0.00ms, total = 1553.90ms
	RayletLoadPulled - 239 total (1 active), Execution time: mean = 0.28ms, total = 65.91ms, Queueing time: mean = 5.24ms, max = 297.72ms, min = 0.01ms, total = 1252.72ms
	NodeManagerService.grpc_client.GetResourceLoad.OnReplyReceived - 225 total (0 active), Execution time: mean = 0.06ms, total = 12.58ms, Queueing time: mean = 2.62ms, max = 96.21ms, min = 0.01ms, total = 588.52ms
	NodeManagerService.grpc_client.GetResourceLoad - 225 total (0 active), Execution time: mean = 48.65ms, total = 10945.16ms, Queueing time: mean = 0.00ms, max = -0.00ms, min = 9223372036854.78ms, total = 0.00ms
	GcsInMemoryStore.Get - 163 total (0 active), Execution time: mean = 0.01ms, total = 1.84ms, Queueing time: mean = 0.01ms, max = 0.11ms, min = 0.01ms, total = 2.31ms
	InternalKVGcsService.grpc_server.InternalKVGet.HandleRequestImpl - 162 total (0 active), Execution time: mean = 0.07ms, total = 11.16ms, Queueing time: mean = 0.63ms, max = 95.88ms, min = 0.01ms, total = 101.51ms
	InternalKVGcsService.grpc_server.InternalKVGet - 162 total (0 active), Execution time: mean = 2.22ms, total = 359.41ms, Queueing time: mean = 0.00ms, max = -0.00ms, min = 9223372036854.78ms, total = 0.00ms
	InternalKVGcsService.grpc_server.InternalKVPut.HandleRequestImpl - 104 total (0 active), Execution time: mean = 0.06ms, total = 6.56ms, Queueing time: mean = 3.73ms, max = 96.13ms, min = 0.01ms, total = 387.42ms
	InternalKVGcsService.grpc_server.InternalKVPut - 104 total (0 active), Execution time: mean = 6.95ms, total = 722.39ms, Queueing time: mean = 0.00ms, max = -0.00ms, min = 9223372036854.78ms, total = 0.00ms
	ClusterResourceManager.ResetRemoteNodeView - 80 total (1 active), Execution time: mean = 0.01ms, total = 0.85ms, Queueing time: mean = 2.16ms, max = 95.89ms, min = 0.01ms, total = 172.59ms
	HealthCheck - 74 total (0 active), Execution time: mean = 0.01ms, total = 0.46ms, Queueing time: mean = 2.69ms, max = 96.16ms, min = 0.01ms, total = 199.20ms
	NodeInfoGcsService.grpc_server.CheckAlive - 49 total (0 active), Execution time: mean = 2.52ms, total = 123.36ms, Queueing time: mean = 0.00ms, max = -0.00ms, min = 9223372036854.78ms, total = 0.00ms
	NodeInfoGcsService.grpc_server.CheckAlive.HandleRequestImpl - 49 total (0 active), Execution time: mean = 0.02ms, total = 1.10ms, Queueing time: mean = 0.05ms, max = 0.31ms, min = 0.01ms, total = 2.49ms
	GCSServer.deadline_timer.metrics_report - 48 total (1 active), Execution time: mean = 0.22ms, total = 10.57ms, Queueing time: mean = 3.46ms, max = 95.50ms, min = 0.01ms, total = 165.85ms
	AutoscalerStateService.grpc_server.GetClusterResourceState - 47 total (0 active), Execution time: mean = 0.53ms, total = 24.97ms, Queueing time: mean = 0.00ms, max = -0.00ms, min = 9223372036854.78ms, total = 0.00ms
	AutoscalerStateService.grpc_server.GetClusterResourceState.HandleRequestImpl - 47 total (0 active), Execution time: mean = 0.05ms, total = 2.45ms, Queueing time: mean = 0.05ms, max = 0.70ms, min = 0.01ms, total = 2.28ms
	NodeResourceInfoGcsService.grpc_server.GetAllResourceUsage.HandleRequestImpl - 47 total (0 active), Execution time: mean = 0.07ms, total = 3.11ms, Queueing time: mean = 0.11ms, max = 1.38ms, min = 0.01ms, total = 5.16ms
	NodeResourceInfoGcsService.grpc_server.GetAllResourceUsage - 47 total (0 active), Execution time: mean = 2.77ms, total = 130.42ms, Queueing time: mean = 0.00ms, max = -0.00ms, min = 9223372036854.78ms, total = 0.00ms
	ReporterService.grpc_client.HealthCheck.OnReplyReceived - 31 total (0 active), Execution time: mean = 0.16ms, total = 5.10ms, Queueing time: mean = 52.09ms, max = 1517.54ms, min = 0.02ms, total = 1614.71ms
	ReporterService.grpc_client.HealthCheck - 31 total (0 active), Execution time: mean = 3.62ms, total = 112.34ms, Queueing time: mean = 0.00ms, max = -0.00ms, min = 9223372036854.78ms, total = 0.00ms
	MetricsAgentClient.WaitForServerReadyWithRetry - 30 total (0 active), Execution time: mean = 0.27ms, total = 8.13ms, Queueing time: mean = 1008.67ms, max = 1097.53ms, min = 1000.02ms, total = 30260.04ms
	event_loop_lag_probe - 26 total (0 active), Execution time: mean = 0.01ms, total = 0.31ms, Queueing time: mean = 0.57ms, max = 14.25ms, min = 0.00ms, total = 14.92ms
	GCSServer.deadline_timer.gcs_global_gc - 24 total (1 active), Execution time: mean = 0.01ms, total = 0.20ms, Queueing time: mean = 3.01ms, max = 66.72ms, min = 0.02ms, total = 72.14ms
	GcsInMemoryStore.GetAll - 6 total (0 active), Execution time: mean = 0.01ms, total = 0.06ms, Queueing time: mean = 0.06ms, max = 0.07ms, min = 0.01ms, total = 0.34ms
	PeriodicalRunner.RunFnPeriodically - 5 total (0 active), Execution time: mean = 0.11ms, total = 0.54ms, Queueing time: mean = 610.50ms, max = 1522.53ms, min = 2.26ms, total = 3052.48ms
	GCSServer.deadline_timer.debug_state_event_stats_print - 4 total (1 active, 1 running), Execution time: mean = 1.23ms, total = 4.92ms, Queueing time: mean = 16.79ms, max = 67.10ms, min = 0.03ms, total = 67.15ms
	NodeInfoGcsService.grpc_server.GetClusterId - 4 total (0 active), Execution time: mean = 2.91ms, total = 11.62ms, Queueing time: mean = 0.00ms, max = -0.00ms, min = 9223372036854.78ms, total = 0.00ms
	NodeInfoGcsService.grpc_server.GetClusterId.HandleRequestImpl - 4 total (0 active), Execution time: mean = 0.54ms, total = 2.15ms, Queueing time: mean = 0.45ms, max = 1.73ms, min = 0.02ms, total = 1.81ms
	NodeInfoGcsService.grpc_server.GetAllNodeInfo.HandleRequestImpl - 2 total (0 active), Execution time: mean = 0.04ms, total = 0.08ms, Queueing time: mean = 0.02ms, max = 0.03ms, min = 0.01ms, total = 0.04ms
	NodeInfoGcsService.grpc_server.GetAllNodeInfo - 2 total (0 active), Execution time: mean = 0.36ms, total = 0.71ms, Queueing time: mean = 0.00ms, max = -0.00ms, min = 9223372036854.78ms, total = 0.00ms
	GcsInMemoryStore.Delete - 1 total (0 active), Execution time: mean = 0.01ms, total = 0.01ms, Queueing time: mean = 0.01ms, max = 0.01ms, min = 0.01ms, total = 0.01ms
	NodeManager.AddNodeCallback - 1 total (0 active), Execution time: mean = 0.45ms, total = 0.45ms, Queueing time: mean = 0.13ms, max = 0.13ms, min = 0.13ms, total = 0.13ms
	InternalKVGcsService.grpc_server.InternalKVDel - 1 total (0 active), Execution time: mean = 0.45ms, total = 0.45ms, Queueing time: mean = 0.00ms, max = -0.00ms, min = 9223372036854.78ms, total = 0.00ms
	JobInfoGcsService.grpc_server.GetAllJobInfo - 1 total (0 active), Execution time: mean = 0.35ms, total = 0.35ms, Queueing time: mean = 0.00ms, max = -0.00ms, min = 9223372036854.78ms, total = 0.00ms
	JobInfoGcsService.grpc_server.GetNextJobID.HandleRequestImpl - 1 total (0 active), Execution time: mean = 0.02ms, total = 0.02ms, Queueing time: mean = 0.02ms, max = 0.02ms, min = 0.02ms, total = 0.02ms
	JobInfoGcsService.grpc_server.GetNextJobID - 1 total (0 active), Execution time: mean = 0.35ms, total = 0.35ms, Queueing time: mean = 0.00ms, max = -0.00ms, min = 9223372036854.78ms, total = 0.00ms
	GcsHealthCheckManager::AddNode - 1 total (0 active), Execution time: mean = 0.02ms, total = 0.02ms, Queueing time: mean = 0.00ms, max = 0.00ms, min = 0.00ms, total = 0.00ms
	NodeInfoGcsService.grpc_server.GetAllNodeAddressAndLiveness - 1 total (0 active), Execution time: mean = 0.37ms, total = 0.37ms, Queueing time: mean = 0.00ms, max = -0.00ms, min = 9223372036854.78ms, total = 0.00ms
	JobInfoGcsService.grpc_server.GetAllJobInfo.HandleRequestImpl - 1 total (0 active), Execution time: mean = 0.04ms, total = 0.04ms, Queueing time: mean = 0.02ms, max = 0.02ms, min = 0.02ms, total = 0.02ms
	GcsResourceManager::Update - 1 total (0 active), Execution time: mean = 0.08ms, total = 0.08ms, Queueing time: mean = 0.01ms, max = 0.01ms, min = 0.01ms, total = 0.01ms
	NodeInfoGcsService.grpc_server.RegisterNode.HandleRequestImpl - 1 total (0 active), Execution time: mean = 0.23ms, total = 0.23ms, Queueing time: mean = 0.02ms, max = 0.02ms, min = 0.02ms, total = 0.02ms
	InternalKVGcsService.grpc_server.InternalKVDel.HandleRequestImpl - 1 total (0 active), Execution time: mean = 0.06ms, total = 0.06ms, Queueing time: mean = 0.01ms, max = 0.01ms, min = 0.01ms, total = 0.01ms
	InternalKVGcsService.grpc_server.GetInternalConfig.HandleRequestImpl - 1 total (0 active), Execution time: mean = 0.10ms, total = 0.10ms, Queueing time: mean = 0.02ms, max = 0.02ms, min = 0.02ms, total = 0.02ms
	NodeInfoGcsService.grpc_server.GetAllNodeAddressAndLiveness.HandleRequestImpl - 1 total (0 active), Execution time: mean = 0.01ms, total = 0.01ms, Queueing time: mean = 0.01ms, max = 0.01ms, min = 0.01ms, total = 0.01ms
	GcsHealthCheckManager::MarkNodeHealthy - 1 total (0 active), Execution time: mean = 0.00ms, total = 0.00ms, Queueing time: mean = 0.01ms, max = 0.01ms, min = 0.01ms, total = 0.01ms
	GcsInitData::AsyncLoad - 1 total (0 active), Execution time: mean = 0.01ms, total = 0.01ms, Queueing time: mean = 0.00ms, max = 0.00ms, min = 0.00ms, total = 0.00ms
	InternalKVGcsService.grpc_server.GetInternalConfig - 1 total (0 active), Execution time: mean = 0.65ms, total = 0.65ms, Queueing time: mean = 0.00ms, max = -0.00ms, min = 9223372036854.78ms, total = 0.00ms
	GcsInMemoryStore.GetNextJobID - 1 total (0 active), Execution time: mean = 0.01ms, total = 0.01ms, Queueing time: mean = 0.01ms, max = 0.01ms, min = 0.01ms, total = 0.01ms
	NodeInfoGcsService.grpc_server.RegisterNode - 1 total (0 active), Execution time: mean = 0.64ms, total = 0.64ms, Queueing time: mean = 0.00ms, max = -0.00ms, min = 9223372036854.78ms, total = 0.00ms
	GcsServer.GetOrGenerateClusterId.continuation - 1 total (0 active), Execution time: mean = 1520.34ms, total = 1520.34ms, Queueing time: mean = 0.00ms, max = 0.00ms, min = 0.00ms, total = 0.00ms


[2026-06-04 22:32:10,496 I 512 512] (gcs_server) gcs_server.cc:940: task_io_context Event stats:


Global stats: 76 total (1 active)
Queueing time: mean = 1.23ms, max = 89.27ms, min = 0.00ms, total = 93.25ms
Execution time:  mean = 0.02ms, total = 1.35ms
Event stats:
	GcsTaskManager.GcJobSummary - 49 total (1 active), Execution time: mean = 0.01ms, total = 0.55ms, Queueing time: mean = 1.89ms, max = 89.27ms, min = 0.01ms, total = 92.45ms
	event_loop_lag_probe - 26 total (0 active), Execution time: mean = 0.03ms, total = 0.78ms, Queueing time: mean = 0.03ms, max = 0.50ms, min = 0.00ms, total = 0.78ms
	PeriodicalRunner.RunFnPeriodically - 1 total (0 active), Execution time: mean = 0.02ms, total = 0.02ms, Queueing time: mean = 0.02ms, max = 0.02ms, min = 0.02ms, total = 0.02ms


[2026-06-04 22:32:10,496 I 512 512] (gcs_server) gcs_server.cc:940: pubsub_io_context Event stats:


Global stats: 218 total (2 active)
Queueing time: mean = 1.44ms, max = 95.93ms, min = 0.00ms, total = 314.87ms
Execution time:  mean = 3.32ms, total = 722.72ms
Event stats:
	InternalPubSubGcsService.grpc_server.GcsPublish - 92 total (0 active), Execution time: mean = 7.71ms, total = 709.34ms, Queueing time: mean = 0.00ms, max = -0.00ms, min = 9223372036854.78ms, total = 0.00ms
	InternalPubSubGcsService.grpc_server.GcsPublish.HandleRequestImpl - 92 total (0 active), Execution time: mean = 0.13ms, total = 11.68ms, Queueing time: mean = 3.17ms, max = 95.93ms, min = 0.01ms, total = 291.68ms
	event_loop_lag_probe - 26 total (0 active), Execution time: mean = 0.02ms, total = 0.65ms, Queueing time: mean = 0.60ms, max = 15.11ms, min = 0.00ms, total = 15.52ms
	InternalPubSubGcsService.grpc_server.GcsSubscriberCommandBatch - 2 total (0 active), Execution time: mean = 0.37ms, total = 0.74ms, Queueing time: mean = 0.00ms, max = -0.00ms, min = 9223372036854.78ms, total = 0.00ms
	InternalPubSubGcsService.grpc_server.GcsSubscriberCommandBatch.HandleRequestImpl - 2 total (0 active), Execution time: mean = 0.10ms, total = 0.21ms, Queueing time: mean = 0.02ms, max = 0.03ms, min = 0.01ms, total = 0.04ms
	InternalPubSubGcsService.grpc_server.GcsSubscriberPoll - 1 total (1 active), Execution time: mean = 0.00ms, total = 0.00ms, Queueing time: mean = 0.00ms, max = -0.00ms, min = 9223372036854.78ms, total = 0.00ms
	PeriodicalRunner.RunFnPeriodically - 1 total (0 active), Execution time: mean = 0.06ms, total = 0.06ms, Queueing time: mean = 7.44ms, max = 7.44ms, min = 7.44ms, total = 7.44ms
	InternalPubSubGcsService.grpc_server.GcsSubscriberPoll.HandleRequestImpl - 1 total (0 active), Execution time: mean = 0.04ms, total = 0.04ms, Queueing time: mean = 0.19ms, max = 0.19ms, min = 0.19ms, total = 0.19ms
	Publisher.CheckDeadSubscribers - 1 total (1 active), Execution time: mean = 0.00ms, total = 0.00ms, Queueing time: mean = 0.00ms, max = -0.00ms, min = 9223372036854.78ms, total = 0.00ms


[2026-06-04 22:32:10,496 I 512 512] (gcs_server) gcs_server.cc:940: ray_syncer_io_context Event stats:


Global stats: 30 total (0 active)
Queueing time: mean = 0.03ms, max = 0.61ms, min = 0.00ms, total = 1.02ms
Execution time:  mean = 0.03ms, total = 0.98ms
Event stats:
	event_loop_lag_probe - 26 total (0 active), Execution time: mean = 0.03ms, total = 0.79ms, Queueing time: mean = 0.04ms, max = 0.61ms, min = 0.01ms, total = 0.92ms
	RaySyncerRegister - 2 total (0 active), Execution time: mean = 0.00ms, total = 0.00ms, Queueing time: mean = 0.04ms, max = 0.06ms, min = 0.01ms, total = 0.08ms
	RaySyncer.BroadcastMessage - 1 total (0 active), Execution time: mean = 0.02ms, total = 0.02ms, Queueing time: mean = 0.00ms, max = 0.00ms, min = 0.00ms, total = 0.00ms
	 - 1 total (0 active), Execution time: mean = 0.16ms, total = 0.16ms, Queueing time: mean = 0.02ms, max = 0.02ms, min = 0.02ms, total = 0.02ms


[2026-06-04 22:32:10,496 I 512 512] (gcs_server) gcs_server.cc:940: ray_event_io_context Event stats:


Global stats: 26 total (0 active)
Queueing time: mean = 0.33ms, max = 8.24ms, min = 0.00ms, total = 8.46ms
Execution time:  mean = 0.02ms, total = 0.55ms
Event stats:
	event_loop_lag_probe - 26 total (0 active), Execution time: mean = 0.02ms, total = 0.55ms, Queueing time: mean = 0.33ms, max = 8.24ms, min = 0.00ms, total = 8.46ms


[2026-06-04 22:33:10,496 I 512 512] (gcs_server) gcs_server.cc:922: Gcs Debug state:

GcsNodeManager: 
- RegisterNode request count: 1
- DrainNode request count: 0
- GetAllNodeInfo request count: 3

GcsActorManager: 
- RegisterActor request count: 0
- CreateActor request count: 0
- GetActorInfo request count: 0
- GetNamedActorInfo request count: 0
- GetAllActorInfo request count: 0
- KillActor request count: 0
- ListNamedActors request count: 0
- Registered actors count: 0
- Destroyed actors count: 0
- Named actors count: 0
- Unresolved actors count: 0
- Pending actors count: 0
- Created actors count: 0
- owners_: 0
- actor_to_register_callbacks_: 0
- actor_to_restart_for_lineage_reconstruction_callbacks_: 0
- actor_to_create_callbacks_: 0
- sorted_destroyed_actor_list_: 0

GcsResourceManager: 
- GetAllAvailableResources request count: 0
- GetAllTotalResources request count: 0
- GetAllResourceUsage request count: 58

GcsPlacementGroupManager: 
- CreatePlacementGroup request count: 0
- RemovePlacementGroup request count: 0
- GetPlacementGroup request count: 0
- GetAllPlacementGroup request count: 0
- WaitPlacementGroupUntilReady request count: 0
- GetNamedPlacementGroup request count: 0
- Scheduling pending placement group count: 0
- Registered placement groups count: 0
- Named placement group count: 0
- Pending placement groups count: 0
- Infeasible placement groups count: 0

Publisher:
GCS_NODE_INFO_CHANNEL
- cumulative published messages: 1
- cumulative published bytes: 499
- current buffered bytes: 0
GCS_NODE_ADDRESS_AND_LIVENESS_CHANNEL
- cumulative published messages: 1
- cumulative published bytes: 92
- current buffered bytes: 0
RAY_LOG_CHANNEL
- cumulative published messages: 103
- cumulative published bytes: 93124
- current buffered bytes: 0

[runtime env manager] ID to URIs table:
[runtime env manager] URIs reference table:

GcsTaskManager: 
-Total num task events reported: 0
-Total num status task events dropped: 0
-Total num profile events dropped: 0
-Current num of task events stored: 0
-Total num of actor creation tasks: 0
-Total num of actor tasks: 0
-Total num of normal tasks: 0
-Total num of driver tasks: 0

GcsAutoscalerStateManager: 
- last_seen_autoscaler_state_version_: 0
- last_cluster_resource_state_version_: 58
- pending demands:



[2026-06-04 22:33:10,497 I 512 512] (gcs_server) gcs_server.cc:936: Main service Event stats:


Global stats: 2943 total (5 active)
Queueing time: mean = 13.43ms, max = 1522.53ms, min = 0.00ms, total = 39533.25ms
Execution time:  mean = 5.35ms, total = 15753.47ms
Event stats:
	GcsInMemoryStore.Put - 490 total (0 active), Execution time: mean = 3.11ms, total = 1522.61ms, Queueing time: mean = 3.18ms, max = 1521.87ms, min = 0.00ms, total = 1560.23ms
	RayletLoadPulled - 299 total (1 active), Execution time: mean = 0.28ms, total = 82.62ms, Queueing time: mean = 4.20ms, max = 297.72ms, min = 0.01ms, total = 1254.85ms
	NodeManagerService.grpc_client.GetResourceLoad.OnReplyReceived - 285 total (0 active), Execution time: mean = 0.06ms, total = 15.83ms, Queueing time: mean = 2.07ms, max = 96.21ms, min = 0.01ms, total = 590.36ms
	NodeManagerService.grpc_client.GetResourceLoad - 285 total (0 active), Execution time: mean = 38.69ms, total = 11027.82ms, Queueing time: mean = 0.00ms, max = -0.00ms, min = 9223372036854.78ms, total = 0.00ms
	GcsInMemoryStore.Get - 174 total (0 active), Execution time: mean = 0.01ms, total = 2.01ms, Queueing time: mean = 0.01ms, max = 0.11ms, min = 0.01ms, total = 2.48ms
	InternalKVGcsService.grpc_server.InternalKVGet.HandleRequestImpl - 173 total (0 active), Execution time: mean = 0.07ms, total = 12.49ms, Queueing time: mean = 0.59ms, max = 95.88ms, min = 0.01ms, total = 101.70ms
	InternalKVGcsService.grpc_server.InternalKVGet - 173 total (0 active), Execution time: mean = 2.10ms, total = 363.90ms, Queueing time: mean = 0.00ms, max = -0.00ms, min = 9223372036854.78ms, total = 0.00ms
	InternalKVGcsService.grpc_server.InternalKVPut.HandleRequestImpl - 126 total (0 active), Execution time: mean = 0.06ms, total = 7.77ms, Queueing time: mean = 3.08ms, max = 96.13ms, min = 0.01ms, total = 387.81ms
	InternalKVGcsService.grpc_server.InternalKVPut - 126 total (0 active), Execution time: mean = 5.79ms, total = 729.49ms, Queueing time: mean = 0.00ms, max = -0.00ms, min = 9223372036854.78ms, total = 0.00ms
	ClusterResourceManager.ResetRemoteNodeView - 100 total (1 active), Execution time: mean = 0.01ms, total = 1.08ms, Queueing time: mean = 1.73ms, max = 95.89ms, min = 0.01ms, total = 173.37ms
	HealthCheck - 94 total (0 active), Execution time: mean = 0.01ms, total = 0.54ms, Queueing time: mean = 2.13ms, max = 96.16ms, min = 0.01ms, total = 200.00ms
	NodeInfoGcsService.grpc_server.CheckAlive - 62 total (0 active), Execution time: mean = 2.08ms, total = 128.83ms, Queueing time: mean = 0.00ms, max = -0.00ms, min = 9223372036854.78ms, total = 0.00ms
	NodeInfoGcsService.grpc_server.CheckAlive.HandleRequestImpl - 62 total (0 active), Execution time: mean = 0.02ms, total = 1.33ms, Queueing time: mean = 0.05ms, max = 0.31ms, min = 0.01ms, total = 2.86ms
	GCSServer.deadline_timer.metrics_report - 60 total (1 active), Execution time: mean = 0.22ms, total = 13.14ms, Queueing time: mean = 2.77ms, max = 95.50ms, min = 0.01ms, total = 166.18ms
	AutoscalerStateService.grpc_server.GetClusterResourceState - 58 total (0 active), Execution time: mean = 0.51ms, total = 29.34ms, Queueing time: mean = 0.00ms, max = -0.00ms, min = 9223372036854.78ms, total = 0.00ms
	AutoscalerStateService.grpc_server.GetClusterResourceState.HandleRequestImpl - 58 total (0 active), Execution time: mean = 0.05ms, total = 2.86ms, Queueing time: mean = 0.04ms, max = 0.70ms, min = 0.01ms, total = 2.47ms
	NodeResourceInfoGcsService.grpc_server.GetAllResourceUsage.HandleRequestImpl - 58 total (0 active), Execution time: mean = 0.07ms, total = 3.80ms, Queueing time: mean = 0.10ms, max = 1.38ms, min = 0.01ms, total = 5.54ms
	NodeResourceInfoGcsService.grpc_server.GetAllResourceUsage - 58 total (0 active), Execution time: mean = 2.35ms, total = 136.12ms, Queueing time: mean = 0.00ms, max = -0.00ms, min = 9223372036854.78ms, total = 0.00ms
	event_loop_lag_probe - 32 total (0 active), Execution time: mean = 0.01ms, total = 0.39ms, Queueing time: mean = 0.47ms, max = 14.25ms, min = 0.00ms, total = 14.97ms
	ReporterService.grpc_client.HealthCheck.OnReplyReceived - 31 total (0 active), Execution time: mean = 0.16ms, total = 5.10ms, Queueing time: mean = 52.09ms, max = 1517.54ms, min = 0.02ms, total = 1614.71ms
	ReporterService.grpc_client.HealthCheck - 31 total (0 active), Execution time: mean = 3.62ms, total = 112.34ms, Queueing time: mean = 0.00ms, max = -0.00ms, min = 9223372036854.78ms, total = 0.00ms
	GCSServer.deadline_timer.gcs_global_gc - 30 total (1 active), Execution time: mean = 0.01ms, total = 0.24ms, Queueing time: mean = 2.45ms, max = 66.72ms, min = 0.02ms, total = 73.53ms
	MetricsAgentClient.WaitForServerReadyWithRetry - 30 total (0 active), Execution time: mean = 0.27ms, total = 8.13ms, Queueing time: mean = 1008.67ms, max = 1097.53ms, min = 1000.02ms, total = 30260.04ms
	GcsInMemoryStore.GetAll - 6 total (0 active), Execution time: mean = 0.01ms, total = 0.06ms, Queueing time: mean = 0.06ms, max = 0.07ms, min = 0.01ms, total = 0.34ms
	GCSServer.deadline_timer.debug_state_event_stats_print - 5 total (1 active, 1 running), Execution time: mean = 1.27ms, total = 6.34ms, Queueing time: mean = 13.44ms, max = 67.10ms, min = 0.03ms, total = 67.18ms
	PeriodicalRunner.RunFnPeriodically - 5 total (0 active), Execution time: mean = 0.11ms, total = 0.54ms, Queueing time: mean = 610.50ms, max = 1522.53ms, min = 2.26ms, total = 3052.48ms
	NodeInfoGcsService.grpc_server.GetClusterId - 4 total (0 active), Execution time: mean = 2.91ms, total = 11.62ms, Queueing time: mean = 0.00ms, max = -0.00ms, min = 9223372036854.78ms, total = 0.00ms
	NodeInfoGcsService.grpc_server.GetClusterId.HandleRequestImpl - 4 total (0 active), Execution time: mean = 0.54ms, total = 2.15ms, Queueing time: mean = 0.45ms, max = 1.73ms, min = 0.02ms, total = 1.81ms
	NodeInfoGcsService.grpc_server.GetAllNodeInfo.HandleRequestImpl - 2 total (0 active), Execution time: mean = 0.04ms, total = 0.08ms, Queueing time: mean = 0.02ms, max = 0.03ms, min = 0.01ms, total = 0.04ms
	NodeInfoGcsService.grpc_server.GetAllNodeInfo - 2 total (0 active), Execution time: mean = 0.36ms, total = 0.71ms, Queueing time: mean = 0.00ms, max = -0.00ms, min = 9223372036854.78ms, total = 0.00ms
	GcsInMemoryStore.Delete - 1 total (0 active), Execution time: mean = 0.01ms, total = 0.01ms, Queueing time: mean = 0.01ms, max = 0.01ms, min = 0.01ms, total = 0.01ms
	NodeManager.AddNodeCallback - 1 total (0 active), Execution time: mean = 0.45ms, total = 0.45ms, Queueing time: mean = 0.13ms, max = 0.13ms, min = 0.13ms, total = 0.13ms
	InternalKVGcsService.grpc_server.InternalKVDel - 1 total (0 active), Execution time: mean = 0.45ms, total = 0.45ms, Queueing time: mean = 0.00ms, max = -0.00ms, min = 9223372036854.78ms, total = 0.00ms
	JobInfoGcsService.grpc_server.GetAllJobInfo - 1 total (0 active), Execution time: mean = 0.35ms, total = 0.35ms, Queueing time: mean = 0.00ms, max = -0.00ms, min = 9223372036854.78ms, total = 0.00ms
	JobInfoGcsService.grpc_server.GetNextJobID.HandleRequestImpl - 1 total (0 active), Execution time: mean = 0.02ms, total = 0.02ms, Queueing time: mean = 0.02ms, max = 0.02ms, min = 0.02ms, total = 0.02ms
	JobInfoGcsService.grpc_server.GetNextJobID - 1 total (0 active), Execution time: mean = 0.35ms, total = 0.35ms, Queueing time: mean = 0.00ms, max = -0.00ms, min = 9223372036854.78ms, total = 0.00ms
	GcsHealthCheckManager::AddNode - 1 total (0 active), Execution time: mean = 0.02ms, total = 0.02ms, Queueing time: mean = 0.00ms, max = 0.00ms, min = 0.00ms, total = 0.00ms
	NodeInfoGcsService.grpc_server.GetAllNodeAddressAndLiveness - 1 total (0 active), Execution time: mean = 0.37ms, total = 0.37ms, Queueing time: mean = 0.00ms, max = -0.00ms, min = 9223372036854.78ms, total = 0.00ms
	JobInfoGcsService.grpc_server.GetAllJobInfo.HandleRequestImpl - 1 total (0 active), Execution time: mean = 0.04ms, total = 0.04ms, Queueing time: mean = 0.02ms, max = 0.02ms, min = 0.02ms, total = 0.02ms
	GcsResourceManager::Update - 1 total (0 active), Execution time: mean = 0.08ms, total = 0.08ms, Queueing time: mean = 0.01ms, max = 0.01ms, min = 0.01ms, total = 0.01ms
	NodeInfoGcsService.grpc_server.RegisterNode.HandleRequestImpl - 1 total (0 active), Execution time: mean = 0.23ms, total = 0.23ms, Queueing time: mean = 0.02ms, max = 0.02ms, min = 0.02ms, total = 0.02ms
	InternalKVGcsService.grpc_server.InternalKVDel.HandleRequestImpl - 1 total (0 active), Execution time: mean = 0.06ms, total = 0.06ms, Queueing time: mean = 0.01ms, max = 0.01ms, min = 0.01ms, total = 0.01ms
	InternalKVGcsService.grpc_server.GetInternalConfig.HandleRequestImpl - 1 total (0 active), Execution time: mean = 0.10ms, total = 0.10ms, Queueing time: mean = 0.02ms, max = 0.02ms, min = 0.02ms, total = 0.02ms
	NodeInfoGcsService.grpc_server.GetAllNodeAddressAndLiveness.HandleRequestImpl - 1 total (0 active), Execution time: mean = 0.01ms, total = 0.01ms, Queueing time: mean = 0.01ms, max = 0.01ms, min = 0.01ms, total = 0.01ms
	GcsHealthCheckManager::MarkNodeHealthy - 1 total (0 active), Execution time: mean = 0.00ms, total = 0.00ms, Queueing time: mean = 0.01ms, max = 0.01ms, min = 0.01ms, total = 0.01ms
	GcsInitData::AsyncLoad - 1 total (0 active), Execution time: mean = 0.01ms, total = 0.01ms, Queueing time: mean = 0.00ms, max = 0.00ms, min = 0.00ms, total = 0.00ms
	InternalKVGcsService.grpc_server.GetInternalConfig - 1 total (0 active), Execution time: mean = 0.65ms, total = 0.65ms, Queueing time: mean = 0.00ms, max = -0.00ms, min = 9223372036854.78ms, total = 0.00ms
	GcsInMemoryStore.GetNextJobID - 1 total (0 active), Execution time: mean = 0.01ms, total = 0.01ms, Queueing time: mean = 0.01ms, max = 0.01ms, min = 0.01ms, total = 0.01ms
	NodeInfoGcsService.grpc_server.RegisterNode - 1 total (0 active), Execution time: mean = 0.64ms, total = 0.64ms, Queueing time: mean = 0.00ms, max = -0.00ms, min = 9223372036854.78ms, total = 0.00ms
	GcsServer.GetOrGenerateClusterId.continuation - 1 total (0 active), Execution time: mean = 1520.34ms, total = 1520.34ms, Queueing time: mean = 0.00ms, max = 0.00ms, min = 0.00ms, total = 0.00ms


[2026-06-04 22:33:10,497 I 512 512] (gcs_server) gcs_server.cc:940: task_io_context Event stats:


Global stats: 94 total (1 active)
Queueing time: mean = 1.00ms, max = 89.27ms, min = 0.00ms, total = 93.69ms
Execution time:  mean = 0.02ms, total = 1.56ms
Event stats:
	GcsTaskManager.GcJobSummary - 61 total (1 active), Execution time: mean = 0.01ms, total = 0.68ms, Queueing time: mean = 1.52ms, max = 89.27ms, min = 0.01ms, total = 92.84ms
	event_loop_lag_probe - 32 total (0 active), Execution time: mean = 0.03ms, total = 0.86ms, Queueing time: mean = 0.03ms, max = 0.50ms, min = 0.00ms, total = 0.84ms
	PeriodicalRunner.RunFnPeriodically - 1 total (0 active), Execution time: mean = 0.02ms, total = 0.02ms, Queueing time: mean = 0.02ms, max = 0.02ms, min = 0.02ms, total = 0.02ms


[2026-06-04 22:33:10,498 I 512 512] (gcs_server) gcs_server.cc:940: pubsub_io_context Event stats:


Global stats: 247 total (2 active)
Queueing time: mean = 1.28ms, max = 95.93ms, min = 0.00ms, total = 315.75ms
Execution time:  mean = 2.96ms, total = 732.12ms
Event stats:
	InternalPubSubGcsService.grpc_server.GcsPublish - 103 total (0 active), Execution time: mean = 6.95ms, total = 716.09ms, Queueing time: mean = 0.00ms, max = -0.00ms, min = 9223372036854.78ms, total = 0.00ms
	InternalPubSubGcsService.grpc_server.GcsPublish.HandleRequestImpl - 103 total (0 active), Execution time: mean = 0.14ms, total = 14.20ms, Queueing time: mean = 2.84ms, max = 95.93ms, min = 0.01ms, total = 292.40ms
	event_loop_lag_probe - 32 total (0 active), Execution time: mean = 0.02ms, total = 0.76ms, Queueing time: mean = 0.49ms, max = 15.11ms, min = 0.00ms, total = 15.61ms
	InternalPubSubGcsService.grpc_server.GcsSubscriberCommandBatch - 2 total (0 active), Execution time: mean = 0.37ms, total = 0.74ms, Queueing time: mean = 0.00ms, max = -0.00ms, min = 9223372036854.78ms, total = 0.00ms
	InternalPubSubGcsService.grpc_server.GcsSubscriberCommandBatch.HandleRequestImpl - 2 total (0 active), Execution time: mean = 0.10ms, total = 0.21ms, Queueing time: mean = 0.02ms, max = 0.03ms, min = 0.01ms, total = 0.04ms
	Publisher.CheckDeadSubscribers - 2 total (1 active), Execution time: mean = 0.01ms, total = 0.02ms, Queueing time: mean = 0.03ms, max = 0.06ms, min = 0.06ms, total = 0.06ms
	InternalPubSubGcsService.grpc_server.GcsSubscriberPoll - 1 total (1 active), Execution time: mean = 0.00ms, total = 0.00ms, Queueing time: mean = 0.00ms, max = -0.00ms, min = 9223372036854.78ms, total = 0.00ms
	PeriodicalRunner.RunFnPeriodically - 1 total (0 active), Execution time: mean = 0.06ms, total = 0.06ms, Queueing time: mean = 7.44ms, max = 7.44ms, min = 7.44ms, total = 7.44ms
	InternalPubSubGcsService.grpc_server.GcsSubscriberPoll.HandleRequestImpl - 1 total (0 active), Execution time: mean = 0.04ms, total = 0.04ms, Queueing time: mean = 0.19ms, max = 0.19ms, min = 0.19ms, total = 0.19ms


[2026-06-04 22:33:10,498 I 512 512] (gcs_server) gcs_server.cc:940: ray_syncer_io_context Event stats:


Global stats: 36 total (0 active)
Queueing time: mean = 0.03ms, max = 0.61ms, min = 0.00ms, total = 1.09ms
Execution time:  mean = 0.03ms, total = 1.10ms
Event stats:
	event_loop_lag_probe - 32 total (0 active), Execution time: mean = 0.03ms, total = 0.91ms, Queueing time: mean = 0.03ms, max = 0.61ms, min = 0.01ms, total = 1.00ms
	RaySyncerRegister - 2 total (0 active), Execution time: mean = 0.00ms, total = 0.00ms, Queueing time: mean = 0.04ms, max = 0.06ms, min = 0.01ms, total = 0.08ms
	RaySyncer.BroadcastMessage - 1 total (0 active), Execution time: mean = 0.02ms, total = 0.02ms, Queueing time: mean = 0.00ms, max = 0.00ms, min = 0.00ms, total = 0.00ms
	 - 1 total (0 active), Execution time: mean = 0.16ms, total = 0.16ms, Queueing time: mean = 0.02ms, max = 0.02ms, min = 0.02ms, total = 0.02ms


[2026-06-04 22:33:10,498 I 512 512] (gcs_server) gcs_server.cc:940: ray_event_io_context Event stats:


Global stats: 32 total (0 active)
Queueing time: mean = 0.27ms, max = 8.24ms, min = 0.00ms, total = 8.53ms
Execution time:  mean = 0.02ms, total = 0.65ms
Event stats:
	event_loop_lag_probe - 32 total (0 active), Execution time: mean = 0.02ms, total = 0.65ms, Queueing time: mean = 0.27ms, max = 8.24ms, min = 0.00ms, total = 8.53ms


[2026-06-04 22:34:10,498 I 512 512] (gcs_server) gcs_server.cc:922: Gcs Debug state:

GcsNodeManager: 
- RegisterNode request count: 1
- DrainNode request count: 0
- GetAllNodeInfo request count: 3

GcsActorManager: 
- RegisterActor request count: 0
- CreateActor request count: 0
- GetActorInfo request count: 0
- GetNamedActorInfo request count: 0
- GetAllActorInfo request count: 0
- KillActor request count: 0
- ListNamedActors request count: 0
- Registered actors count: 0
- Destroyed actors count: 0
- Named actors count: 0
- Unresolved actors count: 0
- Pending actors count: 0
- Created actors count: 0
- owners_: 0
- actor_to_register_callbacks_: 0
- actor_to_restart_for_lineage_reconstruction_callbacks_: 0
- actor_to_create_callbacks_: 0
- sorted_destroyed_actor_list_: 0

GcsResourceManager: 
- GetAllAvailableResources request count: 0
- GetAllTotalResources request count: 0
- GetAllResourceUsage request count: 70

GcsPlacementGroupManager: 
- CreatePlacementGroup request count: 0
- RemovePlacementGroup request count: 0
- GetPlacementGroup request count: 0
- GetAllPlacementGroup request count: 0
- WaitPlacementGroupUntilReady request count: 0
- GetNamedPlacementGroup request count: 0
- Scheduling pending placement group count: 0
- Registered placement groups count: 0
- Named placement group count: 0
- Pending placement groups count: 0
- Infeasible placement groups count: 0

Publisher:
GCS_NODE_INFO_CHANNEL
- cumulative published messages: 1
- cumulative published bytes: 499
- current buffered bytes: 0
GCS_NODE_ADDRESS_AND_LIVENESS_CHANNEL
- cumulative published messages: 1
- cumulative published bytes: 92
- current buffered bytes: 0
RAY_LOG_CHANNEL
- cumulative published messages: 116
- cumulative published bytes: 103431
- current buffered bytes: 0

[runtime env manager] ID to URIs table:
[runtime env manager] URIs reference table:

GcsTaskManager: 
-Total num task events reported: 0
-Total num status task events dropped: 0
-Total num profile events dropped: 0
-Current num of task events stored: 0
-Total num of actor creation tasks: 0
-Total num of actor tasks: 0
-Total num of normal tasks: 0
-Total num of driver tasks: 0

GcsAutoscalerStateManager: 
- last_seen_autoscaler_state_version_: 0
- last_cluster_resource_state_version_: 70
- pending demands:



[2026-06-04 22:34:10,499 I 512 512] (gcs_server) gcs_server.cc:936: Main service Event stats:


Global stats: 3442 total (5 active)
Queueing time: mean = 11.49ms, max = 1522.53ms, min = 0.00ms, total = 39549.82ms
Execution time:  mean = 4.62ms, total = 15894.12ms
Event stats:
	GcsInMemoryStore.Put - 586 total (0 active), Execution time: mean = 2.60ms, total = 1522.96ms, Queueing time: mean = 2.67ms, max = 1521.87ms, min = 0.00ms, total = 1566.72ms
	RayletLoadPulled - 359 total (1 active), Execution time: mean = 0.28ms, total = 99.25ms, Queueing time: mean = 3.50ms, max = 297.72ms, min = 0.01ms, total = 1257.13ms
	NodeManagerService.grpc_client.GetResourceLoad.OnReplyReceived - 345 total (0 active), Execution time: mean = 0.06ms, total = 19.26ms, Queueing time: mean = 1.72ms, max = 96.21ms, min = 0.01ms, total = 592.17ms
	NodeManagerService.grpc_client.GetResourceLoad - 345 total (0 active), Execution time: mean = 32.20ms, total = 11110.47ms, Queueing time: mean = 0.00ms, max = -0.00ms, min = 9223372036854.78ms, total = 0.00ms
	GcsInMemoryStore.Get - 186 total (0 active), Execution time: mean = 0.01ms, total = 2.16ms, Queueing time: mean = 0.01ms, max = 0.11ms, min = 0.01ms, total = 2.65ms
	InternalKVGcsService.grpc_server.InternalKVGet.HandleRequestImpl - 185 total (0 active), Execution time: mean = 0.07ms, total = 13.68ms, Queueing time: mean = 0.55ms, max = 95.88ms, min = 0.01ms, total = 101.90ms
	InternalKVGcsService.grpc_server.InternalKVGet - 185 total (0 active), Execution time: mean = 1.99ms, total = 368.58ms, Queueing time: mean = 0.00ms, max = -0.00ms, min = 9223372036854.78ms, total = 0.00ms
	InternalKVGcsService.grpc_server.InternalKVPut.HandleRequestImpl - 150 total (0 active), Execution time: mean = 0.06ms, total = 8.97ms, Queueing time: mean = 2.59ms, max = 96.13ms, min = 0.01ms, total = 388.20ms
	InternalKVGcsService.grpc_server.InternalKVPut - 150 total (0 active), Execution time: mean = 4.92ms, total = 737.39ms, Queueing time: mean = 0.00ms, max = -0.00ms, min = 9223372036854.78ms, total = 0.00ms
	ClusterResourceManager.ResetRemoteNodeView - 120 total (1 active), Execution time: mean = 0.01ms, total = 1.29ms, Queueing time: mean = 1.45ms, max = 95.89ms, min = 0.01ms, total = 174.16ms
	HealthCheck - 114 total (0 active), Execution time: mean = 0.01ms, total = 0.62ms, Queueing time: mean = 1.76ms, max = 96.16ms, min = 0.01ms, total = 200.69ms
	NodeInfoGcsService.grpc_server.CheckAlive - 75 total (0 active), Execution time: mean = 1.78ms, total = 133.44ms, Queueing time: mean = 0.00ms, max = -0.00ms, min = 9223372036854.78ms, total = 0.00ms
	NodeInfoGcsService.grpc_server.CheckAlive.HandleRequestImpl - 75 total (0 active), Execution time: mean = 0.02ms, total = 1.53ms, Queueing time: mean = 0.04ms, max = 0.31ms, min = 0.01ms, total = 3.22ms
	GCSServer.deadline_timer.metrics_report - 72 total (1 active), Execution time: mean = 0.22ms, total = 15.74ms, Queueing time: mean = 2.31ms, max = 95.50ms, min = 0.01ms, total = 166.49ms
	AutoscalerStateService.grpc_server.GetClusterResourceState - 70 total (0 active), Execution time: mean = 0.48ms, total = 33.88ms, Queueing time: mean = 0.00ms, max = -0.00ms, min = 9223372036854.78ms, total = 0.00ms
	AutoscalerStateService.grpc_server.GetClusterResourceState.HandleRequestImpl - 70 total (0 active), Execution time: mean = 0.05ms, total = 3.37ms, Queueing time: mean = 0.04ms, max = 0.70ms, min = 0.01ms, total = 2.70ms
	NodeResourceInfoGcsService.grpc_server.GetAllResourceUsage.HandleRequestImpl - 70 total (0 active), Execution time: mean = 0.07ms, total = 4.56ms, Queueing time: mean = 0.08ms, max = 1.38ms, min = 0.01ms, total = 5.94ms
	NodeResourceInfoGcsService.grpc_server.GetAllResourceUsage - 70 total (0 active), Execution time: mean = 2.04ms, total = 142.60ms, Queueing time: mean = 0.00ms, max = -0.00ms, min = 9223372036854.78ms, total = 0.00ms
	event_loop_lag_probe - 38 total (0 active), Execution time: mean = 0.01ms, total = 0.46ms, Queueing time: mean = 0.39ms, max = 14.25ms, min = 0.00ms, total = 15.01ms
	GCSServer.deadline_timer.gcs_global_gc - 36 total (1 active), Execution time: mean = 0.01ms, total = 0.29ms, Queueing time: mean = 2.11ms, max = 66.72ms, min = 0.02ms, total = 75.92ms
	ReporterService.grpc_client.HealthCheck.OnReplyReceived - 31 total (0 active), Execution time: mean = 0.16ms, total = 5.10ms, Queueing time: mean = 52.09ms, max = 1517.54ms, min = 0.02ms, total = 1614.71ms
	ReporterService.grpc_client.HealthCheck - 31 total (0 active), Execution time: mean = 3.62ms, total = 112.34ms, Queueing time: mean = 0.00ms, max = -0.00ms, min = 9223372036854.78ms, total = 0.00ms
	MetricsAgentClient.WaitForServerReadyWithRetry - 30 total (0 active), Execution time: mean = 0.27ms, total = 8.13ms, Queueing time: mean = 1008.67ms, max = 1097.53ms, min = 1000.02ms, total = 30260.04ms
	GCSServer.deadline_timer.debug_state_event_stats_print - 6 total (1 active, 1 running), Execution time: mean = 1.45ms, total = 8.69ms, Queueing time: mean = 11.20ms, max = 67.10ms, min = 0.03ms, total = 67.22ms
	GcsInMemoryStore.GetAll - 6 total (0 active), Execution time: mean = 0.01ms, total = 0.06ms, Queueing time: mean = 0.06ms, max = 0.07ms, min = 0.01ms, total = 0.34ms
	PeriodicalRunner.RunFnPeriodically - 5 total (0 active), Execution time: mean = 0.11ms, total = 0.54ms, Queueing time: mean = 610.50ms, max = 1522.53ms, min = 2.26ms, total = 3052.48ms
	NodeInfoGcsService.grpc_server.GetClusterId - 4 total (0 active), Execution time: mean = 2.91ms, total = 11.62ms, Queueing time: mean = 0.00ms, max = -0.00ms, min = 9223372036854.78ms, total = 0.00ms
	NodeInfoGcsService.grpc_server.GetClusterId.HandleRequestImpl - 4 total (0 active), Execution time: mean = 0.54ms, total = 2.15ms, Queueing time: mean = 0.45ms, max = 1.73ms, min = 0.02ms, total = 1.81ms
	NodeInfoGcsService.grpc_server.GetAllNodeInfo.HandleRequestImpl - 2 total (0 active), Execution time: mean = 0.04ms, total = 0.08ms, Queueing time: mean = 0.02ms, max = 0.03ms, min = 0.01ms, total = 0.04ms
	NodeInfoGcsService.grpc_server.GetAllNodeInfo - 2 total (0 active), Execution time: mean = 0.36ms, total = 0.71ms, Queueing time: mean = 0.00ms, max = -0.00ms, min = 9223372036854.78ms, total = 0.00ms
	GcsInMemoryStore.Delete - 1 total (0 active), Execution time: mean = 0.01ms, total = 0.01ms, Queueing time: mean = 0.01ms, max = 0.01ms, min = 0.01ms, total = 0.01ms
	NodeManager.AddNodeCallback - 1 total (0 active), Execution time: mean = 0.45ms, total = 0.45ms, Queueing time: mean = 0.13ms, max = 0.13ms, min = 0.13ms, total = 0.13ms
	InternalKVGcsService.grpc_server.InternalKVDel - 1 total (0 active), Execution time: mean = 0.45ms, total = 0.45ms, Queueing time: mean = 0.00ms, max = -0.00ms, min = 9223372036854.78ms, total = 0.00ms
	JobInfoGcsService.grpc_server.GetAllJobInfo - 1 total (0 active), Execution time: mean = 0.35ms, total = 0.35ms, Queueing time: mean = 0.00ms, max = -0.00ms, min = 9223372036854.78ms, total = 0.00ms
	JobInfoGcsService.grpc_server.GetNextJobID.HandleRequestImpl - 1 total (0 active), Execution time: mean = 0.02ms, total = 0.02ms, Queueing time: mean = 0.02ms, max = 0.02ms, min = 0.02ms, total = 0.02ms
	JobInfoGcsService.grpc_server.GetNextJobID - 1 total (0 active), Execution time: mean = 0.35ms, total = 0.35ms, Queueing time: mean = 0.00ms, max = -0.00ms, min = 9223372036854.78ms, total = 0.00ms
	GcsHealthCheckManager::AddNode - 1 total (0 active), Execution time: mean = 0.02ms, total = 0.02ms, Queueing time: mean = 0.00ms, max = 0.00ms, min = 0.00ms, total = 0.00ms
	NodeInfoGcsService.grpc_server.GetAllNodeAddressAndLiveness - 1 total (0 active), Execution time: mean = 0.37ms, total = 0.37ms, Queueing time: mean = 0.00ms, max = -0.00ms, min = 9223372036854.78ms, total = 0.00ms
	JobInfoGcsService.grpc_server.GetAllJobInfo.HandleRequestImpl - 1 total (0 active), Execution time: mean = 0.04ms, total = 0.04ms, Queueing time: mean = 0.02ms, max = 0.02ms, min = 0.02ms, total = 0.02ms
	GcsResourceManager::Update - 1 total (0 active), Execution time: mean = 0.08ms, total = 0.08ms, Queueing time: mean = 0.01ms, max = 0.01ms, min = 0.01ms, total = 0.01ms
	NodeInfoGcsService.grpc_server.RegisterNode.HandleRequestImpl - 1 total (0 active), Execution time: mean = 0.23ms, total = 0.23ms, Queueing time: mean = 0.02ms, max = 0.02ms, min = 0.02ms, total = 0.02ms
	InternalKVGcsService.grpc_server.InternalKVDel.HandleRequestImpl - 1 total (0 active), Execution time: mean = 0.06ms, total = 0.06ms, Queueing time: mean = 0.01ms, max = 0.01ms, min = 0.01ms, total = 0.01ms
	InternalKVGcsService.grpc_server.GetInternalConfig.HandleRequestImpl - 1 total (0 active), Execution time: mean = 0.10ms, total = 0.10ms, Queueing time: mean = 0.02ms, max = 0.02ms, min = 0.02ms, total = 0.02ms
	NodeInfoGcsService.grpc_server.GetAllNodeAddressAndLiveness.HandleRequestImpl - 1 total (0 active), Execution time: mean = 0.01ms, total = 0.01ms, Queueing time: mean = 0.01ms, max = 0.01ms, min = 0.01ms, total = 0.01ms
	GcsHealthCheckManager::MarkNodeHealthy - 1 total (0 active), Execution time: mean = 0.00ms, total = 0.00ms, Queueing time: mean = 0.01ms, max = 0.01ms, min = 0.01ms, total = 0.01ms
	GcsInitData::AsyncLoad - 1 total (0 active), Execution time: mean = 0.01ms, total = 0.01ms, Queueing time: mean = 0.00ms, max = 0.00ms, min = 0.00ms, total = 0.00ms
	InternalKVGcsService.grpc_server.GetInternalConfig - 1 total (0 active), Execution time: mean = 0.65ms, total = 0.65ms, Queueing time: mean = 0.00ms, max = -0.00ms, min = 9223372036854.78ms, total = 0.00ms
	GcsInMemoryStore.GetNextJobID - 1 total (0 active), Execution time: mean = 0.01ms, total = 0.01ms, Queueing time: mean = 0.01ms, max = 0.01ms, min = 0.01ms, total = 0.01ms
	NodeInfoGcsService.grpc_server.RegisterNode - 1 total (0 active), Execution time: mean = 0.64ms, total = 0.64ms, Queueing time: mean = 0.00ms, max = -0.00ms, min = 9223372036854.78ms, total = 0.00ms
	GcsServer.GetOrGenerateClusterId.continuation - 1 total (0 active), Execution time: mean = 1520.34ms, total = 1520.34ms, Queueing time: mean = 0.00ms, max = 0.00ms, min = 0.00ms, total = 0.00ms


[2026-06-04 22:34:10,499 I 512 512] (gcs_server) gcs_server.cc:940: task_io_context Event stats:


Global stats: 112 total (1 active)
Queueing time: mean = 0.84ms, max = 89.27ms, min = 0.00ms, total = 94.37ms
Execution time:  mean = 0.02ms, total = 1.80ms
Event stats:
	GcsTaskManager.GcJobSummary - 73 total (1 active), Execution time: mean = 0.01ms, total = 0.81ms, Queueing time: mean = 1.28ms, max = 89.27ms, min = 0.01ms, total = 93.44ms
	event_loop_lag_probe - 38 total (0 active), Execution time: mean = 0.03ms, total = 0.97ms, Queueing time: mean = 0.02ms, max = 0.50ms, min = 0.00ms, total = 0.91ms
	PeriodicalRunner.RunFnPeriodically - 1 total (0 active), Execution time: mean = 0.02ms, total = 0.02ms, Queueing time: mean = 0.02ms, max = 0.02ms, min = 0.02ms, total = 0.02ms


[2026-06-04 22:34:10,500 I 512 512] (gcs_server) gcs_server.cc:940: pubsub_io_context Event stats:


Global stats: 279 total (2 active)
Queueing time: mean = 1.13ms, max = 95.93ms, min = 0.00ms, total = 316.45ms
Execution time:  mean = 2.65ms, total = 740.42ms
Event stats:
	InternalPubSubGcsService.grpc_server.GcsPublish - 116 total (0 active), Execution time: mean = 6.23ms, total = 722.55ms, Queueing time: mean = 0.00ms, max = -0.00ms, min = 9223372036854.78ms, total = 0.00ms
	InternalPubSubGcsService.grpc_server.GcsPublish.HandleRequestImpl - 116 total (0 active), Execution time: mean = 0.14ms, total = 15.93ms, Queueing time: mean = 2.53ms, max = 95.93ms, min = 0.01ms, total = 293.04ms
	event_loop_lag_probe - 38 total (0 active), Execution time: mean = 0.02ms, total = 0.87ms, Queueing time: mean = 0.41ms, max = 15.11ms, min = 0.00ms, total = 15.68ms
	InternalPubSubGcsService.grpc_server.GcsSubscriberCommandBatch - 2 total (0 active), Execution time: mean = 0.37ms, total = 0.74ms, Queueing time: mean = 0.00ms, max = -0.00ms, min = 9223372036854.78ms, total = 0.00ms
	InternalPubSubGcsService.grpc_server.GcsSubscriberCommandBatch.HandleRequestImpl - 2 total (0 active), Execution time: mean = 0.10ms, total = 0.21ms, Queueing time: mean = 0.02ms, max = 0.03ms, min = 0.01ms, total = 0.04ms
	Publisher.CheckDeadSubscribers - 2 total (1 active), Execution time: mean = 0.01ms, total = 0.02ms, Queueing time: mean = 0.03ms, max = 0.06ms, min = 0.06ms, total = 0.06ms
	InternalPubSubGcsService.grpc_server.GcsSubscriberPoll - 1 total (1 active), Execution time: mean = 0.00ms, total = 0.00ms, Queueing time: mean = 0.00ms, max = -0.00ms, min = 9223372036854.78ms, total = 0.00ms
	PeriodicalRunner.RunFnPeriodically - 1 total (0 active), Execution time: mean = 0.06ms, total = 0.06ms, Queueing time: mean = 7.44ms, max = 7.44ms, min = 7.44ms, total = 7.44ms
	InternalPubSubGcsService.grpc_server.GcsSubscriberPoll.HandleRequestImpl - 1 total (0 active), Execution time: mean = 0.04ms, total = 0.04ms, Queueing time: mean = 0.19ms, max = 0.19ms, min = 0.19ms, total = 0.19ms


[2026-06-04 22:34:10,500 I 512 512] (gcs_server) gcs_server.cc:940: ray_syncer_io_context Event stats:


Global stats: 42 total (0 active)
Queueing time: mean = 0.03ms, max = 0.61ms, min = 0.00ms, total = 1.17ms
Execution time:  mean = 0.03ms, total = 1.21ms
Event stats:
	event_loop_lag_probe - 38 total (0 active), Execution time: mean = 0.03ms, total = 1.03ms, Queueing time: mean = 0.03ms, max = 0.61ms, min = 0.01ms, total = 1.07ms
	RaySyncerRegister - 2 total (0 active), Execution time: mean = 0.00ms, total = 0.00ms, Queueing time: mean = 0.04ms, max = 0.06ms, min = 0.01ms, total = 0.08ms
	RaySyncer.BroadcastMessage - 1 total (0 active), Execution time: mean = 0.02ms, total = 0.02ms, Queueing time: mean = 0.00ms, max = 0.00ms, min = 0.00ms, total = 0.00ms
	 - 1 total (0 active), Execution time: mean = 0.16ms, total = 0.16ms, Queueing time: mean = 0.02ms, max = 0.02ms, min = 0.02ms, total = 0.02ms


[2026-06-04 22:34:10,500 I 512 512] (gcs_server) gcs_server.cc:940: ray_event_io_context Event stats:


Global stats: 38 total (0 active)
Queueing time: mean = 0.23ms, max = 8.24ms, min = 0.00ms, total = 8.59ms
Execution time:  mean = 0.02ms, total = 0.75ms
Event stats:
	event_loop_lag_probe - 38 total (0 active), Execution time: mean = 0.02ms, total = 0.75ms, Queueing time: mean = 0.23ms, max = 8.24ms, min = 0.00ms, total = 8.59ms


[2026-06-04 22:35:10,500 I 512 512] (gcs_server) gcs_server.cc:922: Gcs Debug state:

GcsNodeManager: 
- RegisterNode request count: 1
- DrainNode request count: 0
- GetAllNodeInfo request count: 3

GcsActorManager: 
- RegisterActor request count: 0
- CreateActor request count: 0
- GetActorInfo request count: 0
- GetNamedActorInfo request count: 0
- GetAllActorInfo request count: 0
- KillActor request count: 0
- ListNamedActors request count: 0
- Registered actors count: 0
- Destroyed actors count: 0
- Named actors count: 0
- Unresolved actors count: 0
- Pending actors count: 0
- Created actors count: 0
- owners_: 0
- actor_to_register_callbacks_: 0
- actor_to_restart_for_lineage_reconstruction_callbacks_: 0
- actor_to_create_callbacks_: 0
- sorted_destroyed_actor_list_: 0

GcsResourceManager: 
- GetAllAvailableResources request count: 0
- GetAllTotalResources request count: 0
- GetAllResourceUsage request count: 82

GcsPlacementGroupManager: 
- CreatePlacementGroup request count: 0
- RemovePlacementGroup request count: 0
- GetPlacementGroup request count: 0
- GetAllPlacementGroup request count: 0
- WaitPlacementGroupUntilReady request count: 0
- GetNamedPlacementGroup request count: 0
- Scheduling pending placement group count: 0
- Registered placement groups count: 0
- Named placement group count: 0
- Pending placement groups count: 0
- Infeasible placement groups count: 0

Publisher:
GCS_NODE_INFO_CHANNEL
- cumulative published messages: 1
- cumulative published bytes: 499
- current buffered bytes: 0
GCS_NODE_ADDRESS_AND_LIVENESS_CHANNEL
- cumulative published messages: 1
- cumulative published bytes: 92
- current buffered bytes: 0
RAY_LOG_CHANNEL
- cumulative published messages: 128
- cumulative published bytes: 113706
- current buffered bytes: 0

[runtime env manager] ID to URIs table:
[runtime env manager] URIs reference table:

GcsTaskManager: 
-Total num task events reported: 0
-Total num status task events dropped: 0
-Total num profile events dropped: 0
-Current num of task events stored: 0
-Total num of actor creation tasks: 0
-Total num of actor tasks: 0
-Total num of normal tasks: 0
-Total num of driver tasks: 0

GcsAutoscalerStateManager: 
- last_seen_autoscaler_state_version_: 0
- last_cluster_resource_state_version_: 82
- pending demands:



[2026-06-04 22:35:10,501 I 512 512] (gcs_server) gcs_server.cc:936: Main service Event stats:


Global stats: 3941 total (5 active)
Queueing time: mean = 10.04ms, max = 1522.53ms, min = 0.00ms, total = 39565.29ms
Execution time:  mean = 4.07ms, total = 16022.90ms
Event stats:
	GcsInMemoryStore.Put - 682 total (0 active), Execution time: mean = 2.23ms, total = 1523.29ms, Queueing time: mean = 2.31ms, max = 1521.87ms, min = 0.00ms, total = 1573.49ms
	RayletLoadPulled - 419 total (1 active), Execution time: mean = 0.27ms, total = 114.52ms, Queueing time: mean = 3.01ms, max = 297.72ms, min = 0.01ms, total = 1259.20ms
	NodeManagerService.grpc_client.GetResourceLoad.OnReplyReceived - 405 total (0 active), Execution time: mean = 0.06ms, total = 22.32ms, Queueing time: mean = 1.47ms, max = 96.21ms, min = 0.01ms, total = 593.86ms
	NodeManagerService.grpc_client.GetResourceLoad - 405 total (0 active), Execution time: mean = 27.62ms, total = 11185.69ms, Queueing time: mean = 0.00ms, max = -0.00ms, min = 9223372036854.78ms, total = 0.00ms
	GcsInMemoryStore.Get - 198 total (0 active), Execution time: mean = 0.01ms, total = 2.34ms, Queueing time: mean = 0.01ms, max = 0.11ms, min = 0.01ms, total = 2.82ms
	InternalKVGcsService.grpc_server.InternalKVGet.HandleRequestImpl - 197 total (0 active), Execution time: mean = 0.08ms, total = 14.87ms, Queueing time: mean = 0.52ms, max = 95.88ms, min = 0.01ms, total = 102.10ms
	InternalKVGcsService.grpc_server.InternalKVGet - 197 total (0 active), Execution time: mean = 1.90ms, total = 373.51ms, Queueing time: mean = 0.00ms, max = -0.00ms, min = 9223372036854.78ms, total = 0.00ms
	InternalKVGcsService.grpc_server.InternalKVPut.HandleRequestImpl - 174 total (0 active), Execution time: mean = 0.06ms, total = 10.04ms, Queueing time: mean = 2.23ms, max = 96.13ms, min = 0.01ms, total = 388.57ms
	InternalKVGcsService.grpc_server.InternalKVPut - 174 total (0 active), Execution time: mean = 4.28ms, total = 744.51ms, Queueing time: mean = 0.00ms, max = -0.00ms, min = 9223372036854.78ms, total = 0.00ms
	ClusterResourceManager.ResetRemoteNodeView - 140 total (1 active), Execution time: mean = 0.01ms, total = 1.52ms, Queueing time: mean = 1.25ms, max = 95.89ms, min = 0.01ms, total = 174.98ms
	HealthCheck - 134 total (0 active), Execution time: mean = 0.01ms, total = 0.70ms, Queueing time: mean = 1.50ms, max = 96.16ms, min = 0.01ms, total = 201.28ms
	NodeInfoGcsService.grpc_server.CheckAlive - 88 total (0 active), Execution time: mean = 1.57ms, total = 137.82ms, Queueing time: mean = 0.00ms, max = -0.00ms, min = 9223372036854.78ms, total = 0.00ms
	NodeInfoGcsService.grpc_server.CheckAlive.HandleRequestImpl - 88 total (0 active), Execution time: mean = 0.02ms, total = 1.71ms, Queueing time: mean = 0.04ms, max = 0.31ms, min = 0.01ms, total = 3.61ms
	GCSServer.deadline_timer.metrics_report - 84 total (1 active), Execution time: mean = 0.22ms, total = 18.71ms, Queueing time: mean = 1.99ms, max = 95.50ms, min = 0.01ms, total = 166.84ms
	AutoscalerStateService.grpc_server.GetClusterResourceState - 82 total (0 active), Execution time: mean = 0.46ms, total = 37.82ms, Queueing time: mean = 0.00ms, max = -0.00ms, min = 9223372036854.78ms, total = 0.00ms
	AutoscalerStateService.grpc_server.GetClusterResourceState.HandleRequestImpl - 82 total (0 active), Execution time: mean = 0.05ms, total = 3.82ms, Queueing time: mean = 0.04ms, max = 0.70ms, min = 0.01ms, total = 2.90ms
	NodeResourceInfoGcsService.grpc_server.GetAllResourceUsage.HandleRequestImpl - 82 total (0 active), Execution time: mean = 0.06ms, total = 5.25ms, Queueing time: mean = 0.08ms, max = 1.38ms, min = 0.01ms, total = 6.31ms
	NodeResourceInfoGcsService.grpc_server.GetAllResourceUsage - 82 total (0 active), Execution time: mean = 1.81ms, total = 148.54ms, Queueing time: mean = 0.00ms, max = -0.00ms, min = 9223372036854.78ms, total = 0.00ms
	event_loop_lag_probe - 44 total (0 active), Execution time: mean = 0.01ms, total = 0.59ms, Queueing time: mean = 0.34ms, max = 14.25ms, min = 0.00ms, total = 15.05ms
	GCSServer.deadline_timer.gcs_global_gc - 42 total (1 active), Execution time: mean = 0.01ms, total = 0.34ms, Queueing time: mean = 1.84ms, max = 66.72ms, min = 0.02ms, total = 77.31ms
	ReporterService.grpc_client.HealthCheck.OnReplyReceived - 31 total (0 active), Execution time: mean = 0.16ms, total = 5.10ms, Queueing time: mean = 52.09ms, max = 1517.54ms, min = 0.02ms, total = 1614.71ms
	ReporterService.grpc_client.HealthCheck - 31 total (0 active), Execution time: mean = 3.62ms, total = 112.34ms, Queueing time: mean = 0.00ms, max = -0.00ms, min = 9223372036854.78ms, total = 0.00ms
	MetricsAgentClient.WaitForServerReadyWithRetry - 30 total (0 active), Execution time: mean = 0.27ms, total = 8.13ms, Queueing time: mean = 1008.67ms, max = 1097.53ms, min = 1000.02ms, total = 30260.04ms
	GCSServer.deadline_timer.debug_state_event_stats_print - 7 total (1 active, 1 running), Execution time: mean = 1.44ms, total = 10.09ms, Queueing time: mean = 9.61ms, max = 67.10ms, min = 0.03ms, total = 67.26ms
	GcsInMemoryStore.GetAll - 6 total (0 active), Execution time: mean = 0.01ms, total = 0.06ms, Queueing time: mean = 0.06ms, max = 0.07ms, min = 0.01ms, total = 0.34ms
	PeriodicalRunner.RunFnPeriodically - 5 total (0 active), Execution time: mean = 0.11ms, total = 0.54ms, Queueing time: mean = 610.50ms, max = 1522.53ms, min = 2.26ms, total = 3052.48ms
	NodeInfoGcsService.grpc_server.GetClusterId - 4 total (0 active), Execution time: mean = 2.91ms, total = 11.62ms, Queueing time: mean = 0.00ms, max = -0.00ms, min = 9223372036854.78ms, total = 0.00ms
	NodeInfoGcsService.grpc_server.GetClusterId.HandleRequestImpl - 4 total (0 active), Execution time: mean = 0.54ms, total = 2.15ms, Queueing time: mean = 0.45ms, max = 1.73ms, min = 0.02ms, total = 1.81ms
	NodeInfoGcsService.grpc_server.GetAllNodeInfo.HandleRequestImpl - 2 total (0 active), Execution time: mean = 0.04ms, total = 0.08ms, Queueing time: mean = 0.02ms, max = 0.03ms, min = 0.01ms, total = 0.04ms
	NodeInfoGcsService.grpc_server.GetAllNodeInfo - 2 total (0 active), Execution time: mean = 0.36ms, total = 0.71ms, Queueing time: mean = 0.00ms, max = -0.00ms, min = 9223372036854.78ms, total = 0.00ms
	GcsInMemoryStore.Delete - 1 total (0 active), Execution time: mean = 0.01ms, total = 0.01ms, Queueing time: mean = 0.01ms, max = 0.01ms, min = 0.01ms, total = 0.01ms
	NodeManager.AddNodeCallback - 1 total (0 active), Execution time: mean = 0.45ms, total = 0.45ms, Queueing time: mean = 0.13ms, max = 0.13ms, min = 0.13ms, total = 0.13ms
	InternalKVGcsService.grpc_server.InternalKVDel - 1 total (0 active), Execution time: mean = 0.45ms, total = 0.45ms, Queueing time: mean = 0.00ms, max = -0.00ms, min = 9223372036854.78ms, total = 0.00ms
	JobInfoGcsService.grpc_server.GetAllJobInfo - 1 total (0 active), Execution time: mean = 0.35ms, total = 0.35ms, Queueing time: mean = 0.00ms, max = -0.00ms, min = 9223372036854.78ms, total = 0.00ms
	JobInfoGcsService.grpc_server.GetNextJobID.HandleRequestImpl - 1 total (0 active), Execution time: mean = 0.02ms, total = 0.02ms, Queueing time: mean = 0.02ms, max = 0.02ms, min = 0.02ms, total = 0.02ms
	JobInfoGcsService.grpc_server.GetNextJobID - 1 total (0 active), Execution time: mean = 0.35ms, total = 0.35ms, Queueing time: mean = 0.00ms, max = -0.00ms, min = 9223372036854.78ms, total = 0.00ms
	GcsHealthCheckManager::AddNode - 1 total (0 active), Execution time: mean = 0.02ms, total = 0.02ms, Queueing time: mean = 0.00ms, max = 0.00ms, min = 0.00ms, total = 0.00ms
	NodeInfoGcsService.grpc_server.GetAllNodeAddressAndLiveness - 1 total (0 active), Execution time: mean = 0.37ms, total = 0.37ms, Queueing time: mean = 0.00ms, max = -0.00ms, min = 9223372036854.78ms, total = 0.00ms
	JobInfoGcsService.grpc_server.GetAllJobInfo.HandleRequestImpl - 1 total (0 active), Execution time: mean = 0.04ms, total = 0.04ms, Queueing time: mean = 0.02ms, max = 0.02ms, min = 0.02ms, total = 0.02ms
	GcsResourceManager::Update - 1 total (0 active), Execution time: mean = 0.08ms, total = 0.08ms, Queueing time: mean = 0.01ms, max = 0.01ms, min = 0.01ms, total = 0.01ms
	NodeInfoGcsService.grpc_server.RegisterNode.HandleRequestImpl - 1 total (0 active), Execution time: mean = 0.23ms, total = 0.23ms, Queueing time: mean = 0.02ms, max = 0.02ms, min = 0.02ms, total = 0.02ms
	InternalKVGcsService.grpc_server.InternalKVDel.HandleRequestImpl - 1 total (0 active), Execution time: mean = 0.06ms, total = 0.06ms, Queueing time: mean = 0.01ms, max = 0.01ms, min = 0.01ms, total = 0.01ms
	InternalKVGcsService.grpc_server.GetInternalConfig.HandleRequestImpl - 1 total (0 active), Execution time: mean = 0.10ms, total = 0.10ms, Queueing time: mean = 0.02ms, max = 0.02ms, min = 0.02ms, total = 0.02ms
	NodeInfoGcsService.grpc_server.GetAllNodeAddressAndLiveness.HandleRequestImpl - 1 total (0 active), Execution time: mean = 0.01ms, total = 0.01ms, Queueing time: mean = 0.01ms, max = 0.01ms, min = 0.01ms, total = 0.01ms
	GcsHealthCheckManager::MarkNodeHealthy - 1 total (0 active), Execution time: mean = 0.00ms, total = 0.00ms, Queueing time: mean = 0.01ms, max = 0.01ms, min = 0.01ms, total = 0.01ms
	GcsInitData::AsyncLoad - 1 total (0 active), Execution time: mean = 0.01ms, total = 0.01ms, Queueing time: mean = 0.00ms, max = 0.00ms, min = 0.00ms, total = 0.00ms
	InternalKVGcsService.grpc_server.GetInternalConfig - 1 total (0 active), Execution time: mean = 0.65ms, total = 0.65ms, Queueing time: mean = 0.00ms, max = -0.00ms, min = 9223372036854.78ms, total = 0.00ms
	GcsInMemoryStore.GetNextJobID - 1 total (0 active), Execution time: mean = 0.01ms, total = 0.01ms, Queueing time: mean = 0.01ms, max = 0.01ms, min = 0.01ms, total = 0.01ms
	NodeInfoGcsService.grpc_server.RegisterNode - 1 total (0 active), Execution time: mean = 0.64ms, total = 0.64ms, Queueing time: mean = 0.00ms, max = -0.00ms, min = 9223372036854.78ms, total = 0.00ms
	GcsServer.GetOrGenerateClusterId.continuation - 1 total (0 active), Execution time: mean = 1520.34ms, total = 1520.34ms, Queueing time: mean = 0.00ms, max = 0.00ms, min = 0.00ms, total = 0.00ms


[2026-06-04 22:35:10,501 I 512 512] (gcs_server) gcs_server.cc:940: task_io_context Event stats:


Global stats: 130 total (1 active)
Queueing time: mean = 0.73ms, max = 89.27ms, min = 0.00ms, total = 95.32ms
Execution time:  mean = 0.02ms, total = 2.07ms
Event stats:
	GcsTaskManager.GcJobSummary - 85 total (1 active), Execution time: mean = 0.01ms, total = 0.93ms, Queueing time: mean = 1.11ms, max = 89.27ms, min = 0.01ms, total = 94.32ms
	event_loop_lag_probe - 44 total (0 active), Execution time: mean = 0.03ms, total = 1.12ms, Queueing time: mean = 0.02ms, max = 0.50ms, min = 0.00ms, total = 0.99ms
	PeriodicalRunner.RunFnPeriodically - 1 total (0 active), Execution time: mean = 0.02ms, total = 0.02ms, Queueing time: mean = 0.02ms, max = 0.02ms, min = 0.02ms, total = 0.02ms


[2026-06-04 22:35:10,501 I 512 512] (gcs_server) gcs_server.cc:940: pubsub_io_context Event stats:


Global stats: 309 total (2 active)
Queueing time: mean = 1.03ms, max = 95.93ms, min = 0.00ms, total = 316.94ms
Execution time:  mean = 2.42ms, total = 747.41ms
Event stats:
	InternalPubSubGcsService.grpc_server.GcsPublish - 128 total (0 active), Execution time: mean = 5.69ms, total = 728.06ms, Queueing time: mean = 0.00ms, max = -0.00ms, min = 9223372036854.78ms, total = 0.00ms
	InternalPubSubGcsService.grpc_server.GcsPublish.HandleRequestImpl - 128 total (0 active), Execution time: mean = 0.14ms, total = 17.31ms, Queueing time: mean = 2.29ms, max = 95.93ms, min = 0.01ms, total = 293.47ms
	event_loop_lag_probe - 44 total (0 active), Execution time: mean = 0.02ms, total = 0.97ms, Queueing time: mean = 0.36ms, max = 15.11ms, min = 0.00ms, total = 15.74ms
	InternalPubSubGcsService.grpc_server.GcsSubscriberCommandBatch - 2 total (0 active), Execution time: mean = 0.37ms, total = 0.74ms, Queueing time: mean = 0.00ms, max = -0.00ms, min = 9223372036854.78ms, total = 0.00ms
	InternalPubSubGcsService.grpc_server.GcsSubscriberCommandBatch.HandleRequestImpl - 2 total (0 active), Execution time: mean = 0.10ms, total = 0.21ms, Queueing time: mean = 0.02ms, max = 0.03ms, min = 0.01ms, total = 0.04ms
	Publisher.CheckDeadSubscribers - 2 total (1 active), Execution time: mean = 0.01ms, total = 0.02ms, Queueing time: mean = 0.03ms, max = 0.06ms, min = 0.06ms, total = 0.06ms
	InternalPubSubGcsService.grpc_server.GcsSubscriberPoll - 1 total (1 active), Execution time: mean = 0.00ms, total = 0.00ms, Queueing time: mean = 0.00ms, max = -0.00ms, min = 9223372036854.78ms, total = 0.00ms
	PeriodicalRunner.RunFnPeriodically - 1 total (0 active), Execution time: mean = 0.06ms, total = 0.06ms, Queueing time: mean = 7.44ms, max = 7.44ms, min = 7.44ms, total = 7.44ms
	InternalPubSubGcsService.grpc_server.GcsSubscriberPoll.HandleRequestImpl - 1 total (0 active), Execution time: mean = 0.04ms, total = 0.04ms, Queueing time: mean = 0.19ms, max = 0.19ms, min = 0.19ms, total = 0.19ms


[2026-06-04 22:35:10,501 I 512 512] (gcs_server) gcs_server.cc:940: ray_syncer_io_context Event stats:


Global stats: 48 total (0 active)
Queueing time: mean = 0.03ms, max = 0.61ms, min = 0.00ms, total = 1.24ms
Execution time:  mean = 0.03ms, total = 1.32ms
Event stats:
	event_loop_lag_probe - 44 total (0 active), Execution time: mean = 0.03ms, total = 1.13ms, Queueing time: mean = 0.03ms, max = 0.61ms, min = 0.01ms, total = 1.14ms
	RaySyncerRegister - 2 total (0 active), Execution time: mean = 0.00ms, total = 0.00ms, Queueing time: mean = 0.04ms, max = 0.06ms, min = 0.01ms, total = 0.08ms
	RaySyncer.BroadcastMessage - 1 total (0 active), Execution time: mean = 0.02ms, total = 0.02ms, Queueing time: mean = 0.00ms, max = 0.00ms, min = 0.00ms, total = 0.00ms
	 - 1 total (0 active), Execution time: mean = 0.16ms, total = 0.16ms, Queueing time: mean = 0.02ms, max = 0.02ms, min = 0.02ms, total = 0.02ms


[2026-06-04 22:35:10,501 I 512 512] (gcs_server) gcs_server.cc:940: ray_event_io_context Event stats:


Global stats: 44 total (0 active)
Queueing time: mean = 0.20ms, max = 8.24ms, min = 0.00ms, total = 8.66ms
Execution time:  mean = 0.02ms, total = 0.89ms
Event stats:
	event_loop_lag_probe - 44 total (0 active), Execution time: mean = 0.02ms, total = 0.89ms, Queueing time: mean = 0.20ms, max = 8.24ms, min = 0.00ms, total = 8.66ms


[2026-06-04 22:36:10,501 I 512 512] (gcs_server) gcs_server.cc:922: Gcs Debug state:

GcsNodeManager: 
- RegisterNode request count: 1
- DrainNode request count: 0
- GetAllNodeInfo request count: 3

GcsActorManager: 
- RegisterActor request count: 0
- CreateActor request count: 0
- GetActorInfo request count: 0
- GetNamedActorInfo request count: 0
- GetAllActorInfo request count: 0
- KillActor request count: 0
- ListNamedActors request count: 0
- Registered actors count: 0
- Destroyed actors count: 0
- Named actors count: 0
- Unresolved actors count: 0
- Pending actors count: 0
- Created actors count: 0
- owners_: 0
- actor_to_register_callbacks_: 0
- actor_to_restart_for_lineage_reconstruction_callbacks_: 0
- actor_to_create_callbacks_: 0
- sorted_destroyed_actor_list_: 0

GcsResourceManager: 
- GetAllAvailableResources request count: 0
- GetAllTotalResources request count: 0
- GetAllResourceUsage request count: 94

GcsPlacementGroupManager: 
- CreatePlacementGroup request count: 0
- RemovePlacementGroup request count: 0
- GetPlacementGroup request count: 0
- GetAllPlacementGroup request count: 0
- WaitPlacementGroupUntilReady request count: 0
- GetNamedPlacementGroup request count: 0
- Scheduling pending placement group count: 0
- Registered placement groups count: 0
- Named placement group count: 0
- Pending placement groups count: 0
- Infeasible placement groups count: 0

Publisher:
GCS_NODE_INFO_CHANNEL
- cumulative published messages: 1
- cumulative published bytes: 499
- current buffered bytes: 0
GCS_NODE_ADDRESS_AND_LIVENESS_CHANNEL
- cumulative published messages: 1
- cumulative published bytes: 92
- current buffered bytes: 0
RAY_LOG_CHANNEL
- cumulative published messages: 140
- cumulative published bytes: 123990
- current buffered bytes: 0

[runtime env manager] ID to URIs table:
[runtime env manager] URIs reference table:

GcsTaskManager: 
-Total num task events reported: 0
-Total num status task events dropped: 0
-Total num profile events dropped: 0
-Current num of task events stored: 0
-Total num of actor creation tasks: 0
-Total num of actor tasks: 0
-Total num of normal tasks: 0
-Total num of driver tasks: 0

GcsAutoscalerStateManager: 
- last_seen_autoscaler_state_version_: 0
- last_cluster_resource_state_version_: 94
- pending demands:



[2026-06-04 22:36:10,502 I 512 512] (gcs_server) gcs_server.cc:936: Main service Event stats:


Global stats: 4440 total (5 active)
Queueing time: mean = 8.91ms, max = 1522.53ms, min = 0.00ms, total = 39579.60ms
Execution time:  mean = 3.64ms, total = 16141.84ms
Event stats:
	GcsInMemoryStore.Put - 778 total (0 active), Execution time: mean = 1.96ms, total = 1523.62ms, Queueing time: mean = 2.03ms, max = 1521.87ms, min = 0.00ms, total = 1579.94ms
	RayletLoadPulled - 479 total (1 active), Execution time: mean = 0.27ms, total = 128.51ms, Queueing time: mean = 2.63ms, max = 297.72ms, min = 0.01ms, total = 1261.03ms
	NodeManagerService.grpc_client.GetResourceLoad.OnReplyReceived - 465 total (0 active), Execution time: mean = 0.05ms, total = 25.17ms, Queueing time: mean = 1.28ms, max = 96.21ms, min = 0.01ms, total = 595.45ms
	NodeManagerService.grpc_client.GetResourceLoad - 465 total (0 active), Execution time: mean = 24.20ms, total = 11254.95ms, Queueing time: mean = 0.00ms, max = -0.00ms, min = 9223372036854.78ms, total = 0.00ms
	GcsInMemoryStore.Get - 210 total (0 active), Execution time: mean = 0.01ms, total = 2.48ms, Queueing time: mean = 0.01ms, max = 0.11ms, min = 0.01ms, total = 2.99ms
	InternalKVGcsService.grpc_server.InternalKVGet.HandleRequestImpl - 209 total (0 active), Execution time: mean = 0.08ms, total = 15.98ms, Queueing time: mean = 0.49ms, max = 95.88ms, min = 0.01ms, total = 102.28ms
	InternalKVGcsService.grpc_server.InternalKVGet - 209 total (0 active), Execution time: mean = 1.81ms, total = 377.67ms, Queueing time: mean = 0.00ms, max = -0.00ms, min = 9223372036854.78ms, total = 0.00ms
	InternalKVGcsService.grpc_server.InternalKVPut.HandleRequestImpl - 198 total (0 active), Execution time: mean = 0.06ms, total = 11.18ms, Queueing time: mean = 1.96ms, max = 96.13ms, min = 0.01ms, total = 388.94ms
	InternalKVGcsService.grpc_server.InternalKVPut - 198 total (0 active), Execution time: mean = 3.80ms, total = 751.89ms, Queueing time: mean = 0.00ms, max = -0.00ms, min = 9223372036854.78ms, total = 0.00ms
	ClusterResourceManager.ResetRemoteNodeView - 160 total (1 active), Execution time: mean = 0.01ms, total = 1.72ms, Queueing time: mean = 1.10ms, max = 95.89ms, min = 0.01ms, total = 175.68ms
	HealthCheck - 154 total (0 active), Execution time: mean = 0.01ms, total = 0.77ms, Queueing time: mean = 1.31ms, max = 96.16ms, min = 0.01ms, total = 201.80ms
	NodeInfoGcsService.grpc_server.CheckAlive - 101 total (0 active), Execution time: mean = 1.41ms, total = 142.16ms, Queueing time: mean = 0.00ms, max = -0.00ms, min = 9223372036854.78ms, total = 0.00ms
	NodeInfoGcsService.grpc_server.CheckAlive.HandleRequestImpl - 101 total (0 active), Execution time: mean = 0.02ms, total = 1.89ms, Queueing time: mean = 0.04ms, max = 0.31ms, min = 0.01ms, total = 3.93ms
	GCSServer.deadline_timer.metrics_report - 96 total (1 active), Execution time: mean = 0.22ms, total = 21.46ms, Queueing time: mean = 1.74ms, max = 95.50ms, min = 0.01ms, total = 167.13ms
	AutoscalerStateService.grpc_server.GetClusterResourceState - 94 total (0 active), Execution time: mean = 0.44ms, total = 41.78ms, Queueing time: mean = 0.00ms, max = -0.00ms, min = 9223372036854.78ms, total = 0.00ms
	AutoscalerStateService.grpc_server.GetClusterResourceState.HandleRequestImpl - 94 total (0 active), Execution time: mean = 0.04ms, total = 4.18ms, Queueing time: mean = 0.03ms, max = 0.70ms, min = 0.01ms, total = 3.09ms
	NodeResourceInfoGcsService.grpc_server.GetAllResourceUsage.HandleRequestImpl - 94 total (0 active), Execution time: mean = 0.06ms, total = 5.81ms, Queueing time: mean = 0.07ms, max = 1.38ms, min = 0.01ms, total = 6.58ms
	NodeResourceInfoGcsService.grpc_server.GetAllResourceUsage - 94 total (0 active), Execution time: mean = 1.63ms, total = 153.17ms, Queueing time: mean = 0.00ms, max = -0.00ms, min = 9223372036854.78ms, total = 0.00ms
	event_loop_lag_probe - 50 total (0 active), Execution time: mean = 0.01ms, total = 0.67ms, Queueing time: mean = 0.30ms, max = 14.25ms, min = 0.00ms, total = 15.09ms
	GCSServer.deadline_timer.gcs_global_gc - 48 total (1 active), Execution time: mean = 0.01ms, total = 0.39ms, Queueing time: mean = 1.64ms, max = 66.72ms, min = 0.02ms, total = 78.67ms
	ReporterService.grpc_client.HealthCheck.OnReplyReceived - 31 total (0 active), Execution time: mean = 0.16ms, total = 5.10ms, Queueing time: mean = 52.09ms, max = 1517.54ms, min = 0.02ms, total = 1614.71ms
	ReporterService.grpc_client.HealthCheck - 31 total (0 active), Execution time: mean = 3.62ms, total = 112.34ms, Queueing time: mean = 0.00ms, max = -0.00ms, min = 9223372036854.78ms, total = 0.00ms
	MetricsAgentClient.WaitForServerReadyWithRetry - 30 total (0 active), Execution time: mean = 0.27ms, total = 8.13ms, Queueing time: mean = 1008.67ms, max = 1097.53ms, min = 1000.02ms, total = 30260.04ms
	GCSServer.deadline_timer.debug_state_event_stats_print - 8 total (1 active, 1 running), Execution time: mean = 1.43ms, total = 11.46ms, Queueing time: mean = 8.41ms, max = 67.10ms, min = 0.02ms, total = 67.28ms
	GcsInMemoryStore.GetAll - 6 total (0 active), Execution time: mean = 0.01ms, total = 0.06ms, Queueing time: mean = 0.06ms, max = 0.07ms, min = 0.01ms, total = 0.34ms
	PeriodicalRunner.RunFnPeriodically - 5 total (0 active), Execution time: mean = 0.11ms, total = 0.54ms, Queueing time: mean = 610.50ms, max = 1522.53ms, min = 2.26ms, total = 3052.48ms
	NodeInfoGcsService.grpc_server.GetClusterId - 4 total (0 active), Execution time: mean = 2.91ms, total = 11.62ms, Queueing time: mean = 0.00ms, max = -0.00ms, min = 9223372036854.78ms, total = 0.00ms
	NodeInfoGcsService.grpc_server.GetClusterId.HandleRequestImpl - 4 total (0 active), Execution time: mean = 0.54ms, total = 2.15ms, Queueing time: mean = 0.45ms, max = 1.73ms, min = 0.02ms, total = 1.81ms
	NodeInfoGcsService.grpc_server.GetAllNodeInfo.HandleRequestImpl - 2 total (0 active), Execution time: mean = 0.04ms, total = 0.08ms, Queueing time: mean = 0.02ms, max = 0.03ms, min = 0.01ms, total = 0.04ms
	NodeInfoGcsService.grpc_server.GetAllNodeInfo - 2 total (0 active), Execution time: mean = 0.36ms, total = 0.71ms, Queueing time: mean = 0.00ms, max = -0.00ms, min = 9223372036854.78ms, total = 0.00ms
	GcsInMemoryStore.Delete - 1 total (0 active), Execution time: mean = 0.01ms, total = 0.01ms, Queueing time: mean = 0.01ms, max = 0.01ms, min = 0.01ms, total = 0.01ms
	NodeManager.AddNodeCallback - 1 total (0 active), Execution time: mean = 0.45ms, total = 0.45ms, Queueing time: mean = 0.13ms, max = 0.13ms, min = 0.13ms, total = 0.13ms
	InternalKVGcsService.grpc_server.InternalKVDel - 1 total (0 active), Execution time: mean = 0.45ms, total = 0.45ms, Queueing time: mean = 0.00ms, max = -0.00ms, min = 9223372036854.78ms, total = 0.00ms
	JobInfoGcsService.grpc_server.GetAllJobInfo - 1 total (0 active), Execution time: mean = 0.35ms, total = 0.35ms, Queueing time: mean = 0.00ms, max = -0.00ms, min = 9223372036854.78ms, total = 0.00ms
	JobInfoGcsService.grpc_server.GetNextJobID.HandleRequestImpl - 1 total (0 active), Execution time: mean = 0.02ms, total = 0.02ms, Queueing time: mean = 0.02ms, max = 0.02ms, min = 0.02ms, total = 0.02ms
	JobInfoGcsService.grpc_server.GetNextJobID - 1 total (0 active), Execution time: mean = 0.35ms, total = 0.35ms, Queueing time: mean = 0.00ms, max = -0.00ms, min = 9223372036854.78ms, total = 0.00ms
	GcsHealthCheckManager::AddNode - 1 total (0 active), Execution time: mean = 0.02ms, total = 0.02ms, Queueing time: mean = 0.00ms, max = 0.00ms, min = 0.00ms, total = 0.00ms
	NodeInfoGcsService.grpc_server.GetAllNodeAddressAndLiveness - 1 total (0 active), Execution time: mean = 0.37ms, total = 0.37ms, Queueing time: mean = 0.00ms, max = -0.00ms, min = 9223372036854.78ms, total = 0.00ms
	JobInfoGcsService.grpc_server.GetAllJobInfo.HandleRequestImpl - 1 total (0 active), Execution time: mean = 0.04ms, total = 0.04ms, Queueing time: mean = 0.02ms, max = 0.02ms, min = 0.02ms, total = 0.02ms
	GcsResourceManager::Update - 1 total (0 active), Execution time: mean = 0.08ms, total = 0.08ms, Queueing time: mean = 0.01ms, max = 0.01ms, min = 0.01ms, total = 0.01ms
	NodeInfoGcsService.grpc_server.RegisterNode.HandleRequestImpl - 1 total (0 active), Execution time: mean = 0.23ms, total = 0.23ms, Queueing time: mean = 0.02ms, max = 0.02ms, min = 0.02ms, total = 0.02ms
	InternalKVGcsService.grpc_server.InternalKVDel.HandleRequestImpl - 1 total (0 active), Execution time: mean = 0.06ms, total = 0.06ms, Queueing time: mean = 0.01ms, max = 0.01ms, min = 0.01ms, total = 0.01ms
	InternalKVGcsService.grpc_server.GetInternalConfig.HandleRequestImpl - 1 total (0 active), Execution time: mean = 0.10ms, total = 0.10ms, Queueing time: mean = 0.02ms, max = 0.02ms, min = 0.02ms, total = 0.02ms
	NodeInfoGcsService.grpc_server.GetAllNodeAddressAndLiveness.HandleRequestImpl - 1 total (0 active), Execution time: mean = 0.01ms, total = 0.01ms, Queueing time: mean = 0.01ms, max = 0.01ms, min = 0.01ms, total = 0.01ms
	GcsHealthCheckManager::MarkNodeHealthy - 1 total (0 active), Execution time: mean = 0.00ms, total = 0.00ms, Queueing time: mean = 0.01ms, max = 0.01ms, min = 0.01ms, total = 0.01ms
	GcsInitData::AsyncLoad - 1 total (0 active), Execution time: mean = 0.01ms, total = 0.01ms, Queueing time: mean = 0.00ms, max = 0.00ms, min = 0.00ms, total = 0.00ms
	InternalKVGcsService.grpc_server.GetInternalConfig - 1 total (0 active), Execution time: mean = 0.65ms, total = 0.65ms, Queueing time: mean = 0.00ms, max = -0.00ms, min = 9223372036854.78ms, total = 0.00ms
	GcsInMemoryStore.GetNextJobID - 1 total (0 active), Execution time: mean = 0.01ms, total = 0.01ms, Queueing time: mean = 0.01ms, max = 0.01ms, min = 0.01ms, total = 0.01ms
	NodeInfoGcsService.grpc_server.RegisterNode - 1 total (0 active), Execution time: mean = 0.64ms, total = 0.64ms, Queueing time: mean = 0.00ms, max = -0.00ms, min = 9223372036854.78ms, total = 0.00ms
	GcsServer.GetOrGenerateClusterId.continuation - 1 total (0 active), Execution time: mean = 1520.34ms, total = 1520.34ms, Queueing time: mean = 0.00ms, max = 0.00ms, min = 0.00ms, total = 0.00ms


[2026-06-04 22:36:10,502 I 512 512] (gcs_server) gcs_server.cc:940: task_io_context Event stats:


Global stats: 148 total (1 active)
Queueing time: mean = 0.65ms, max = 89.27ms, min = 0.00ms, total = 96.00ms
Execution time:  mean = 0.02ms, total = 2.29ms
Event stats:
	GcsTaskManager.GcJobSummary - 97 total (1 active), Execution time: mean = 0.01ms, total = 1.06ms, Queueing time: mean = 0.98ms, max = 89.27ms, min = 0.01ms, total = 94.91ms
	event_loop_lag_probe - 50 total (0 active), Execution time: mean = 0.02ms, total = 1.21ms, Queueing time: mean = 0.02ms, max = 0.50ms, min = 0.00ms, total = 1.07ms
	PeriodicalRunner.RunFnPeriodically - 1 total (0 active), Execution time: mean = 0.02ms, total = 0.02ms, Queueing time: mean = 0.02ms, max = 0.02ms, min = 0.02ms, total = 0.02ms


[2026-06-04 22:36:10,502 I 512 512] (gcs_server) gcs_server.cc:940: pubsub_io_context Event stats:


Global stats: 339 total (2 active)
Queueing time: mean = 0.94ms, max = 95.93ms, min = 0.00ms, total = 317.38ms
Execution time:  mean = 2.22ms, total = 753.92ms
Event stats:
	InternalPubSubGcsService.grpc_server.GcsPublish - 140 total (0 active), Execution time: mean = 5.24ms, total = 733.06ms, Queueing time: mean = 0.00ms, max = -0.00ms, min = 9223372036854.78ms, total = 0.00ms
	InternalPubSubGcsService.grpc_server.GcsPublish.HandleRequestImpl - 140 total (0 active), Execution time: mean = 0.13ms, total = 18.71ms, Queueing time: mean = 2.10ms, max = 95.93ms, min = 0.01ms, total = 293.85ms
	event_loop_lag_probe - 50 total (0 active), Execution time: mean = 0.02ms, total = 1.07ms, Queueing time: mean = 0.32ms, max = 15.11ms, min = 0.00ms, total = 15.80ms
	InternalPubSubGcsService.grpc_server.GcsSubscriberCommandBatch - 2 total (0 active), Execution time: mean = 0.37ms, total = 0.74ms, Queueing time: mean = 0.00ms, max = -0.00ms, min = 9223372036854.78ms, total = 0.00ms
	InternalPubSubGcsService.grpc_server.GcsSubscriberCommandBatch.HandleRequestImpl - 2 total (0 active), Execution time: mean = 0.10ms, total = 0.21ms, Queueing time: mean = 0.02ms, max = 0.03ms, min = 0.01ms, total = 0.04ms
	Publisher.CheckDeadSubscribers - 2 total (1 active), Execution time: mean = 0.01ms, total = 0.02ms, Queueing time: mean = 0.03ms, max = 0.06ms, min = 0.06ms, total = 0.06ms
	InternalPubSubGcsService.grpc_server.GcsSubscriberPoll - 1 total (1 active), Execution time: mean = 0.00ms, total = 0.00ms, Queueing time: mean = 0.00ms, max = -0.00ms, min = 9223372036854.78ms, total = 0.00ms
	PeriodicalRunner.RunFnPeriodically - 1 total (0 active), Execution time: mean = 0.06ms, total = 0.06ms, Queueing time: mean = 7.44ms, max = 7.44ms, min = 7.44ms, total = 7.44ms
	InternalPubSubGcsService.grpc_server.GcsSubscriberPoll.HandleRequestImpl - 1 total (0 active), Execution time: mean = 0.04ms, total = 0.04ms, Queueing time: mean = 0.19ms, max = 0.19ms, min = 0.19ms, total = 0.19ms


[2026-06-04 22:36:10,502 I 512 512] (gcs_server) gcs_server.cc:940: ray_syncer_io_context Event stats:


Global stats: 54 total (0 active)
Queueing time: mean = 0.02ms, max = 0.61ms, min = 0.00ms, total = 1.33ms
Execution time:  mean = 0.03ms, total = 1.43ms
Event stats:
	event_loop_lag_probe - 50 total (0 active), Execution time: mean = 0.02ms, total = 1.24ms, Queueing time: mean = 0.02ms, max = 0.61ms, min = 0.01ms, total = 1.23ms
	RaySyncerRegister - 2 total (0 active), Execution time: mean = 0.00ms, total = 0.00ms, Queueing time: mean = 0.04ms, max = 0.06ms, min = 0.01ms, total = 0.08ms
	RaySyncer.BroadcastMessage - 1 total (0 active), Execution time: mean = 0.02ms, total = 0.02ms, Queueing time: mean = 0.00ms, max = 0.00ms, min = 0.00ms, total = 0.00ms
	 - 1 total (0 active), Execution time: mean = 0.16ms, total = 0.16ms, Queueing time: mean = 0.02ms, max = 0.02ms, min = 0.02ms, total = 0.02ms


[2026-06-04 22:36:10,502 I 512 512] (gcs_server) gcs_server.cc:940: ray_event_io_context Event stats:


Global stats: 50 total (0 active)
Queueing time: mean = 0.17ms, max = 8.24ms, min = 0.00ms, total = 8.72ms
Execution time:  mean = 0.02ms, total = 0.99ms
Event stats:
	event_loop_lag_probe - 50 total (0 active), Execution time: mean = 0.02ms, total = 0.99ms, Queueing time: mean = 0.17ms, max = 8.24ms, min = 0.00ms, total = 8.72ms


[2026-06-04 22:37:10,503 I 512 512] (gcs_server) gcs_server.cc:922: Gcs Debug state:

GcsNodeManager: 
- RegisterNode request count: 1
- DrainNode request count: 0
- GetAllNodeInfo request count: 3

GcsActorManager: 
- RegisterActor request count: 0
- CreateActor request count: 0
- GetActorInfo request count: 0
- GetNamedActorInfo request count: 0
- GetAllActorInfo request count: 0
- KillActor request count: 0
- ListNamedActors request count: 0
- Registered actors count: 0
- Destroyed actors count: 0
- Named actors count: 0
- Unresolved actors count: 0
- Pending actors count: 0
- Created actors count: 0
- owners_: 0
- actor_to_register_callbacks_: 0
- actor_to_restart_for_lineage_reconstruction_callbacks_: 0
- actor_to_create_callbacks_: 0
- sorted_destroyed_actor_list_: 0

GcsResourceManager: 
- GetAllAvailableResources request count: 0
- GetAllTotalResources request count: 0
- GetAllResourceUsage request count: 106

GcsPlacementGroupManager: 
- CreatePlacementGroup request count: 0
- RemovePlacementGroup request count: 0
- GetPlacementGroup request count: 0
- GetAllPlacementGroup request count: 0
- WaitPlacementGroupUntilReady request count: 0
- GetNamedPlacementGroup request count: 0
- Scheduling pending placement group count: 0
- Registered placement groups count: 0
- Named placement group count: 0
- Pending placement groups count: 0
- Infeasible placement groups count: 0

Publisher:
GCS_NODE_INFO_CHANNEL
- cumulative published messages: 1
- cumulative published bytes: 499
- current buffered bytes: 0
GCS_NODE_ADDRESS_AND_LIVENESS_CHANNEL
- cumulative published messages: 1
- cumulative published bytes: 92
- current buffered bytes: 0
RAY_LOG_CHANNEL
- cumulative published messages: 153
- cumulative published bytes: 134310
- current buffered bytes: 0

[runtime env manager] ID to URIs table:
[runtime env manager] URIs reference table:

GcsTaskManager: 
-Total num task events reported: 0
-Total num status task events dropped: 0
-Total num profile events dropped: 0
-Current num of task events stored: 0
-Total num of actor creation tasks: 0
-Total num of actor tasks: 0
-Total num of normal tasks: 0
-Total num of driver tasks: 0

GcsAutoscalerStateManager: 
- last_seen_autoscaler_state_version_: 0
- last_cluster_resource_state_version_: 106
- pending demands:



[2026-06-04 22:37:10,503 I 512 512] (gcs_server) gcs_server.cc:936: Main service Event stats:


Global stats: 4939 total (5 active)
Queueing time: mean = 8.02ms, max = 1522.53ms, min = 0.00ms, total = 39593.41ms
Execution time:  mean = 3.29ms, total = 16257.19ms
Event stats:
	GcsInMemoryStore.Put - 874 total (0 active), Execution time: mean = 1.74ms, total = 1523.95ms, Queueing time: mean = 1.81ms, max = 1521.87ms, min = 0.00ms, total = 1586.02ms
	RayletLoadPulled - 539 total (1 active), Execution time: mean = 0.26ms, total = 141.85ms, Queueing time: mean = 2.34ms, max = 297.72ms, min = 0.01ms, total = 1262.88ms
	NodeManagerService.grpc_client.GetResourceLoad.OnReplyReceived - 525 total (0 active), Execution time: mean = 0.05ms, total = 27.87ms, Queueing time: mean = 1.14ms, max = 96.21ms, min = 0.01ms, total = 596.90ms
	NodeManagerService.grpc_client.GetResourceLoad - 525 total (0 active), Execution time: mean = 21.56ms, total = 11321.07ms, Queueing time: mean = 0.00ms, max = -0.00ms, min = 9223372036854.78ms, total = 0.00ms
	InternalKVGcsService.grpc_server.InternalKVPut.HandleRequestImpl - 222 total (0 active), Execution time: mean = 0.06ms, total = 12.33ms, Queueing time: mean = 1.75ms, max = 96.13ms, min = 0.01ms, total = 389.28ms
	InternalKVGcsService.grpc_server.InternalKVPut - 222 total (0 active), Execution time: mean = 3.42ms, total = 758.97ms, Queueing time: mean = 0.00ms, max = -0.00ms, min = 9223372036854.78ms, total = 0.00ms
	GcsInMemoryStore.Get - 222 total (0 active), Execution time: mean = 0.01ms, total = 2.64ms, Queueing time: mean = 0.01ms, max = 0.11ms, min = 0.01ms, total = 3.16ms
	InternalKVGcsService.grpc_server.InternalKVGet.HandleRequestImpl - 221 total (0 active), Execution time: mean = 0.08ms, total = 17.02ms, Queueing time: mean = 0.46ms, max = 95.88ms, min = 0.01ms, total = 102.46ms
	InternalKVGcsService.grpc_server.InternalKVGet - 221 total (0 active), Execution time: mean = 1.73ms, total = 381.67ms, Queueing time: mean = 0.00ms, max = -0.00ms, min = 9223372036854.78ms, total = 0.00ms
	ClusterResourceManager.ResetRemoteNodeView - 180 total (1 active), Execution time: mean = 0.01ms, total = 1.90ms, Queueing time: mean = 0.98ms, max = 95.89ms, min = 0.01ms, total = 176.35ms
	HealthCheck - 174 total (0 active), Execution time: mean = 0.00ms, total = 0.85ms, Queueing time: mean = 1.16ms, max = 96.16ms, min = 0.01ms, total = 202.36ms
	NodeInfoGcsService.grpc_server.CheckAlive - 114 total (0 active), Execution time: mean = 1.29ms, total = 147.56ms, Queueing time: mean = 0.00ms, max = -0.00ms, min = 9223372036854.78ms, total = 0.00ms
	NodeInfoGcsService.grpc_server.CheckAlive.HandleRequestImpl - 114 total (0 active), Execution time: mean = 0.02ms, total = 2.14ms, Queueing time: mean = 0.04ms, max = 0.31ms, min = 0.01ms, total = 4.26ms
	GCSServer.deadline_timer.metrics_report - 108 total (1 active), Execution time: mean = 0.22ms, total = 24.00ms, Queueing time: mean = 1.55ms, max = 95.50ms, min = 0.01ms, total = 167.42ms
	AutoscalerStateService.grpc_server.GetClusterResourceState - 106 total (0 active), Execution time: mean = 0.43ms, total = 45.50ms, Queueing time: mean = 0.00ms, max = -0.00ms, min = 9223372036854.78ms, total = 0.00ms
	AutoscalerStateService.grpc_server.GetClusterResourceState.HandleRequestImpl - 106 total (0 active), Execution time: mean = 0.04ms, total = 4.56ms, Queueing time: mean = 0.03ms, max = 0.70ms, min = 0.01ms, total = 3.28ms
	NodeResourceInfoGcsService.grpc_server.GetAllResourceUsage.HandleRequestImpl - 106 total (0 active), Execution time: mean = 0.06ms, total = 6.33ms, Queueing time: mean = 0.06ms, max = 1.38ms, min = 0.01ms, total = 6.85ms
	NodeResourceInfoGcsService.grpc_server.GetAllResourceUsage - 106 total (0 active), Execution time: mean = 1.49ms, total = 158.01ms, Queueing time: mean = 0.00ms, max = -0.00ms, min = 9223372036854.78ms, total = 0.00ms
	event_loop_lag_probe - 56 total (0 active), Execution time: mean = 0.01ms, total = 0.75ms, Queueing time: mean = 0.27ms, max = 14.25ms, min = 0.00ms, total = 15.13ms
	GCSServer.deadline_timer.gcs_global_gc - 54 total (1 active), Execution time: mean = 0.01ms, total = 0.44ms, Queueing time: mean = 1.48ms, max = 66.72ms, min = 0.02ms, total = 80.04ms
	ReporterService.grpc_client.HealthCheck.OnReplyReceived - 31 total (0 active), Execution time: mean = 0.16ms, total = 5.10ms, Queueing time: mean = 52.09ms, max = 1517.54ms, min = 0.02ms, total = 1614.71ms
	ReporterService.grpc_client.HealthCheck - 31 total (0 active), Execution time: mean = 3.62ms, total = 112.34ms, Queueing time: mean = 0.00ms, max = -0.00ms, min = 9223372036854.78ms, total = 0.00ms
	MetricsAgentClient.WaitForServerReadyWithRetry - 30 total (0 active), Execution time: mean = 0.27ms, total = 8.13ms, Queueing time: mean = 1008.67ms, max = 1097.53ms, min = 1000.02ms, total = 30260.04ms
	GCSServer.deadline_timer.debug_state_event_stats_print - 9 total (1 active, 1 running), Execution time: mean = 1.43ms, total = 12.86ms, Queueing time: mean = 7.48ms, max = 67.10ms, min = 0.02ms, total = 67.31ms
	GcsInMemoryStore.GetAll - 6 total (0 active), Execution time: mean = 0.01ms, total = 0.06ms, Queueing time: mean = 0.06ms, max = 0.07ms, min = 0.01ms, total = 0.34ms
	PeriodicalRunner.RunFnPeriodically - 5 total (0 active), Execution time: mean = 0.11ms, total = 0.54ms, Queueing time: mean = 610.50ms, max = 1522.53ms, min = 2.26ms, total = 3052.48ms
	NodeInfoGcsService.grpc_server.GetClusterId - 4 total (0 active), Execution time: mean = 2.91ms, total = 11.62ms, Queueing time: mean = 0.00ms, max = -0.00ms, min = 9223372036854.78ms, total = 0.00ms
	NodeInfoGcsService.grpc_server.GetClusterId.HandleRequestImpl - 4 total (0 active), Execution time: mean = 0.54ms, total = 2.15ms, Queueing time: mean = 0.45ms, max = 1.73ms, min = 0.02ms, total = 1.81ms
	NodeInfoGcsService.grpc_server.GetAllNodeInfo.HandleRequestImpl - 2 total (0 active), Execution time: mean = 0.04ms, total = 0.08ms, Queueing time: mean = 0.02ms, max = 0.03ms, min = 0.01ms, total = 0.04ms
	NodeInfoGcsService.grpc_server.GetAllNodeInfo - 2 total (0 active), Execution time: mean = 0.36ms, total = 0.71ms, Queueing time: mean = 0.00ms, max = -0.00ms, min = 9223372036854.78ms, total = 0.00ms
	GcsInMemoryStore.Delete - 1 total (0 active), Execution time: mean = 0.01ms, total = 0.01ms, Queueing time: mean = 0.01ms, max = 0.01ms, min = 0.01ms, total = 0.01ms
	NodeManager.AddNodeCallback - 1 total (0 active), Execution time: mean = 0.45ms, total = 0.45ms, Queueing time: mean = 0.13ms, max = 0.13ms, min = 0.13ms, total = 0.13ms
	InternalKVGcsService.grpc_server.InternalKVDel - 1 total (0 active), Execution time: mean = 0.45ms, total = 0.45ms, Queueing time: mean = 0.00ms, max = -0.00ms, min = 9223372036854.78ms, total = 0.00ms
	JobInfoGcsService.grpc_server.GetAllJobInfo - 1 total (0 active), Execution time: mean = 0.35ms, total = 0.35ms, Queueing time: mean = 0.00ms, max = -0.00ms, min = 9223372036854.78ms, total = 0.00ms
	JobInfoGcsService.grpc_server.GetNextJobID.HandleRequestImpl - 1 total (0 active), Execution time: mean = 0.02ms, total = 0.02ms, Queueing time: mean = 0.02ms, max = 0.02ms, min = 0.02ms, total = 0.02ms
	JobInfoGcsService.grpc_server.GetNextJobID - 1 total (0 active), Execution time: mean = 0.35ms, total = 0.35ms, Queueing time: mean = 0.00ms, max = -0.00ms, min = 9223372036854.78ms, total = 0.00ms
	GcsHealthCheckManager::AddNode - 1 total (0 active), Execution time: mean = 0.02ms, total = 0.02ms, Queueing time: mean = 0.00ms, max = 0.00ms, min = 0.00ms, total = 0.00ms
	NodeInfoGcsService.grpc_server.GetAllNodeAddressAndLiveness - 1 total (0 active), Execution time: mean = 0.37ms, total = 0.37ms, Queueing time: mean = 0.00ms, max = -0.00ms, min = 9223372036854.78ms, total = 0.00ms
	JobInfoGcsService.grpc_server.GetAllJobInfo.HandleRequestImpl - 1 total (0 active), Execution time: mean = 0.04ms, total = 0.04ms, Queueing time: mean = 0.02ms, max = 0.02ms, min = 0.02ms, total = 0.02ms
	GcsResourceManager::Update - 1 total (0 active), Execution time: mean = 0.08ms, total = 0.08ms, Queueing time: mean = 0.01ms, max = 0.01ms, min = 0.01ms, total = 0.01ms
	NodeInfoGcsService.grpc_server.RegisterNode.HandleRequestImpl - 1 total (0 active), Execution time: mean = 0.23ms, total = 0.23ms, Queueing time: mean = 0.02ms, max = 0.02ms, min = 0.02ms, total = 0.02ms
	InternalKVGcsService.grpc_server.InternalKVDel.HandleRequestImpl - 1 total (0 active), Execution time: mean = 0.06ms, total = 0.06ms, Queueing time: mean = 0.01ms, max = 0.01ms, min = 0.01ms, total = 0.01ms
	InternalKVGcsService.grpc_server.GetInternalConfig.HandleRequestImpl - 1 total (0 active), Execution time: mean = 0.10ms, total = 0.10ms, Queueing time: mean = 0.02ms, max = 0.02ms, min = 0.02ms, total = 0.02ms
	NodeInfoGcsService.grpc_server.GetAllNodeAddressAndLiveness.HandleRequestImpl - 1 total (0 active), Execution time: mean = 0.01ms, total = 0.01ms, Queueing time: mean = 0.01ms, max = 0.01ms, min = 0.01ms, total = 0.01ms
	GcsHealthCheckManager::MarkNodeHealthy - 1 total (0 active), Execution time: mean = 0.00ms, total = 0.00ms, Queueing time: mean = 0.01ms, max = 0.01ms, min = 0.01ms, total = 0.01ms
	GcsInitData::AsyncLoad - 1 total (0 active), Execution time: mean = 0.01ms, total = 0.01ms, Queueing time: mean = 0.00ms, max = 0.00ms, min = 0.00ms, total = 0.00ms
	InternalKVGcsService.grpc_server.GetInternalConfig - 1 total (0 active), Execution time: mean = 0.65ms, total = 0.65ms, Queueing time: mean = 0.00ms, max = -0.00ms, min = 9223372036854.78ms, total = 0.00ms
	GcsInMemoryStore.GetNextJobID - 1 total (0 active), Execution time: mean = 0.01ms, total = 0.01ms, Queueing time: mean = 0.01ms, max = 0.01ms, min = 0.01ms, total = 0.01ms
	NodeInfoGcsService.grpc_server.RegisterNode - 1 total (0 active), Execution time: mean = 0.64ms, total = 0.64ms, Queueing time: mean = 0.00ms, max = -0.00ms, min = 9223372036854.78ms, total = 0.00ms
	GcsServer.GetOrGenerateClusterId.continuation - 1 total (0 active), Execution time: mean = 1520.34ms, total = 1520.34ms, Queueing time: mean = 0.00ms, max = 0.00ms, min = 0.00ms, total = 0.00ms


[2026-06-04 22:37:10,504 I 512 512] (gcs_server) gcs_server.cc:940: task_io_context Event stats:


Global stats: 166 total (1 active)
Queueing time: mean = 0.58ms, max = 89.27ms, min = 0.00ms, total = 96.67ms
Execution time:  mean = 0.02ms, total = 2.50ms
Event stats:
	GcsTaskManager.GcJobSummary - 109 total (1 active), Execution time: mean = 0.01ms, total = 1.18ms, Queueing time: mean = 0.88ms, max = 89.27ms, min = 0.01ms, total = 95.50ms
	event_loop_lag_probe - 56 total (0 active), Execution time: mean = 0.02ms, total = 1.31ms, Queueing time: mean = 0.02ms, max = 0.50ms, min = 0.00ms, total = 1.15ms
	PeriodicalRunner.RunFnPeriodically - 1 total (0 active), Execution time: mean = 0.02ms, total = 0.02ms, Queueing time: mean = 0.02ms, max = 0.02ms, min = 0.02ms, total = 0.02ms


[2026-06-04 22:37:10,504 I 512 512] (gcs_server) gcs_server.cc:940: pubsub_io_context Event stats:


Global stats: 371 total (2 active)
Queueing time: mean = 0.86ms, max = 95.93ms, min = 0.00ms, total = 317.80ms
Execution time:  mean = 2.05ms, total = 760.39ms
Event stats:
	InternalPubSubGcsService.grpc_server.GcsPublish - 153 total (0 active), Execution time: mean = 4.82ms, total = 738.13ms, Queueing time: mean = 0.00ms, max = -0.00ms, min = 9223372036854.78ms, total = 0.00ms
	InternalPubSubGcsService.grpc_server.GcsPublish.HandleRequestImpl - 153 total (0 active), Execution time: mean = 0.13ms, total = 20.02ms, Queueing time: mean = 1.92ms, max = 95.93ms, min = 0.01ms, total = 294.21ms
	event_loop_lag_probe - 56 total (0 active), Execution time: mean = 0.02ms, total = 1.17ms, Queueing time: mean = 0.28ms, max = 15.11ms, min = 0.00ms, total = 15.86ms
	InternalPubSubGcsService.grpc_server.GcsSubscriberCommandBatch - 2 total (0 active), Execution time: mean = 0.37ms, total = 0.74ms, Queueing time: mean = 0.00ms, max = -0.00ms, min = 9223372036854.78ms, total = 0.00ms
	InternalPubSubGcsService.grpc_server.GcsSubscriberCommandBatch.HandleRequestImpl - 2 total (0 active), Execution time: mean = 0.10ms, total = 0.21ms, Queueing time: mean = 0.02ms, max = 0.03ms, min = 0.01ms, total = 0.04ms
	Publisher.CheckDeadSubscribers - 2 total (1 active), Execution time: mean = 0.01ms, total = 0.02ms, Queueing time: mean = 0.03ms, max = 0.06ms, min = 0.06ms, total = 0.06ms
	InternalPubSubGcsService.grpc_server.GcsSubscriberPoll - 1 total (1 active), Execution time: mean = 0.00ms, total = 0.00ms, Queueing time: mean = 0.00ms, max = -0.00ms, min = 9223372036854.78ms, total = 0.00ms
	PeriodicalRunner.RunFnPeriodically - 1 total (0 active), Execution time: mean = 0.06ms, total = 0.06ms, Queueing time: mean = 7.44ms, max = 7.44ms, min = 7.44ms, total = 7.44ms
	InternalPubSubGcsService.grpc_server.GcsSubscriberPoll.HandleRequestImpl - 1 total (0 active), Execution time: mean = 0.04ms, total = 0.04ms, Queueing time: mean = 0.19ms, max = 0.19ms, min = 0.19ms, total = 0.19ms


[2026-06-04 22:37:10,504 I 512 512] (gcs_server) gcs_server.cc:940: ray_syncer_io_context Event stats:


Global stats: 60 total (0 active)
Queueing time: mean = 0.02ms, max = 0.61ms, min = 0.00ms, total = 1.39ms
Execution time:  mean = 0.03ms, total = 1.54ms
Event stats:
	event_loop_lag_probe - 56 total (0 active), Execution time: mean = 0.02ms, total = 1.36ms, Queueing time: mean = 0.02ms, max = 0.61ms, min = 0.01ms, total = 1.30ms
	RaySyncerRegister - 2 total (0 active), Execution time: mean = 0.00ms, total = 0.00ms, Queueing time: mean = 0.04ms, max = 0.06ms, min = 0.01ms, total = 0.08ms
	RaySyncer.BroadcastMessage - 1 total (0 active), Execution time: mean = 0.02ms, total = 0.02ms, Queueing time: mean = 0.00ms, max = 0.00ms, min = 0.00ms, total = 0.00ms
	 - 1 total (0 active), Execution time: mean = 0.16ms, total = 0.16ms, Queueing time: mean = 0.02ms, max = 0.02ms, min = 0.02ms, total = 0.02ms


[2026-06-04 22:37:10,504 I 512 512] (gcs_server) gcs_server.cc:940: ray_event_io_context Event stats:


Global stats: 56 total (0 active)
Queueing time: mean = 0.16ms, max = 8.24ms, min = 0.00ms, total = 8.77ms
Execution time:  mean = 0.02ms, total = 1.09ms
Event stats:
	event_loop_lag_probe - 56 total (0 active), Execution time: mean = 0.02ms, total = 1.09ms, Queueing time: mean = 0.16ms, max = 8.24ms, min = 0.00ms, total = 8.77ms


[2026-06-04 22:38:10,504 I 512 512] (gcs_server) gcs_server.cc:922: Gcs Debug state:

GcsNodeManager: 
- RegisterNode request count: 1
- DrainNode request count: 0
- GetAllNodeInfo request count: 3

GcsActorManager: 
- RegisterActor request count: 0
- CreateActor request count: 0
- GetActorInfo request count: 0
- GetNamedActorInfo request count: 0
- GetAllActorInfo request count: 0
- KillActor request count: 0
- ListNamedActors request count: 0
- Registered actors count: 0
- Destroyed actors count: 0
- Named actors count: 0
- Unresolved actors count: 0
- Pending actors count: 0
- Created actors count: 0
- owners_: 0
- actor_to_register_callbacks_: 0
- actor_to_restart_for_lineage_reconstruction_callbacks_: 0
- actor_to_create_callbacks_: 0
- sorted_destroyed_actor_list_: 0

GcsResourceManager: 
- GetAllAvailableResources request count: 0
- GetAllTotalResources request count: 0
- GetAllResourceUsage request count: 118

GcsPlacementGroupManager: 
- CreatePlacementGroup request count: 0
- RemovePlacementGroup request count: 0
- GetPlacementGroup request count: 0
- GetAllPlacementGroup request count: 0
- WaitPlacementGroupUntilReady request count: 0
- GetNamedPlacementGroup request count: 0
- Scheduling pending placement group count: 0
- Registered placement groups count: 0
- Named placement group count: 0
- Pending placement groups count: 0
- Infeasible placement groups count: 0

Publisher:
GCS_NODE_INFO_CHANNEL
- cumulative published messages: 1
- cumulative published bytes: 499
- current buffered bytes: 0
GCS_NODE_ADDRESS_AND_LIVENESS_CHANNEL
- cumulative published messages: 1
- cumulative published bytes: 92
- current buffered bytes: 0
RAY_LOG_CHANNEL
- cumulative published messages: 165
- cumulative published bytes: 144594
- current buffered bytes: 0

[runtime env manager] ID to URIs table:
[runtime env manager] URIs reference table:

GcsTaskManager: 
-Total num task events reported: 0
-Total num status task events dropped: 0
-Total num profile events dropped: 0
-Current num of task events stored: 0
-Total num of actor creation tasks: 0
-Total num of actor tasks: 0
-Total num of normal tasks: 0
-Total num of driver tasks: 0

GcsAutoscalerStateManager: 
- last_seen_autoscaler_state_version_: 0
- last_cluster_resource_state_version_: 118
- pending demands:



[2026-06-04 22:38:10,505 I 512 512] (gcs_server) gcs_server.cc:936: Main service Event stats:


Global stats: 5438 total (5 active)
Queueing time: mean = 7.28ms, max = 1522.53ms, min = 0.00ms, total = 39608.21ms
Execution time:  mean = 3.01ms, total = 16380.44ms
Event stats:
	GcsInMemoryStore.Put - 970 total (0 active), Execution time: mean = 1.57ms, total = 1524.31ms, Queueing time: mean = 1.64ms, max = 1521.87ms, min = 0.00ms, total = 1592.57ms
	RayletLoadPulled - 599 total (1 active), Execution time: mean = 0.26ms, total = 156.07ms, Queueing time: mean = 2.11ms, max = 297.72ms, min = 0.01ms, total = 1264.82ms
	NodeManagerService.grpc_client.GetResourceLoad.OnReplyReceived - 585 total (0 active), Execution time: mean = 0.05ms, total = 30.82ms, Queueing time: mean = 1.02ms, max = 96.21ms, min = 0.01ms, total = 598.54ms
	NodeManagerService.grpc_client.GetResourceLoad - 585 total (0 active), Execution time: mean = 19.48ms, total = 11392.98ms, Queueing time: mean = 0.00ms, max = -0.00ms, min = 9223372036854.78ms, total = 0.00ms
	InternalKVGcsService.grpc_server.InternalKVPut.HandleRequestImpl - 246 total (0 active), Execution time: mean = 0.05ms, total = 13.42ms, Queueing time: mean = 1.58ms, max = 96.13ms, min = 0.01ms, total = 389.67ms
	InternalKVGcsService.grpc_server.InternalKVPut - 246 total (0 active), Execution time: mean = 3.11ms, total = 766.02ms, Queueing time: mean = 0.00ms, max = -0.00ms, min = 9223372036854.78ms, total = 0.00ms
	GcsInMemoryStore.Get - 234 total (0 active), Execution time: mean = 0.01ms, total = 2.79ms, Queueing time: mean = 0.01ms, max = 0.11ms, min = 0.01ms, total = 3.32ms
	InternalKVGcsService.grpc_server.InternalKVGet.HandleRequestImpl - 233 total (0 active), Execution time: mean = 0.08ms, total = 18.11ms, Queueing time: mean = 0.44ms, max = 95.88ms, min = 0.01ms, total = 102.64ms
	InternalKVGcsService.grpc_server.InternalKVGet - 233 total (0 active), Execution time: mean = 1.66ms, total = 386.09ms, Queueing time: mean = 0.00ms, max = -0.00ms, min = 9223372036854.78ms, total = 0.00ms
	ClusterResourceManager.ResetRemoteNodeView - 200 total (1 active), Execution time: mean = 0.01ms, total = 2.10ms, Queueing time: mean = 0.89ms, max = 95.89ms, min = 0.01ms, total = 177.04ms
	HealthCheck - 194 total (0 active), Execution time: mean = 0.00ms, total = 0.93ms, Queueing time: mean = 1.05ms, max = 96.16ms, min = 0.01ms, total = 202.97ms
	NodeInfoGcsService.grpc_server.CheckAlive - 127 total (0 active), Execution time: mean = 1.20ms, total = 152.76ms, Queueing time: mean = 0.00ms, max = -0.00ms, min = 9223372036854.78ms, total = 0.00ms
	NodeInfoGcsService.grpc_server.CheckAlive.HandleRequestImpl - 127 total (0 active), Execution time: mean = 0.02ms, total = 2.41ms, Queueing time: mean = 0.04ms, max = 0.31ms, min = 0.01ms, total = 4.61ms
	GCSServer.deadline_timer.metrics_report - 120 total (1 active), Execution time: mean = 0.22ms, total = 26.78ms, Queueing time: mean = 1.40ms, max = 95.50ms, min = 0.01ms, total = 167.73ms
	AutoscalerStateService.grpc_server.GetClusterResourceState - 118 total (0 active), Execution time: mean = 0.42ms, total = 49.46ms, Queueing time: mean = 0.00ms, max = -0.00ms, min = 9223372036854.78ms, total = 0.00ms
	AutoscalerStateService.grpc_server.GetClusterResourceState.HandleRequestImpl - 118 total (0 active), Execution time: mean = 0.04ms, total = 4.98ms, Queueing time: mean = 0.03ms, max = 0.70ms, min = 0.01ms, total = 3.48ms
	NodeResourceInfoGcsService.grpc_server.GetAllResourceUsage.HandleRequestImpl - 118 total (0 active), Execution time: mean = 0.06ms, total = 6.92ms, Queueing time: mean = 0.06ms, max = 1.38ms, min = 0.01ms, total = 7.18ms
	NodeResourceInfoGcsService.grpc_server.GetAllResourceUsage - 118 total (0 active), Execution time: mean = 1.38ms, total = 162.96ms, Queueing time: mean = 0.00ms, max = -0.00ms, min = 9223372036854.78ms, total = 0.00ms
	event_loop_lag_probe - 62 total (0 active), Execution time: mean = 0.01ms, total = 0.83ms, Queueing time: mean = 0.24ms, max = 14.25ms, min = 0.00ms, total = 15.17ms
	GCSServer.deadline_timer.gcs_global_gc - 60 total (1 active), Execution time: mean = 0.01ms, total = 0.49ms, Queueing time: mean = 1.36ms, max = 66.72ms, min = 0.02ms, total = 81.44ms
	ReporterService.grpc_client.HealthCheck.OnReplyReceived - 31 total (0 active), Execution time: mean = 0.16ms, total = 5.10ms, Queueing time: mean = 52.09ms, max = 1517.54ms, min = 0.02ms, total = 1614.71ms
	ReporterService.grpc_client.HealthCheck - 31 total (0 active), Execution time: mean = 3.62ms, total = 112.34ms, Queueing time: mean = 0.00ms, max = -0.00ms, min = 9223372036854.78ms, total = 0.00ms
	MetricsAgentClient.WaitForServerReadyWithRetry - 30 total (0 active), Execution time: mean = 0.27ms, total = 8.13ms, Queueing time: mean = 1008.67ms, max = 1097.53ms, min = 1000.02ms, total = 30260.04ms
	GCSServer.deadline_timer.debug_state_event_stats_print - 10 total (1 active, 1 running), Execution time: mean = 1.43ms, total = 14.27ms, Queueing time: mean = 6.73ms, max = 67.10ms, min = 0.02ms, total = 67.33ms
	GcsInMemoryStore.GetAll - 6 total (0 active), Execution time: mean = 0.01ms, total = 0.06ms, Queueing time: mean = 0.06ms, max = 0.07ms, min = 0.01ms, total = 0.34ms
	PeriodicalRunner.RunFnPeriodically - 5 total (0 active), Execution time: mean = 0.11ms, total = 0.54ms, Queueing time: mean = 610.50ms, max = 1522.53ms, min = 2.26ms, total = 3052.48ms
	NodeInfoGcsService.grpc_server.GetClusterId - 4 total (0 active), Execution time: mean = 2.91ms, total = 11.62ms, Queueing time: mean = 0.00ms, max = -0.00ms, min = 9223372036854.78ms, total = 0.00ms
	NodeInfoGcsService.grpc_server.GetClusterId.HandleRequestImpl - 4 total (0 active), Execution time: mean = 0.54ms, total = 2.15ms, Queueing time: mean = 0.45ms, max = 1.73ms, min = 0.02ms, total = 1.81ms
	NodeInfoGcsService.grpc_server.GetAllNodeInfo.HandleRequestImpl - 2 total (0 active), Execution time: mean = 0.04ms, total = 0.08ms, Queueing time: mean = 0.02ms, max = 0.03ms, min = 0.01ms, total = 0.04ms
	NodeInfoGcsService.grpc_server.GetAllNodeInfo - 2 total (0 active), Execution time: mean = 0.36ms, total = 0.71ms, Queueing time: mean = 0.00ms, max = -0.00ms, min = 9223372036854.78ms, total = 0.00ms
	GcsInMemoryStore.Delete - 1 total (0 active), Execution time: mean = 0.01ms, total = 0.01ms, Queueing time: mean = 0.01ms, max = 0.01ms, min = 0.01ms, total = 0.01ms
	NodeManager.AddNodeCallback - 1 total (0 active), Execution time: mean = 0.45ms, total = 0.45ms, Queueing time: mean = 0.13ms, max = 0.13ms, min = 0.13ms, total = 0.13ms
	InternalKVGcsService.grpc_server.InternalKVDel - 1 total (0 active), Execution time: mean = 0.45ms, total = 0.45ms, Queueing time: mean = 0.00ms, max = -0.00ms, min = 9223372036854.78ms, total = 0.00ms
	JobInfoGcsService.grpc_server.GetAllJobInfo - 1 total (0 active), Execution time: mean = 0.35ms, total = 0.35ms, Queueing time: mean = 0.00ms, max = -0.00ms, min = 9223372036854.78ms, total = 0.00ms
	JobInfoGcsService.grpc_server.GetNextJobID.HandleRequestImpl - 1 total (0 active), Execution time: mean = 0.02ms, total = 0.02ms, Queueing time: mean = 0.02ms, max = 0.02ms, min = 0.02ms, total = 0.02ms
	JobInfoGcsService.grpc_server.GetNextJobID - 1 total (0 active), Execution time: mean = 0.35ms, total = 0.35ms, Queueing time: mean = 0.00ms, max = -0.00ms, min = 9223372036854.78ms, total = 0.00ms
	GcsHealthCheckManager::AddNode - 1 total (0 active), Execution time: mean = 0.02ms, total = 0.02ms, Queueing time: mean = 0.00ms, max = 0.00ms, min = 0.00ms, total = 0.00ms
	NodeInfoGcsService.grpc_server.GetAllNodeAddressAndLiveness - 1 total (0 active), Execution time: mean = 0.37ms, total = 0.37ms, Queueing time: mean = 0.00ms, max = -0.00ms, min = 9223372036854.78ms, total = 0.00ms
	JobInfoGcsService.grpc_server.GetAllJobInfo.HandleRequestImpl - 1 total (0 active), Execution time: mean = 0.04ms, total = 0.04ms, Queueing time: mean = 0.02ms, max = 0.02ms, min = 0.02ms, total = 0.02ms
	GcsResourceManager::Update - 1 total (0 active), Execution time: mean = 0.08ms, total = 0.08ms, Queueing time: mean = 0.01ms, max = 0.01ms, min = 0.01ms, total = 0.01ms
	NodeInfoGcsService.grpc_server.RegisterNode.HandleRequestImpl - 1 total (0 active), Execution time: mean = 0.23ms, total = 0.23ms, Queueing time: mean = 0.02ms, max = 0.02ms, min = 0.02ms, total = 0.02ms
	InternalKVGcsService.grpc_server.InternalKVDel.HandleRequestImpl - 1 total (0 active), Execution time: mean = 0.06ms, total = 0.06ms, Queueing time: mean = 0.01ms, max = 0.01ms, min = 0.01ms, total = 0.01ms
	InternalKVGcsService.grpc_server.GetInternalConfig.HandleRequestImpl - 1 total (0 active), Execution time: mean = 0.10ms, total = 0.10ms, Queueing time: mean = 0.02ms, max = 0.02ms, min = 0.02ms, total = 0.02ms
	NodeInfoGcsService.grpc_server.GetAllNodeAddressAndLiveness.HandleRequestImpl - 1 total (0 active), Execution time: mean = 0.01ms, total = 0.01ms, Queueing time: mean = 0.01ms, max = 0.01ms, min = 0.01ms, total = 0.01ms
	GcsHealthCheckManager::MarkNodeHealthy - 1 total (0 active), Execution time: mean = 0.00ms, total = 0.00ms, Queueing time: mean = 0.01ms, max = 0.01ms, min = 0.01ms, total = 0.01ms
	GcsInitData::AsyncLoad - 1 total (0 active), Execution time: mean = 0.01ms, total = 0.01ms, Queueing time: mean = 0.00ms, max = 0.00ms, min = 0.00ms, total = 0.00ms
	InternalKVGcsService.grpc_server.GetInternalConfig - 1 total (0 active), Execution time: mean = 0.65ms, total = 0.65ms, Queueing time: mean = 0.00ms, max = -0.00ms, min = 9223372036854.78ms, total = 0.00ms
	GcsInMemoryStore.GetNextJobID - 1 total (0 active), Execution time: mean = 0.01ms, total = 0.01ms, Queueing time: mean = 0.01ms, max = 0.01ms, min = 0.01ms, total = 0.01ms
	NodeInfoGcsService.grpc_server.RegisterNode - 1 total (0 active), Execution time: mean = 0.64ms, total = 0.64ms, Queueing time: mean = 0.00ms, max = -0.00ms, min = 9223372036854.78ms, total = 0.00ms
	GcsServer.GetOrGenerateClusterId.continuation - 1 total (0 active), Execution time: mean = 1520.34ms, total = 1520.34ms, Queueing time: mean = 0.00ms, max = 0.00ms, min = 0.00ms, total = 0.00ms


[2026-06-04 22:38:10,505 I 512 512] (gcs_server) gcs_server.cc:940: task_io_context Event stats:


Global stats: 184 total (1 active)
Queueing time: mean = 0.53ms, max = 89.27ms, min = 0.00ms, total = 97.30ms
Execution time:  mean = 0.01ms, total = 2.73ms
Event stats:
	GcsTaskManager.GcJobSummary - 121 total (1 active), Execution time: mean = 0.01ms, total = 1.31ms, Queueing time: mean = 0.79ms, max = 89.27ms, min = 0.01ms, total = 96.07ms
	event_loop_lag_probe - 62 total (0 active), Execution time: mean = 0.02ms, total = 1.40ms, Queueing time: mean = 0.02ms, max = 0.50ms, min = 0.00ms, total = 1.22ms
	PeriodicalRunner.RunFnPeriodically - 1 total (0 active), Execution time: mean = 0.02ms, total = 0.02ms, Queueing time: mean = 0.02ms, max = 0.02ms, min = 0.02ms, total = 0.02ms


[2026-06-04 22:38:10,505 I 512 512] (gcs_server) gcs_server.cc:940: pubsub_io_context Event stats:


Global stats: 404 total (2 active)
Queueing time: mean = 0.79ms, max = 95.93ms, min = 0.00ms, total = 318.30ms
Execution time:  mean = 1449.33ms, total = 585527.63ms
Event stats:
	InternalPubSubGcsService.grpc_server.GcsPublish - 165 total (0 active), Execution time: mean = 4.51ms, total = 743.41ms, Queueing time: mean = 0.00ms, max = -0.00ms, min = 9223372036854.78ms, total = 0.00ms
	InternalPubSubGcsService.grpc_server.GcsPublish.HandleRequestImpl - 165 total (0 active), Execution time: mean = 0.13ms, total = 21.34ms, Queueing time: mean = 1.79ms, max = 95.93ms, min = 0.01ms, total = 294.59ms
	event_loop_lag_probe - 62 total (0 active), Execution time: mean = 0.02ms, total = 1.26ms, Queueing time: mean = 0.26ms, max = 15.11ms, min = 0.00ms, total = 15.92ms
	Publisher.CheckDeadSubscribers - 3 total (1 active), Execution time: mean = 0.02ms, total = 0.05ms, Queueing time: mean = 0.03ms, max = 0.06ms, min = 0.03ms, total = 0.09ms
	InternalPubSubGcsService.grpc_server.GcsSubscriberPoll - 2 total (1 active), Execution time: mean = 292380.21ms, total = 584760.42ms, Queueing time: mean = 0.00ms, max = -0.00ms, min = 9223372036854.78ms, total = 0.00ms
	InternalPubSubGcsService.grpc_server.GcsSubscriberPoll.HandleRequestImpl - 2 total (0 active), Execution time: mean = 0.07ms, total = 0.14ms, Queueing time: mean = 0.11ms, max = 0.19ms, min = 0.02ms, total = 0.21ms
	InternalPubSubGcsService.grpc_server.GcsSubscriberCommandBatch - 2 total (0 active), Execution time: mean = 0.37ms, total = 0.74ms, Queueing time: mean = 0.00ms, max = -0.00ms, min = 9223372036854.78ms, total = 0.00ms
	InternalPubSubGcsService.grpc_server.GcsSubscriberCommandBatch.HandleRequestImpl - 2 total (0 active), Execution time: mean = 0.10ms, total = 0.21ms, Queueing time: mean = 0.02ms, max = 0.03ms, min = 0.01ms, total = 0.04ms
	PeriodicalRunner.RunFnPeriodically - 1 total (0 active), Execution time: mean = 0.06ms, total = 0.06ms, Queueing time: mean = 7.44ms, max = 7.44ms, min = 7.44ms, total = 7.44ms


[2026-06-04 22:38:10,505 I 512 512] (gcs_server) gcs_server.cc:940: ray_syncer_io_context Event stats:


Global stats: 66 total (0 active)
Queueing time: mean = 0.02ms, max = 0.61ms, min = 0.00ms, total = 1.46ms
Execution time:  mean = 0.03ms, total = 1.65ms
Event stats:
	event_loop_lag_probe - 62 total (0 active), Execution time: mean = 0.02ms, total = 1.47ms, Queueing time: mean = 0.02ms, max = 0.61ms, min = 0.01ms, total = 1.36ms
	RaySyncerRegister - 2 total (0 active), Execution time: mean = 0.00ms, total = 0.00ms, Queueing time: mean = 0.04ms, max = 0.06ms, min = 0.01ms, total = 0.08ms
	RaySyncer.BroadcastMessage - 1 total (0 active), Execution time: mean = 0.02ms, total = 0.02ms, Queueing time: mean = 0.00ms, max = 0.00ms, min = 0.00ms, total = 0.00ms
	 - 1 total (0 active), Execution time: mean = 0.16ms, total = 0.16ms, Queueing time: mean = 0.02ms, max = 0.02ms, min = 0.02ms, total = 0.02ms


[2026-06-04 22:38:10,505 I 512 512] (gcs_server) gcs_server.cc:940: ray_event_io_context Event stats:


Global stats: 62 total (0 active)
Queueing time: mean = 0.14ms, max = 8.24ms, min = 0.00ms, total = 8.82ms
Execution time:  mean = 0.02ms, total = 1.19ms
Event stats:
	event_loop_lag_probe - 62 total (0 active), Execution time: mean = 0.02ms, total = 1.19ms, Queueing time: mean = 0.14ms, max = 8.24ms, min = 0.00ms, total = 8.82ms


[2026-06-04 22:39:10,506 I 512 512] (gcs_server) gcs_server.cc:922: Gcs Debug state:

GcsNodeManager: 
- RegisterNode request count: 1
- DrainNode request count: 0
- GetAllNodeInfo request count: 3

GcsActorManager: 
- RegisterActor request count: 0
- CreateActor request count: 0
- GetActorInfo request count: 0
- GetNamedActorInfo request count: 0
- GetAllActorInfo request count: 0
- KillActor request count: 0
- ListNamedActors request count: 0
- Registered actors count: 0
- Destroyed actors count: 0
- Named actors count: 0
- Unresolved actors count: 0
- Pending actors count: 0
- Created actors count: 0
- owners_: 0
- actor_to_register_callbacks_: 0
- actor_to_restart_for_lineage_reconstruction_callbacks_: 0
- actor_to_create_callbacks_: 0
- sorted_destroyed_actor_list_: 0

GcsResourceManager: 
- GetAllAvailableResources request count: 0
- GetAllTotalResources request count: 0
- GetAllResourceUsage request count: 130

GcsPlacementGroupManager: 
- CreatePlacementGroup request count: 0
- RemovePlacementGroup request count: 0
- GetPlacementGroup request count: 0
- GetAllPlacementGroup request count: 0
- WaitPlacementGroupUntilReady request count: 0
- GetNamedPlacementGroup request count: 0
- Scheduling pending placement group count: 0
- Registered placement groups count: 0
- Named placement group count: 0
- Pending placement groups count: 0
- Infeasible placement groups count: 0

Publisher:
GCS_NODE_INFO_CHANNEL
- cumulative published messages: 1
- cumulative published bytes: 499
- current buffered bytes: 0
GCS_NODE_ADDRESS_AND_LIVENESS_CHANNEL
- cumulative published messages: 1
- cumulative published bytes: 92
- current buffered bytes: 0
RAY_LOG_CHANNEL
- cumulative published messages: 177
- cumulative published bytes: 154878
- current buffered bytes: 0

[runtime env manager] ID to URIs table:
[runtime env manager] URIs reference table:

GcsTaskManager: 
-Total num task events reported: 0
-Total num status task events dropped: 0
-Total num profile events dropped: 0
-Current num of task events stored: 0
-Total num of actor creation tasks: 0
-Total num of actor tasks: 0
-Total num of normal tasks: 0
-Total num of driver tasks: 0

GcsAutoscalerStateManager: 
- last_seen_autoscaler_state_version_: 0
- last_cluster_resource_state_version_: 130
- pending demands:



[2026-06-04 22:39:10,507 I 512 512] (gcs_server) gcs_server.cc:936: Main service Event stats:


Global stats: 5937 total (5 active)
Queueing time: mean = 6.67ms, max = 1522.53ms, min = 0.00ms, total = 39624.01ms
Execution time:  mean = 2.78ms, total = 16501.54ms
Event stats:
	GcsInMemoryStore.Put - 1066 total (0 active), Execution time: mean = 1.43ms, total = 1524.76ms, Queueing time: mean = 1.50ms, max = 1521.87ms, min = 0.00ms, total = 1599.61ms
	RayletLoadPulled - 659 total (1 active), Execution time: mean = 0.26ms, total = 169.51ms, Queueing time: mean = 1.92ms, max = 297.72ms, min = 0.01ms, total = 1266.76ms
	NodeManagerService.grpc_client.GetResourceLoad.OnReplyReceived - 645 total (0 active), Execution time: mean = 0.05ms, total = 33.79ms, Queueing time: mean = 0.93ms, max = 96.21ms, min = 0.01ms, total = 600.44ms
	NodeManagerService.grpc_client.GetResourceLoad - 645 total (0 active), Execution time: mean = 17.77ms, total = 11462.06ms, Queueing time: mean = 0.00ms, max = -0.00ms, min = 9223372036854.78ms, total = 0.00ms
	InternalKVGcsService.grpc_server.InternalKVPut.HandleRequestImpl - 270 total (0 active), Execution time: mean = 0.05ms, total = 14.59ms, Queueing time: mean = 1.44ms, max = 96.13ms, min = 0.01ms, total = 390.07ms
	InternalKVGcsService.grpc_server.InternalKVPut - 270 total (0 active), Execution time: mean = 2.86ms, total = 773.33ms, Queueing time: mean = 0.00ms, max = -0.00ms, min = 9223372036854.78ms, total = 0.00ms
	GcsInMemoryStore.Get - 246 total (0 active), Execution time: mean = 0.01ms, total = 2.97ms, Queueing time: mean = 0.01ms, max = 0.11ms, min = 0.01ms, total = 3.52ms
	InternalKVGcsService.grpc_server.InternalKVGet.HandleRequestImpl - 245 total (0 active), Execution time: mean = 0.08ms, total = 19.32ms, Queueing time: mean = 0.42ms, max = 95.88ms, min = 0.01ms, total = 102.85ms
	InternalKVGcsService.grpc_server.InternalKVGet - 245 total (0 active), Execution time: mean = 1.59ms, total = 390.75ms, Queueing time: mean = 0.00ms, max = -0.00ms, min = 9223372036854.78ms, total = 0.00ms
	ClusterResourceManager.ResetRemoteNodeView - 220 total (1 active), Execution time: mean = 0.01ms, total = 2.31ms, Queueing time: mean = 0.81ms, max = 95.89ms, min = 0.01ms, total = 177.76ms
	HealthCheck - 214 total (0 active), Execution time: mean = 0.00ms, total = 1.04ms, Queueing time: mean = 0.95ms, max = 96.16ms, min = 0.01ms, total = 203.60ms
	NodeInfoGcsService.grpc_server.CheckAlive - 140 total (0 active), Execution time: mean = 1.13ms, total = 157.64ms, Queueing time: mean = 0.00ms, max = -0.00ms, min = 9223372036854.78ms, total = 0.00ms
	NodeInfoGcsService.grpc_server.CheckAlive.HandleRequestImpl - 140 total (0 active), Execution time: mean = 0.02ms, total = 2.71ms, Queueing time: mean = 0.04ms, max = 0.31ms, min = 0.01ms, total = 4.99ms
	GCSServer.deadline_timer.metrics_report - 132 total (1 active), Execution time: mean = 0.23ms, total = 29.80ms, Queueing time: mean = 1.27ms, max = 95.50ms, min = 0.01ms, total = 168.03ms
	AutoscalerStateService.grpc_server.GetClusterResourceState - 130 total (0 active), Execution time: mean = 0.41ms, total = 53.50ms, Queueing time: mean = 0.00ms, max = -0.00ms, min = 9223372036854.78ms, total = 0.00ms
	AutoscalerStateService.grpc_server.GetClusterResourceState.HandleRequestImpl - 130 total (0 active), Execution time: mean = 0.04ms, total = 5.46ms, Queueing time: mean = 0.03ms, max = 0.70ms, min = 0.01ms, total = 3.69ms
	NodeResourceInfoGcsService.grpc_server.GetAllResourceUsage.HandleRequestImpl - 130 total (0 active), Execution time: mean = 0.06ms, total = 7.55ms, Queueing time: mean = 0.06ms, max = 1.38ms, min = 0.01ms, total = 7.51ms
	NodeResourceInfoGcsService.grpc_server.GetAllResourceUsage - 130 total (0 active), Execution time: mean = 1.30ms, total = 168.37ms, Queueing time: mean = 0.00ms, max = -0.00ms, min = 9223372036854.78ms, total = 0.00ms
	event_loop_lag_probe - 68 total (0 active), Execution time: mean = 0.01ms, total = 0.90ms, Queueing time: mean = 0.22ms, max = 14.25ms, min = 0.00ms, total = 15.21ms
	GCSServer.deadline_timer.gcs_global_gc - 66 total (1 active), Execution time: mean = 0.01ms, total = 0.53ms, Queueing time: mean = 1.26ms, max = 66.72ms, min = 0.02ms, total = 82.89ms
	ReporterService.grpc_client.HealthCheck.OnReplyReceived - 31 total (0 active), Execution time: mean = 0.16ms, total = 5.10ms, Queueing time: mean = 52.09ms, max = 1517.54ms, min = 0.02ms, total = 1614.71ms
	ReporterService.grpc_client.HealthCheck - 31 total (0 active), Execution time: mean = 3.62ms, total = 112.34ms, Queueing time: mean = 0.00ms, max = -0.00ms, min = 9223372036854.78ms, total = 0.00ms
	MetricsAgentClient.WaitForServerReadyWithRetry - 30 total (0 active), Execution time: mean = 0.27ms, total = 8.13ms, Queueing time: mean = 1008.67ms, max = 1097.53ms, min = 1000.02ms, total = 30260.04ms
	GCSServer.deadline_timer.debug_state_event_stats_print - 11 total (1 active, 1 running), Execution time: mean = 1.43ms, total = 15.72ms, Queueing time: mean = 6.12ms, max = 67.10ms, min = 0.02ms, total = 67.37ms
	GcsInMemoryStore.GetAll - 6 total (0 active), Execution time: mean = 0.01ms, total = 0.06ms, Queueing time: mean = 0.06ms, max = 0.07ms, min = 0.01ms, total = 0.34ms
	PeriodicalRunner.RunFnPeriodically - 5 total (0 active), Execution time: mean = 0.11ms, total = 0.54ms, Queueing time: mean = 610.50ms, max = 1522.53ms, min = 2.26ms, total = 3052.48ms
	NodeInfoGcsService.grpc_server.GetClusterId - 4 total (0 active), Execution time: mean = 2.91ms, total = 11.62ms, Queueing time: mean = 0.00ms, max = -0.00ms, min = 9223372036854.78ms, total = 0.00ms
	NodeInfoGcsService.grpc_server.GetClusterId.HandleRequestImpl - 4 total (0 active), Execution time: mean = 0.54ms, total = 2.15ms, Queueing time: mean = 0.45ms, max = 1.73ms, min = 0.02ms, total = 1.81ms
	NodeInfoGcsService.grpc_server.GetAllNodeInfo.HandleRequestImpl - 2 total (0 active), Execution time: mean = 0.04ms, total = 0.08ms, Queueing time: mean = 0.02ms, max = 0.03ms, min = 0.01ms, total = 0.04ms
	NodeInfoGcsService.grpc_server.GetAllNodeInfo - 2 total (0 active), Execution time: mean = 0.36ms, total = 0.71ms, Queueing time: mean = 0.00ms, max = -0.00ms, min = 9223372036854.78ms, total = 0.00ms
	GcsInMemoryStore.Delete - 1 total (0 active), Execution time: mean = 0.01ms, total = 0.01ms, Queueing time: mean = 0.01ms, max = 0.01ms, min = 0.01ms, total = 0.01ms
	NodeManager.AddNodeCallback - 1 total (0 active), Execution time: mean = 0.45ms, total = 0.45ms, Queueing time: mean = 0.13ms, max = 0.13ms, min = 0.13ms, total = 0.13ms
	InternalKVGcsService.grpc_server.InternalKVDel - 1 total (0 active), Execution time: mean = 0.45ms, total = 0.45ms, Queueing time: mean = 0.00ms, max = -0.00ms, min = 9223372036854.78ms, total = 0.00ms
	JobInfoGcsService.grpc_server.GetAllJobInfo - 1 total (0 active), Execution time: mean = 0.35ms, total = 0.35ms, Queueing time: mean = 0.00ms, max = -0.00ms, min = 9223372036854.78ms, total = 0.00ms
	JobInfoGcsService.grpc_server.GetNextJobID.HandleRequestImpl - 1 total (0 active), Execution time: mean = 0.02ms, total = 0.02ms, Queueing time: mean = 0.02ms, max = 0.02ms, min = 0.02ms, total = 0.02ms
	JobInfoGcsService.grpc_server.GetNextJobID - 1 total (0 active), Execution time: mean = 0.35ms, total = 0.35ms, Queueing time: mean = 0.00ms, max = -0.00ms, min = 9223372036854.78ms, total = 0.00ms
	GcsHealthCheckManager::AddNode - 1 total (0 active), Execution time: mean = 0.02ms, total = 0.02ms, Queueing time: mean = 0.00ms, max = 0.00ms, min = 0.00ms, total = 0.00ms
	NodeInfoGcsService.grpc_server.GetAllNodeAddressAndLiveness - 1 total (0 active), Execution time: mean = 0.37ms, total = 0.37ms, Queueing time: mean = 0.00ms, max = -0.00ms, min = 9223372036854.78ms, total = 0.00ms
	JobInfoGcsService.grpc_server.GetAllJobInfo.HandleRequestImpl - 1 total (0 active), Execution time: mean = 0.04ms, total = 0.04ms, Queueing time: mean = 0.02ms, max = 0.02ms, min = 0.02ms, total = 0.02ms
	GcsResourceManager::Update - 1 total (0 active), Execution time: mean = 0.08ms, total = 0.08ms, Queueing time: mean = 0.01ms, max = 0.01ms, min = 0.01ms, total = 0.01ms
	NodeInfoGcsService.grpc_server.RegisterNode.HandleRequestImpl - 1 total (0 active), Execution time: mean = 0.23ms, total = 0.23ms, Queueing time: mean = 0.02ms, max = 0.02ms, min = 0.02ms, total = 0.02ms
	InternalKVGcsService.grpc_server.InternalKVDel.HandleRequestImpl - 1 total (0 active), Execution time: mean = 0.06ms, total = 0.06ms, Queueing time: mean = 0.01ms, max = 0.01ms, min = 0.01ms, total = 0.01ms
	InternalKVGcsService.grpc_server.GetInternalConfig.HandleRequestImpl - 1 total (0 active), Execution time: mean = 0.10ms, total = 0.10ms, Queueing time: mean = 0.02ms, max = 0.02ms, min = 0.02ms, total = 0.02ms
	NodeInfoGcsService.grpc_server.GetAllNodeAddressAndLiveness.HandleRequestImpl - 1 total (0 active), Execution time: mean = 0.01ms, total = 0.01ms, Queueing time: mean = 0.01ms, max = 0.01ms, min = 0.01ms, total = 0.01ms
	GcsHealthCheckManager::MarkNodeHealthy - 1 total (0 active), Execution time: mean = 0.00ms, total = 0.00ms, Queueing time: mean = 0.01ms, max = 0.01ms, min = 0.01ms, total = 0.01ms
	GcsInitData::AsyncLoad - 1 total (0 active), Execution time: mean = 0.01ms, total = 0.01ms, Queueing time: mean = 0.00ms, max = 0.00ms, min = 0.00ms, total = 0.00ms
	InternalKVGcsService.grpc_server.GetInternalConfig - 1 total (0 active), Execution time: mean = 0.65ms, total = 0.65ms, Queueing time: mean = 0.00ms, max = -0.00ms, min = 9223372036854.78ms, total = 0.00ms
	GcsInMemoryStore.GetNextJobID - 1 total (0 active), Execution time: mean = 0.01ms, total = 0.01ms, Queueing time: mean = 0.01ms, max = 0.01ms, min = 0.01ms, total = 0.01ms
	NodeInfoGcsService.grpc_server.RegisterNode - 1 total (0 active), Execution time: mean = 0.64ms, total = 0.64ms, Queueing time: mean = 0.00ms, max = -0.00ms, min = 9223372036854.78ms, total = 0.00ms
	GcsServer.GetOrGenerateClusterId.continuation - 1 total (0 active), Execution time: mean = 1520.34ms, total = 1520.34ms, Queueing time: mean = 0.00ms, max = 0.00ms, min = 0.00ms, total = 0.00ms


[2026-06-04 22:39:10,507 I 512 512] (gcs_server) gcs_server.cc:940: task_io_context Event stats:


Global stats: 202 total (1 active)
Queueing time: mean = 0.49ms, max = 89.27ms, min = 0.00ms, total = 97.99ms
Execution time:  mean = 0.01ms, total = 2.94ms
Event stats:
	GcsTaskManager.GcJobSummary - 133 total (1 active), Execution time: mean = 0.01ms, total = 1.43ms, Queueing time: mean = 0.73ms, max = 89.27ms, min = 0.01ms, total = 96.67ms
	event_loop_lag_probe - 68 total (0 active), Execution time: mean = 0.02ms, total = 1.49ms, Queueing time: mean = 0.02ms, max = 0.50ms, min = 0.00ms, total = 1.30ms
	PeriodicalRunner.RunFnPeriodically - 1 total (0 active), Execution time: mean = 0.02ms, total = 0.02ms, Queueing time: mean = 0.02ms, max = 0.02ms, min = 0.02ms, total = 0.02ms


[2026-06-04 22:39:10,507 I 512 512] (gcs_server) gcs_server.cc:940: pubsub_io_context Event stats:


Global stats: 434 total (2 active)
Queueing time: mean = 0.73ms, max = 95.93ms, min = 0.00ms, total = 318.76ms
Execution time:  mean = 1349.16ms, total = 585534.60ms
Event stats:
	InternalPubSubGcsService.grpc_server.GcsPublish - 177 total (0 active), Execution time: mean = 4.23ms, total = 748.84ms, Queueing time: mean = 0.00ms, max = -0.00ms, min = 9223372036854.78ms, total = 0.00ms
	InternalPubSubGcsService.grpc_server.GcsPublish.HandleRequestImpl - 177 total (0 active), Execution time: mean = 0.13ms, total = 22.78ms, Queueing time: mean = 1.67ms, max = 95.93ms, min = 0.01ms, total = 295.00ms
	event_loop_lag_probe - 68 total (0 active), Execution time: mean = 0.02ms, total = 1.36ms, Queueing time: mean = 0.23ms, max = 15.11ms, min = 0.00ms, total = 15.98ms
	Publisher.CheckDeadSubscribers - 3 total (1 active), Execution time: mean = 0.02ms, total = 0.05ms, Queueing time: mean = 0.03ms, max = 0.06ms, min = 0.03ms, total = 0.09ms
	InternalPubSubGcsService.grpc_server.GcsSubscriberPoll - 2 total (1 active), Execution time: mean = 292380.21ms, total = 584760.42ms, Queueing time: mean = 0.00ms, max = -0.00ms, min = 9223372036854.78ms, total = 0.00ms
	InternalPubSubGcsService.grpc_server.GcsSubscriberPoll.HandleRequestImpl - 2 total (0 active), Execution time: mean = 0.07ms, total = 0.14ms, Queueing time: mean = 0.11ms, max = 0.19ms, min = 0.02ms, total = 0.21ms
	InternalPubSubGcsService.grpc_server.GcsSubscriberCommandBatch - 2 total (0 active), Execution time: mean = 0.37ms, total = 0.74ms, Queueing time: mean = 0.00ms, max = -0.00ms, min = 9223372036854.78ms, total = 0.00ms
	InternalPubSubGcsService.grpc_server.GcsSubscriberCommandBatch.HandleRequestImpl - 2 total (0 active), Execution time: mean = 0.10ms, total = 0.21ms, Queueing time: mean = 0.02ms, max = 0.03ms, min = 0.01ms, total = 0.04ms
	PeriodicalRunner.RunFnPeriodically - 1 total (0 active), Execution time: mean = 0.06ms, total = 0.06ms, Queueing time: mean = 7.44ms, max = 7.44ms, min = 7.44ms, total = 7.44ms


[2026-06-04 22:39:10,507 I 512 512] (gcs_server) gcs_server.cc:940: ray_syncer_io_context Event stats:


Global stats: 72 total (0 active)
Queueing time: mean = 0.02ms, max = 0.61ms, min = 0.00ms, total = 1.53ms
Execution time:  mean = 0.02ms, total = 1.76ms
Event stats:
	event_loop_lag_probe - 68 total (0 active), Execution time: mean = 0.02ms, total = 1.58ms, Queueing time: mean = 0.02ms, max = 0.61ms, min = 0.01ms, total = 1.43ms
	RaySyncerRegister - 2 total (0 active), Execution time: mean = 0.00ms, total = 0.00ms, Queueing time: mean = 0.04ms, max = 0.06ms, min = 0.01ms, total = 0.08ms
	RaySyncer.BroadcastMessage - 1 total (0 active), Execution time: mean = 0.02ms, total = 0.02ms, Queueing time: mean = 0.00ms, max = 0.00ms, min = 0.00ms, total = 0.00ms
	 - 1 total (0 active), Execution time: mean = 0.16ms, total = 0.16ms, Queueing time: mean = 0.02ms, max = 0.02ms, min = 0.02ms, total = 0.02ms


[2026-06-04 22:39:10,507 I 512 512] (gcs_server) gcs_server.cc:940: ray_event_io_context Event stats:


Global stats: 68 total (0 active)
Queueing time: mean = 0.13ms, max = 8.24ms, min = 0.00ms, total = 8.88ms
Execution time:  mean = 0.02ms, total = 1.28ms
Event stats:
	event_loop_lag_probe - 68 total (0 active), Execution time: mean = 0.02ms, total = 1.28ms, Queueing time: mean = 0.13ms, max = 8.24ms, min = 0.00ms, total = 8.88ms


[2026-06-04 22:40:10,507 I 512 512] (gcs_server) gcs_server.cc:922: Gcs Debug state:

GcsNodeManager: 
- RegisterNode request count: 1
- DrainNode request count: 0
- GetAllNodeInfo request count: 3

GcsActorManager: 
- RegisterActor request count: 0
- CreateActor request count: 0
- GetActorInfo request count: 0
- GetNamedActorInfo request count: 0
- GetAllActorInfo request count: 0
- KillActor request count: 0
- ListNamedActors request count: 0
- Registered actors count: 0
- Destroyed actors count: 0
- Named actors count: 0
- Unresolved actors count: 0
- Pending actors count: 0
- Created actors count: 0
- owners_: 0
- actor_to_register_callbacks_: 0
- actor_to_restart_for_lineage_reconstruction_callbacks_: 0
- actor_to_create_callbacks_: 0
- sorted_destroyed_actor_list_: 0

GcsResourceManager: 
- GetAllAvailableResources request count: 0
- GetAllTotalResources request count: 0
- GetAllResourceUsage request count: 142

GcsPlacementGroupManager: 
- CreatePlacementGroup request count: 0
- RemovePlacementGroup request count: 0
- GetPlacementGroup request count: 0
- GetAllPlacementGroup request count: 0
- WaitPlacementGroupUntilReady request count: 0
- GetNamedPlacementGroup request count: 0
- Scheduling pending placement group count: 0
- Registered placement groups count: 0
- Named placement group count: 0
- Pending placement groups count: 0
- Infeasible placement groups count: 0

Publisher:
GCS_NODE_INFO_CHANNEL
- cumulative published messages: 1
- cumulative published bytes: 499
- current buffered bytes: 0
GCS_NODE_ADDRESS_AND_LIVENESS_CHANNEL
- cumulative published messages: 1
- cumulative published bytes: 92
- current buffered bytes: 0
RAY_LOG_CHANNEL
- cumulative published messages: 189
- cumulative published bytes: 165162
- current buffered bytes: 0

[runtime env manager] ID to URIs table:
[runtime env manager] URIs reference table:

GcsTaskManager: 
-Total num task events reported: 0
-Total num status task events dropped: 0
-Total num profile events dropped: 0
-Current num of task events stored: 0
-Total num of actor creation tasks: 0
-Total num of actor tasks: 0
-Total num of normal tasks: 0
-Total num of driver tasks: 0

GcsAutoscalerStateManager: 
- last_seen_autoscaler_state_version_: 0
- last_cluster_resource_state_version_: 142
- pending demands:



[2026-06-04 22:40:10,508 I 512 512] (gcs_server) gcs_server.cc:936: Main service Event stats:


Global stats: 6436 total (5 active)
Queueing time: mean = 6.16ms, max = 1522.53ms, min = 0.00ms, total = 39641.47ms
Execution time:  mean = 2.59ms, total = 16649.41ms
Event stats:
	GcsInMemoryStore.Put - 1162 total (0 active), Execution time: mean = 1.31ms, total = 1525.17ms, Queueing time: mean = 1.38ms, max = 1521.87ms, min = 0.00ms, total = 1606.98ms
	RayletLoadPulled - 719 total (1 active), Execution time: mean = 0.26ms, total = 186.94ms, Queueing time: mean = 1.77ms, max = 297.72ms, min = 0.01ms, total = 1269.23ms
	NodeManagerService.grpc_client.GetResourceLoad.OnReplyReceived - 705 total (0 active), Execution time: mean = 0.05ms, total = 37.36ms, Queueing time: mean = 0.85ms, max = 96.21ms, min = 0.01ms, total = 602.28ms
	NodeManagerService.grpc_client.GetResourceLoad - 705 total (0 active), Execution time: mean = 16.37ms, total = 11543.58ms, Queueing time: mean = 0.00ms, max = -0.00ms, min = 9223372036854.78ms, total = 0.00ms
	InternalKVGcsService.grpc_server.InternalKVPut.HandleRequestImpl - 294 total (0 active), Execution time: mean = 0.05ms, total = 15.76ms, Queueing time: mean = 1.33ms, max = 96.13ms, min = 0.01ms, total = 390.51ms
	InternalKVGcsService.grpc_server.InternalKVPut - 294 total (0 active), Execution time: mean = 2.66ms, total = 780.81ms, Queueing time: mean = 0.00ms, max = -0.00ms, min = 9223372036854.78ms, total = 0.00ms
	GcsInMemoryStore.Get - 258 total (0 active), Execution time: mean = 0.01ms, total = 3.18ms, Queueing time: mean = 0.01ms, max = 0.11ms, min = 0.01ms, total = 3.71ms
	InternalKVGcsService.grpc_server.InternalKVGet.HandleRequestImpl - 257 total (0 active), Execution time: mean = 0.08ms, total = 20.83ms, Queueing time: mean = 0.40ms, max = 95.88ms, min = 0.01ms, total = 103.08ms
	InternalKVGcsService.grpc_server.InternalKVGet - 257 total (0 active), Execution time: mean = 1.55ms, total = 397.16ms, Queueing time: mean = 0.00ms, max = -0.00ms, min = 9223372036854.78ms, total = 0.00ms
	ClusterResourceManager.ResetRemoteNodeView - 240 total (1 active), Execution time: mean = 0.01ms, total = 2.56ms, Queueing time: mean = 0.74ms, max = 95.89ms, min = 0.01ms, total = 178.58ms
	HealthCheck - 234 total (0 active), Execution time: mean = 0.00ms, total = 1.14ms, Queueing time: mean = 0.87ms, max = 96.16ms, min = 0.01ms, total = 204.27ms
	NodeInfoGcsService.grpc_server.CheckAlive - 153 total (0 active), Execution time: mean = 1.07ms, total = 163.61ms, Queueing time: mean = 0.00ms, max = -0.00ms, min = 9223372036854.78ms, total = 0.00ms
	NodeInfoGcsService.grpc_server.CheckAlive.HandleRequestImpl - 153 total (0 active), Execution time: mean = 0.02ms, total = 3.14ms, Queueing time: mean = 0.04ms, max = 0.31ms, min = 0.01ms, total = 5.49ms
	GCSServer.deadline_timer.metrics_report - 144 total (1 active), Execution time: mean = 0.23ms, total = 33.01ms, Queueing time: mean = 1.17ms, max = 95.50ms, min = 0.01ms, total = 168.38ms
	AutoscalerStateService.grpc_server.GetClusterResourceState - 142 total (0 active), Execution time: mean = 0.41ms, total = 57.77ms, Queueing time: mean = 0.00ms, max = -0.00ms, min = 9223372036854.78ms, total = 0.00ms
	AutoscalerStateService.grpc_server.GetClusterResourceState.HandleRequestImpl - 142 total (0 active), Execution time: mean = 0.04ms, total = 5.97ms, Queueing time: mean = 0.03ms, max = 0.70ms, min = 0.01ms, total = 3.96ms
	NodeResourceInfoGcsService.grpc_server.GetAllResourceUsage.HandleRequestImpl - 142 total (0 active), Execution time: mean = 0.08ms, total = 10.96ms, Queueing time: mean = 0.06ms, max = 1.38ms, min = 0.01ms, total = 8.15ms
	NodeResourceInfoGcsService.grpc_server.GetAllResourceUsage - 142 total (0 active), Execution time: mean = 1.24ms, total = 176.71ms, Queueing time: mean = 0.00ms, max = -0.00ms, min = 9223372036854.78ms, total = 0.00ms
	event_loop_lag_probe - 74 total (0 active), Execution time: mean = 0.01ms, total = 0.98ms, Queueing time: mean = 0.21ms, max = 14.25ms, min = 0.00ms, total = 15.25ms
	GCSServer.deadline_timer.gcs_global_gc - 72 total (1 active), Execution time: mean = 0.01ms, total = 0.59ms, Queueing time: mean = 1.17ms, max = 66.72ms, min = 0.02ms, total = 84.49ms
	ReporterService.grpc_client.HealthCheck.OnReplyReceived - 31 total (0 active), Execution time: mean = 0.16ms, total = 5.10ms, Queueing time: mean = 52.09ms, max = 1517.54ms, min = 0.02ms, total = 1614.71ms
	ReporterService.grpc_client.HealthCheck - 31 total (0 active), Execution time: mean = 3.62ms, total = 112.34ms, Queueing time: mean = 0.00ms, max = -0.00ms, min = 9223372036854.78ms, total = 0.00ms
	MetricsAgentClient.WaitForServerReadyWithRetry - 30 total (0 active), Execution time: mean = 0.27ms, total = 8.13ms, Queueing time: mean = 1008.67ms, max = 1097.53ms, min = 1000.02ms, total = 30260.04ms
	GCSServer.deadline_timer.debug_state_event_stats_print - 12 total (1 active, 1 running), Execution time: mean = 1.44ms, total = 17.27ms, Queueing time: mean = 5.62ms, max = 67.10ms, min = 0.02ms, total = 67.40ms
	GcsInMemoryStore.GetAll - 6 total (0 active), Execution time: mean = 0.01ms, total = 0.06ms, Queueing time: mean = 0.06ms, max = 0.07ms, min = 0.01ms, total = 0.34ms
	PeriodicalRunner.RunFnPeriodically - 5 total (0 active), Execution time: mean = 0.11ms, total = 0.54ms, Queueing time: mean = 610.50ms, max = 1522.53ms, min = 2.26ms, total = 3052.48ms
	NodeInfoGcsService.grpc_server.GetClusterId - 4 total (0 active), Execution time: mean = 2.91ms, total = 11.62ms, Queueing time: mean = 0.00ms, max = -0.00ms, min = 9223372036854.78ms, total = 0.00ms
	NodeInfoGcsService.grpc_server.GetClusterId.HandleRequestImpl - 4 total (0 active), Execution time: mean = 0.54ms, total = 2.15ms, Queueing time: mean = 0.45ms, max = 1.73ms, min = 0.02ms, total = 1.81ms
	NodeInfoGcsService.grpc_server.GetAllNodeInfo.HandleRequestImpl - 2 total (0 active), Execution time: mean = 0.04ms, total = 0.08ms, Queueing time: mean = 0.02ms, max = 0.03ms, min = 0.01ms, total = 0.04ms
	NodeInfoGcsService.grpc_server.GetAllNodeInfo - 2 total (0 active), Execution time: mean = 0.36ms, total = 0.71ms, Queueing time: mean = 0.00ms, max = -0.00ms, min = 9223372036854.78ms, total = 0.00ms
	GcsInMemoryStore.Delete - 1 total (0 active), Execution time: mean = 0.01ms, total = 0.01ms, Queueing time: mean = 0.01ms, max = 0.01ms, min = 0.01ms, total = 0.01ms
	NodeManager.AddNodeCallback - 1 total (0 active), Execution time: mean = 0.45ms, total = 0.45ms, Queueing time: mean = 0.13ms, max = 0.13ms, min = 0.13ms, total = 0.13ms
	InternalKVGcsService.grpc_server.InternalKVDel - 1 total (0 active), Execution time: mean = 0.45ms, total = 0.45ms, Queueing time: mean = 0.00ms, max = -0.00ms, min = 9223372036854.78ms, total = 0.00ms
	JobInfoGcsService.grpc_server.GetAllJobInfo - 1 total (0 active), Execution time: mean = 0.35ms, total = 0.35ms, Queueing time: mean = 0.00ms, max = -0.00ms, min = 9223372036854.78ms, total = 0.00ms
	JobInfoGcsService.grpc_server.GetNextJobID.HandleRequestImpl - 1 total (0 active), Execution time: mean = 0.02ms, total = 0.02ms, Queueing time: mean = 0.02ms, max = 0.02ms, min = 0.02ms, total = 0.02ms
	JobInfoGcsService.grpc_server.GetNextJobID - 1 total (0 active), Execution time: mean = 0.35ms, total = 0.35ms, Queueing time: mean = 0.00ms, max = -0.00ms, min = 9223372036854.78ms, total = 0.00ms
	GcsHealthCheckManager::AddNode - 1 total (0 active), Execution time: mean = 0.02ms, total = 0.02ms, Queueing time: mean = 0.00ms, max = 0.00ms, min = 0.00ms, total = 0.00ms
	NodeInfoGcsService.grpc_server.GetAllNodeAddressAndLiveness - 1 total (0 active), Execution time: mean = 0.37ms, total = 0.37ms, Queueing time: mean = 0.00ms, max = -0.00ms, min = 9223372036854.78ms, total = 0.00ms
	JobInfoGcsService.grpc_server.GetAllJobInfo.HandleRequestImpl - 1 total (0 active), Execution time: mean = 0.04ms, total = 0.04ms, Queueing time: mean = 0.02ms, max = 0.02ms, min = 0.02ms, total = 0.02ms
	GcsResourceManager::Update - 1 total (0 active), Execution time: mean = 0.08ms, total = 0.08ms, Queueing time: mean = 0.01ms, max = 0.01ms, min = 0.01ms, total = 0.01ms
	NodeInfoGcsService.grpc_server.RegisterNode.HandleRequestImpl - 1 total (0 active), Execution time: mean = 0.23ms, total = 0.23ms, Queueing time: mean = 0.02ms, max = 0.02ms, min = 0.02ms, total = 0.02ms
	InternalKVGcsService.grpc_server.InternalKVDel.HandleRequestImpl - 1 total (0 active), Execution time: mean = 0.06ms, total = 0.06ms, Queueing time: mean = 0.01ms, max = 0.01ms, min = 0.01ms, total = 0.01ms
	InternalKVGcsService.grpc_server.GetInternalConfig.HandleRequestImpl - 1 total (0 active), Execution time: mean = 0.10ms, total = 0.10ms, Queueing time: mean = 0.02ms, max = 0.02ms, min = 0.02ms, total = 0.02ms
	NodeInfoGcsService.grpc_server.GetAllNodeAddressAndLiveness.HandleRequestImpl - 1 total (0 active), Execution time: mean = 0.01ms, total = 0.01ms, Queueing time: mean = 0.01ms, max = 0.01ms, min = 0.01ms, total = 0.01ms
	GcsHealthCheckManager::MarkNodeHealthy - 1 total (0 active), Execution time: mean = 0.00ms, total = 0.00ms, Queueing time: mean = 0.01ms, max = 0.01ms, min = 0.01ms, total = 0.01ms
	GcsInitData::AsyncLoad - 1 total (0 active), Execution time: mean = 0.01ms, total = 0.01ms, Queueing time: mean = 0.00ms, max = 0.00ms, min = 0.00ms, total = 0.00ms
	InternalKVGcsService.grpc_server.GetInternalConfig - 1 total (0 active), Execution time: mean = 0.65ms, total = 0.65ms, Queueing time: mean = 0.00ms, max = -0.00ms, min = 9223372036854.78ms, total = 0.00ms
	GcsInMemoryStore.GetNextJobID - 1 total (0 active), Execution time: mean = 0.01ms, total = 0.01ms, Queueing time: mean = 0.01ms, max = 0.01ms, min = 0.01ms, total = 0.01ms
	NodeInfoGcsService.grpc_server.RegisterNode - 1 total (0 active), Execution time: mean = 0.64ms, total = 0.64ms, Queueing time: mean = 0.00ms, max = -0.00ms, min = 9223372036854.78ms, total = 0.00ms
	GcsServer.GetOrGenerateClusterId.continuation - 1 total (0 active), Execution time: mean = 1520.34ms, total = 1520.34ms, Queueing time: mean = 0.00ms, max = 0.00ms, min = 0.00ms, total = 0.00ms


[2026-06-04 22:40:10,508 I 512 512] (gcs_server) gcs_server.cc:940: task_io_context Event stats:


Global stats: 220 total (1 active)
Queueing time: mean = 0.45ms, max = 89.27ms, min = 0.00ms, total = 98.65ms
Execution time:  mean = 0.01ms, total = 3.17ms
Event stats:
	GcsTaskManager.GcJobSummary - 145 total (1 active), Execution time: mean = 0.01ms, total = 1.57ms, Queueing time: mean = 0.67ms, max = 89.27ms, min = 0.01ms, total = 97.26ms
	event_loop_lag_probe - 74 total (0 active), Execution time: mean = 0.02ms, total = 1.59ms, Queueing time: mean = 0.02ms, max = 0.50ms, min = 0.00ms, total = 1.38ms
	PeriodicalRunner.RunFnPeriodically - 1 total (0 active), Execution time: mean = 0.02ms, total = 0.02ms, Queueing time: mean = 0.02ms, max = 0.02ms, min = 0.02ms, total = 0.02ms


[2026-06-04 22:40:10,508 I 512 512] (gcs_server) gcs_server.cc:940: pubsub_io_context Event stats:


Global stats: 464 total (2 active)
Queueing time: mean = 0.69ms, max = 95.93ms, min = 0.00ms, total = 319.25ms
Execution time:  mean = 1261.95ms, total = 585542.62ms
Event stats:
	InternalPubSubGcsService.grpc_server.GcsPublish - 189 total (0 active), Execution time: mean = 3.99ms, total = 755.02ms, Queueing time: mean = 0.00ms, max = -0.00ms, min = 9223372036854.78ms, total = 0.00ms
	InternalPubSubGcsService.grpc_server.GcsPublish.HandleRequestImpl - 189 total (0 active), Execution time: mean = 0.13ms, total = 24.51ms, Queueing time: mean = 1.56ms, max = 95.93ms, min = 0.01ms, total = 295.43ms
	event_loop_lag_probe - 74 total (0 active), Execution time: mean = 0.02ms, total = 1.46ms, Queueing time: mean = 0.22ms, max = 15.11ms, min = 0.00ms, total = 16.04ms
	Publisher.CheckDeadSubscribers - 3 total (1 active), Execution time: mean = 0.02ms, total = 0.05ms, Queueing time: mean = 0.03ms, max = 0.06ms, min = 0.03ms, total = 0.09ms
	InternalPubSubGcsService.grpc_server.GcsSubscriberPoll - 2 total (1 active), Execution time: mean = 292380.21ms, total = 584760.42ms, Queueing time: mean = 0.00ms, max = -0.00ms, min = 9223372036854.78ms, total = 0.00ms
	InternalPubSubGcsService.grpc_server.GcsSubscriberPoll.HandleRequestImpl - 2 total (0 active), Execution time: mean = 0.07ms, total = 0.14ms, Queueing time: mean = 0.11ms, max = 0.19ms, min = 0.02ms, total = 0.21ms
	InternalPubSubGcsService.grpc_server.GcsSubscriberCommandBatch - 2 total (0 active), Execution time: mean = 0.37ms, total = 0.74ms, Queueing time: mean = 0.00ms, max = -0.00ms, min = 9223372036854.78ms, total = 0.00ms
	InternalPubSubGcsService.grpc_server.GcsSubscriberCommandBatch.HandleRequestImpl - 2 total (0 active), Execution time: mean = 0.10ms, total = 0.21ms, Queueing time: mean = 0.02ms, max = 0.03ms, min = 0.01ms, total = 0.04ms
	PeriodicalRunner.RunFnPeriodically - 1 total (0 active), Execution time: mean = 0.06ms, total = 0.06ms, Queueing time: mean = 7.44ms, max = 7.44ms, min = 7.44ms, total = 7.44ms


[2026-06-04 22:40:10,508 I 512 512] (gcs_server) gcs_server.cc:940: ray_syncer_io_context Event stats:


Global stats: 78 total (0 active)
Queueing time: mean = 0.02ms, max = 0.61ms, min = 0.00ms, total = 1.60ms
Execution time:  mean = 0.02ms, total = 1.88ms
Event stats:
	event_loop_lag_probe - 74 total (0 active), Execution time: mean = 0.02ms, total = 1.69ms, Queueing time: mean = 0.02ms, max = 0.61ms, min = 0.01ms, total = 1.50ms
	RaySyncerRegister - 2 total (0 active), Execution time: mean = 0.00ms, total = 0.00ms, Queueing time: mean = 0.04ms, max = 0.06ms, min = 0.01ms, total = 0.08ms
	RaySyncer.BroadcastMessage - 1 total (0 active), Execution time: mean = 0.02ms, total = 0.02ms, Queueing time: mean = 0.00ms, max = 0.00ms, min = 0.00ms, total = 0.00ms
	 - 1 total (0 active), Execution time: mean = 0.16ms, total = 0.16ms, Queueing time: mean = 0.02ms, max = 0.02ms, min = 0.02ms, total = 0.02ms


[2026-06-04 22:40:10,508 I 512 512] (gcs_server) gcs_server.cc:940: ray_event_io_context Event stats:


Global stats: 74 total (0 active)
Queueing time: mean = 0.12ms, max = 8.24ms, min = 0.00ms, total = 8.94ms
Execution time:  mean = 0.02ms, total = 1.39ms
Event stats:
	event_loop_lag_probe - 74 total (0 active), Execution time: mean = 0.02ms, total = 1.39ms, Queueing time: mean = 0.12ms, max = 8.24ms, min = 0.00ms, total = 8.94ms


[2026-06-04 22:41:10,508 I 512 512] (gcs_server) gcs_server.cc:922: Gcs Debug state:

GcsNodeManager: 
- RegisterNode request count: 1
- DrainNode request count: 0
- GetAllNodeInfo request count: 3

GcsActorManager: 
- RegisterActor request count: 0
- CreateActor request count: 0
- GetActorInfo request count: 0
- GetNamedActorInfo request count: 0
- GetAllActorInfo request count: 0
- KillActor request count: 0
- ListNamedActors request count: 0
- Registered actors count: 0
- Destroyed actors count: 0
- Named actors count: 0
- Unresolved actors count: 0
- Pending actors count: 0
- Created actors count: 0
- owners_: 0
- actor_to_register_callbacks_: 0
- actor_to_restart_for_lineage_reconstruction_callbacks_: 0
- actor_to_create_callbacks_: 0
- sorted_destroyed_actor_list_: 0

GcsResourceManager: 
- GetAllAvailableResources request count: 0
- GetAllTotalResources request count: 0
- GetAllResourceUsage request count: 154

GcsPlacementGroupManager: 
- CreatePlacementGroup request count: 0
- RemovePlacementGroup request count: 0
- GetPlacementGroup request count: 0
- GetAllPlacementGroup request count: 0
- WaitPlacementGroupUntilReady request count: 0
- GetNamedPlacementGroup request count: 0
- Scheduling pending placement group count: 0
- Registered placement groups count: 0
- Named placement group count: 0
- Pending placement groups count: 0
- Infeasible placement groups count: 0

Publisher:
GCS_NODE_INFO_CHANNEL
- cumulative published messages: 1
- cumulative published bytes: 499
- current buffered bytes: 0
GCS_NODE_ADDRESS_AND_LIVENESS_CHANNEL
- cumulative published messages: 1
- cumulative published bytes: 92
- current buffered bytes: 0
RAY_LOG_CHANNEL
- cumulative published messages: 201
- cumulative published bytes: 175446
- current buffered bytes: 0

[runtime env manager] ID to URIs table:
[runtime env manager] URIs reference table:

GcsTaskManager: 
-Total num task events reported: 0
-Total num status task events dropped: 0
-Total num profile events dropped: 0
-Current num of task events stored: 0
-Total num of actor creation tasks: 0
-Total num of actor tasks: 0
-Total num of normal tasks: 0
-Total num of driver tasks: 0

GcsAutoscalerStateManager: 
- last_seen_autoscaler_state_version_: 0
- last_cluster_resource_state_version_: 154
- pending demands:



[2026-06-04 22:41:10,509 I 512 512] (gcs_server) gcs_server.cc:936: Main service Event stats:


Global stats: 6935 total (5 active)
Queueing time: mean = 5.72ms, max = 1522.53ms, min = 0.00ms, total = 39655.47ms
Execution time:  mean = 2.42ms, total = 16767.93ms
Event stats:
	GcsInMemoryStore.Put - 1258 total (0 active), Execution time: mean = 1.21ms, total = 1525.50ms, Queueing time: mean = 1.28ms, max = 1521.87ms, min = 0.00ms, total = 1613.63ms
	RayletLoadPulled - 779 total (1 active), Execution time: mean = 0.26ms, total = 200.01ms, Queueing time: mean = 1.63ms, max = 297.72ms, min = 0.01ms, total = 1271.21ms
	NodeManagerService.grpc_client.GetResourceLoad.OnReplyReceived - 765 total (0 active), Execution time: mean = 0.05ms, total = 40.11ms, Queueing time: mean = 0.79ms, max = 96.21ms, min = 0.01ms, total = 603.88ms
	NodeManagerService.grpc_client.GetResourceLoad - 765 total (0 active), Execution time: mean = 15.18ms, total = 11613.04ms, Queueing time: mean = 0.00ms, max = -0.00ms, min = 9223372036854.78ms, total = 0.00ms
	InternalKVGcsService.grpc_server.InternalKVPut.HandleRequestImpl - 318 total (0 active), Execution time: mean = 0.05ms, total = 16.74ms, Queueing time: mean = 1.23ms, max = 96.13ms, min = 0.01ms, total = 390.84ms
	InternalKVGcsService.grpc_server.InternalKVPut - 318 total (0 active), Execution time: mean = 2.48ms, total = 787.75ms, Queueing time: mean = 0.00ms, max = -0.00ms, min = 9223372036854.78ms, total = 0.00ms
	GcsInMemoryStore.Get - 270 total (0 active), Execution time: mean = 0.01ms, total = 3.32ms, Queueing time: mean = 0.01ms, max = 0.11ms, min = 0.01ms, total = 3.87ms
	InternalKVGcsService.grpc_server.InternalKVGet.HandleRequestImpl - 269 total (0 active), Execution time: mean = 0.08ms, total = 21.89ms, Queueing time: mean = 0.38ms, max = 95.88ms, min = 0.01ms, total = 103.26ms
	InternalKVGcsService.grpc_server.InternalKVGet - 269 total (0 active), Execution time: mean = 1.49ms, total = 401.69ms, Queueing time: mean = 0.00ms, max = -0.00ms, min = 9223372036854.78ms, total = 0.00ms
	ClusterResourceManager.ResetRemoteNodeView - 260 total (1 active), Execution time: mean = 0.01ms, total = 2.73ms, Queueing time: mean = 0.69ms, max = 95.89ms, min = 0.01ms, total = 179.23ms
	HealthCheck - 254 total (0 active), Execution time: mean = 0.00ms, total = 1.21ms, Queueing time: mean = 0.81ms, max = 96.16ms, min = 0.01ms, total = 204.78ms
	NodeInfoGcsService.grpc_server.CheckAlive - 166 total (0 active), Execution time: mean = 1.02ms, total = 168.58ms, Queueing time: mean = 0.00ms, max = -0.00ms, min = 9223372036854.78ms, total = 0.00ms
	NodeInfoGcsService.grpc_server.CheckAlive.HandleRequestImpl - 166 total (0 active), Execution time: mean = 0.02ms, total = 3.41ms, Queueing time: mean = 0.04ms, max = 0.31ms, min = 0.01ms, total = 5.82ms
	GCSServer.deadline_timer.metrics_report - 156 total (1 active), Execution time: mean = 0.23ms, total = 35.80ms, Queueing time: mean = 1.08ms, max = 95.50ms, min = 0.01ms, total = 168.66ms
	AutoscalerStateService.grpc_server.GetClusterResourceState - 154 total (0 active), Execution time: mean = 0.40ms, total = 61.71ms, Queueing time: mean = 0.00ms, max = -0.00ms, min = 9223372036854.78ms, total = 0.00ms
	AutoscalerStateService.grpc_server.GetClusterResourceState.HandleRequestImpl - 154 total (0 active), Execution time: mean = 0.04ms, total = 6.38ms, Queueing time: mean = 0.03ms, max = 0.70ms, min = 0.01ms, total = 4.16ms
	NodeResourceInfoGcsService.grpc_server.GetAllResourceUsage.HandleRequestImpl - 154 total (0 active), Execution time: mean = 0.08ms, total = 11.62ms, Queueing time: mean = 0.06ms, max = 1.38ms, min = 0.01ms, total = 8.47ms
	NodeResourceInfoGcsService.grpc_server.GetAllResourceUsage - 154 total (0 active), Execution time: mean = 1.18ms, total = 181.76ms, Queueing time: mean = 0.00ms, max = -0.00ms, min = 9223372036854.78ms, total = 0.00ms
	event_loop_lag_probe - 80 total (0 active), Execution time: mean = 0.01ms, total = 1.05ms, Queueing time: mean = 0.19ms, max = 14.25ms, min = 0.00ms, total = 15.29ms
	GCSServer.deadline_timer.gcs_global_gc - 78 total (1 active), Execution time: mean = 0.01ms, total = 0.63ms, Queueing time: mean = 1.09ms, max = 66.72ms, min = 0.02ms, total = 85.22ms
	ReporterService.grpc_client.HealthCheck.OnReplyReceived - 31 total (0 active), Execution time: mean = 0.16ms, total = 5.10ms, Queueing time: mean = 52.09ms, max = 1517.54ms, min = 0.02ms, total = 1614.71ms
	ReporterService.grpc_client.HealthCheck - 31 total (0 active), Execution time: mean = 3.62ms, total = 112.34ms, Queueing time: mean = 0.00ms, max = -0.00ms, min = 9223372036854.78ms, total = 0.00ms
	MetricsAgentClient.WaitForServerReadyWithRetry - 30 total (0 active), Execution time: mean = 0.27ms, total = 8.13ms, Queueing time: mean = 1008.67ms, max = 1097.53ms, min = 1000.02ms, total = 30260.04ms
	GCSServer.deadline_timer.debug_state_event_stats_print - 13 total (1 active, 1 running), Execution time: mean = 1.39ms, total = 18.06ms, Queueing time: mean = 5.19ms, max = 67.10ms, min = 0.02ms, total = 67.44ms
	GcsInMemoryStore.GetAll - 6 total (0 active), Execution time: mean = 0.01ms, total = 0.06ms, Queueing time: mean = 0.06ms, max = 0.07ms, min = 0.01ms, total = 0.34ms
	PeriodicalRunner.RunFnPeriodically - 5 total (0 active), Execution time: mean = 0.11ms, total = 0.54ms, Queueing time: mean = 610.50ms, max = 1522.53ms, min = 2.26ms, total = 3052.48ms
	NodeInfoGcsService.grpc_server.GetClusterId - 4 total (0 active), Execution time: mean = 2.91ms, total = 11.62ms, Queueing time: mean = 0.00ms, max = -0.00ms, min = 9223372036854.78ms, total = 0.00ms
	NodeInfoGcsService.grpc_server.GetClusterId.HandleRequestImpl - 4 total (0 active), Execution time: mean = 0.54ms, total = 2.15ms, Queueing time: mean = 0.45ms, max = 1.73ms, min = 0.02ms, total = 1.81ms
	NodeInfoGcsService.grpc_server.GetAllNodeInfo.HandleRequestImpl - 2 total (0 active), Execution time: mean = 0.04ms, total = 0.08ms, Queueing time: mean = 0.02ms, max = 0.03ms, min = 0.01ms, total = 0.04ms
	NodeInfoGcsService.grpc_server.GetAllNodeInfo - 2 total (0 active), Execution time: mean = 0.36ms, total = 0.71ms, Queueing time: mean = 0.00ms, max = -0.00ms, min = 9223372036854.78ms, total = 0.00ms
	GcsInMemoryStore.Delete - 1 total (0 active), Execution time: mean = 0.01ms, total = 0.01ms, Queueing time: mean = 0.01ms, max = 0.01ms, min = 0.01ms, total = 0.01ms
	NodeManager.AddNodeCallback - 1 total (0 active), Execution time: mean = 0.45ms, total = 0.45ms, Queueing time: mean = 0.13ms, max = 0.13ms, min = 0.13ms, total = 0.13ms
	InternalKVGcsService.grpc_server.InternalKVDel - 1 total (0 active), Execution time: mean = 0.45ms, total = 0.45ms, Queueing time: mean = 0.00ms, max = -0.00ms, min = 9223372036854.78ms, total = 0.00ms
	JobInfoGcsService.grpc_server.GetAllJobInfo - 1 total (0 active), Execution time: mean = 0.35ms, total = 0.35ms, Queueing time: mean = 0.00ms, max = -0.00ms, min = 9223372036854.78ms, total = 0.00ms
	JobInfoGcsService.grpc_server.GetNextJobID.HandleRequestImpl - 1 total (0 active), Execution time: mean = 0.02ms, total = 0.02ms, Queueing time: mean = 0.02ms, max = 0.02ms, min = 0.02ms, total = 0.02ms
	JobInfoGcsService.grpc_server.GetNextJobID - 1 total (0 active), Execution time: mean = 0.35ms, total = 0.35ms, Queueing time: mean = 0.00ms, max = -0.00ms, min = 9223372036854.78ms, total = 0.00ms
	GcsHealthCheckManager::AddNode - 1 total (0 active), Execution time: mean = 0.02ms, total = 0.02ms, Queueing time: mean = 0.00ms, max = 0.00ms, min = 0.00ms, total = 0.00ms
	NodeInfoGcsService.grpc_server.GetAllNodeAddressAndLiveness - 1 total (0 active), Execution time: mean = 0.37ms, total = 0.37ms, Queueing time: mean = 0.00ms, max = -0.00ms, min = 9223372036854.78ms, total = 0.00ms
	JobInfoGcsService.grpc_server.GetAllJobInfo.HandleRequestImpl - 1 total (0 active), Execution time: mean = 0.04ms, total = 0.04ms, Queueing time: mean = 0.02ms, max = 0.02ms, min = 0.02ms, total = 0.02ms
	GcsResourceManager::Update - 1 total (0 active), Execution time: mean = 0.08ms, total = 0.08ms, Queueing time: mean = 0.01ms, max = 0.01ms, min = 0.01ms, total = 0.01ms
	NodeInfoGcsService.grpc_server.RegisterNode.HandleRequestImpl - 1 total (0 active), Execution time: mean = 0.23ms, total = 0.23ms, Queueing time: mean = 0.02ms, max = 0.02ms, min = 0.02ms, total = 0.02ms
	InternalKVGcsService.grpc_server.InternalKVDel.HandleRequestImpl - 1 total (0 active), Execution time: mean = 0.06ms, total = 0.06ms, Queueing time: mean = 0.01ms, max = 0.01ms, min = 0.01ms, total = 0.01ms
	InternalKVGcsService.grpc_server.GetInternalConfig.HandleRequestImpl - 1 total (0 active), Execution time: mean = 0.10ms, total = 0.10ms, Queueing time: mean = 0.02ms, max = 0.02ms, min = 0.02ms, total = 0.02ms
	NodeInfoGcsService.grpc_server.GetAllNodeAddressAndLiveness.HandleRequestImpl - 1 total (0 active), Execution time: mean = 0.01ms, total = 0.01ms, Queueing time: mean = 0.01ms, max = 0.01ms, min = 0.01ms, total = 0.01ms
	GcsHealthCheckManager::MarkNodeHealthy - 1 total (0 active), Execution time: mean = 0.00ms, total = 0.00ms, Queueing time: mean = 0.01ms, max = 0.01ms, min = 0.01ms, total = 0.01ms
	GcsInitData::AsyncLoad - 1 total (0 active), Execution time: mean = 0.01ms, total = 0.01ms, Queueing time: mean = 0.00ms, max = 0.00ms, min = 0.00ms, total = 0.00ms
	InternalKVGcsService.grpc_server.GetInternalConfig - 1 total (0 active), Execution time: mean = 0.65ms, total = 0.65ms, Queueing time: mean = 0.00ms, max = -0.00ms, min = 9223372036854.78ms, total = 0.00ms
	GcsInMemoryStore.GetNextJobID - 1 total (0 active), Execution time: mean = 0.01ms, total = 0.01ms, Queueing time: mean = 0.01ms, max = 0.01ms, min = 0.01ms, total = 0.01ms
	NodeInfoGcsService.grpc_server.RegisterNode - 1 total (0 active), Execution time: mean = 0.64ms, total = 0.64ms, Queueing time: mean = 0.00ms, max = -0.00ms, min = 9223372036854.78ms, total = 0.00ms
	GcsServer.GetOrGenerateClusterId.continuation - 1 total (0 active), Execution time: mean = 1520.34ms, total = 1520.34ms, Queueing time: mean = 0.00ms, max = 0.00ms, min = 0.00ms, total = 0.00ms


[2026-06-04 22:41:10,509 I 512 512] (gcs_server) gcs_server.cc:940: task_io_context Event stats:


Global stats: 238 total (1 active)
Queueing time: mean = 0.42ms, max = 89.27ms, min = 0.00ms, total = 99.20ms
Execution time:  mean = 0.01ms, total = 3.38ms
Event stats:
	GcsTaskManager.GcJobSummary - 157 total (1 active), Execution time: mean = 0.01ms, total = 1.70ms, Queueing time: mean = 0.62ms, max = 89.27ms, min = 0.01ms, total = 97.74ms
	event_loop_lag_probe - 80 total (0 active), Execution time: mean = 0.02ms, total = 1.67ms, Queueing time: mean = 0.02ms, max = 0.50ms, min = 0.00ms, total = 1.44ms
	PeriodicalRunner.RunFnPeriodically - 1 total (0 active), Execution time: mean = 0.02ms, total = 0.02ms, Queueing time: mean = 0.02ms, max = 0.02ms, min = 0.02ms, total = 0.02ms


[2026-06-04 22:41:10,509 I 512 512] (gcs_server) gcs_server.cc:940: pubsub_io_context Event stats:


Global stats: 494 total (2 active)
Queueing time: mean = 0.65ms, max = 95.93ms, min = 0.00ms, total = 319.69ms
Execution time:  mean = 1185.32ms, total = 585549.22ms
Event stats:
	InternalPubSubGcsService.grpc_server.GcsPublish - 201 total (0 active), Execution time: mean = 3.78ms, total = 760.18ms, Queueing time: mean = 0.00ms, max = -0.00ms, min = 9223372036854.78ms, total = 0.00ms
	InternalPubSubGcsService.grpc_server.GcsPublish.HandleRequestImpl - 201 total (0 active), Execution time: mean = 0.13ms, total = 25.86ms, Queueing time: mean = 1.47ms, max = 95.93ms, min = 0.01ms, total = 295.81ms
	event_loop_lag_probe - 80 total (0 active), Execution time: mean = 0.02ms, total = 1.56ms, Queueing time: mean = 0.20ms, max = 15.11ms, min = 0.00ms, total = 16.09ms
	Publisher.CheckDeadSubscribers - 3 total (1 active), Execution time: mean = 0.02ms, total = 0.05ms, Queueing time: mean = 0.03ms, max = 0.06ms, min = 0.03ms, total = 0.09ms
	InternalPubSubGcsService.grpc_server.GcsSubscriberPoll - 2 total (1 active), Execution time: mean = 292380.21ms, total = 584760.42ms, Queueing time: mean = 0.00ms, max = -0.00ms, min = 9223372036854.78ms, total = 0.00ms
	InternalPubSubGcsService.grpc_server.GcsSubscriberPoll.HandleRequestImpl - 2 total (0 active), Execution time: mean = 0.07ms, total = 0.14ms, Queueing time: mean = 0.11ms, max = 0.19ms, min = 0.02ms, total = 0.21ms
	InternalPubSubGcsService.grpc_server.GcsSubscriberCommandBatch - 2 total (0 active), Execution time: mean = 0.37ms, total = 0.74ms, Queueing time: mean = 0.00ms, max = -0.00ms, min = 9223372036854.78ms, total = 0.00ms
	InternalPubSubGcsService.grpc_server.GcsSubscriberCommandBatch.HandleRequestImpl - 2 total (0 active), Execution time: mean = 0.10ms, total = 0.21ms, Queueing time: mean = 0.02ms, max = 0.03ms, min = 0.01ms, total = 0.04ms
	PeriodicalRunner.RunFnPeriodically - 1 total (0 active), Execution time: mean = 0.06ms, total = 0.06ms, Queueing time: mean = 7.44ms, max = 7.44ms, min = 7.44ms, total = 7.44ms


[2026-06-04 22:41:10,509 I 512 512] (gcs_server) gcs_server.cc:940: ray_syncer_io_context Event stats:


Global stats: 84 total (0 active)
Queueing time: mean = 0.02ms, max = 0.61ms, min = 0.00ms, total = 1.66ms
Execution time:  mean = 0.02ms, total = 2.01ms
Event stats:
	event_loop_lag_probe - 80 total (0 active), Execution time: mean = 0.02ms, total = 1.82ms, Queueing time: mean = 0.02ms, max = 0.61ms, min = 0.01ms, total = 1.56ms
	RaySyncerRegister - 2 total (0 active), Execution time: mean = 0.00ms, total = 0.00ms, Queueing time: mean = 0.04ms, max = 0.06ms, min = 0.01ms, total = 0.08ms
	RaySyncer.BroadcastMessage - 1 total (0 active), Execution time: mean = 0.02ms, total = 0.02ms, Queueing time: mean = 0.00ms, max = 0.00ms, min = 0.00ms, total = 0.00ms
	 - 1 total (0 active), Execution time: mean = 0.16ms, total = 0.16ms, Queueing time: mean = 0.02ms, max = 0.02ms, min = 0.02ms, total = 0.02ms


[2026-06-04 22:41:10,509 I 512 512] (gcs_server) gcs_server.cc:940: ray_event_io_context Event stats:


Global stats: 80 total (0 active)
Queueing time: mean = 0.11ms, max = 8.24ms, min = 0.00ms, total = 8.99ms
Execution time:  mean = 0.02ms, total = 1.48ms
Event stats:
	event_loop_lag_probe - 80 total (0 active), Execution time: mean = 0.02ms, total = 1.48ms, Queueing time: mean = 0.11ms, max = 8.24ms, min = 0.00ms, total = 8.99ms


[2026-06-04 22:42:10,509 I 512 512] (gcs_server) gcs_server.cc:922: Gcs Debug state:

GcsNodeManager: 
- RegisterNode request count: 1
- DrainNode request count: 0
- GetAllNodeInfo request count: 3

GcsActorManager: 
- RegisterActor request count: 0
- CreateActor request count: 0
- GetActorInfo request count: 0
- GetNamedActorInfo request count: 0
- GetAllActorInfo request count: 0
- KillActor request count: 0
- ListNamedActors request count: 0
- Registered actors count: 0
- Destroyed actors count: 0
- Named actors count: 0
- Unresolved actors count: 0
- Pending actors count: 0
- Created actors count: 0
- owners_: 0
- actor_to_register_callbacks_: 0
- actor_to_restart_for_lineage_reconstruction_callbacks_: 0
- actor_to_create_callbacks_: 0
- sorted_destroyed_actor_list_: 0

GcsResourceManager: 
- GetAllAvailableResources request count: 0
- GetAllTotalResources request count: 0
- GetAllResourceUsage request count: 166

GcsPlacementGroupManager: 
- CreatePlacementGroup request count: 0
- RemovePlacementGroup request count: 0
- GetPlacementGroup request count: 0
- GetAllPlacementGroup request count: 0
- WaitPlacementGroupUntilReady request count: 0
- GetNamedPlacementGroup request count: 0
- Scheduling pending placement group count: 0
- Registered placement groups count: 0
- Named placement group count: 0
- Pending placement groups count: 0
- Infeasible placement groups count: 0

Publisher:
GCS_NODE_INFO_CHANNEL
- cumulative published messages: 1
- cumulative published bytes: 499
- current buffered bytes: 0
GCS_NODE_ADDRESS_AND_LIVENESS_CHANNEL
- cumulative published messages: 1
- cumulative published bytes: 92
- current buffered bytes: 0
RAY_LOG_CHANNEL
- cumulative published messages: 213
- cumulative published bytes: 185730
- current buffered bytes: 0

[runtime env manager] ID to URIs table:
[runtime env manager] URIs reference table:

GcsTaskManager: 
-Total num task events reported: 0
-Total num status task events dropped: 0
-Total num profile events dropped: 0
-Current num of task events stored: 0
-Total num of actor creation tasks: 0
-Total num of actor tasks: 0
-Total num of normal tasks: 0
-Total num of driver tasks: 0

GcsAutoscalerStateManager: 
- last_seen_autoscaler_state_version_: 0
- last_cluster_resource_state_version_: 166
- pending demands:



[2026-06-04 22:42:10,510 I 512 512] (gcs_server) gcs_server.cc:936: Main service Event stats:


Global stats: 7434 total (5 active)
Queueing time: mean = 5.34ms, max = 1522.53ms, min = 0.00ms, total = 39668.52ms
Execution time:  mean = 2.27ms, total = 16872.44ms
Event stats:
	GcsInMemoryStore.Put - 1354 total (0 active), Execution time: mean = 1.13ms, total = 1525.81ms, Queueing time: mean = 1.20ms, max = 1521.87ms, min = 0.00ms, total = 1619.76ms
	RayletLoadPulled - 839 total (1 active), Execution time: mean = 0.25ms, total = 211.98ms, Queueing time: mean = 1.52ms, max = 297.72ms, min = 0.01ms, total = 1272.86ms
	NodeManagerService.grpc_client.GetResourceLoad.OnReplyReceived - 825 total (0 active), Execution time: mean = 0.05ms, total = 42.49ms, Queueing time: mean = 0.73ms, max = 96.21ms, min = 0.01ms, total = 605.15ms
	NodeManagerService.grpc_client.GetResourceLoad - 825 total (0 active), Execution time: mean = 14.15ms, total = 11672.72ms, Queueing time: mean = 0.00ms, max = -0.00ms, min = 9223372036854.78ms, total = 0.00ms
	InternalKVGcsService.grpc_server.InternalKVPut.HandleRequestImpl - 342 total (0 active), Execution time: mean = 0.05ms, total = 17.80ms, Queueing time: mean = 1.14ms, max = 96.13ms, min = 0.01ms, total = 391.13ms
	InternalKVGcsService.grpc_server.InternalKVPut - 342 total (0 active), Execution time: mean = 2.32ms, total = 794.33ms, Queueing time: mean = 0.00ms, max = -0.00ms, min = 9223372036854.78ms, total = 0.00ms
	GcsInMemoryStore.Get - 282 total (0 active), Execution time: mean = 0.01ms, total = 3.47ms, Queueing time: mean = 0.01ms, max = 0.11ms, min = 0.01ms, total = 4.04ms
	InternalKVGcsService.grpc_server.InternalKVGet.HandleRequestImpl - 281 total (0 active), Execution time: mean = 0.08ms, total = 22.99ms, Queueing time: mean = 0.37ms, max = 95.88ms, min = 0.01ms, total = 103.41ms
	InternalKVGcsService.grpc_server.InternalKVGet - 281 total (0 active), Execution time: mean = 1.44ms, total = 405.63ms, Queueing time: mean = 0.00ms, max = -0.00ms, min = 9223372036854.78ms, total = 0.00ms
	ClusterResourceManager.ResetRemoteNodeView - 280 total (1 active), Execution time: mean = 0.01ms, total = 2.88ms, Queueing time: mean = 0.64ms, max = 95.89ms, min = 0.01ms, total = 179.79ms
	HealthCheck - 274 total (0 active), Execution time: mean = 0.00ms, total = 1.27ms, Queueing time: mean = 0.75ms, max = 96.16ms, min = 0.01ms, total = 205.24ms
	NodeInfoGcsService.grpc_server.CheckAlive - 179 total (0 active), Execution time: mean = 0.96ms, total = 172.70ms, Queueing time: mean = 0.00ms, max = -0.00ms, min = 9223372036854.78ms, total = 0.00ms
	NodeInfoGcsService.grpc_server.CheckAlive.HandleRequestImpl - 179 total (0 active), Execution time: mean = 0.02ms, total = 3.64ms, Queueing time: mean = 0.03ms, max = 0.31ms, min = 0.01ms, total = 6.11ms
	GCSServer.deadline_timer.metrics_report - 168 total (1 active), Execution time: mean = 0.23ms, total = 38.14ms, Queueing time: mean = 1.01ms, max = 95.50ms, min = 0.01ms, total = 168.90ms
	AutoscalerStateService.grpc_server.GetClusterResourceState - 166 total (0 active), Execution time: mean = 0.39ms, total = 65.10ms, Queueing time: mean = 0.00ms, max = -0.00ms, min = 9223372036854.78ms, total = 0.00ms
	AutoscalerStateService.grpc_server.GetClusterResourceState.HandleRequestImpl - 166 total (0 active), Execution time: mean = 0.04ms, total = 6.77ms, Queueing time: mean = 0.03ms, max = 0.70ms, min = 0.01ms, total = 4.32ms
	NodeResourceInfoGcsService.grpc_server.GetAllResourceUsage.HandleRequestImpl - 166 total (0 active), Execution time: mean = 0.07ms, total = 12.25ms, Queueing time: mean = 0.05ms, max = 1.38ms, min = 0.01ms, total = 8.75ms
	NodeResourceInfoGcsService.grpc_server.GetAllResourceUsage - 166 total (0 active), Execution time: mean = 1.12ms, total = 186.33ms, Queueing time: mean = 0.00ms, max = -0.00ms, min = 9223372036854.78ms, total = 0.00ms
	event_loop_lag_probe - 86 total (0 active), Execution time: mean = 0.01ms, total = 1.12ms, Queueing time: mean = 0.18ms, max = 14.25ms, min = 0.00ms, total = 15.32ms
	GCSServer.deadline_timer.gcs_global_gc - 84 total (1 active), Execution time: mean = 0.01ms, total = 0.67ms, Queueing time: mean = 1.03ms, max = 66.72ms, min = 0.02ms, total = 86.58ms
	ReporterService.grpc_client.HealthCheck.OnReplyReceived - 31 total (0 active), Execution time: mean = 0.16ms, total = 5.10ms, Queueing time: mean = 52.09ms, max = 1517.54ms, min = 0.02ms, total = 1614.71ms
	ReporterService.grpc_client.HealthCheck - 31 total (0 active), Execution time: mean = 3.62ms, total = 112.34ms, Queueing time: mean = 0.00ms, max = -0.00ms, min = 9223372036854.78ms, total = 0.00ms
	MetricsAgentClient.WaitForServerReadyWithRetry - 30 total (0 active), Execution time: mean = 0.27ms, total = 8.13ms, Queueing time: mean = 1008.67ms, max = 1097.53ms, min = 1000.02ms, total = 30260.04ms
	GCSServer.deadline_timer.debug_state_event_stats_print - 14 total (1 active, 1 running), Execution time: mean = 1.39ms, total = 19.43ms, Queueing time: mean = 4.82ms, max = 67.10ms, min = 0.02ms, total = 67.46ms
	GcsInMemoryStore.GetAll - 6 total (0 active), Execution time: mean = 0.01ms, total = 0.06ms, Queueing time: mean = 0.06ms, max = 0.07ms, min = 0.01ms, total = 0.34ms
	PeriodicalRunner.RunFnPeriodically - 5 total (0 active), Execution time: mean = 0.11ms, total = 0.54ms, Queueing time: mean = 610.50ms, max = 1522.53ms, min = 2.26ms, total = 3052.48ms
	NodeInfoGcsService.grpc_server.GetClusterId - 4 total (0 active), Execution time: mean = 2.91ms, total = 11.62ms, Queueing time: mean = 0.00ms, max = -0.00ms, min = 9223372036854.78ms, total = 0.00ms
	NodeInfoGcsService.grpc_server.GetClusterId.HandleRequestImpl - 4 total (0 active), Execution time: mean = 0.54ms, total = 2.15ms, Queueing time: mean = 0.45ms, max = 1.73ms, min = 0.02ms, total = 1.81ms
	NodeInfoGcsService.grpc_server.GetAllNodeInfo.HandleRequestImpl - 2 total (0 active), Execution time: mean = 0.04ms, total = 0.08ms, Queueing time: mean = 0.02ms, max = 0.03ms, min = 0.01ms, total = 0.04ms
	NodeInfoGcsService.grpc_server.GetAllNodeInfo - 2 total (0 active), Execution time: mean = 0.36ms, total = 0.71ms, Queueing time: mean = 0.00ms, max = -0.00ms, min = 9223372036854.78ms, total = 0.00ms
	GcsInMemoryStore.Delete - 1 total (0 active), Execution time: mean = 0.01ms, total = 0.01ms, Queueing time: mean = 0.01ms, max = 0.01ms, min = 0.01ms, total = 0.01ms
	NodeManager.AddNodeCallback - 1 total (0 active), Execution time: mean = 0.45ms, total = 0.45ms, Queueing time: mean = 0.13ms, max = 0.13ms, min = 0.13ms, total = 0.13ms
	InternalKVGcsService.grpc_server.InternalKVDel - 1 total (0 active), Execution time: mean = 0.45ms, total = 0.45ms, Queueing time: mean = 0.00ms, max = -0.00ms, min = 9223372036854.78ms, total = 0.00ms
	JobInfoGcsService.grpc_server.GetAllJobInfo - 1 total (0 active), Execution time: mean = 0.35ms, total = 0.35ms, Queueing time: mean = 0.00ms, max = -0.00ms, min = 9223372036854.78ms, total = 0.00ms
	JobInfoGcsService.grpc_server.GetNextJobID.HandleRequestImpl - 1 total (0 active), Execution time: mean = 0.02ms, total = 0.02ms, Queueing time: mean = 0.02ms, max = 0.02ms, min = 0.02ms, total = 0.02ms
	JobInfoGcsService.grpc_server.GetNextJobID - 1 total (0 active), Execution time: mean = 0.35ms, total = 0.35ms, Queueing time: mean = 0.00ms, max = -0.00ms, min = 9223372036854.78ms, total = 0.00ms
	GcsHealthCheckManager::AddNode - 1 total (0 active), Execution time: mean = 0.02ms, total = 0.02ms, Queueing time: mean = 0.00ms, max = 0.00ms, min = 0.00ms, total = 0.00ms
	NodeInfoGcsService.grpc_server.GetAllNodeAddressAndLiveness - 1 total (0 active), Execution time: mean = 0.37ms, total = 0.37ms, Queueing time: mean = 0.00ms, max = -0.00ms, min = 9223372036854.78ms, total = 0.00ms
	JobInfoGcsService.grpc_server.GetAllJobInfo.HandleRequestImpl - 1 total (0 active), Execution time: mean = 0.04ms, total = 0.04ms, Queueing time: mean = 0.02ms, max = 0.02ms, min = 0.02ms, total = 0.02ms
	GcsResourceManager::Update - 1 total (0 active), Execution time: mean = 0.08ms, total = 0.08ms, Queueing time: mean = 0.01ms, max = 0.01ms, min = 0.01ms, total = 0.01ms
	NodeInfoGcsService.grpc_server.RegisterNode.HandleRequestImpl - 1 total (0 active), Execution time: mean = 0.23ms, total = 0.23ms, Queueing time: mean = 0.02ms, max = 0.02ms, min = 0.02ms, total = 0.02ms
	InternalKVGcsService.grpc_server.InternalKVDel.HandleRequestImpl - 1 total (0 active), Execution time: mean = 0.06ms, total = 0.06ms, Queueing time: mean = 0.01ms, max = 0.01ms, min = 0.01ms, total = 0.01ms
	InternalKVGcsService.grpc_server.GetInternalConfig.HandleRequestImpl - 1 total (0 active), Execution time: mean = 0.10ms, total = 0.10ms, Queueing time: mean = 0.02ms, max = 0.02ms, min = 0.02ms, total = 0.02ms
	NodeInfoGcsService.grpc_server.GetAllNodeAddressAndLiveness.HandleRequestImpl - 1 total (0 active), Execution time: mean = 0.01ms, total = 0.01ms, Queueing time: mean = 0.01ms, max = 0.01ms, min = 0.01ms, total = 0.01ms
	GcsHealthCheckManager::MarkNodeHealthy - 1 total (0 active), Execution time: mean = 0.00ms, total = 0.00ms, Queueing time: mean = 0.01ms, max = 0.01ms, min = 0.01ms, total = 0.01ms
	GcsInitData::AsyncLoad - 1 total (0 active), Execution time: mean = 0.01ms, total = 0.01ms, Queueing time: mean = 0.00ms, max = 0.00ms, min = 0.00ms, total = 0.00ms
	InternalKVGcsService.grpc_server.GetInternalConfig - 1 total (0 active), Execution time: mean = 0.65ms, total = 0.65ms, Queueing time: mean = 0.00ms, max = -0.00ms, min = 9223372036854.78ms, total = 0.00ms
	GcsInMemoryStore.GetNextJobID - 1 total (0 active), Execution time: mean = 0.01ms, total = 0.01ms, Queueing time: mean = 0.01ms, max = 0.01ms, min = 0.01ms, total = 0.01ms
	NodeInfoGcsService.grpc_server.RegisterNode - 1 total (0 active), Execution time: mean = 0.64ms, total = 0.64ms, Queueing time: mean = 0.00ms, max = -0.00ms, min = 9223372036854.78ms, total = 0.00ms
	GcsServer.GetOrGenerateClusterId.continuation - 1 total (0 active), Execution time: mean = 1520.34ms, total = 1520.34ms, Queueing time: mean = 0.00ms, max = 0.00ms, min = 0.00ms, total = 0.00ms


[2026-06-04 22:42:10,510 I 512 512] (gcs_server) gcs_server.cc:940: task_io_context Event stats:


Global stats: 256 total (1 active)
Queueing time: mean = 0.39ms, max = 89.27ms, min = 0.00ms, total = 99.76ms
Execution time:  mean = 0.01ms, total = 3.57ms
Event stats:
	GcsTaskManager.GcJobSummary - 169 total (1 active), Execution time: mean = 0.01ms, total = 1.80ms, Queueing time: mean = 0.58ms, max = 89.27ms, min = 0.01ms, total = 98.24ms
	event_loop_lag_probe - 86 total (0 active), Execution time: mean = 0.02ms, total = 1.75ms, Queueing time: mean = 0.02ms, max = 0.50ms, min = 0.00ms, total = 1.51ms
	PeriodicalRunner.RunFnPeriodically - 1 total (0 active), Execution time: mean = 0.02ms, total = 0.02ms, Queueing time: mean = 0.02ms, max = 0.02ms, min = 0.02ms, total = 0.02ms


[2026-06-04 22:42:10,510 I 512 512] (gcs_server) gcs_server.cc:940: pubsub_io_context Event stats:


Global stats: 524 total (2 active)
Queueing time: mean = 0.61ms, max = 95.93ms, min = 0.00ms, total = 320.06ms
Execution time:  mean = 1117.47ms, total = 585555.23ms
Event stats:
	InternalPubSubGcsService.grpc_server.GcsPublish - 213 total (0 active), Execution time: mean = 3.59ms, total = 764.88ms, Queueing time: mean = 0.00ms, max = -0.00ms, min = 9223372036854.78ms, total = 0.00ms
	InternalPubSubGcsService.grpc_server.GcsPublish.HandleRequestImpl - 213 total (0 active), Execution time: mean = 0.13ms, total = 27.08ms, Queueing time: mean = 1.39ms, max = 95.93ms, min = 0.01ms, total = 296.13ms
	event_loop_lag_probe - 86 total (0 active), Execution time: mean = 0.02ms, total = 1.65ms, Queueing time: mean = 0.19ms, max = 15.11ms, min = 0.00ms, total = 16.14ms
	Publisher.CheckDeadSubscribers - 3 total (1 active), Execution time: mean = 0.02ms, total = 0.05ms, Queueing time: mean = 0.03ms, max = 0.06ms, min = 0.03ms, total = 0.09ms
	InternalPubSubGcsService.grpc_server.GcsSubscriberPoll - 2 total (1 active), Execution time: mean = 292380.21ms, total = 584760.42ms, Queueing time: mean = 0.00ms, max = -0.00ms, min = 9223372036854.78ms, total = 0.00ms
	InternalPubSubGcsService.grpc_server.GcsSubscriberPoll.HandleRequestImpl - 2 total (0 active), Execution time: mean = 0.07ms, total = 0.14ms, Queueing time: mean = 0.11ms, max = 0.19ms, min = 0.02ms, total = 0.21ms
	InternalPubSubGcsService.grpc_server.GcsSubscriberCommandBatch - 2 total (0 active), Execution time: mean = 0.37ms, total = 0.74ms, Queueing time: mean = 0.00ms, max = -0.00ms, min = 9223372036854.78ms, total = 0.00ms
	InternalPubSubGcsService.grpc_server.GcsSubscriberCommandBatch.HandleRequestImpl - 2 total (0 active), Execution time: mean = 0.10ms, total = 0.21ms, Queueing time: mean = 0.02ms, max = 0.03ms, min = 0.01ms, total = 0.04ms
	PeriodicalRunner.RunFnPeriodically - 1 total (0 active), Execution time: mean = 0.06ms, total = 0.06ms, Queueing time: mean = 7.44ms, max = 7.44ms, min = 7.44ms, total = 7.44ms


[2026-06-04 22:42:10,510 I 512 512] (gcs_server) gcs_server.cc:940: ray_syncer_io_context Event stats:


Global stats: 90 total (0 active)
Queueing time: mean = 0.02ms, max = 0.61ms, min = 0.00ms, total = 1.72ms
Execution time:  mean = 0.02ms, total = 2.11ms
Event stats:
	event_loop_lag_probe - 86 total (0 active), Execution time: mean = 0.02ms, total = 1.92ms, Queueing time: mean = 0.02ms, max = 0.61ms, min = 0.01ms, total = 1.62ms
	RaySyncerRegister - 2 total (0 active), Execution time: mean = 0.00ms, total = 0.00ms, Queueing time: mean = 0.04ms, max = 0.06ms, min = 0.01ms, total = 0.08ms
	RaySyncer.BroadcastMessage - 1 total (0 active), Execution time: mean = 0.02ms, total = 0.02ms, Queueing time: mean = 0.00ms, max = 0.00ms, min = 0.00ms, total = 0.00ms
	 - 1 total (0 active), Execution time: mean = 0.16ms, total = 0.16ms, Queueing time: mean = 0.02ms, max = 0.02ms, min = 0.02ms, total = 0.02ms


[2026-06-04 22:42:10,510 I 512 512] (gcs_server) gcs_server.cc:940: ray_event_io_context Event stats:


Global stats: 86 total (0 active)
Queueing time: mean = 0.11ms, max = 8.24ms, min = 0.00ms, total = 9.04ms
Execution time:  mean = 0.02ms, total = 1.57ms
Event stats:
	event_loop_lag_probe - 86 total (0 active), Execution time: mean = 0.02ms, total = 1.57ms, Queueing time: mean = 0.11ms, max = 8.24ms, min = 0.00ms, total = 9.04ms


[2026-06-04 22:43:10,511 I 512 512] (gcs_server) gcs_server.cc:922: Gcs Debug state:

GcsNodeManager: 
- RegisterNode request count: 1
- DrainNode request count: 0
- GetAllNodeInfo request count: 3

GcsActorManager: 
- RegisterActor request count: 0
- CreateActor request count: 0
- GetActorInfo request count: 0
- GetNamedActorInfo request count: 0
- GetAllActorInfo request count: 0
- KillActor request count: 0
- ListNamedActors request count: 0
- Registered actors count: 0
- Destroyed actors count: 0
- Named actors count: 0
- Unresolved actors count: 0
- Pending actors count: 0
- Created actors count: 0
- owners_: 0
- actor_to_register_callbacks_: 0
- actor_to_restart_for_lineage_reconstruction_callbacks_: 0
- actor_to_create_callbacks_: 0
- sorted_destroyed_actor_list_: 0

GcsResourceManager: 
- GetAllAvailableResources request count: 0
- GetAllTotalResources request count: 0
- GetAllResourceUsage request count: 178

GcsPlacementGroupManager: 
- CreatePlacementGroup request count: 0
- RemovePlacementGroup request count: 0
- GetPlacementGroup request count: 0
- GetAllPlacementGroup request count: 0
- WaitPlacementGroupUntilReady request count: 0
- GetNamedPlacementGroup request count: 0
- Scheduling pending placement group count: 0
- Registered placement groups count: 0
- Named placement group count: 0
- Pending placement groups count: 0
- Infeasible placement groups count: 0

Publisher:
GCS_NODE_INFO_CHANNEL
- cumulative published messages: 1
- cumulative published bytes: 499
- current buffered bytes: 0
GCS_NODE_ADDRESS_AND_LIVENESS_CHANNEL
- cumulative published messages: 1
- cumulative published bytes: 92
- current buffered bytes: 0
RAY_LOG_CHANNEL
- cumulative published messages: 225
- cumulative published bytes: 196014
- current buffered bytes: 0

[runtime env manager] ID to URIs table:
[runtime env manager] URIs reference table:

GcsTaskManager: 
-Total num task events reported: 0
-Total num status task events dropped: 0
-Total num profile events dropped: 0
-Current num of task events stored: 0
-Total num of actor creation tasks: 0
-Total num of actor tasks: 0
-Total num of normal tasks: 0
-Total num of driver tasks: 0

GcsAutoscalerStateManager: 
- last_seen_autoscaler_state_version_: 0
- last_cluster_resource_state_version_: 178
- pending demands:



[2026-06-04 22:43:10,511 I 512 512] (gcs_server) gcs_server.cc:936: Main service Event stats:


Global stats: 7933 total (5 active)
Queueing time: mean = 5.00ms, max = 1522.53ms, min = 0.00ms, total = 39681.78ms
Execution time:  mean = 2.14ms, total = 16979.29ms
Event stats:
	GcsInMemoryStore.Put - 1450 total (0 active), Execution time: mean = 1.05ms, total = 1526.12ms, Queueing time: mean = 1.12ms, max = 1521.87ms, min = 0.00ms, total = 1625.95ms
	RayletLoadPulled - 899 total (1 active), Execution time: mean = 0.25ms, total = 224.14ms, Queueing time: mean = 1.42ms, max = 297.72ms, min = 0.01ms, total = 1274.57ms
	NodeManagerService.grpc_client.GetResourceLoad.OnReplyReceived - 885 total (0 active), Execution time: mean = 0.05ms, total = 45.15ms, Queueing time: mean = 0.69ms, max = 96.21ms, min = 0.01ms, total = 606.47ms
	NodeManagerService.grpc_client.GetResourceLoad - 885 total (0 active), Execution time: mean = 13.26ms, total = 11733.56ms, Queueing time: mean = 0.00ms, max = -0.00ms, min = 9223372036854.78ms, total = 0.00ms
	InternalKVGcsService.grpc_server.InternalKVPut.HandleRequestImpl - 366 total (0 active), Execution time: mean = 0.05ms, total = 18.91ms, Queueing time: mean = 1.07ms, max = 96.13ms, min = 0.01ms, total = 391.43ms
	InternalKVGcsService.grpc_server.InternalKVPut - 366 total (0 active), Execution time: mean = 2.19ms, total = 800.97ms, Queueing time: mean = 0.00ms, max = -0.00ms, min = 9223372036854.78ms, total = 0.00ms
	ClusterResourceManager.ResetRemoteNodeView - 300 total (1 active), Execution time: mean = 0.01ms, total = 3.05ms, Queueing time: mean = 0.60ms, max = 95.89ms, min = 0.01ms, total = 180.37ms
	HealthCheck - 294 total (0 active), Execution time: mean = 0.00ms, total = 1.33ms, Queueing time: mean = 0.70ms, max = 96.16ms, min = 0.01ms, total = 205.71ms
	GcsInMemoryStore.Get - 294 total (0 active), Execution time: mean = 0.01ms, total = 3.61ms, Queueing time: mean = 0.01ms, max = 0.11ms, min = 0.01ms, total = 4.22ms
	InternalKVGcsService.grpc_server.InternalKVGet.HandleRequestImpl - 293 total (0 active), Execution time: mean = 0.08ms, total = 24.11ms, Queueing time: mean = 0.35ms, max = 95.88ms, min = 0.01ms, total = 103.57ms
	InternalKVGcsService.grpc_server.InternalKVGet - 293 total (0 active), Execution time: mean = 1.40ms, total = 409.80ms, Queueing time: mean = 0.00ms, max = -0.00ms, min = 9223372036854.78ms, total = 0.00ms
	NodeInfoGcsService.grpc_server.CheckAlive - 192 total (0 active), Execution time: mean = 0.92ms, total = 176.97ms, Queueing time: mean = 0.00ms, max = -0.00ms, min = 9223372036854.78ms, total = 0.00ms
	NodeInfoGcsService.grpc_server.CheckAlive.HandleRequestImpl - 192 total (0 active), Execution time: mean = 0.02ms, total = 3.88ms, Queueing time: mean = 0.03ms, max = 0.31ms, min = 0.01ms, total = 6.42ms
	GCSServer.deadline_timer.metrics_report - 180 total (1 active), Execution time: mean = 0.23ms, total = 40.55ms, Queueing time: mean = 0.94ms, max = 95.50ms, min = 0.01ms, total = 169.16ms
	AutoscalerStateService.grpc_server.GetClusterResourceState - 178 total (0 active), Execution time: mean = 0.39ms, total = 68.58ms, Queueing time: mean = 0.00ms, max = -0.00ms, min = 9223372036854.78ms, total = 0.00ms
	AutoscalerStateService.grpc_server.GetClusterResourceState.HandleRequestImpl - 178 total (0 active), Execution time: mean = 0.04ms, total = 7.16ms, Queueing time: mean = 0.03ms, max = 0.70ms, min = 0.01ms, total = 4.48ms
	NodeResourceInfoGcsService.grpc_server.GetAllResourceUsage.HandleRequestImpl - 178 total (0 active), Execution time: mean = 0.07ms, total = 12.92ms, Queueing time: mean = 0.05ms, max = 1.38ms, min = 0.01ms, total = 9.04ms
	NodeResourceInfoGcsService.grpc_server.GetAllResourceUsage - 178 total (0 active), Execution time: mean = 1.07ms, total = 190.95ms, Queueing time: mean = 0.00ms, max = -0.00ms, min = 9223372036854.78ms, total = 0.00ms
	event_loop_lag_probe - 92 total (0 active), Execution time: mean = 0.01ms, total = 1.18ms, Queueing time: mean = 0.17ms, max = 14.25ms, min = 0.00ms, total = 15.36ms
	GCSServer.deadline_timer.gcs_global_gc - 90 total (1 active), Execution time: mean = 0.01ms, total = 0.71ms, Queueing time: mean = 0.98ms, max = 66.72ms, min = 0.02ms, total = 87.84ms
	ReporterService.grpc_client.HealthCheck.OnReplyReceived - 31 total (0 active), Execution time: mean = 0.16ms, total = 5.10ms, Queueing time: mean = 52.09ms, max = 1517.54ms, min = 0.02ms, total = 1614.71ms
	ReporterService.grpc_client.HealthCheck - 31 total (0 active), Execution time: mean = 3.62ms, total = 112.34ms, Queueing time: mean = 0.00ms, max = -0.00ms, min = 9223372036854.78ms, total = 0.00ms
	MetricsAgentClient.WaitForServerReadyWithRetry - 30 total (0 active), Execution time: mean = 0.27ms, total = 8.13ms, Queueing time: mean = 1008.67ms, max = 1097.53ms, min = 1000.02ms, total = 30260.04ms
	GCSServer.deadline_timer.debug_state_event_stats_print - 15 total (1 active, 1 running), Execution time: mean = 1.38ms, total = 20.70ms, Queueing time: mean = 4.50ms, max = 67.10ms, min = 0.02ms, total = 67.49ms
	GcsInMemoryStore.GetAll - 6 total (0 active), Execution time: mean = 0.01ms, total = 0.06ms, Queueing time: mean = 0.06ms, max = 0.07ms, min = 0.01ms, total = 0.34ms
	PeriodicalRunner.RunFnPeriodically - 5 total (0 active), Execution time: mean = 0.11ms, total = 0.54ms, Queueing time: mean = 610.50ms, max = 1522.53ms, min = 2.26ms, total = 3052.48ms
	NodeInfoGcsService.grpc_server.GetClusterId - 4 total (0 active), Execution time: mean = 2.91ms, total = 11.62ms, Queueing time: mean = 0.00ms, max = -0.00ms, min = 9223372036854.78ms, total = 0.00ms
	NodeInfoGcsService.grpc_server.GetClusterId.HandleRequestImpl - 4 total (0 active), Execution time: mean = 0.54ms, total = 2.15ms, Queueing time: mean = 0.45ms, max = 1.73ms, min = 0.02ms, total = 1.81ms
	NodeInfoGcsService.grpc_server.GetAllNodeInfo.HandleRequestImpl - 2 total (0 active), Execution time: mean = 0.04ms, total = 0.08ms, Queueing time: mean = 0.02ms, max = 0.03ms, min = 0.01ms, total = 0.04ms
	NodeInfoGcsService.grpc_server.GetAllNodeInfo - 2 total (0 active), Execution time: mean = 0.36ms, total = 0.71ms, Queueing time: mean = 0.00ms, max = -0.00ms, min = 9223372036854.78ms, total = 0.00ms
	GcsInMemoryStore.Delete - 1 total (0 active), Execution time: mean = 0.01ms, total = 0.01ms, Queueing time: mean = 0.01ms, max = 0.01ms, min = 0.01ms, total = 0.01ms
	NodeManager.AddNodeCallback - 1 total (0 active), Execution time: mean = 0.45ms, total = 0.45ms, Queueing time: mean = 0.13ms, max = 0.13ms, min = 0.13ms, total = 0.13ms
	InternalKVGcsService.grpc_server.InternalKVDel - 1 total (0 active), Execution time: mean = 0.45ms, total = 0.45ms, Queueing time: mean = 0.00ms, max = -0.00ms, min = 9223372036854.78ms, total = 0.00ms
	JobInfoGcsService.grpc_server.GetAllJobInfo - 1 total (0 active), Execution time: mean = 0.35ms, total = 0.35ms, Queueing time: mean = 0.00ms, max = -0.00ms, min = 9223372036854.78ms, total = 0.00ms
	JobInfoGcsService.grpc_server.GetNextJobID.HandleRequestImpl - 1 total (0 active), Execution time: mean = 0.02ms, total = 0.02ms, Queueing time: mean = 0.02ms, max = 0.02ms, min = 0.02ms, total = 0.02ms
	JobInfoGcsService.grpc_server.GetNextJobID - 1 total (0 active), Execution time: mean = 0.35ms, total = 0.35ms, Queueing time: mean = 0.00ms, max = -0.00ms, min = 9223372036854.78ms, total = 0.00ms
	GcsHealthCheckManager::AddNode - 1 total (0 active), Execution time: mean = 0.02ms, total = 0.02ms, Queueing time: mean = 0.00ms, max = 0.00ms, min = 0.00ms, total = 0.00ms
	NodeInfoGcsService.grpc_server.GetAllNodeAddressAndLiveness - 1 total (0 active), Execution time: mean = 0.37ms, total = 0.37ms, Queueing time: mean = 0.00ms, max = -0.00ms, min = 9223372036854.78ms, total = 0.00ms
	JobInfoGcsService.grpc_server.GetAllJobInfo.HandleRequestImpl - 1 total (0 active), Execution time: mean = 0.04ms, total = 0.04ms, Queueing time: mean = 0.02ms, max = 0.02ms, min = 0.02ms, total = 0.02ms
	GcsResourceManager::Update - 1 total (0 active), Execution time: mean = 0.08ms, total = 0.08ms, Queueing time: mean = 0.01ms, max = 0.01ms, min = 0.01ms, total = 0.01ms
	NodeInfoGcsService.grpc_server.RegisterNode.HandleRequestImpl - 1 total (0 active), Execution time: mean = 0.23ms, total = 0.23ms, Queueing time: mean = 0.02ms, max = 0.02ms, min = 0.02ms, total = 0.02ms
	InternalKVGcsService.grpc_server.InternalKVDel.HandleRequestImpl - 1 total (0 active), Execution time: mean = 0.06ms, total = 0.06ms, Queueing time: mean = 0.01ms, max = 0.01ms, min = 0.01ms, total = 0.01ms
	InternalKVGcsService.grpc_server.GetInternalConfig.HandleRequestImpl - 1 total (0 active), Execution time: mean = 0.10ms, total = 0.10ms, Queueing time: mean = 0.02ms, max = 0.02ms, min = 0.02ms, total = 0.02ms
	NodeInfoGcsService.grpc_server.GetAllNodeAddressAndLiveness.HandleRequestImpl - 1 total (0 active), Execution time: mean = 0.01ms, total = 0.01ms, Queueing time: mean = 0.01ms, max = 0.01ms, min = 0.01ms, total = 0.01ms
	GcsHealthCheckManager::MarkNodeHealthy - 1 total (0 active), Execution time: mean = 0.00ms, total = 0.00ms, Queueing time: mean = 0.01ms, max = 0.01ms, min = 0.01ms, total = 0.01ms
	GcsInitData::AsyncLoad - 1 total (0 active), Execution time: mean = 0.01ms, total = 0.01ms, Queueing time: mean = 0.00ms, max = 0.00ms, min = 0.00ms, total = 0.00ms
	InternalKVGcsService.grpc_server.GetInternalConfig - 1 total (0 active), Execution time: mean = 0.65ms, total = 0.65ms, Queueing time: mean = 0.00ms, max = -0.00ms, min = 9223372036854.78ms, total = 0.00ms
	GcsInMemoryStore.GetNextJobID - 1 total (0 active), Execution time: mean = 0.01ms, total = 0.01ms, Queueing time: mean = 0.01ms, max = 0.01ms, min = 0.01ms, total = 0.01ms
	NodeInfoGcsService.grpc_server.RegisterNode - 1 total (0 active), Execution time: mean = 0.64ms, total = 0.64ms, Queueing time: mean = 0.00ms, max = -0.00ms, min = 9223372036854.78ms, total = 0.00ms
	GcsServer.GetOrGenerateClusterId.continuation - 1 total (0 active), Execution time: mean = 1520.34ms, total = 1520.34ms, Queueing time: mean = 0.00ms, max = 0.00ms, min = 0.00ms, total = 0.00ms


[2026-06-04 22:43:10,511 I 512 512] (gcs_server) gcs_server.cc:940: task_io_context Event stats:


Global stats: 274 total (1 active)
Queueing time: mean = 0.37ms, max = 89.27ms, min = 0.00ms, total = 100.35ms
Execution time:  mean = 0.01ms, total = 3.76ms
Event stats:
	GcsTaskManager.GcJobSummary - 181 total (1 active), Execution time: mean = 0.01ms, total = 1.90ms, Queueing time: mean = 0.55ms, max = 89.27ms, min = 0.01ms, total = 98.74ms
	event_loop_lag_probe - 92 total (0 active), Execution time: mean = 0.02ms, total = 1.84ms, Queueing time: mean = 0.02ms, max = 0.50ms, min = 0.00ms, total = 1.60ms
	PeriodicalRunner.RunFnPeriodically - 1 total (0 active), Execution time: mean = 0.02ms, total = 0.02ms, Queueing time: mean = 0.02ms, max = 0.02ms, min = 0.02ms, total = 0.02ms


[2026-06-04 22:43:10,512 I 512 512] (gcs_server) gcs_server.cc:940: pubsub_io_context Event stats:


Global stats: 555 total (2 active)
Queueing time: mean = 0.58ms, max = 95.93ms, min = 0.00ms, total = 320.49ms
Execution time:  mean = 1055.06ms, total = 585560.67ms
Event stats:
	InternalPubSubGcsService.grpc_server.GcsPublish - 225 total (0 active), Execution time: mean = 3.42ms, total = 769.11ms, Queueing time: mean = 0.00ms, max = -0.00ms, min = 9223372036854.78ms, total = 0.00ms
	InternalPubSubGcsService.grpc_server.GcsPublish.HandleRequestImpl - 225 total (0 active), Execution time: mean = 0.13ms, total = 28.19ms, Queueing time: mean = 1.32ms, max = 95.93ms, min = 0.01ms, total = 296.47ms
	event_loop_lag_probe - 92 total (0 active), Execution time: mean = 0.02ms, total = 1.74ms, Queueing time: mean = 0.18ms, max = 15.11ms, min = 0.00ms, total = 16.19ms
	Publisher.CheckDeadSubscribers - 4 total (1 active), Execution time: mean = 0.02ms, total = 0.06ms, Queueing time: mean = 0.03ms, max = 0.06ms, min = 0.03ms, total = 0.13ms
	InternalPubSubGcsService.grpc_server.GcsSubscriberPoll - 2 total (1 active), Execution time: mean = 292380.21ms, total = 584760.42ms, Queueing time: mean = 0.00ms, max = -0.00ms, min = 9223372036854.78ms, total = 0.00ms
	InternalPubSubGcsService.grpc_server.GcsSubscriberPoll.HandleRequestImpl - 2 total (0 active), Execution time: mean = 0.07ms, total = 0.14ms, Queueing time: mean = 0.11ms, max = 0.19ms, min = 0.02ms, total = 0.21ms
	InternalPubSubGcsService.grpc_server.GcsSubscriberCommandBatch - 2 total (0 active), Execution time: mean = 0.37ms, total = 0.74ms, Queueing time: mean = 0.00ms, max = -0.00ms, min = 9223372036854.78ms, total = 0.00ms
	InternalPubSubGcsService.grpc_server.GcsSubscriberCommandBatch.HandleRequestImpl - 2 total (0 active), Execution time: mean = 0.10ms, total = 0.21ms, Queueing time: mean = 0.02ms, max = 0.03ms, min = 0.01ms, total = 0.04ms
	PeriodicalRunner.RunFnPeriodically - 1 total (0 active), Execution time: mean = 0.06ms, total = 0.06ms, Queueing time: mean = 7.44ms, max = 7.44ms, min = 7.44ms, total = 7.44ms


[2026-06-04 22:43:10,512 I 512 512] (gcs_server) gcs_server.cc:940: ray_syncer_io_context Event stats:


Global stats: 96 total (0 active)
Queueing time: mean = 0.02ms, max = 0.61ms, min = 0.00ms, total = 1.80ms
Execution time:  mean = 0.02ms, total = 2.21ms
Event stats:
	event_loop_lag_probe - 92 total (0 active), Execution time: mean = 0.02ms, total = 2.02ms, Queueing time: mean = 0.02ms, max = 0.61ms, min = 0.01ms, total = 1.70ms
	RaySyncerRegister - 2 total (0 active), Execution time: mean = 0.00ms, total = 0.00ms, Queueing time: mean = 0.04ms, max = 0.06ms, min = 0.01ms, total = 0.08ms
	RaySyncer.BroadcastMessage - 1 total (0 active), Execution time: mean = 0.02ms, total = 0.02ms, Queueing time: mean = 0.00ms, max = 0.00ms, min = 0.00ms, total = 0.00ms
	 - 1 total (0 active), Execution time: mean = 0.16ms, total = 0.16ms, Queueing time: mean = 0.02ms, max = 0.02ms, min = 0.02ms, total = 0.02ms


[2026-06-04 22:43:10,512 I 512 512] (gcs_server) gcs_server.cc:940: ray_event_io_context Event stats:


Global stats: 92 total (0 active)
Queueing time: mean = 0.10ms, max = 8.24ms, min = 0.00ms, total = 9.09ms
Execution time:  mean = 0.02ms, total = 1.65ms
Event stats:
	event_loop_lag_probe - 92 total (0 active), Execution time: mean = 0.02ms, total = 1.65ms, Queueing time: mean = 0.10ms, max = 8.24ms, min = 0.00ms, total = 9.09ms


[2026-06-04 22:44:10,512 I 512 512] (gcs_server) gcs_server.cc:922: Gcs Debug state:

GcsNodeManager: 
- RegisterNode request count: 1
- DrainNode request count: 0
- GetAllNodeInfo request count: 3

GcsActorManager: 
- RegisterActor request count: 0
- CreateActor request count: 0
- GetActorInfo request count: 0
- GetNamedActorInfo request count: 0
- GetAllActorInfo request count: 0
- KillActor request count: 0
- ListNamedActors request count: 0
- Registered actors count: 0
- Destroyed actors count: 0
- Named actors count: 0
- Unresolved actors count: 0
- Pending actors count: 0
- Created actors count: 0
- owners_: 0
- actor_to_register_callbacks_: 0
- actor_to_restart_for_lineage_reconstruction_callbacks_: 0
- actor_to_create_callbacks_: 0
- sorted_destroyed_actor_list_: 0

GcsResourceManager: 
- GetAllAvailableResources request count: 0
- GetAllTotalResources request count: 0
- GetAllResourceUsage request count: 190

GcsPlacementGroupManager: 
- CreatePlacementGroup request count: 0
- RemovePlacementGroup request count: 0
- GetPlacementGroup request count: 0
- GetAllPlacementGroup request count: 0
- WaitPlacementGroupUntilReady request count: 0
- GetNamedPlacementGroup request count: 0
- Scheduling pending placement group count: 0
- Registered placement groups count: 0
- Named placement group count: 0
- Pending placement groups count: 0
- Infeasible placement groups count: 0

Publisher:
GCS_NODE_INFO_CHANNEL
- cumulative published messages: 1
- cumulative published bytes: 499
- current buffered bytes: 0
GCS_NODE_ADDRESS_AND_LIVENESS_CHANNEL
- cumulative published messages: 1
- cumulative published bytes: 92
- current buffered bytes: 0
RAY_LOG_CHANNEL
- cumulative published messages: 237
- cumulative published bytes: 206298
- current buffered bytes: 0

[runtime env manager] ID to URIs table:
[runtime env manager] URIs reference table:

GcsTaskManager: 
-Total num task events reported: 0
-Total num status task events dropped: 0
-Total num profile events dropped: 0
-Current num of task events stored: 0
-Total num of actor creation tasks: 0
-Total num of actor tasks: 0
-Total num of normal tasks: 0
-Total num of driver tasks: 0

GcsAutoscalerStateManager: 
- last_seen_autoscaler_state_version_: 0
- last_cluster_resource_state_version_: 190
- pending demands:



[2026-06-04 22:44:10,513 I 512 512] (gcs_server) gcs_server.cc:936: Main service Event stats:


Global stats: 8432 total (5 active)
Queueing time: mean = 4.71ms, max = 1522.53ms, min = 0.00ms, total = 39695.77ms
Execution time:  mean = 2.03ms, total = 17088.76ms
Event stats:
	GcsInMemoryStore.Put - 1546 total (0 active), Execution time: mean = 0.99ms, total = 1526.44ms, Queueing time: mean = 1.06ms, max = 1521.87ms, min = 0.00ms, total = 1632.51ms
	RayletLoadPulled - 959 total (1 active), Execution time: mean = 0.25ms, total = 236.59ms, Queueing time: mean = 1.33ms, max = 297.72ms, min = 0.01ms, total = 1276.40ms
	NodeManagerService.grpc_client.GetResourceLoad.OnReplyReceived - 945 total (0 active), Execution time: mean = 0.05ms, total = 47.58ms, Queueing time: mean = 0.64ms, max = 96.21ms, min = 0.01ms, total = 607.93ms
	NodeManagerService.grpc_client.GetResourceLoad - 945 total (0 active), Execution time: mean = 12.48ms, total = 11796.58ms, Queueing time: mean = 0.00ms, max = -0.00ms, min = 9223372036854.78ms, total = 0.00ms
	InternalKVGcsService.grpc_server.InternalKVPut.HandleRequestImpl - 390 total (0 active), Execution time: mean = 0.05ms, total = 20.01ms, Queueing time: mean = 1.00ms, max = 96.13ms, min = 0.01ms, total = 391.73ms
	InternalKVGcsService.grpc_server.InternalKVPut - 390 total (0 active), Execution time: mean = 2.07ms, total = 807.70ms, Queueing time: mean = 0.00ms, max = -0.00ms, min = 9223372036854.78ms, total = 0.00ms
	ClusterResourceManager.ResetRemoteNodeView - 320 total (1 active), Execution time: mean = 0.01ms, total = 3.21ms, Queueing time: mean = 0.57ms, max = 95.89ms, min = 0.01ms, total = 180.98ms
	HealthCheck - 314 total (0 active), Execution time: mean = 0.00ms, total = 1.45ms, Queueing time: mean = 0.66ms, max = 96.16ms, min = 0.01ms, total = 206.23ms
	GcsInMemoryStore.Get - 306 total (0 active), Execution time: mean = 0.01ms, total = 3.76ms, Queueing time: mean = 0.01ms, max = 0.11ms, min = 0.01ms, total = 4.38ms
	InternalKVGcsService.grpc_server.InternalKVGet.HandleRequestImpl - 305 total (0 active), Execution time: mean = 0.08ms, total = 25.19ms, Queueing time: mean = 0.34ms, max = 95.88ms, min = 0.01ms, total = 103.73ms
	InternalKVGcsService.grpc_server.InternalKVGet - 305 total (0 active), Execution time: mean = 1.36ms, total = 414.07ms, Queueing time: mean = 0.00ms, max = -0.00ms, min = 9223372036854.78ms, total = 0.00ms
	NodeInfoGcsService.grpc_server.CheckAlive - 205 total (0 active), Execution time: mean = 0.88ms, total = 181.38ms, Queueing time: mean = 0.00ms, max = -0.00ms, min = 9223372036854.78ms, total = 0.00ms
	NodeInfoGcsService.grpc_server.CheckAlive.HandleRequestImpl - 205 total (0 active), Execution time: mean = 0.02ms, total = 4.13ms, Queueing time: mean = 0.03ms, max = 0.31ms, min = 0.01ms, total = 6.75ms
	GCSServer.deadline_timer.metrics_report - 192 total (1 active), Execution time: mean = 0.22ms, total = 42.99ms, Queueing time: mean = 0.88ms, max = 95.50ms, min = 0.01ms, total = 169.44ms
	AutoscalerStateService.grpc_server.GetClusterResourceState - 190 total (0 active), Execution time: mean = 0.38ms, total = 71.97ms, Queueing time: mean = 0.00ms, max = -0.00ms, min = 9223372036854.78ms, total = 0.00ms
	AutoscalerStateService.grpc_server.GetClusterResourceState.HandleRequestImpl - 190 total (0 active), Execution time: mean = 0.04ms, total = 7.53ms, Queueing time: mean = 0.02ms, max = 0.70ms, min = 0.01ms, total = 4.66ms
	NodeResourceInfoGcsService.grpc_server.GetAllResourceUsage.HandleRequestImpl - 190 total (0 active), Execution time: mean = 0.07ms, total = 13.60ms, Queueing time: mean = 0.05ms, max = 1.38ms, min = 0.01ms, total = 9.34ms
	NodeResourceInfoGcsService.grpc_server.GetAllResourceUsage - 190 total (0 active), Execution time: mean = 1.03ms, total = 195.76ms, Queueing time: mean = 0.00ms, max = -0.00ms, min = 9223372036854.78ms, total = 0.00ms
	event_loop_lag_probe - 98 total (0 active), Execution time: mean = 0.01ms, total = 1.25ms, Queueing time: mean = 0.16ms, max = 14.25ms, min = 0.00ms, total = 15.39ms
	GCSServer.deadline_timer.gcs_global_gc - 96 total (1 active), Execution time: mean = 0.01ms, total = 0.75ms, Queueing time: mean = 0.93ms, max = 66.72ms, min = 0.02ms, total = 89.06ms
	ReporterService.grpc_client.HealthCheck.OnReplyReceived - 31 total (0 active), Execution time: mean = 0.16ms, total = 5.10ms, Queueing time: mean = 52.09ms, max = 1517.54ms, min = 0.02ms, total = 1614.71ms
	ReporterService.grpc_client.HealthCheck - 31 total (0 active), Execution time: mean = 3.62ms, total = 112.34ms, Queueing time: mean = 0.00ms, max = -0.00ms, min = 9223372036854.78ms, total = 0.00ms
	MetricsAgentClient.WaitForServerReadyWithRetry - 30 total (0 active), Execution time: mean = 0.27ms, total = 8.13ms, Queueing time: mean = 1008.67ms, max = 1097.53ms, min = 1000.02ms, total = 30260.04ms
	GCSServer.deadline_timer.debug_state_event_stats_print - 16 total (1 active, 1 running), Execution time: mean = 1.37ms, total = 21.90ms, Queueing time: mean = 4.22ms, max = 67.10ms, min = 0.02ms, total = 67.52ms
	GcsInMemoryStore.GetAll - 6 total (0 active), Execution time: mean = 0.01ms, total = 0.06ms, Queueing time: mean = 0.06ms, max = 0.07ms, min = 0.01ms, total = 0.34ms
	PeriodicalRunner.RunFnPeriodically - 5 total (0 active), Execution time: mean = 0.11ms, total = 0.54ms, Queueing time: mean = 610.50ms, max = 1522.53ms, min = 2.26ms, total = 3052.48ms
	NodeInfoGcsService.grpc_server.GetClusterId - 4 total (0 active), Execution time: mean = 2.91ms, total = 11.62ms, Queueing time: mean = 0.00ms, max = -0.00ms, min = 9223372036854.78ms, total = 0.00ms
	NodeInfoGcsService.grpc_server.GetClusterId.HandleRequestImpl - 4 total (0 active), Execution time: mean = 0.54ms, total = 2.15ms, Queueing time: mean = 0.45ms, max = 1.73ms, min = 0.02ms, total = 1.81ms
	NodeInfoGcsService.grpc_server.GetAllNodeInfo.HandleRequestImpl - 2 total (0 active), Execution time: mean = 0.04ms, total = 0.08ms, Queueing time: mean = 0.02ms, max = 0.03ms, min = 0.01ms, total = 0.04ms
	NodeInfoGcsService.grpc_server.GetAllNodeInfo - 2 total (0 active), Execution time: mean = 0.36ms, total = 0.71ms, Queueing time: mean = 0.00ms, max = -0.00ms, min = 9223372036854.78ms, total = 0.00ms
	GcsInMemoryStore.Delete - 1 total (0 active), Execution time: mean = 0.01ms, total = 0.01ms, Queueing time: mean = 0.01ms, max = 0.01ms, min = 0.01ms, total = 0.01ms
	NodeManager.AddNodeCallback - 1 total (0 active), Execution time: mean = 0.45ms, total = 0.45ms, Queueing time: mean = 0.13ms, max = 0.13ms, min = 0.13ms, total = 0.13ms
	InternalKVGcsService.grpc_server.InternalKVDel - 1 total (0 active), Execution time: mean = 0.45ms, total = 0.45ms, Queueing time: mean = 0.00ms, max = -0.00ms, min = 9223372036854.78ms, total = 0.00ms
	JobInfoGcsService.grpc_server.GetAllJobInfo - 1 total (0 active), Execution time: mean = 0.35ms, total = 0.35ms, Queueing time: mean = 0.00ms, max = -0.00ms, min = 9223372036854.78ms, total = 0.00ms
	JobInfoGcsService.grpc_server.GetNextJobID.HandleRequestImpl - 1 total (0 active), Execution time: mean = 0.02ms, total = 0.02ms, Queueing time: mean = 0.02ms, max = 0.02ms, min = 0.02ms, total = 0.02ms
	JobInfoGcsService.grpc_server.GetNextJobID - 1 total (0 active), Execution time: mean = 0.35ms, total = 0.35ms, Queueing time: mean = 0.00ms, max = -0.00ms, min = 9223372036854.78ms, total = 0.00ms
	GcsHealthCheckManager::AddNode - 1 total (0 active), Execution time: mean = 0.02ms, total = 0.02ms, Queueing time: mean = 0.00ms, max = 0.00ms, min = 0.00ms, total = 0.00ms
	NodeInfoGcsService.grpc_server.GetAllNodeAddressAndLiveness - 1 total (0 active), Execution time: mean = 0.37ms, total = 0.37ms, Queueing time: mean = 0.00ms, max = -0.00ms, min = 9223372036854.78ms, total = 0.00ms
	JobInfoGcsService.grpc_server.GetAllJobInfo.HandleRequestImpl - 1 total (0 active), Execution time: mean = 0.04ms, total = 0.04ms, Queueing time: mean = 0.02ms, max = 0.02ms, min = 0.02ms, total = 0.02ms
	GcsResourceManager::Update - 1 total (0 active), Execution time: mean = 0.08ms, total = 0.08ms, Queueing time: mean = 0.01ms, max = 0.01ms, min = 0.01ms, total = 0.01ms
	NodeInfoGcsService.grpc_server.RegisterNode.HandleRequestImpl - 1 total (0 active), Execution time: mean = 0.23ms, total = 0.23ms, Queueing time: mean = 0.02ms, max = 0.02ms, min = 0.02ms, total = 0.02ms
	InternalKVGcsService.grpc_server.InternalKVDel.HandleRequestImpl - 1 total (0 active), Execution time: mean = 0.06ms, total = 0.06ms, Queueing time: mean = 0.01ms, max = 0.01ms, min = 0.01ms, total = 0.01ms
	InternalKVGcsService.grpc_server.GetInternalConfig.HandleRequestImpl - 1 total (0 active), Execution time: mean = 0.10ms, total = 0.10ms, Queueing time: mean = 0.02ms, max = 0.02ms, min = 0.02ms, total = 0.02ms
	NodeInfoGcsService.grpc_server.GetAllNodeAddressAndLiveness.HandleRequestImpl - 1 total (0 active), Execution time: mean = 0.01ms, total = 0.01ms, Queueing time: mean = 0.01ms, max = 0.01ms, min = 0.01ms, total = 0.01ms
	GcsHealthCheckManager::MarkNodeHealthy - 1 total (0 active), Execution time: mean = 0.00ms, total = 0.00ms, Queueing time: mean = 0.01ms, max = 0.01ms, min = 0.01ms, total = 0.01ms
	GcsInitData::AsyncLoad - 1 total (0 active), Execution time: mean = 0.01ms, total = 0.01ms, Queueing time: mean = 0.00ms, max = 0.00ms, min = 0.00ms, total = 0.00ms
	InternalKVGcsService.grpc_server.GetInternalConfig - 1 total (0 active), Execution time: mean = 0.65ms, total = 0.65ms, Queueing time: mean = 0.00ms, max = -0.00ms, min = 9223372036854.78ms, total = 0.00ms
	GcsInMemoryStore.GetNextJobID - 1 total (0 active), Execution time: mean = 0.01ms, total = 0.01ms, Queueing time: mean = 0.01ms, max = 0.01ms, min = 0.01ms, total = 0.01ms
	NodeInfoGcsService.grpc_server.RegisterNode - 1 total (0 active), Execution time: mean = 0.64ms, total = 0.64ms, Queueing time: mean = 0.00ms, max = -0.00ms, min = 9223372036854.78ms, total = 0.00ms
	GcsServer.GetOrGenerateClusterId.continuation - 1 total (0 active), Execution time: mean = 1520.34ms, total = 1520.34ms, Queueing time: mean = 0.00ms, max = 0.00ms, min = 0.00ms, total = 0.00ms


[2026-06-04 22:44:10,513 I 512 512] (gcs_server) gcs_server.cc:940: task_io_context Event stats:


Global stats: 292 total (1 active)
Queueing time: mean = 0.35ms, max = 89.27ms, min = 0.00ms, total = 100.92ms
Execution time:  mean = 0.01ms, total = 3.95ms
Event stats:
	GcsTaskManager.GcJobSummary - 193 total (1 active), Execution time: mean = 0.01ms, total = 2.01ms, Queueing time: mean = 0.51ms, max = 89.27ms, min = 0.01ms, total = 99.24ms
	event_loop_lag_probe - 98 total (0 active), Execution time: mean = 0.02ms, total = 1.93ms, Queueing time: mean = 0.02ms, max = 0.50ms, min = 0.00ms, total = 1.67ms
	PeriodicalRunner.RunFnPeriodically - 1 total (0 active), Execution time: mean = 0.02ms, total = 0.02ms, Queueing time: mean = 0.02ms, max = 0.02ms, min = 0.02ms, total = 0.02ms


[2026-06-04 22:44:10,513 I 512 512] (gcs_server) gcs_server.cc:940: pubsub_io_context Event stats:


Global stats: 585 total (2 active)
Queueing time: mean = 0.55ms, max = 95.93ms, min = 0.00ms, total = 320.87ms
Execution time:  mean = 1000.97ms, total = 585566.67ms
Event stats:
	InternalPubSubGcsService.grpc_server.GcsPublish - 237 total (0 active), Execution time: mean = 3.26ms, total = 773.78ms, Queueing time: mean = 0.00ms, max = -0.00ms, min = 9223372036854.78ms, total = 0.00ms
	InternalPubSubGcsService.grpc_server.GcsPublish.HandleRequestImpl - 237 total (0 active), Execution time: mean = 0.12ms, total = 29.44ms, Queueing time: mean = 1.25ms, max = 95.93ms, min = 0.01ms, total = 296.81ms
	event_loop_lag_probe - 98 total (0 active), Execution time: mean = 0.02ms, total = 1.82ms, Queueing time: mean = 0.17ms, max = 15.11ms, min = 0.00ms, total = 16.24ms
	Publisher.CheckDeadSubscribers - 4 total (1 active), Execution time: mean = 0.02ms, total = 0.06ms, Queueing time: mean = 0.03ms, max = 0.06ms, min = 0.03ms, total = 0.13ms
	InternalPubSubGcsService.grpc_server.GcsSubscriberPoll - 2 total (1 active), Execution time: mean = 292380.21ms, total = 584760.42ms, Queueing time: mean = 0.00ms, max = -0.00ms, min = 9223372036854.78ms, total = 0.00ms
	InternalPubSubGcsService.grpc_server.GcsSubscriberPoll.HandleRequestImpl - 2 total (0 active), Execution time: mean = 0.07ms, total = 0.14ms, Queueing time: mean = 0.11ms, max = 0.19ms, min = 0.02ms, total = 0.21ms
	InternalPubSubGcsService.grpc_server.GcsSubscriberCommandBatch - 2 total (0 active), Execution time: mean = 0.37ms, total = 0.74ms, Queueing time: mean = 0.00ms, max = -0.00ms, min = 9223372036854.78ms, total = 0.00ms
	InternalPubSubGcsService.grpc_server.GcsSubscriberCommandBatch.HandleRequestImpl - 2 total (0 active), Execution time: mean = 0.10ms, total = 0.21ms, Queueing time: mean = 0.02ms, max = 0.03ms, min = 0.01ms, total = 0.04ms
	PeriodicalRunner.RunFnPeriodically - 1 total (0 active), Execution time: mean = 0.06ms, total = 0.06ms, Queueing time: mean = 7.44ms, max = 7.44ms, min = 7.44ms, total = 7.44ms


[2026-06-04 22:44:10,513 I 512 512] (gcs_server) gcs_server.cc:940: ray_syncer_io_context Event stats:


Global stats: 102 total (0 active)
Queueing time: mean = 0.02ms, max = 0.61ms, min = 0.00ms, total = 1.85ms
Execution time:  mean = 0.02ms, total = 2.29ms
Event stats:
	event_loop_lag_probe - 98 total (0 active), Execution time: mean = 0.02ms, total = 2.11ms, Queueing time: mean = 0.02ms, max = 0.61ms, min = 0.00ms, total = 1.75ms
	RaySyncerRegister - 2 total (0 active), Execution time: mean = 0.00ms, total = 0.00ms, Queueing time: mean = 0.04ms, max = 0.06ms, min = 0.01ms, total = 0.08ms
	RaySyncer.BroadcastMessage - 1 total (0 active), Execution time: mean = 0.02ms, total = 0.02ms, Queueing time: mean = 0.00ms, max = 0.00ms, min = 0.00ms, total = 0.00ms
	 - 1 total (0 active), Execution time: mean = 0.16ms, total = 0.16ms, Queueing time: mean = 0.02ms, max = 0.02ms, min = 0.02ms, total = 0.02ms


[2026-06-04 22:44:10,513 I 512 512] (gcs_server) gcs_server.cc:940: ray_event_io_context Event stats:


Global stats: 98 total (0 active)
Queueing time: mean = 0.09ms, max = 8.24ms, min = 0.00ms, total = 9.15ms
Execution time:  mean = 0.02ms, total = 1.75ms
Event stats:
	event_loop_lag_probe - 98 total (0 active), Execution time: mean = 0.02ms, total = 1.75ms, Queueing time: mean = 0.09ms, max = 8.24ms, min = 0.00ms, total = 9.15ms


[2026-06-04 22:45:10,513 I 512 512] (gcs_server) gcs_server.cc:922: Gcs Debug state:

GcsNodeManager: 
- RegisterNode request count: 1
- DrainNode request count: 0
- GetAllNodeInfo request count: 3

GcsActorManager: 
- RegisterActor request count: 0
- CreateActor request count: 0
- GetActorInfo request count: 0
- GetNamedActorInfo request count: 0
- GetAllActorInfo request count: 0
- KillActor request count: 0
- ListNamedActors request count: 0
- Registered actors count: 0
- Destroyed actors count: 0
- Named actors count: 0
- Unresolved actors count: 0
- Pending actors count: 0
- Created actors count: 0
- owners_: 0
- actor_to_register_callbacks_: 0
- actor_to_restart_for_lineage_reconstruction_callbacks_: 0
- actor_to_create_callbacks_: 0
- sorted_destroyed_actor_list_: 0

GcsResourceManager: 
- GetAllAvailableResources request count: 0
- GetAllTotalResources request count: 0
- GetAllResourceUsage request count: 202

GcsPlacementGroupManager: 
- CreatePlacementGroup request count: 0
- RemovePlacementGroup request count: 0
- GetPlacementGroup request count: 0
- GetAllPlacementGroup request count: 0
- WaitPlacementGroupUntilReady request count: 0
- GetNamedPlacementGroup request count: 0
- Scheduling pending placement group count: 0
- Registered placement groups count: 0
- Named placement group count: 0
- Pending placement groups count: 0
- Infeasible placement groups count: 0

Publisher:
GCS_NODE_INFO_CHANNEL
- cumulative published messages: 1
- cumulative published bytes: 499
- current buffered bytes: 0
GCS_NODE_ADDRESS_AND_LIVENESS_CHANNEL
- cumulative published messages: 1
- cumulative published bytes: 92
- current buffered bytes: 0
RAY_LOG_CHANNEL
- cumulative published messages: 249
- cumulative published bytes: 216582
- current buffered bytes: 0

[runtime env manager] ID to URIs table:
[runtime env manager] URIs reference table:

GcsTaskManager: 
-Total num task events reported: 0
-Total num status task events dropped: 0
-Total num profile events dropped: 0
-Current num of task events stored: 0
-Total num of actor creation tasks: 0
-Total num of actor tasks: 0
-Total num of normal tasks: 0
-Total num of driver tasks: 0

GcsAutoscalerStateManager: 
- last_seen_autoscaler_state_version_: 0
- last_cluster_resource_state_version_: 202
- pending demands:



[2026-06-04 22:45:10,513 I 512 512] (gcs_server) gcs_server.cc:936: Main service Event stats:


Global stats: 8931 total (5 active)
Queueing time: mean = 4.45ms, max = 1522.53ms, min = 0.00ms, total = 39705.86ms
Execution time:  mean = 1.92ms, total = 17181.20ms
Event stats:
	GcsInMemoryStore.Put - 1642 total (0 active), Execution time: mean = 0.93ms, total = 1526.66ms, Queueing time: mean = 1.00ms, max = 1521.87ms, min = 0.00ms, total = 1636.83ms
	RayletLoadPulled - 1019 total (1 active), Execution time: mean = 0.24ms, total = 245.23ms, Queueing time: mean = 1.25ms, max = 297.72ms, min = 0.01ms, total = 1277.69ms
	NodeManagerService.grpc_client.GetResourceLoad.OnReplyReceived - 1005 total (0 active), Execution time: mean = 0.05ms, total = 49.39ms, Queueing time: mean = 0.61ms, max = 96.21ms, min = 0.01ms, total = 608.96ms
	NodeManagerService.grpc_client.GetResourceLoad - 1005 total (0 active), Execution time: mean = 11.79ms, total = 11850.85ms, Queueing time: mean = 0.00ms, max = -0.00ms, min = 9223372036854.78ms, total = 0.00ms
	InternalKVGcsService.grpc_server.InternalKVPut.HandleRequestImpl - 414 total (0 active), Execution time: mean = 0.05ms, total = 20.75ms, Queueing time: mean = 0.95ms, max = 96.13ms, min = 0.01ms, total = 391.99ms
	InternalKVGcsService.grpc_server.InternalKVPut - 414 total (0 active), Execution time: mean = 1.97ms, total = 813.83ms, Queueing time: mean = 0.00ms, max = -0.00ms, min = 9223372036854.78ms, total = 0.00ms
	ClusterResourceManager.ResetRemoteNodeView - 340 total (1 active), Execution time: mean = 0.01ms, total = 3.32ms, Queueing time: mean = 0.53ms, max = 95.89ms, min = 0.01ms, total = 181.38ms
	HealthCheck - 334 total (0 active), Execution time: mean = 0.00ms, total = 1.51ms, Queueing time: mean = 0.62ms, max = 96.16ms, min = 0.01ms, total = 206.58ms
	GcsInMemoryStore.Get - 318 total (0 active), Execution time: mean = 0.01ms, total = 3.87ms, Queueing time: mean = 0.01ms, max = 0.11ms, min = 0.01ms, total = 4.49ms
	InternalKVGcsService.grpc_server.InternalKVGet.HandleRequestImpl - 317 total (0 active), Execution time: mean = 0.08ms, total = 25.86ms, Queueing time: mean = 0.33ms, max = 95.88ms, min = 0.01ms, total = 103.87ms
	InternalKVGcsService.grpc_server.InternalKVGet - 317 total (0 active), Execution time: mean = 1.32ms, total = 417.65ms, Queueing time: mean = 0.00ms, max = -0.00ms, min = 9223372036854.78ms, total = 0.00ms
	NodeInfoGcsService.grpc_server.CheckAlive - 218 total (0 active), Execution time: mean = 0.85ms, total = 185.68ms, Queueing time: mean = 0.00ms, max = -0.00ms, min = 9223372036854.78ms, total = 0.00ms
	NodeInfoGcsService.grpc_server.CheckAlive.HandleRequestImpl - 218 total (0 active), Execution time: mean = 0.02ms, total = 4.33ms, Queueing time: mean = 0.03ms, max = 0.31ms, min = 0.01ms, total = 7.03ms
	GCSServer.deadline_timer.metrics_report - 204 total (1 active), Execution time: mean = 0.22ms, total = 44.77ms, Queueing time: mean = 0.83ms, max = 95.50ms, min = 0.01ms, total = 169.64ms
	AutoscalerStateService.grpc_server.GetClusterResourceState - 202 total (0 active), Execution time: mean = 0.37ms, total = 75.36ms, Queueing time: mean = 0.00ms, max = -0.00ms, min = 9223372036854.78ms, total = 0.00ms
	AutoscalerStateService.grpc_server.GetClusterResourceState.HandleRequestImpl - 202 total (0 active), Execution time: mean = 0.04ms, total = 7.81ms, Queueing time: mean = 0.02ms, max = 0.70ms, min = 0.01ms, total = 4.81ms
	NodeResourceInfoGcsService.grpc_server.GetAllResourceUsage.HandleRequestImpl - 202 total (0 active), Execution time: mean = 0.07ms, total = 14.01ms, Queueing time: mean = 0.05ms, max = 1.38ms, min = 0.01ms, total = 9.56ms
	NodeResourceInfoGcsService.grpc_server.GetAllResourceUsage - 202 total (0 active), Execution time: mean = 0.99ms, total = 200.10ms, Queueing time: mean = 0.00ms, max = -0.00ms, min = 9223372036854.78ms, total = 0.00ms
	event_loop_lag_probe - 104 total (0 active), Execution time: mean = 0.01ms, total = 1.30ms, Queueing time: mean = 0.15ms, max = 14.25ms, min = 0.00ms, total = 15.41ms
	GCSServer.deadline_timer.gcs_global_gc - 102 total (1 active), Execution time: mean = 0.01ms, total = 0.78ms, Queueing time: mean = 0.89ms, max = 66.72ms, min = 0.01ms, total = 90.35ms
	ReporterService.grpc_client.HealthCheck.OnReplyReceived - 31 total (0 active), Execution time: mean = 0.16ms, total = 5.10ms, Queueing time: mean = 52.09ms, max = 1517.54ms, min = 0.02ms, total = 1614.71ms
	ReporterService.grpc_client.HealthCheck - 31 total (0 active), Execution time: mean = 3.62ms, total = 112.34ms, Queueing time: mean = 0.00ms, max = -0.00ms, min = 9223372036854.78ms, total = 0.00ms
	MetricsAgentClient.WaitForServerReadyWithRetry - 30 total (0 active), Execution time: mean = 0.27ms, total = 8.13ms, Queueing time: mean = 1008.67ms, max = 1097.53ms, min = 1000.02ms, total = 30260.04ms
	GCSServer.deadline_timer.debug_state_event_stats_print - 17 total (1 active, 1 running), Execution time: mean = 1.37ms, total = 23.25ms, Queueing time: mean = 3.97ms, max = 67.10ms, min = 0.02ms, total = 67.55ms
	GcsInMemoryStore.GetAll - 6 total (0 active), Execution time: mean = 0.01ms, total = 0.06ms, Queueing time: mean = 0.06ms, max = 0.07ms, min = 0.01ms, total = 0.34ms
	PeriodicalRunner.RunFnPeriodically - 5 total (0 active), Execution time: mean = 0.11ms, total = 0.54ms, Queueing time: mean = 610.50ms, max = 1522.53ms, min = 2.26ms, total = 3052.48ms
	NodeInfoGcsService.grpc_server.GetClusterId - 4 total (0 active), Execution time: mean = 2.91ms, total = 11.62ms, Queueing time: mean = 0.00ms, max = -0.00ms, min = 9223372036854.78ms, total = 0.00ms
	NodeInfoGcsService.grpc_server.GetClusterId.HandleRequestImpl - 4 total (0 active), Execution time: mean = 0.54ms, total = 2.15ms, Queueing time: mean = 0.45ms, max = 1.73ms, min = 0.02ms, total = 1.81ms
	NodeInfoGcsService.grpc_server.GetAllNodeInfo.HandleRequestImpl - 2 total (0 active), Execution time: mean = 0.04ms, total = 0.08ms, Queueing time: mean = 0.02ms, max = 0.03ms, min = 0.01ms, total = 0.04ms
	NodeInfoGcsService.grpc_server.GetAllNodeInfo - 2 total (0 active), Execution time: mean = 0.36ms, total = 0.71ms, Queueing time: mean = 0.00ms, max = -0.00ms, min = 9223372036854.78ms, total = 0.00ms
	GcsInMemoryStore.Delete - 1 total (0 active), Execution time: mean = 0.01ms, total = 0.01ms, Queueing time: mean = 0.01ms, max = 0.01ms, min = 0.01ms, total = 0.01ms
	NodeManager.AddNodeCallback - 1 total (0 active), Execution time: mean = 0.45ms, total = 0.45ms, Queueing time: mean = 0.13ms, max = 0.13ms, min = 0.13ms, total = 0.13ms
	InternalKVGcsService.grpc_server.InternalKVDel - 1 total (0 active), Execution time: mean = 0.45ms, total = 0.45ms, Queueing time: mean = 0.00ms, max = -0.00ms, min = 9223372036854.78ms, total = 0.00ms
	JobInfoGcsService.grpc_server.GetAllJobInfo - 1 total (0 active), Execution time: mean = 0.35ms, total = 0.35ms, Queueing time: mean = 0.00ms, max = -0.00ms, min = 9223372036854.78ms, total = 0.00ms
	JobInfoGcsService.grpc_server.GetNextJobID.HandleRequestImpl - 1 total (0 active), Execution time: mean = 0.02ms, total = 0.02ms, Queueing time: mean = 0.02ms, max = 0.02ms, min = 0.02ms, total = 0.02ms
	JobInfoGcsService.grpc_server.GetNextJobID - 1 total (0 active), Execution time: mean = 0.35ms, total = 0.35ms, Queueing time: mean = 0.00ms, max = -0.00ms, min = 9223372036854.78ms, total = 0.00ms
	GcsHealthCheckManager::AddNode - 1 total (0 active), Execution time: mean = 0.02ms, total = 0.02ms, Queueing time: mean = 0.00ms, max = 0.00ms, min = 0.00ms, total = 0.00ms
	NodeInfoGcsService.grpc_server.GetAllNodeAddressAndLiveness - 1 total (0 active), Execution time: mean = 0.37ms, total = 0.37ms, Queueing time: mean = 0.00ms, max = -0.00ms, min = 9223372036854.78ms, total = 0.00ms
	JobInfoGcsService.grpc_server.GetAllJobInfo.HandleRequestImpl - 1 total (0 active), Execution time: mean = 0.04ms, total = 0.04ms, Queueing time: mean = 0.02ms, max = 0.02ms, min = 0.02ms, total = 0.02ms
	GcsResourceManager::Update - 1 total (0 active), Execution time: mean = 0.08ms, total = 0.08ms, Queueing time: mean = 0.01ms, max = 0.01ms, min = 0.01ms, total = 0.01ms
	NodeInfoGcsService.grpc_server.RegisterNode.HandleRequestImpl - 1 total (0 active), Execution time: mean = 0.23ms, total = 0.23ms, Queueing time: mean = 0.02ms, max = 0.02ms, min = 0.02ms, total = 0.02ms
	InternalKVGcsService.grpc_server.InternalKVDel.HandleRequestImpl - 1 total (0 active), Execution time: mean = 0.06ms, total = 0.06ms, Queueing time: mean = 0.01ms, max = 0.01ms, min = 0.01ms, total = 0.01ms
	InternalKVGcsService.grpc_server.GetInternalConfig.HandleRequestImpl - 1 total (0 active), Execution time: mean = 0.10ms, total = 0.10ms, Queueing time: mean = 0.02ms, max = 0.02ms, min = 0.02ms, total = 0.02ms
	NodeInfoGcsService.grpc_server.GetAllNodeAddressAndLiveness.HandleRequestImpl - 1 total (0 active), Execution time: mean = 0.01ms, total = 0.01ms, Queueing time: mean = 0.01ms, max = 0.01ms, min = 0.01ms, total = 0.01ms
	GcsHealthCheckManager::MarkNodeHealthy - 1 total (0 active), Execution time: mean = 0.00ms, total = 0.00ms, Queueing time: mean = 0.01ms, max = 0.01ms, min = 0.01ms, total = 0.01ms
	GcsInitData::AsyncLoad - 1 total (0 active), Execution time: mean = 0.01ms, total = 0.01ms, Queueing time: mean = 0.00ms, max = 0.00ms, min = 0.00ms, total = 0.00ms
	InternalKVGcsService.grpc_server.GetInternalConfig - 1 total (0 active), Execution time: mean = 0.65ms, total = 0.65ms, Queueing time: mean = 0.00ms, max = -0.00ms, min = 9223372036854.78ms, total = 0.00ms
	GcsInMemoryStore.GetNextJobID - 1 total (0 active), Execution time: mean = 0.01ms, total = 0.01ms, Queueing time: mean = 0.01ms, max = 0.01ms, min = 0.01ms, total = 0.01ms
	NodeInfoGcsService.grpc_server.RegisterNode - 1 total (0 active), Execution time: mean = 0.64ms, total = 0.64ms, Queueing time: mean = 0.00ms, max = -0.00ms, min = 9223372036854.78ms, total = 0.00ms
	GcsServer.GetOrGenerateClusterId.continuation - 1 total (0 active), Execution time: mean = 1520.34ms, total = 1520.34ms, Queueing time: mean = 0.00ms, max = 0.00ms, min = 0.00ms, total = 0.00ms


[2026-06-04 22:45:10,514 I 512 512] (gcs_server) gcs_server.cc:940: task_io_context Event stats:


Global stats: 310 total (1 active)
Queueing time: mean = 0.33ms, max = 89.27ms, min = 0.00ms, total = 101.52ms
Execution time:  mean = 0.01ms, total = 4.14ms
Event stats:
	GcsTaskManager.GcJobSummary - 205 total (1 active), Execution time: mean = 0.01ms, total = 2.11ms, Queueing time: mean = 0.49ms, max = 89.27ms, min = 0.01ms, total = 99.75ms
	event_loop_lag_probe - 104 total (0 active), Execution time: mean = 0.02ms, total = 2.02ms, Queueing time: mean = 0.02ms, max = 0.50ms, min = 0.00ms, total = 1.76ms
	PeriodicalRunner.RunFnPeriodically - 1 total (0 active), Execution time: mean = 0.02ms, total = 0.02ms, Queueing time: mean = 0.02ms, max = 0.02ms, min = 0.02ms, total = 0.02ms


[2026-06-04 22:45:10,514 I 512 512] (gcs_server) gcs_server.cc:940: pubsub_io_context Event stats:


Global stats: 615 total (2 active)
Queueing time: mean = 0.52ms, max = 95.93ms, min = 0.00ms, total = 321.28ms
Execution time:  mean = 952.15ms, total = 585572.63ms
Event stats:
	InternalPubSubGcsService.grpc_server.GcsPublish - 249 total (0 active), Execution time: mean = 3.13ms, total = 778.43ms, Queueing time: mean = 0.00ms, max = -0.00ms, min = 9223372036854.78ms, total = 0.00ms
	InternalPubSubGcsService.grpc_server.GcsPublish.HandleRequestImpl - 249 total (0 active), Execution time: mean = 0.12ms, total = 30.65ms, Queueing time: mean = 1.19ms, max = 95.93ms, min = 0.01ms, total = 297.16ms
	event_loop_lag_probe - 104 total (0 active), Execution time: mean = 0.02ms, total = 1.92ms, Queueing time: mean = 0.16ms, max = 15.11ms, min = 0.00ms, total = 16.29ms
	Publisher.CheckDeadSubscribers - 4 total (1 active), Execution time: mean = 0.02ms, total = 0.06ms, Queueing time: mean = 0.03ms, max = 0.06ms, min = 0.03ms, total = 0.13ms
	InternalPubSubGcsService.grpc_server.GcsSubscriberPoll - 2 total (1 active), Execution time: mean = 292380.21ms, total = 584760.42ms, Queueing time: mean = 0.00ms, max = -0.00ms, min = 9223372036854.78ms, total = 0.00ms
	InternalPubSubGcsService.grpc_server.GcsSubscriberPoll.HandleRequestImpl - 2 total (0 active), Execution time: mean = 0.07ms, total = 0.14ms, Queueing time: mean = 0.11ms, max = 0.19ms, min = 0.02ms, total = 0.21ms
	InternalPubSubGcsService.grpc_server.GcsSubscriberCommandBatch - 2 total (0 active), Execution time: mean = 0.37ms, total = 0.74ms, Queueing time: mean = 0.00ms, max = -0.00ms, min = 9223372036854.78ms, total = 0.00ms
	InternalPubSubGcsService.grpc_server.GcsSubscriberCommandBatch.HandleRequestImpl - 2 total (0 active), Execution time: mean = 0.10ms, total = 0.21ms, Queueing time: mean = 0.02ms, max = 0.03ms, min = 0.01ms, total = 0.04ms
	PeriodicalRunner.RunFnPeriodically - 1 total (0 active), Execution time: mean = 0.06ms, total = 0.06ms, Queueing time: mean = 7.44ms, max = 7.44ms, min = 7.44ms, total = 7.44ms


[2026-06-04 22:45:10,514 I 512 512] (gcs_server) gcs_server.cc:940: ray_syncer_io_context Event stats:


Global stats: 108 total (0 active)
Queueing time: mean = 0.02ms, max = 0.61ms, min = 0.00ms, total = 1.90ms
Execution time:  mean = 0.02ms, total = 2.39ms
Event stats:
	event_loop_lag_probe - 104 total (0 active), Execution time: mean = 0.02ms, total = 2.21ms, Queueing time: mean = 0.02ms, max = 0.61ms, min = 0.00ms, total = 1.81ms
	RaySyncerRegister - 2 total (0 active), Execution time: mean = 0.00ms, total = 0.00ms, Queueing time: mean = 0.04ms, max = 0.06ms, min = 0.01ms, total = 0.08ms
	RaySyncer.BroadcastMessage - 1 total (0 active), Execution time: mean = 0.02ms, total = 0.02ms, Queueing time: mean = 0.00ms, max = 0.00ms, min = 0.00ms, total = 0.00ms
	 - 1 total (0 active), Execution time: mean = 0.16ms, total = 0.16ms, Queueing time: mean = 0.02ms, max = 0.02ms, min = 0.02ms, total = 0.02ms


[2026-06-04 22:45:10,514 I 512 512] (gcs_server) gcs_server.cc:940: ray_event_io_context Event stats:


Global stats: 104 total (0 active)
Queueing time: mean = 0.09ms, max = 8.24ms, min = 0.00ms, total = 9.21ms
Execution time:  mean = 0.02ms, total = 1.84ms
Event stats:
	event_loop_lag_probe - 104 total (0 active), Execution time: mean = 0.02ms, total = 1.84ms, Queueing time: mean = 0.09ms, max = 8.24ms, min = 0.00ms, total = 9.21ms


[2026-06-04 22:46:10,514 I 512 512] (gcs_server) gcs_server.cc:922: Gcs Debug state:

GcsNodeManager: 
- RegisterNode request count: 1
- DrainNode request count: 0
- GetAllNodeInfo request count: 3

GcsActorManager: 
- RegisterActor request count: 0
- CreateActor request count: 0
- GetActorInfo request count: 0
- GetNamedActorInfo request count: 0
- GetAllActorInfo request count: 0
- KillActor request count: 0
- ListNamedActors request count: 0
- Registered actors count: 0
- Destroyed actors count: 0
- Named actors count: 0
- Unresolved actors count: 0
- Pending actors count: 0
- Created actors count: 0
- owners_: 0
- actor_to_register_callbacks_: 0
- actor_to_restart_for_lineage_reconstruction_callbacks_: 0
- actor_to_create_callbacks_: 0
- sorted_destroyed_actor_list_: 0

GcsResourceManager: 
- GetAllAvailableResources request count: 0
- GetAllTotalResources request count: 0
- GetAllResourceUsage request count: 214

GcsPlacementGroupManager: 
- CreatePlacementGroup request count: 0
- RemovePlacementGroup request count: 0
- GetPlacementGroup request count: 0
- GetAllPlacementGroup request count: 0
- WaitPlacementGroupUntilReady request count: 0
- GetNamedPlacementGroup request count: 0
- Scheduling pending placement group count: 0
- Registered placement groups count: 0
- Named placement group count: 0
- Pending placement groups count: 0
- Infeasible placement groups count: 0

Publisher:
GCS_NODE_INFO_CHANNEL
- cumulative published messages: 1
- cumulative published bytes: 499
- current buffered bytes: 0
GCS_NODE_ADDRESS_AND_LIVENESS_CHANNEL
- cumulative published messages: 1
- cumulative published bytes: 92
- current buffered bytes: 0
RAY_LOG_CHANNEL
- cumulative published messages: 261
- cumulative published bytes: 226866
- current buffered bytes: 0

[runtime env manager] ID to URIs table:
[runtime env manager] URIs reference table:

GcsTaskManager: 
-Total num task events reported: 0
-Total num status task events dropped: 0
-Total num profile events dropped: 0
-Current num of task events stored: 0
-Total num of actor creation tasks: 0
-Total num of actor tasks: 0
-Total num of normal tasks: 0
-Total num of driver tasks: 0

GcsAutoscalerStateManager: 
- last_seen_autoscaler_state_version_: 0
- last_cluster_resource_state_version_: 214
- pending demands:



[2026-06-04 22:46:10,515 I 512 512] (gcs_server) gcs_server.cc:936: Main service Event stats:


Global stats: 9430 total (5 active)
Queueing time: mean = 4.21ms, max = 1522.53ms, min = 0.00ms, total = 39717.84ms
Execution time:  mean = 1.83ms, total = 17288.10ms
Event stats:
	GcsInMemoryStore.Put - 1738 total (0 active), Execution time: mean = 0.88ms, total = 1526.96ms, Queueing time: mean = 0.95ms, max = 1521.87ms, min = 0.00ms, total = 1642.48ms
	RayletLoadPulled - 1079 total (1 active), Execution time: mean = 0.24ms, total = 257.45ms, Queueing time: mean = 1.19ms, max = 297.72ms, min = 0.01ms, total = 1279.41ms
	NodeManagerService.grpc_client.GetResourceLoad.OnReplyReceived - 1065 total (0 active), Execution time: mean = 0.05ms, total = 51.85ms, Queueing time: mean = 0.57ms, max = 96.21ms, min = 0.01ms, total = 610.22ms
	NodeManagerService.grpc_client.GetResourceLoad - 1065 total (0 active), Execution time: mean = 11.19ms, total = 11913.58ms, Queueing time: mean = 0.00ms, max = -0.00ms, min = 9223372036854.78ms, total = 0.00ms
	InternalKVGcsService.grpc_server.InternalKVPut.HandleRequestImpl - 438 total (0 active), Execution time: mean = 0.05ms, total = 21.76ms, Queueing time: mean = 0.90ms, max = 96.13ms, min = 0.01ms, total = 392.35ms
	InternalKVGcsService.grpc_server.InternalKVPut - 438 total (0 active), Execution time: mean = 1.87ms, total = 820.47ms, Queueing time: mean = 0.00ms, max = -0.00ms, min = 9223372036854.78ms, total = 0.00ms
	ClusterResourceManager.ResetRemoteNodeView - 360 total (1 active), Execution time: mean = 0.01ms, total = 3.46ms, Queueing time: mean = 0.51ms, max = 95.89ms, min = 0.01ms, total = 181.92ms
	HealthCheck - 354 total (0 active), Execution time: mean = 0.00ms, total = 1.58ms, Queueing time: mean = 0.58ms, max = 96.16ms, min = 0.01ms, total = 206.99ms
	GcsInMemoryStore.Get - 330 total (0 active), Execution time: mean = 0.01ms, total = 4.01ms, Queueing time: mean = 0.01ms, max = 0.11ms, min = 0.01ms, total = 4.65ms
	InternalKVGcsService.grpc_server.InternalKVGet.HandleRequestImpl - 329 total (0 active), Execution time: mean = 0.08ms, total = 26.91ms, Queueing time: mean = 0.32ms, max = 95.88ms, min = 0.01ms, total = 104.05ms
	InternalKVGcsService.grpc_server.InternalKVGet - 329 total (0 active), Execution time: mean = 1.28ms, total = 421.61ms, Queueing time: mean = 0.00ms, max = -0.00ms, min = 9223372036854.78ms, total = 0.00ms
	NodeInfoGcsService.grpc_server.CheckAlive - 231 total (0 active), Execution time: mean = 0.82ms, total = 189.91ms, Queueing time: mean = 0.00ms, max = -0.00ms, min = 9223372036854.78ms, total = 0.00ms
	NodeInfoGcsService.grpc_server.CheckAlive.HandleRequestImpl - 231 total (0 active), Execution time: mean = 0.02ms, total = 4.60ms, Queueing time: mean = 0.03ms, max = 0.31ms, min = 0.01ms, total = 7.36ms
	GCSServer.deadline_timer.metrics_report - 216 total (1 active), Execution time: mean = 0.22ms, total = 46.91ms, Queueing time: mean = 0.79ms, max = 95.50ms, min = 0.01ms, total = 169.91ms
	AutoscalerStateService.grpc_server.GetClusterResourceState - 214 total (0 active), Execution time: mean = 0.37ms, total = 78.94ms, Queueing time: mean = 0.00ms, max = -0.00ms, min = 9223372036854.78ms, total = 0.00ms
	AutoscalerStateService.grpc_server.GetClusterResourceState.HandleRequestImpl - 214 total (0 active), Execution time: mean = 0.04ms, total = 8.16ms, Queueing time: mean = 0.02ms, max = 0.70ms, min = 0.01ms, total = 5.01ms
	NodeResourceInfoGcsService.grpc_server.GetAllResourceUsage.HandleRequestImpl - 214 total (0 active), Execution time: mean = 0.07ms, total = 14.57ms, Queueing time: mean = 0.05ms, max = 1.38ms, min = 0.01ms, total = 9.86ms
	NodeResourceInfoGcsService.grpc_server.GetAllResourceUsage - 214 total (0 active), Execution time: mean = 0.96ms, total = 204.50ms, Queueing time: mean = 0.00ms, max = -0.00ms, min = 9223372036854.78ms, total = 0.00ms
	event_loop_lag_probe - 110 total (0 active), Execution time: mean = 0.01ms, total = 1.36ms, Queueing time: mean = 0.14ms, max = 14.25ms, min = 0.00ms, total = 15.44ms
	GCSServer.deadline_timer.gcs_global_gc - 108 total (1 active), Execution time: mean = 0.01ms, total = 0.82ms, Queueing time: mean = 0.84ms, max = 66.72ms, min = 0.01ms, total = 90.92ms
	ReporterService.grpc_client.HealthCheck.OnReplyReceived - 31 total (0 active), Execution time: mean = 0.16ms, total = 5.10ms, Queueing time: mean = 52.09ms, max = 1517.54ms, min = 0.02ms, total = 1614.71ms
	ReporterService.grpc_client.HealthCheck - 31 total (0 active), Execution time: mean = 3.62ms, total = 112.34ms, Queueing time: mean = 0.00ms, max = -0.00ms, min = 9223372036854.78ms, total = 0.00ms
	MetricsAgentClient.WaitForServerReadyWithRetry - 30 total (0 active), Execution time: mean = 0.27ms, total = 8.13ms, Queueing time: mean = 1008.67ms, max = 1097.53ms, min = 1000.02ms, total = 30260.04ms
	GCSServer.deadline_timer.debug_state_event_stats_print - 18 total (1 active, 1 running), Execution time: mean = 1.32ms, total = 23.79ms, Queueing time: mean = 3.75ms, max = 67.10ms, min = 0.02ms, total = 67.57ms
	GcsInMemoryStore.GetAll - 6 total (0 active), Execution time: mean = 0.01ms, total = 0.06ms, Queueing time: mean = 0.06ms, max = 0.07ms, min = 0.01ms, total = 0.34ms
	PeriodicalRunner.RunFnPeriodically - 5 total (0 active), Execution time: mean = 0.11ms, total = 0.54ms, Queueing time: mean = 610.50ms, max = 1522.53ms, min = 2.26ms, total = 3052.48ms
	NodeInfoGcsService.grpc_server.GetClusterId - 4 total (0 active), Execution time: mean = 2.91ms, total = 11.62ms, Queueing time: mean = 0.00ms, max = -0.00ms, min = 9223372036854.78ms, total = 0.00ms
	NodeInfoGcsService.grpc_server.GetClusterId.HandleRequestImpl - 4 total (0 active), Execution time: mean = 0.54ms, total = 2.15ms, Queueing time: mean = 0.45ms, max = 1.73ms, min = 0.02ms, total = 1.81ms
	NodeInfoGcsService.grpc_server.GetAllNodeInfo.HandleRequestImpl - 2 total (0 active), Execution time: mean = 0.04ms, total = 0.08ms, Queueing time: mean = 0.02ms, max = 0.03ms, min = 0.01ms, total = 0.04ms
	NodeInfoGcsService.grpc_server.GetAllNodeInfo - 2 total (0 active), Execution time: mean = 0.36ms, total = 0.71ms, Queueing time: mean = 0.00ms, max = -0.00ms, min = 9223372036854.78ms, total = 0.00ms
	GcsInMemoryStore.Delete - 1 total (0 active), Execution time: mean = 0.01ms, total = 0.01ms, Queueing time: mean = 0.01ms, max = 0.01ms, min = 0.01ms, total = 0.01ms
	NodeManager.AddNodeCallback - 1 total (0 active), Execution time: mean = 0.45ms, total = 0.45ms, Queueing time: mean = 0.13ms, max = 0.13ms, min = 0.13ms, total = 0.13ms
	InternalKVGcsService.grpc_server.InternalKVDel - 1 total (0 active), Execution time: mean = 0.45ms, total = 0.45ms, Queueing time: mean = 0.00ms, max = -0.00ms, min = 9223372036854.78ms, total = 0.00ms
	JobInfoGcsService.grpc_server.GetAllJobInfo - 1 total (0 active), Execution time: mean = 0.35ms, total = 0.35ms, Queueing time: mean = 0.00ms, max = -0.00ms, min = 9223372036854.78ms, total = 0.00ms
	JobInfoGcsService.grpc_server.GetNextJobID.HandleRequestImpl - 1 total (0 active), Execution time: mean = 0.02ms, total = 0.02ms, Queueing time: mean = 0.02ms, max = 0.02ms, min = 0.02ms, total = 0.02ms
	JobInfoGcsService.grpc_server.GetNextJobID - 1 total (0 active), Execution time: mean = 0.35ms, total = 0.35ms, Queueing time: mean = 0.00ms, max = -0.00ms, min = 9223372036854.78ms, total = 0.00ms
	GcsHealthCheckManager::AddNode - 1 total (0 active), Execution time: mean = 0.02ms, total = 0.02ms, Queueing time: mean = 0.00ms, max = 0.00ms, min = 0.00ms, total = 0.00ms
	NodeInfoGcsService.grpc_server.GetAllNodeAddressAndLiveness - 1 total (0 active), Execution time: mean = 0.37ms, total = 0.37ms, Queueing time: mean = 0.00ms, max = -0.00ms, min = 9223372036854.78ms, total = 0.00ms
	JobInfoGcsService.grpc_server.GetAllJobInfo.HandleRequestImpl - 1 total (0 active), Execution time: mean = 0.04ms, total = 0.04ms, Queueing time: mean = 0.02ms, max = 0.02ms, min = 0.02ms, total = 0.02ms
	GcsResourceManager::Update - 1 total (0 active), Execution time: mean = 0.08ms, total = 0.08ms, Queueing time: mean = 0.01ms, max = 0.01ms, min = 0.01ms, total = 0.01ms
	NodeInfoGcsService.grpc_server.RegisterNode.HandleRequestImpl - 1 total (0 active), Execution time: mean = 0.23ms, total = 0.23ms, Queueing time: mean = 0.02ms, max = 0.02ms, min = 0.02ms, total = 0.02ms
	InternalKVGcsService.grpc_server.InternalKVDel.HandleRequestImpl - 1 total (0 active), Execution time: mean = 0.06ms, total = 0.06ms, Queueing time: mean = 0.01ms, max = 0.01ms, min = 0.01ms, total = 0.01ms
	InternalKVGcsService.grpc_server.GetInternalConfig.HandleRequestImpl - 1 total (0 active), Execution time: mean = 0.10ms, total = 0.10ms, Queueing time: mean = 0.02ms, max = 0.02ms, min = 0.02ms, total = 0.02ms
	NodeInfoGcsService.grpc_server.GetAllNodeAddressAndLiveness.HandleRequestImpl - 1 total (0 active), Execution time: mean = 0.01ms, total = 0.01ms, Queueing time: mean = 0.01ms, max = 0.01ms, min = 0.01ms, total = 0.01ms
	GcsHealthCheckManager::MarkNodeHealthy - 1 total (0 active), Execution time: mean = 0.00ms, total = 0.00ms, Queueing time: mean = 0.01ms, max = 0.01ms, min = 0.01ms, total = 0.01ms
	GcsInitData::AsyncLoad - 1 total (0 active), Execution time: mean = 0.01ms, total = 0.01ms, Queueing time: mean = 0.00ms, max = 0.00ms, min = 0.00ms, total = 0.00ms
	InternalKVGcsService.grpc_server.GetInternalConfig - 1 total (0 active), Execution time: mean = 0.65ms, total = 0.65ms, Queueing time: mean = 0.00ms, max = -0.00ms, min = 9223372036854.78ms, total = 0.00ms
	GcsInMemoryStore.GetNextJobID - 1 total (0 active), Execution time: mean = 0.01ms, total = 0.01ms, Queueing time: mean = 0.01ms, max = 0.01ms, min = 0.01ms, total = 0.01ms
	NodeInfoGcsService.grpc_server.RegisterNode - 1 total (0 active), Execution time: mean = 0.64ms, total = 0.64ms, Queueing time: mean = 0.00ms, max = -0.00ms, min = 9223372036854.78ms, total = 0.00ms
	GcsServer.GetOrGenerateClusterId.continuation - 1 total (0 active), Execution time: mean = 1520.34ms, total = 1520.34ms, Queueing time: mean = 0.00ms, max = 0.00ms, min = 0.00ms, total = 0.00ms


[2026-06-04 22:46:10,515 I 512 512] (gcs_server) gcs_server.cc:940: task_io_context Event stats:


Global stats: 328 total (1 active)
Queueing time: mean = 0.31ms, max = 89.27ms, min = 0.00ms, total = 102.08ms
Execution time:  mean = 0.01ms, total = 4.33ms
Event stats:
	GcsTaskManager.GcJobSummary - 217 total (1 active), Execution time: mean = 0.01ms, total = 2.21ms, Queueing time: mean = 0.46ms, max = 89.27ms, min = 0.01ms, total = 100.24ms
	event_loop_lag_probe - 110 total (0 active), Execution time: mean = 0.02ms, total = 2.11ms, Queueing time: mean = 0.02ms, max = 0.50ms, min = 0.00ms, total = 1.82ms
	PeriodicalRunner.RunFnPeriodically - 1 total (0 active), Execution time: mean = 0.02ms, total = 0.02ms, Queueing time: mean = 0.02ms, max = 0.02ms, min = 0.02ms, total = 0.02ms


[2026-06-04 22:46:10,515 I 512 512] (gcs_server) gcs_server.cc:940: pubsub_io_context Event stats:


Global stats: 645 total (2 active)
Queueing time: mean = 0.50ms, max = 95.93ms, min = 0.00ms, total = 321.68ms
Execution time:  mean = 907.87ms, total = 585578.78ms
Event stats:
	InternalPubSubGcsService.grpc_server.GcsPublish - 261 total (0 active), Execution time: mean = 3.00ms, total = 783.23ms, Queueing time: mean = 0.00ms, max = -0.00ms, min = 9223372036854.78ms, total = 0.00ms
	InternalPubSubGcsService.grpc_server.GcsPublish.HandleRequestImpl - 261 total (0 active), Execution time: mean = 0.12ms, total = 31.91ms, Queueing time: mean = 1.14ms, max = 95.93ms, min = 0.01ms, total = 297.51ms
	event_loop_lag_probe - 110 total (0 active), Execution time: mean = 0.02ms, total = 2.01ms, Queueing time: mean = 0.15ms, max = 15.11ms, min = 0.00ms, total = 16.34ms
	Publisher.CheckDeadSubscribers - 4 total (1 active), Execution time: mean = 0.02ms, total = 0.06ms, Queueing time: mean = 0.03ms, max = 0.06ms, min = 0.03ms, total = 0.13ms
	InternalPubSubGcsService.grpc_server.GcsSubscriberPoll - 2 total (1 active), Execution time: mean = 292380.21ms, total = 584760.42ms, Queueing time: mean = 0.00ms, max = -0.00ms, min = 9223372036854.78ms, total = 0.00ms
	InternalPubSubGcsService.grpc_server.GcsSubscriberPoll.HandleRequestImpl - 2 total (0 active), Execution time: mean = 0.07ms, total = 0.14ms, Queueing time: mean = 0.11ms, max = 0.19ms, min = 0.02ms, total = 0.21ms
	InternalPubSubGcsService.grpc_server.GcsSubscriberCommandBatch - 2 total (0 active), Execution time: mean = 0.37ms, total = 0.74ms, Queueing time: mean = 0.00ms, max = -0.00ms, min = 9223372036854.78ms, total = 0.00ms
	InternalPubSubGcsService.grpc_server.GcsSubscriberCommandBatch.HandleRequestImpl - 2 total (0 active), Execution time: mean = 0.10ms, total = 0.21ms, Queueing time: mean = 0.02ms, max = 0.03ms, min = 0.01ms, total = 0.04ms
	PeriodicalRunner.RunFnPeriodically - 1 total (0 active), Execution time: mean = 0.06ms, total = 0.06ms, Queueing time: mean = 7.44ms, max = 7.44ms, min = 7.44ms, total = 7.44ms


[2026-06-04 22:46:10,515 I 512 512] (gcs_server) gcs_server.cc:940: ray_syncer_io_context Event stats:


Global stats: 114 total (0 active)
Queueing time: mean = 0.02ms, max = 0.61ms, min = 0.00ms, total = 1.96ms
Execution time:  mean = 0.02ms, total = 2.48ms
Event stats:
	event_loop_lag_probe - 110 total (0 active), Execution time: mean = 0.02ms, total = 2.29ms, Queueing time: mean = 0.02ms, max = 0.61ms, min = 0.00ms, total = 1.86ms
	RaySyncerRegister - 2 total (0 active), Execution time: mean = 0.00ms, total = 0.00ms, Queueing time: mean = 0.04ms, max = 0.06ms, min = 0.01ms, total = 0.08ms
	RaySyncer.BroadcastMessage - 1 total (0 active), Execution time: mean = 0.02ms, total = 0.02ms, Queueing time: mean = 0.00ms, max = 0.00ms, min = 0.00ms, total = 0.00ms
	 - 1 total (0 active), Execution time: mean = 0.16ms, total = 0.16ms, Queueing time: mean = 0.02ms, max = 0.02ms, min = 0.02ms, total = 0.02ms


[2026-06-04 22:46:10,515 I 512 512] (gcs_server) gcs_server.cc:940: ray_event_io_context Event stats:


Global stats: 110 total (0 active)
Queueing time: mean = 0.08ms, max = 8.24ms, min = 0.00ms, total = 9.25ms
Execution time:  mean = 0.02ms, total = 1.94ms
Event stats:
	event_loop_lag_probe - 110 total (0 active), Execution time: mean = 0.02ms, total = 1.94ms, Queueing time: mean = 0.08ms, max = 8.24ms, min = 0.00ms, total = 9.25ms


[2026-06-04 22:47:10,515 I 512 512] (gcs_server) gcs_server.cc:922: Gcs Debug state:

GcsNodeManager: 
- RegisterNode request count: 1
- DrainNode request count: 0
- GetAllNodeInfo request count: 3

GcsActorManager: 
- RegisterActor request count: 0
- CreateActor request count: 0
- GetActorInfo request count: 0
- GetNamedActorInfo request count: 0
- GetAllActorInfo request count: 0
- KillActor request count: 0
- ListNamedActors request count: 0
- Registered actors count: 0
- Destroyed actors count: 0
- Named actors count: 0
- Unresolved actors count: 0
- Pending actors count: 0
- Created actors count: 0
- owners_: 0
- actor_to_register_callbacks_: 0
- actor_to_restart_for_lineage_reconstruction_callbacks_: 0
- actor_to_create_callbacks_: 0
- sorted_destroyed_actor_list_: 0

GcsResourceManager: 
- GetAllAvailableResources request count: 0
- GetAllTotalResources request count: 0
- GetAllResourceUsage request count: 226

GcsPlacementGroupManager: 
- CreatePlacementGroup request count: 0
- RemovePlacementGroup request count: 0
- GetPlacementGroup request count: 0
- GetAllPlacementGroup request count: 0
- WaitPlacementGroupUntilReady request count: 0
- GetNamedPlacementGroup request count: 0
- Scheduling pending placement group count: 0
- Registered placement groups count: 0
- Named placement group count: 0
- Pending placement groups count: 0
- Infeasible placement groups count: 0

Publisher:
GCS_NODE_INFO_CHANNEL
- cumulative published messages: 1
- cumulative published bytes: 499
- current buffered bytes: 0
GCS_NODE_ADDRESS_AND_LIVENESS_CHANNEL
- cumulative published messages: 1
- cumulative published bytes: 92
- current buffered bytes: 0
RAY_LOG_CHANNEL
- cumulative published messages: 273
- cumulative published bytes: 237150
- current buffered bytes: 0

[runtime env manager] ID to URIs table:
[runtime env manager] URIs reference table:

GcsTaskManager: 
-Total num task events reported: 0
-Total num status task events dropped: 0
-Total num profile events dropped: 0
-Current num of task events stored: 0
-Total num of actor creation tasks: 0
-Total num of actor tasks: 0
-Total num of normal tasks: 0
-Total num of driver tasks: 0

GcsAutoscalerStateManager: 
- last_seen_autoscaler_state_version_: 0
- last_cluster_resource_state_version_: 226
- pending demands:



[2026-06-04 22:47:10,516 I 512 512] (gcs_server) gcs_server.cc:936: Main service Event stats:


Global stats: 9929 total (5 active)
Queueing time: mean = 4.00ms, max = 1522.53ms, min = 0.00ms, total = 39731.17ms
Execution time:  mean = 1.75ms, total = 17394.19ms
Event stats:
	GcsInMemoryStore.Put - 1834 total (0 active), Execution time: mean = 0.83ms, total = 1527.27ms, Queueing time: mean = 0.90ms, max = 1521.87ms, min = 0.00ms, total = 1648.70ms
	RayletLoadPulled - 1139 total (1 active), Execution time: mean = 0.24ms, total = 270.11ms, Queueing time: mean = 1.12ms, max = 297.72ms, min = 0.01ms, total = 1281.12ms
	NodeManagerService.grpc_client.GetResourceLoad.OnReplyReceived - 1125 total (0 active), Execution time: mean = 0.05ms, total = 54.33ms, Queueing time: mean = 0.54ms, max = 96.21ms, min = 0.01ms, total = 611.57ms
	NodeManagerService.grpc_client.GetResourceLoad - 1125 total (0 active), Execution time: mean = 10.64ms, total = 11974.00ms, Queueing time: mean = 0.00ms, max = -0.00ms, min = 9223372036854.78ms, total = 0.00ms
	InternalKVGcsService.grpc_server.InternalKVPut.HandleRequestImpl - 462 total (0 active), Execution time: mean = 0.05ms, total = 22.83ms, Queueing time: mean = 0.85ms, max = 96.13ms, min = 0.01ms, total = 392.65ms
	InternalKVGcsService.grpc_server.InternalKVPut - 462 total (0 active), Execution time: mean = 1.79ms, total = 827.04ms, Queueing time: mean = 0.00ms, max = -0.00ms, min = 9223372036854.78ms, total = 0.00ms
	ClusterResourceManager.ResetRemoteNodeView - 380 total (1 active), Execution time: mean = 0.01ms, total = 3.62ms, Queueing time: mean = 0.48ms, max = 95.89ms, min = 0.01ms, total = 182.46ms
	HealthCheck - 374 total (0 active), Execution time: mean = 0.00ms, total = 1.64ms, Queueing time: mean = 0.55ms, max = 96.16ms, min = 0.01ms, total = 207.45ms
	GcsInMemoryStore.Get - 342 total (0 active), Execution time: mean = 0.01ms, total = 4.15ms, Queueing time: mean = 0.01ms, max = 0.11ms, min = 0.01ms, total = 4.83ms
	InternalKVGcsService.grpc_server.InternalKVGet.HandleRequestImpl - 341 total (0 active), Execution time: mean = 0.08ms, total = 27.98ms, Queueing time: mean = 0.31ms, max = 95.88ms, min = 0.01ms, total = 104.20ms
	InternalKVGcsService.grpc_server.InternalKVGet - 341 total (0 active), Execution time: mean = 1.25ms, total = 425.55ms, Queueing time: mean = 0.00ms, max = -0.00ms, min = 9223372036854.78ms, total = 0.00ms
	NodeInfoGcsService.grpc_server.CheckAlive - 244 total (0 active), Execution time: mean = 0.80ms, total = 194.47ms, Queueing time: mean = 0.00ms, max = -0.00ms, min = 9223372036854.78ms, total = 0.00ms
	NodeInfoGcsService.grpc_server.CheckAlive.HandleRequestImpl - 244 total (0 active), Execution time: mean = 0.02ms, total = 4.87ms, Queueing time: mean = 0.03ms, max = 0.31ms, min = 0.01ms, total = 7.70ms
	GCSServer.deadline_timer.metrics_report - 228 total (1 active), Execution time: mean = 0.22ms, total = 49.19ms, Queueing time: mean = 0.75ms, max = 95.50ms, min = 0.01ms, total = 170.18ms
	AutoscalerStateService.grpc_server.GetClusterResourceState - 226 total (0 active), Execution time: mean = 0.36ms, total = 82.21ms, Queueing time: mean = 0.00ms, max = -0.00ms, min = 9223372036854.78ms, total = 0.00ms
	AutoscalerStateService.grpc_server.GetClusterResourceState.HandleRequestImpl - 226 total (0 active), Execution time: mean = 0.04ms, total = 8.51ms, Queueing time: mean = 0.02ms, max = 0.70ms, min = 0.01ms, total = 5.18ms
	NodeResourceInfoGcsService.grpc_server.GetAllResourceUsage.HandleRequestImpl - 226 total (0 active), Execution time: mean = 0.07ms, total = 15.16ms, Queueing time: mean = 0.04ms, max = 1.38ms, min = 0.01ms, total = 10.13ms
	NodeResourceInfoGcsService.grpc_server.GetAllResourceUsage - 226 total (0 active), Execution time: mean = 0.92ms, total = 208.99ms, Queueing time: mean = 0.00ms, max = -0.00ms, min = 9223372036854.78ms, total = 0.00ms
	event_loop_lag_probe - 116 total (0 active), Execution time: mean = 0.01ms, total = 1.42ms, Queueing time: mean = 0.13ms, max = 14.25ms, min = 0.00ms, total = 15.47ms
	GCSServer.deadline_timer.gcs_global_gc - 114 total (1 active), Execution time: mean = 0.01ms, total = 0.86ms, Queueing time: mean = 0.81ms, max = 66.72ms, min = 0.01ms, total = 92.22ms
	ReporterService.grpc_client.HealthCheck.OnReplyReceived - 31 total (0 active), Execution time: mean = 0.16ms, total = 5.10ms, Queueing time: mean = 52.09ms, max = 1517.54ms, min = 0.02ms, total = 1614.71ms
	ReporterService.grpc_client.HealthCheck - 31 total (0 active), Execution time: mean = 3.62ms, total = 112.34ms, Queueing time: mean = 0.00ms, max = -0.00ms, min = 9223372036854.78ms, total = 0.00ms
	MetricsAgentClient.WaitForServerReadyWithRetry - 30 total (0 active), Execution time: mean = 0.27ms, total = 8.13ms, Queueing time: mean = 1008.67ms, max = 1097.53ms, min = 1000.02ms, total = 30260.04ms
	GCSServer.deadline_timer.debug_state_event_stats_print - 19 total (1 active, 1 running), Execution time: mean = 1.32ms, total = 25.08ms, Queueing time: mean = 3.56ms, max = 67.10ms, min = 0.02ms, total = 67.60ms
	GcsInMemoryStore.GetAll - 6 total (0 active), Execution time: mean = 0.01ms, total = 0.06ms, Queueing time: mean = 0.06ms, max = 0.07ms, min = 0.01ms, total = 0.34ms
	PeriodicalRunner.RunFnPeriodically - 5 total (0 active), Execution time: mean = 0.11ms, total = 0.54ms, Queueing time: mean = 610.50ms, max = 1522.53ms, min = 2.26ms, total = 3052.48ms
	NodeInfoGcsService.grpc_server.GetClusterId - 4 total (0 active), Execution time: mean = 2.91ms, total = 11.62ms, Queueing time: mean = 0.00ms, max = -0.00ms, min = 9223372036854.78ms, total = 0.00ms
	NodeInfoGcsService.grpc_server.GetClusterId.HandleRequestImpl - 4 total (0 active), Execution time: mean = 0.54ms, total = 2.15ms, Queueing time: mean = 0.45ms, max = 1.73ms, min = 0.02ms, total = 1.81ms
	NodeInfoGcsService.grpc_server.GetAllNodeInfo.HandleRequestImpl - 2 total (0 active), Execution time: mean = 0.04ms, total = 0.08ms, Queueing time: mean = 0.02ms, max = 0.03ms, min = 0.01ms, total = 0.04ms
	NodeInfoGcsService.grpc_server.GetAllNodeInfo - 2 total (0 active), Execution time: mean = 0.36ms, total = 0.71ms, Queueing time: mean = 0.00ms, max = -0.00ms, min = 9223372036854.78ms, total = 0.00ms
	GcsInMemoryStore.Delete - 1 total (0 active), Execution time: mean = 0.01ms, total = 0.01ms, Queueing time: mean = 0.01ms, max = 0.01ms, min = 0.01ms, total = 0.01ms
	NodeManager.AddNodeCallback - 1 total (0 active), Execution time: mean = 0.45ms, total = 0.45ms, Queueing time: mean = 0.13ms, max = 0.13ms, min = 0.13ms, total = 0.13ms
	InternalKVGcsService.grpc_server.InternalKVDel - 1 total (0 active), Execution time: mean = 0.45ms, total = 0.45ms, Queueing time: mean = 0.00ms, max = -0.00ms, min = 9223372036854.78ms, total = 0.00ms
	JobInfoGcsService.grpc_server.GetAllJobInfo - 1 total (0 active), Execution time: mean = 0.35ms, total = 0.35ms, Queueing time: mean = 0.00ms, max = -0.00ms, min = 9223372036854.78ms, total = 0.00ms
	JobInfoGcsService.grpc_server.GetNextJobID.HandleRequestImpl - 1 total (0 active), Execution time: mean = 0.02ms, total = 0.02ms, Queueing time: mean = 0.02ms, max = 0.02ms, min = 0.02ms, total = 0.02ms
	JobInfoGcsService.grpc_server.GetNextJobID - 1 total (0 active), Execution time: mean = 0.35ms, total = 0.35ms, Queueing time: mean = 0.00ms, max = -0.00ms, min = 9223372036854.78ms, total = 0.00ms
	GcsHealthCheckManager::AddNode - 1 total (0 active), Execution time: mean = 0.02ms, total = 0.02ms, Queueing time: mean = 0.00ms, max = 0.00ms, min = 0.00ms, total = 0.00ms
	NodeInfoGcsService.grpc_server.GetAllNodeAddressAndLiveness - 1 total (0 active), Execution time: mean = 0.37ms, total = 0.37ms, Queueing time: mean = 0.00ms, max = -0.00ms, min = 9223372036854.78ms, total = 0.00ms
	JobInfoGcsService.grpc_server.GetAllJobInfo.HandleRequestImpl - 1 total (0 active), Execution time: mean = 0.04ms, total = 0.04ms, Queueing time: mean = 0.02ms, max = 0.02ms, min = 0.02ms, total = 0.02ms
	GcsResourceManager::Update - 1 total (0 active), Execution time: mean = 0.08ms, total = 0.08ms, Queueing time: mean = 0.01ms, max = 0.01ms, min = 0.01ms, total = 0.01ms
	NodeInfoGcsService.grpc_server.RegisterNode.HandleRequestImpl - 1 total (0 active), Execution time: mean = 0.23ms, total = 0.23ms, Queueing time: mean = 0.02ms, max = 0.02ms, min = 0.02ms, total = 0.02ms
	InternalKVGcsService.grpc_server.InternalKVDel.HandleRequestImpl - 1 total (0 active), Execution time: mean = 0.06ms, total = 0.06ms, Queueing time: mean = 0.01ms, max = 0.01ms, min = 0.01ms, total = 0.01ms
	InternalKVGcsService.grpc_server.GetInternalConfig.HandleRequestImpl - 1 total (0 active), Execution time: mean = 0.10ms, total = 0.10ms, Queueing time: mean = 0.02ms, max = 0.02ms, min = 0.02ms, total = 0.02ms
	NodeInfoGcsService.grpc_server.GetAllNodeAddressAndLiveness.HandleRequestImpl - 1 total (0 active), Execution time: mean = 0.01ms, total = 0.01ms, Queueing time: mean = 0.01ms, max = 0.01ms, min = 0.01ms, total = 0.01ms
	GcsHealthCheckManager::MarkNodeHealthy - 1 total (0 active), Execution time: mean = 0.00ms, total = 0.00ms, Queueing time: mean = 0.01ms, max = 0.01ms, min = 0.01ms, total = 0.01ms
	GcsInitData::AsyncLoad - 1 total (0 active), Execution time: mean = 0.01ms, total = 0.01ms, Queueing time: mean = 0.00ms, max = 0.00ms, min = 0.00ms, total = 0.00ms
	InternalKVGcsService.grpc_server.GetInternalConfig - 1 total (0 active), Execution time: mean = 0.65ms, total = 0.65ms, Queueing time: mean = 0.00ms, max = -0.00ms, min = 9223372036854.78ms, total = 0.00ms
	GcsInMemoryStore.GetNextJobID - 1 total (0 active), Execution time: mean = 0.01ms, total = 0.01ms, Queueing time: mean = 0.01ms, max = 0.01ms, min = 0.01ms, total = 0.01ms
	NodeInfoGcsService.grpc_server.RegisterNode - 1 total (0 active), Execution time: mean = 0.64ms, total = 0.64ms, Queueing time: mean = 0.00ms, max = -0.00ms, min = 9223372036854.78ms, total = 0.00ms
	GcsServer.GetOrGenerateClusterId.continuation - 1 total (0 active), Execution time: mean = 1520.34ms, total = 1520.34ms, Queueing time: mean = 0.00ms, max = 0.00ms, min = 0.00ms, total = 0.00ms


[2026-06-04 22:47:10,516 I 512 512] (gcs_server) gcs_server.cc:940: task_io_context Event stats:


Global stats: 346 total (1 active)
Queueing time: mean = 0.30ms, max = 89.27ms, min = 0.00ms, total = 102.63ms
Execution time:  mean = 0.01ms, total = 4.52ms
Event stats:
	GcsTaskManager.GcJobSummary - 229 total (1 active), Execution time: mean = 0.01ms, total = 2.32ms, Queueing time: mean = 0.44ms, max = 89.27ms, min = 0.01ms, total = 100.72ms
	event_loop_lag_probe - 116 total (0 active), Execution time: mean = 0.02ms, total = 2.19ms, Queueing time: mean = 0.02ms, max = 0.50ms, min = 0.00ms, total = 1.90ms
	PeriodicalRunner.RunFnPeriodically - 1 total (0 active), Execution time: mean = 0.02ms, total = 0.02ms, Queueing time: mean = 0.02ms, max = 0.02ms, min = 0.02ms, total = 0.02ms


[2026-06-04 22:47:10,516 I 512 512] (gcs_server) gcs_server.cc:940: pubsub_io_context Event stats:


Global stats: 675 total (2 active)
Queueing time: mean = 0.48ms, max = 95.93ms, min = 0.00ms, total = 322.06ms
Execution time:  mean = 867.53ms, total = 585584.47ms
Event stats:
	InternalPubSubGcsService.grpc_server.GcsPublish - 273 total (0 active), Execution time: mean = 2.89ms, total = 787.75ms, Queueing time: mean = 0.00ms, max = -0.00ms, min = 9223372036854.78ms, total = 0.00ms
	InternalPubSubGcsService.grpc_server.GcsPublish.HandleRequestImpl - 273 total (0 active), Execution time: mean = 0.12ms, total = 32.98ms, Queueing time: mean = 1.09ms, max = 95.93ms, min = 0.01ms, total = 297.85ms
	event_loop_lag_probe - 116 total (0 active), Execution time: mean = 0.02ms, total = 2.10ms, Queueing time: mean = 0.14ms, max = 15.11ms, min = 0.00ms, total = 16.38ms
	Publisher.CheckDeadSubscribers - 4 total (1 active), Execution time: mean = 0.02ms, total = 0.06ms, Queueing time: mean = 0.03ms, max = 0.06ms, min = 0.03ms, total = 0.13ms
	InternalPubSubGcsService.grpc_server.GcsSubscriberPoll - 2 total (1 active), Execution time: mean = 292380.21ms, total = 584760.42ms, Queueing time: mean = 0.00ms, max = -0.00ms, min = 9223372036854.78ms, total = 0.00ms
	InternalPubSubGcsService.grpc_server.GcsSubscriberPoll.HandleRequestImpl - 2 total (0 active), Execution time: mean = 0.07ms, total = 0.14ms, Queueing time: mean = 0.11ms, max = 0.19ms, min = 0.02ms, total = 0.21ms
	InternalPubSubGcsService.grpc_server.GcsSubscriberCommandBatch - 2 total (0 active), Execution time: mean = 0.37ms, total = 0.74ms, Queueing time: mean = 0.00ms, max = -0.00ms, min = 9223372036854.78ms, total = 0.00ms
	InternalPubSubGcsService.grpc_server.GcsSubscriberCommandBatch.HandleRequestImpl - 2 total (0 active), Execution time: mean = 0.10ms, total = 0.21ms, Queueing time: mean = 0.02ms, max = 0.03ms, min = 0.01ms, total = 0.04ms
	PeriodicalRunner.RunFnPeriodically - 1 total (0 active), Execution time: mean = 0.06ms, total = 0.06ms, Queueing time: mean = 7.44ms, max = 7.44ms, min = 7.44ms, total = 7.44ms


[2026-06-04 22:47:10,516 I 512 512] (gcs_server) gcs_server.cc:940: ray_syncer_io_context Event stats:


Global stats: 120 total (0 active)
Queueing time: mean = 0.02ms, max = 0.61ms, min = 0.00ms, total = 1.99ms
Execution time:  mean = 0.02ms, total = 2.54ms
Event stats:
	event_loop_lag_probe - 116 total (0 active), Execution time: mean = 0.02ms, total = 2.35ms, Queueing time: mean = 0.02ms, max = 0.61ms, min = 0.00ms, total = 1.89ms
	RaySyncerRegister - 2 total (0 active), Execution time: mean = 0.00ms, total = 0.00ms, Queueing time: mean = 0.04ms, max = 0.06ms, min = 0.01ms, total = 0.08ms
	RaySyncer.BroadcastMessage - 1 total (0 active), Execution time: mean = 0.02ms, total = 0.02ms, Queueing time: mean = 0.00ms, max = 0.00ms, min = 0.00ms, total = 0.00ms
	 - 1 total (0 active), Execution time: mean = 0.16ms, total = 0.16ms, Queueing time: mean = 0.02ms, max = 0.02ms, min = 0.02ms, total = 0.02ms


[2026-06-04 22:47:10,516 I 512 512] (gcs_server) gcs_server.cc:940: ray_event_io_context Event stats:


Global stats: 116 total (0 active)
Queueing time: mean = 0.08ms, max = 8.24ms, min = 0.00ms, total = 9.30ms
Execution time:  mean = 0.02ms, total = 2.03ms
Event stats:
	event_loop_lag_probe - 116 total (0 active), Execution time: mean = 0.02ms, total = 2.03ms, Queueing time: mean = 0.08ms, max = 8.24ms, min = 0.00ms, total = 9.30ms


[2026-06-04 22:48:10,516 I 512 512] (gcs_server) gcs_server.cc:922: Gcs Debug state:

GcsNodeManager: 
- RegisterNode request count: 1
- DrainNode request count: 0
- GetAllNodeInfo request count: 3

GcsActorManager: 
- RegisterActor request count: 0
- CreateActor request count: 0
- GetActorInfo request count: 0
- GetNamedActorInfo request count: 0
- GetAllActorInfo request count: 0
- KillActor request count: 0
- ListNamedActors request count: 0
- Registered actors count: 0
- Destroyed actors count: 0
- Named actors count: 0
- Unresolved actors count: 0
- Pending actors count: 0
- Created actors count: 0
- owners_: 0
- actor_to_register_callbacks_: 0
- actor_to_restart_for_lineage_reconstruction_callbacks_: 0
- actor_to_create_callbacks_: 0
- sorted_destroyed_actor_list_: 0

GcsResourceManager: 
- GetAllAvailableResources request count: 0
- GetAllTotalResources request count: 0
- GetAllResourceUsage request count: 238

GcsPlacementGroupManager: 
- CreatePlacementGroup request count: 0
- RemovePlacementGroup request count: 0
- GetPlacementGroup request count: 0
- GetAllPlacementGroup request count: 0
- WaitPlacementGroupUntilReady request count: 0
- GetNamedPlacementGroup request count: 0
- Scheduling pending placement group count: 0
- Registered placement groups count: 0
- Named placement group count: 0
- Pending placement groups count: 0
- Infeasible placement groups count: 0

Publisher:
GCS_NODE_INFO_CHANNEL
- cumulative published messages: 1
- cumulative published bytes: 499
- current buffered bytes: 0
GCS_NODE_ADDRESS_AND_LIVENESS_CHANNEL
- cumulative published messages: 1
- cumulative published bytes: 92
- current buffered bytes: 0
RAY_LOG_CHANNEL
- cumulative published messages: 285
- cumulative published bytes: 247434
- current buffered bytes: 0

[runtime env manager] ID to URIs table:
[runtime env manager] URIs reference table:

GcsTaskManager: 
-Total num task events reported: 0
-Total num status task events dropped: 0
-Total num profile events dropped: 0
-Current num of task events stored: 0
-Total num of actor creation tasks: 0
-Total num of actor tasks: 0
-Total num of normal tasks: 0
-Total num of driver tasks: 0

GcsAutoscalerStateManager: 
- last_seen_autoscaler_state_version_: 0
- last_cluster_resource_state_version_: 238
- pending demands:



[2026-06-04 22:48:10,517 I 512 512] (gcs_server) gcs_server.cc:936: Main service Event stats:


Global stats: 10428 total (5 active)
Queueing time: mean = 3.81ms, max = 1522.53ms, min = 0.00ms, total = 39745.20ms
Execution time:  mean = 1.68ms, total = 17500.13ms
Event stats:
	GcsInMemoryStore.Put - 1930 total (0 active), Execution time: mean = 0.79ms, total = 1527.59ms, Queueing time: mean = 0.86ms, max = 1521.87ms, min = 0.00ms, total = 1655.66ms
	RayletLoadPulled - 1199 total (1 active), Execution time: mean = 0.24ms, total = 282.16ms, Queueing time: mean = 1.07ms, max = 297.72ms, min = 0.01ms, total = 1282.82ms
	NodeManagerService.grpc_client.GetResourceLoad.OnReplyReceived - 1185 total (0 active), Execution time: mean = 0.05ms, total = 56.74ms, Queueing time: mean = 0.52ms, max = 96.21ms, min = 0.01ms, total = 612.91ms
	NodeManagerService.grpc_client.GetResourceLoad - 1185 total (0 active), Execution time: mean = 10.16ms, total = 12034.09ms, Queueing time: mean = 0.00ms, max = -0.00ms, min = 9223372036854.78ms, total = 0.00ms
	InternalKVGcsService.grpc_server.InternalKVPut.HandleRequestImpl - 486 total (0 active), Execution time: mean = 0.05ms, total = 23.83ms, Queueing time: mean = 0.81ms, max = 96.13ms, min = 0.01ms, total = 392.95ms
	InternalKVGcsService.grpc_server.InternalKVPut - 486 total (0 active), Execution time: mean = 1.72ms, total = 834.40ms, Queueing time: mean = 0.00ms, max = -0.00ms, min = 9223372036854.78ms, total = 0.00ms
	ClusterResourceManager.ResetRemoteNodeView - 400 total (1 active), Execution time: mean = 0.01ms, total = 3.76ms, Queueing time: mean = 0.46ms, max = 95.89ms, min = 0.01ms, total = 183.01ms
	HealthCheck - 394 total (0 active), Execution time: mean = 0.00ms, total = 1.70ms, Queueing time: mean = 0.53ms, max = 96.16ms, min = 0.01ms, total = 207.91ms
	GcsInMemoryStore.Get - 354 total (0 active), Execution time: mean = 0.01ms, total = 4.30ms, Queueing time: mean = 0.01ms, max = 0.11ms, min = 0.01ms, total = 4.99ms
	InternalKVGcsService.grpc_server.InternalKVGet.HandleRequestImpl - 353 total (0 active), Execution time: mean = 0.08ms, total = 29.05ms, Queueing time: mean = 0.30ms, max = 95.88ms, min = 0.01ms, total = 104.35ms
	InternalKVGcsService.grpc_server.InternalKVGet - 353 total (0 active), Execution time: mean = 1.22ms, total = 429.58ms, Queueing time: mean = 0.00ms, max = -0.00ms, min = 9223372036854.78ms, total = 0.00ms
	NodeInfoGcsService.grpc_server.CheckAlive - 257 total (0 active), Execution time: mean = 0.77ms, total = 198.82ms, Queueing time: mean = 0.00ms, max = -0.00ms, min = 9223372036854.78ms, total = 0.00ms
	NodeInfoGcsService.grpc_server.CheckAlive.HandleRequestImpl - 257 total (0 active), Execution time: mean = 0.02ms, total = 5.11ms, Queueing time: mean = 0.03ms, max = 0.31ms, min = 0.01ms, total = 8.02ms
	GCSServer.deadline_timer.metrics_report - 240 total (1 active), Execution time: mean = 0.21ms, total = 51.50ms, Queueing time: mean = 0.71ms, max = 95.50ms, min = 0.01ms, total = 170.43ms
	AutoscalerStateService.grpc_server.GetClusterResourceState - 238 total (0 active), Execution time: mean = 0.36ms, total = 85.66ms, Queueing time: mean = 0.00ms, max = -0.00ms, min = 9223372036854.78ms, total = 0.00ms
	AutoscalerStateService.grpc_server.GetClusterResourceState.HandleRequestImpl - 238 total (0 active), Execution time: mean = 0.04ms, total = 8.87ms, Queueing time: mean = 0.02ms, max = 0.70ms, min = 0.01ms, total = 5.33ms
	NodeResourceInfoGcsService.grpc_server.GetAllResourceUsage.HandleRequestImpl - 238 total (0 active), Execution time: mean = 0.07ms, total = 15.85ms, Queueing time: mean = 0.04ms, max = 1.38ms, min = 0.01ms, total = 10.44ms
	NodeResourceInfoGcsService.grpc_server.GetAllResourceUsage - 238 total (0 active), Execution time: mean = 0.90ms, total = 213.43ms, Queueing time: mean = 0.00ms, max = -0.00ms, min = 9223372036854.78ms, total = 0.00ms
	event_loop_lag_probe - 122 total (0 active), Execution time: mean = 0.01ms, total = 1.49ms, Queueing time: mean = 0.13ms, max = 14.25ms, min = 0.00ms, total = 15.50ms
	GCSServer.deadline_timer.gcs_global_gc - 120 total (1 active), Execution time: mean = 0.01ms, total = 0.90ms, Queueing time: mean = 0.78ms, max = 66.72ms, min = 0.01ms, total = 93.53ms
	ReporterService.grpc_client.HealthCheck.OnReplyReceived - 31 total (0 active), Execution time: mean = 0.16ms, total = 5.10ms, Queueing time: mean = 52.09ms, max = 1517.54ms, min = 0.02ms, total = 1614.71ms
	ReporterService.grpc_client.HealthCheck - 31 total (0 active), Execution time: mean = 3.62ms, total = 112.34ms, Queueing time: mean = 0.00ms, max = -0.00ms, min = 9223372036854.78ms, total = 0.00ms
	MetricsAgentClient.WaitForServerReadyWithRetry - 30 total (0 active), Execution time: mean = 0.27ms, total = 8.13ms, Queueing time: mean = 1008.67ms, max = 1097.53ms, min = 1000.02ms, total = 30260.04ms
	GCSServer.deadline_timer.debug_state_event_stats_print - 20 total (1 active, 1 running), Execution time: mean = 1.32ms, total = 26.38ms, Queueing time: mean = 3.38ms, max = 67.10ms, min = 0.02ms, total = 67.63ms
	GcsInMemoryStore.GetAll - 6 total (0 active), Execution time: mean = 0.01ms, total = 0.06ms, Queueing time: mean = 0.06ms, max = 0.07ms, min = 0.01ms, total = 0.34ms
	PeriodicalRunner.RunFnPeriodically - 5 total (0 active), Execution time: mean = 0.11ms, total = 0.54ms, Queueing time: mean = 610.50ms, max = 1522.53ms, min = 2.26ms, total = 3052.48ms
	NodeInfoGcsService.grpc_server.GetClusterId - 4 total (0 active), Execution time: mean = 2.91ms, total = 11.62ms, Queueing time: mean = 0.00ms, max = -0.00ms, min = 9223372036854.78ms, total = 0.00ms
	NodeInfoGcsService.grpc_server.GetClusterId.HandleRequestImpl - 4 total (0 active), Execution time: mean = 0.54ms, total = 2.15ms, Queueing time: mean = 0.45ms, max = 1.73ms, min = 0.02ms, total = 1.81ms
	NodeInfoGcsService.grpc_server.GetAllNodeInfo.HandleRequestImpl - 2 total (0 active), Execution time: mean = 0.04ms, total = 0.08ms, Queueing time: mean = 0.02ms, max = 0.03ms, min = 0.01ms, total = 0.04ms
	NodeInfoGcsService.grpc_server.GetAllNodeInfo - 2 total (0 active), Execution time: mean = 0.36ms, total = 0.71ms, Queueing time: mean = 0.00ms, max = -0.00ms, min = 9223372036854.78ms, total = 0.00ms
	GcsInMemoryStore.Delete - 1 total (0 active), Execution time: mean = 0.01ms, total = 0.01ms, Queueing time: mean = 0.01ms, max = 0.01ms, min = 0.01ms, total = 0.01ms
	NodeManager.AddNodeCallback - 1 total (0 active), Execution time: mean = 0.45ms, total = 0.45ms, Queueing time: mean = 0.13ms, max = 0.13ms, min = 0.13ms, total = 0.13ms
	InternalKVGcsService.grpc_server.InternalKVDel - 1 total (0 active), Execution time: mean = 0.45ms, total = 0.45ms, Queueing time: mean = 0.00ms, max = -0.00ms, min = 9223372036854.78ms, total = 0.00ms
	JobInfoGcsService.grpc_server.GetAllJobInfo - 1 total (0 active), Execution time: mean = 0.35ms, total = 0.35ms, Queueing time: mean = 0.00ms, max = -0.00ms, min = 9223372036854.78ms, total = 0.00ms
	JobInfoGcsService.grpc_server.GetNextJobID.HandleRequestImpl - 1 total (0 active), Execution time: mean = 0.02ms, total = 0.02ms, Queueing time: mean = 0.02ms, max = 0.02ms, min = 0.02ms, total = 0.02ms
	JobInfoGcsService.grpc_server.GetNextJobID - 1 total (0 active), Execution time: mean = 0.35ms, total = 0.35ms, Queueing time: mean = 0.00ms, max = -0.00ms, min = 9223372036854.78ms, total = 0.00ms
	GcsHealthCheckManager::AddNode - 1 total (0 active), Execution time: mean = 0.02ms, total = 0.02ms, Queueing time: mean = 0.00ms, max = 0.00ms, min = 0.00ms, total = 0.00ms
	NodeInfoGcsService.grpc_server.GetAllNodeAddressAndLiveness - 1 total (0 active), Execution time: mean = 0.37ms, total = 0.37ms, Queueing time: mean = 0.00ms, max = -0.00ms, min = 9223372036854.78ms, total = 0.00ms
	JobInfoGcsService.grpc_server.GetAllJobInfo.HandleRequestImpl - 1 total (0 active), Execution time: mean = 0.04ms, total = 0.04ms, Queueing time: mean = 0.02ms, max = 0.02ms, min = 0.02ms, total = 0.02ms
	GcsResourceManager::Update - 1 total (0 active), Execution time: mean = 0.08ms, total = 0.08ms, Queueing time: mean = 0.01ms, max = 0.01ms, min = 0.01ms, total = 0.01ms
	NodeInfoGcsService.grpc_server.RegisterNode.HandleRequestImpl - 1 total (0 active), Execution time: mean = 0.23ms, total = 0.23ms, Queueing time: mean = 0.02ms, max = 0.02ms, min = 0.02ms, total = 0.02ms
	InternalKVGcsService.grpc_server.InternalKVDel.HandleRequestImpl - 1 total (0 active), Execution time: mean = 0.06ms, total = 0.06ms, Queueing time: mean = 0.01ms, max = 0.01ms, min = 0.01ms, total = 0.01ms
	InternalKVGcsService.grpc_server.GetInternalConfig.HandleRequestImpl - 1 total (0 active), Execution time: mean = 0.10ms, total = 0.10ms, Queueing time: mean = 0.02ms, max = 0.02ms, min = 0.02ms, total = 0.02ms
	NodeInfoGcsService.grpc_server.GetAllNodeAddressAndLiveness.HandleRequestImpl - 1 total (0 active), Execution time: mean = 0.01ms, total = 0.01ms, Queueing time: mean = 0.01ms, max = 0.01ms, min = 0.01ms, total = 0.01ms
	GcsHealthCheckManager::MarkNodeHealthy - 1 total (0 active), Execution time: mean = 0.00ms, total = 0.00ms, Queueing time: mean = 0.01ms, max = 0.01ms, min = 0.01ms, total = 0.01ms
	GcsInitData::AsyncLoad - 1 total (0 active), Execution time: mean = 0.01ms, total = 0.01ms, Queueing time: mean = 0.00ms, max = 0.00ms, min = 0.00ms, total = 0.00ms
	InternalKVGcsService.grpc_server.GetInternalConfig - 1 total (0 active), Execution time: mean = 0.65ms, total = 0.65ms, Queueing time: mean = 0.00ms, max = -0.00ms, min = 9223372036854.78ms, total = 0.00ms
	GcsInMemoryStore.GetNextJobID - 1 total (0 active), Execution time: mean = 0.01ms, total = 0.01ms, Queueing time: mean = 0.01ms, max = 0.01ms, min = 0.01ms, total = 0.01ms
	NodeInfoGcsService.grpc_server.RegisterNode - 1 total (0 active), Execution time: mean = 0.64ms, total = 0.64ms, Queueing time: mean = 0.00ms, max = -0.00ms, min = 9223372036854.78ms, total = 0.00ms
	GcsServer.GetOrGenerateClusterId.continuation - 1 total (0 active), Execution time: mean = 1520.34ms, total = 1520.34ms, Queueing time: mean = 0.00ms, max = 0.00ms, min = 0.00ms, total = 0.00ms


[2026-06-04 22:48:10,517 I 512 512] (gcs_server) gcs_server.cc:940: task_io_context Event stats:


Global stats: 364 total (1 active)
Queueing time: mean = 0.28ms, max = 89.27ms, min = 0.00ms, total = 103.14ms
Execution time:  mean = 0.01ms, total = 4.71ms
Event stats:
	GcsTaskManager.GcJobSummary - 241 total (1 active), Execution time: mean = 0.01ms, total = 2.42ms, Queueing time: mean = 0.42ms, max = 89.27ms, min = 0.01ms, total = 101.17ms
	event_loop_lag_probe - 122 total (0 active), Execution time: mean = 0.02ms, total = 2.27ms, Queueing time: mean = 0.02ms, max = 0.50ms, min = 0.00ms, total = 1.95ms
	PeriodicalRunner.RunFnPeriodically - 1 total (0 active), Execution time: mean = 0.02ms, total = 0.02ms, Queueing time: mean = 0.02ms, max = 0.02ms, min = 0.02ms, total = 0.02ms


[2026-06-04 22:48:10,518 I 512 512] (gcs_server) gcs_server.cc:940: pubsub_io_context Event stats:


Global stats: 708 total (2 active)
Queueing time: mean = 0.46ms, max = 95.93ms, min = 0.00ms, total = 322.48ms
Execution time:  mean = 1674.56ms, total = 1185589.46ms
Event stats:
	InternalPubSubGcsService.grpc_server.GcsPublish - 285 total (0 active), Execution time: mean = 2.78ms, total = 792.16ms, Queueing time: mean = 0.00ms, max = -0.00ms, min = 9223372036854.78ms, total = 0.00ms
	InternalPubSubGcsService.grpc_server.GcsPublish.HandleRequestImpl - 285 total (0 active), Execution time: mean = 0.12ms, total = 34.06ms, Queueing time: mean = 1.05ms, max = 95.93ms, min = 0.01ms, total = 298.17ms
	event_loop_lag_probe - 122 total (0 active), Execution time: mean = 0.02ms, total = 2.19ms, Queueing time: mean = 0.13ms, max = 15.11ms, min = 0.00ms, total = 16.43ms
	Publisher.CheckDeadSubscribers - 5 total (1 active), Execution time: mean = 0.02ms, total = 0.08ms, Queueing time: mean = 0.03ms, max = 0.06ms, min = 0.03ms, total = 0.17ms
	InternalPubSubGcsService.grpc_server.GcsSubscriberPoll - 3 total (1 active), Execution time: mean = 394919.91ms, total = 1184759.72ms, Queueing time: mean = 0.00ms, max = -0.00ms, min = 9223372036854.78ms, total = 0.00ms
	InternalPubSubGcsService.grpc_server.GcsSubscriberPoll.HandleRequestImpl - 3 total (0 active), Execution time: mean = 0.08ms, total = 0.23ms, Queueing time: mean = 0.08ms, max = 0.19ms, min = 0.02ms, total = 0.23ms
	InternalPubSubGcsService.grpc_server.GcsSubscriberCommandBatch - 2 total (0 active), Execution time: mean = 0.37ms, total = 0.74ms, Queueing time: mean = 0.00ms, max = -0.00ms, min = 9223372036854.78ms, total = 0.00ms
	InternalPubSubGcsService.grpc_server.GcsSubscriberCommandBatch.HandleRequestImpl - 2 total (0 active), Execution time: mean = 0.10ms, total = 0.21ms, Queueing time: mean = 0.02ms, max = 0.03ms, min = 0.01ms, total = 0.04ms
	PeriodicalRunner.RunFnPeriodically - 1 total (0 active), Execution time: mean = 0.06ms, total = 0.06ms, Queueing time: mean = 7.44ms, max = 7.44ms, min = 7.44ms, total = 7.44ms


[2026-06-04 22:48:10,518 I 512 512] (gcs_server) gcs_server.cc:940: ray_syncer_io_context Event stats:


Global stats: 126 total (0 active)
Queueing time: mean = 0.02ms, max = 0.61ms, min = 0.00ms, total = 2.05ms
Execution time:  mean = 0.02ms, total = 2.63ms
Event stats:
	event_loop_lag_probe - 122 total (0 active), Execution time: mean = 0.02ms, total = 2.45ms, Queueing time: mean = 0.02ms, max = 0.61ms, min = 0.00ms, total = 1.95ms
	RaySyncerRegister - 2 total (0 active), Execution time: mean = 0.00ms, total = 0.00ms, Queueing time: mean = 0.04ms, max = 0.06ms, min = 0.01ms, total = 0.08ms
	RaySyncer.BroadcastMessage - 1 total (0 active), Execution time: mean = 0.02ms, total = 0.02ms, Queueing time: mean = 0.00ms, max = 0.00ms, min = 0.00ms, total = 0.00ms
	 - 1 total (0 active), Execution time: mean = 0.16ms, total = 0.16ms, Queueing time: mean = 0.02ms, max = 0.02ms, min = 0.02ms, total = 0.02ms


[2026-06-04 22:48:10,518 I 512 512] (gcs_server) gcs_server.cc:940: ray_event_io_context Event stats:


Global stats: 122 total (0 active)
Queueing time: mean = 0.08ms, max = 8.24ms, min = 0.00ms, total = 9.35ms
Execution time:  mean = 0.02ms, total = 2.12ms
Event stats:
	event_loop_lag_probe - 122 total (0 active), Execution time: mean = 0.02ms, total = 2.12ms, Queueing time: mean = 0.08ms, max = 8.24ms, min = 0.00ms, total = 9.35ms


[2026-06-04 22:49:10,518 I 512 512] (gcs_server) gcs_server.cc:922: Gcs Debug state:

GcsNodeManager: 
- RegisterNode request count: 1
- DrainNode request count: 0
- GetAllNodeInfo request count: 3

GcsActorManager: 
- RegisterActor request count: 0
- CreateActor request count: 0
- GetActorInfo request count: 0
- GetNamedActorInfo request count: 0
- GetAllActorInfo request count: 0
- KillActor request count: 0
- ListNamedActors request count: 0
- Registered actors count: 0
- Destroyed actors count: 0
- Named actors count: 0
- Unresolved actors count: 0
- Pending actors count: 0
- Created actors count: 0
- owners_: 0
- actor_to_register_callbacks_: 0
- actor_to_restart_for_lineage_reconstruction_callbacks_: 0
- actor_to_create_callbacks_: 0
- sorted_destroyed_actor_list_: 0

GcsResourceManager: 
- GetAllAvailableResources request count: 0
- GetAllTotalResources request count: 0
- GetAllResourceUsage request count: 250

GcsPlacementGroupManager: 
- CreatePlacementGroup request count: 0
- RemovePlacementGroup request count: 0
- GetPlacementGroup request count: 0
- GetAllPlacementGroup request count: 0
- WaitPlacementGroupUntilReady request count: 0
- GetNamedPlacementGroup request count: 0
- Scheduling pending placement group count: 0
- Registered placement groups count: 0
- Named placement group count: 0
- Pending placement groups count: 0
- Infeasible placement groups count: 0

Publisher:
GCS_NODE_INFO_CHANNEL
- cumulative published messages: 1
- cumulative published bytes: 499
- current buffered bytes: 0
GCS_NODE_ADDRESS_AND_LIVENESS_CHANNEL
- cumulative published messages: 1
- cumulative published bytes: 92
- current buffered bytes: 0
RAY_LOG_CHANNEL
- cumulative published messages: 297
- cumulative published bytes: 257718
- current buffered bytes: 0

[runtime env manager] ID to URIs table:
[runtime env manager] URIs reference table:

GcsTaskManager: 
-Total num task events reported: 0
-Total num status task events dropped: 0
-Total num profile events dropped: 0
-Current num of task events stored: 0
-Total num of actor creation tasks: 0
-Total num of actor tasks: 0
-Total num of normal tasks: 0
-Total num of driver tasks: 0

GcsAutoscalerStateManager: 
- last_seen_autoscaler_state_version_: 0
- last_cluster_resource_state_version_: 250
- pending demands:



[2026-06-04 22:49:10,519 I 512 512] (gcs_server) gcs_server.cc:936: Main service Event stats:


Global stats: 10927 total (5 active)
Queueing time: mean = 3.64ms, max = 1522.53ms, min = 0.00ms, total = 39759.29ms
Execution time:  mean = 1.61ms, total = 17625.88ms
Event stats:
	GcsInMemoryStore.Put - 2026 total (0 active), Execution time: mean = 0.75ms, total = 1527.92ms, Queueing time: mean = 0.82ms, max = 1521.87ms, min = 0.00ms, total = 1661.61ms
	RayletLoadPulled - 1259 total (1 active), Execution time: mean = 0.24ms, total = 296.04ms, Queueing time: mean = 1.02ms, max = 297.72ms, min = 0.01ms, total = 1284.86ms
	NodeManagerService.grpc_client.GetResourceLoad.OnReplyReceived - 1245 total (0 active), Execution time: mean = 0.05ms, total = 59.56ms, Queueing time: mean = 0.49ms, max = 96.21ms, min = 0.01ms, total = 614.58ms
	NodeManagerService.grpc_client.GetResourceLoad - 1245 total (0 active), Execution time: mean = 9.72ms, total = 12106.72ms, Queueing time: mean = 0.00ms, max = -0.00ms, min = 9223372036854.78ms, total = 0.00ms
	InternalKVGcsService.grpc_server.InternalKVPut.HandleRequestImpl - 510 total (0 active), Execution time: mean = 0.05ms, total = 25.01ms, Queueing time: mean = 0.77ms, max = 96.13ms, min = 0.01ms, total = 393.31ms
	InternalKVGcsService.grpc_server.InternalKVPut - 510 total (0 active), Execution time: mean = 1.65ms, total = 841.95ms, Queueing time: mean = 0.00ms, max = -0.00ms, min = 9223372036854.78ms, total = 0.00ms
	ClusterResourceManager.ResetRemoteNodeView - 420 total (1 active), Execution time: mean = 0.01ms, total = 3.94ms, Queueing time: mean = 0.44ms, max = 95.89ms, min = 0.01ms, total = 183.65ms
	HealthCheck - 414 total (0 active), Execution time: mean = 0.00ms, total = 1.78ms, Queueing time: mean = 0.50ms, max = 96.16ms, min = 0.01ms, total = 208.33ms
	GcsInMemoryStore.Get - 366 total (0 active), Execution time: mean = 0.01ms, total = 4.45ms, Queueing time: mean = 0.01ms, max = 0.11ms, min = 0.01ms, total = 5.16ms
	InternalKVGcsService.grpc_server.InternalKVGet.HandleRequestImpl - 365 total (0 active), Execution time: mean = 0.08ms, total = 30.27ms, Queueing time: mean = 0.29ms, max = 95.88ms, min = 0.01ms, total = 104.54ms
	InternalKVGcsService.grpc_server.InternalKVGet - 365 total (0 active), Execution time: mean = 1.19ms, total = 434.43ms, Queueing time: mean = 0.00ms, max = -0.00ms, min = 9223372036854.78ms, total = 0.00ms
	NodeInfoGcsService.grpc_server.CheckAlive - 270 total (0 active), Execution time: mean = 0.76ms, total = 204.92ms, Queueing time: mean = 0.00ms, max = -0.00ms, min = 9223372036854.78ms, total = 0.00ms
	NodeInfoGcsService.grpc_server.CheckAlive.HandleRequestImpl - 270 total (0 active), Execution time: mean = 0.02ms, total = 5.44ms, Queueing time: mean = 0.03ms, max = 0.31ms, min = 0.01ms, total = 8.42ms
	GCSServer.deadline_timer.metrics_report - 252 total (1 active), Execution time: mean = 0.21ms, total = 53.91ms, Queueing time: mean = 0.68ms, max = 95.50ms, min = 0.01ms, total = 170.75ms
	AutoscalerStateService.grpc_server.GetClusterResourceState - 250 total (0 active), Execution time: mean = 0.36ms, total = 89.86ms, Queueing time: mean = 0.00ms, max = -0.00ms, min = 9223372036854.78ms, total = 0.00ms
	AutoscalerStateService.grpc_server.GetClusterResourceState.HandleRequestImpl - 250 total (0 active), Execution time: mean = 0.04ms, total = 9.29ms, Queueing time: mean = 0.02ms, max = 0.70ms, min = 0.01ms, total = 5.51ms
	NodeResourceInfoGcsService.grpc_server.GetAllResourceUsage.HandleRequestImpl - 250 total (0 active), Execution time: mean = 0.07ms, total = 16.53ms, Queueing time: mean = 0.04ms, max = 1.38ms, min = 0.01ms, total = 10.79ms
	NodeResourceInfoGcsService.grpc_server.GetAllResourceUsage - 250 total (0 active), Execution time: mean = 0.88ms, total = 218.76ms, Queueing time: mean = 0.00ms, max = -0.00ms, min = 9223372036854.78ms, total = 0.00ms
	event_loop_lag_probe - 128 total (0 active), Execution time: mean = 0.01ms, total = 1.55ms, Queueing time: mean = 0.12ms, max = 14.25ms, min = 0.00ms, total = 15.53ms
	GCSServer.deadline_timer.gcs_global_gc - 126 total (1 active), Execution time: mean = 0.01ms, total = 0.94ms, Queueing time: mean = 0.75ms, max = 66.72ms, min = 0.01ms, total = 94.87ms
	ReporterService.grpc_client.HealthCheck.OnReplyReceived - 31 total (0 active), Execution time: mean = 0.16ms, total = 5.10ms, Queueing time: mean = 52.09ms, max = 1517.54ms, min = 0.02ms, total = 1614.71ms
	ReporterService.grpc_client.HealthCheck - 31 total (0 active), Execution time: mean = 3.62ms, total = 112.34ms, Queueing time: mean = 0.00ms, max = -0.00ms, min = 9223372036854.78ms, total = 0.00ms
	MetricsAgentClient.WaitForServerReadyWithRetry - 30 total (0 active), Execution time: mean = 0.27ms, total = 8.13ms, Queueing time: mean = 1008.67ms, max = 1097.53ms, min = 1000.02ms, total = 30260.04ms
	GCSServer.deadline_timer.debug_state_event_stats_print - 21 total (1 active, 1 running), Execution time: mean = 1.32ms, total = 27.72ms, Queueing time: mean = 3.22ms, max = 67.10ms, min = 0.02ms, total = 67.66ms
	GcsInMemoryStore.GetAll - 6 total (0 active), Execution time: mean = 0.01ms, total = 0.06ms, Queueing time: mean = 0.06ms, max = 0.07ms, min = 0.01ms, total = 0.34ms
	PeriodicalRunner.RunFnPeriodically - 5 total (0 active), Execution time: mean = 0.11ms, total = 0.54ms, Queueing time: mean = 610.50ms, max = 1522.53ms, min = 2.26ms, total = 3052.48ms
	NodeInfoGcsService.grpc_server.GetClusterId - 4 total (0 active), Execution time: mean = 2.91ms, total = 11.62ms, Queueing time: mean = 0.00ms, max = -0.00ms, min = 9223372036854.78ms, total = 0.00ms
	NodeInfoGcsService.grpc_server.GetClusterId.HandleRequestImpl - 4 total (0 active), Execution time: mean = 0.54ms, total = 2.15ms, Queueing time: mean = 0.45ms, max = 1.73ms, min = 0.02ms, total = 1.81ms
	NodeInfoGcsService.grpc_server.GetAllNodeInfo.HandleRequestImpl - 2 total (0 active), Execution time: mean = 0.04ms, total = 0.08ms, Queueing time: mean = 0.02ms, max = 0.03ms, min = 0.01ms, total = 0.04ms
	NodeInfoGcsService.grpc_server.GetAllNodeInfo - 2 total (0 active), Execution time: mean = 0.36ms, total = 0.71ms, Queueing time: mean = 0.00ms, max = -0.00ms, min = 9223372036854.78ms, total = 0.00ms
	GcsInMemoryStore.Delete - 1 total (0 active), Execution time: mean = 0.01ms, total = 0.01ms, Queueing time: mean = 0.01ms, max = 0.01ms, min = 0.01ms, total = 0.01ms
	NodeManager.AddNodeCallback - 1 total (0 active), Execution time: mean = 0.45ms, total = 0.45ms, Queueing time: mean = 0.13ms, max = 0.13ms, min = 0.13ms, total = 0.13ms
	InternalKVGcsService.grpc_server.InternalKVDel - 1 total (0 active), Execution time: mean = 0.45ms, total = 0.45ms, Queueing time: mean = 0.00ms, max = -0.00ms, min = 9223372036854.78ms, total = 0.00ms
	JobInfoGcsService.grpc_server.GetAllJobInfo - 1 total (0 active), Execution time: mean = 0.35ms, total = 0.35ms, Queueing time: mean = 0.00ms, max = -0.00ms, min = 9223372036854.78ms, total = 0.00ms
	JobInfoGcsService.grpc_server.GetNextJobID.HandleRequestImpl - 1 total (0 active), Execution time: mean = 0.02ms, total = 0.02ms, Queueing time: mean = 0.02ms, max = 0.02ms, min = 0.02ms, total = 0.02ms
	JobInfoGcsService.grpc_server.GetNextJobID - 1 total (0 active), Execution time: mean = 0.35ms, total = 0.35ms, Queueing time: mean = 0.00ms, max = -0.00ms, min = 9223372036854.78ms, total = 0.00ms
	GcsHealthCheckManager::AddNode - 1 total (0 active), Execution time: mean = 0.02ms, total = 0.02ms, Queueing time: mean = 0.00ms, max = 0.00ms, min = 0.00ms, total = 0.00ms
	NodeInfoGcsService.grpc_server.GetAllNodeAddressAndLiveness - 1 total (0 active), Execution time: mean = 0.37ms, total = 0.37ms, Queueing time: mean = 0.00ms, max = -0.00ms, min = 9223372036854.78ms, total = 0.00ms
	JobInfoGcsService.grpc_server.GetAllJobInfo.HandleRequestImpl - 1 total (0 active), Execution time: mean = 0.04ms, total = 0.04ms, Queueing time: mean = 0.02ms, max = 0.02ms, min = 0.02ms, total = 0.02ms
	GcsResourceManager::Update - 1 total (0 active), Execution time: mean = 0.08ms, total = 0.08ms, Queueing time: mean = 0.01ms, max = 0.01ms, min = 0.01ms, total = 0.01ms
	NodeInfoGcsService.grpc_server.RegisterNode.HandleRequestImpl - 1 total (0 active), Execution time: mean = 0.23ms, total = 0.23ms, Queueing time: mean = 0.02ms, max = 0.02ms, min = 0.02ms, total = 0.02ms
	InternalKVGcsService.grpc_server.InternalKVDel.HandleRequestImpl - 1 total (0 active), Execution time: mean = 0.06ms, total = 0.06ms, Queueing time: mean = 0.01ms, max = 0.01ms, min = 0.01ms, total = 0.01ms
	InternalKVGcsService.grpc_server.GetInternalConfig.HandleRequestImpl - 1 total (0 active), Execution time: mean = 0.10ms, total = 0.10ms, Queueing time: mean = 0.02ms, max = 0.02ms, min = 0.02ms, total = 0.02ms
	NodeInfoGcsService.grpc_server.GetAllNodeAddressAndLiveness.HandleRequestImpl - 1 total (0 active), Execution time: mean = 0.01ms, total = 0.01ms, Queueing time: mean = 0.01ms, max = 0.01ms, min = 0.01ms, total = 0.01ms
	GcsHealthCheckManager::MarkNodeHealthy - 1 total (0 active), Execution time: mean = 0.00ms, total = 0.00ms, Queueing time: mean = 0.01ms, max = 0.01ms, min = 0.01ms, total = 0.01ms
	GcsInitData::AsyncLoad - 1 total (0 active), Execution time: mean = 0.01ms, total = 0.01ms, Queueing time: mean = 0.00ms, max = 0.00ms, min = 0.00ms, total = 0.00ms
	InternalKVGcsService.grpc_server.GetInternalConfig - 1 total (0 active), Execution time: mean = 0.65ms, total = 0.65ms, Queueing time: mean = 0.00ms, max = -0.00ms, min = 9223372036854.78ms, total = 0.00ms
	GcsInMemoryStore.GetNextJobID - 1 total (0 active), Execution time: mean = 0.01ms, total = 0.01ms, Queueing time: mean = 0.01ms, max = 0.01ms, min = 0.01ms, total = 0.01ms
	NodeInfoGcsService.grpc_server.RegisterNode - 1 total (0 active), Execution time: mean = 0.64ms, total = 0.64ms, Queueing time: mean = 0.00ms, max = -0.00ms, min = 9223372036854.78ms, total = 0.00ms
	GcsServer.GetOrGenerateClusterId.continuation - 1 total (0 active), Execution time: mean = 1520.34ms, total = 1520.34ms, Queueing time: mean = 0.00ms, max = 0.00ms, min = 0.00ms, total = 0.00ms


[2026-06-04 22:49:10,519 I 512 512] (gcs_server) gcs_server.cc:940: task_io_context Event stats:


Global stats: 382 total (1 active)
Queueing time: mean = 0.27ms, max = 89.27ms, min = -0.00ms, total = 103.74ms
Execution time:  mean = 0.01ms, total = 4.93ms
Event stats:
	GcsTaskManager.GcJobSummary - 253 total (1 active), Execution time: mean = 0.01ms, total = 2.56ms, Queueing time: mean = 0.40ms, max = 89.27ms, min = -0.00ms, total = 101.71ms
	event_loop_lag_probe - 128 total (0 active), Execution time: mean = 0.02ms, total = 2.36ms, Queueing time: mean = 0.02ms, max = 0.50ms, min = 0.00ms, total = 2.01ms
	PeriodicalRunner.RunFnPeriodically - 1 total (0 active), Execution time: mean = 0.02ms, total = 0.02ms, Queueing time: mean = 0.02ms, max = 0.02ms, min = 0.02ms, total = 0.02ms


[2026-06-04 22:49:10,519 I 512 512] (gcs_server) gcs_server.cc:940: pubsub_io_context Event stats:


Global stats: 738 total (2 active)
Queueing time: mean = 0.44ms, max = 95.93ms, min = 0.00ms, total = 322.95ms
Execution time:  mean = 1606.50ms, total = 1185596.17ms
Event stats:
	InternalPubSubGcsService.grpc_server.GcsPublish - 297 total (0 active), Execution time: mean = 2.68ms, total = 797.44ms, Queueing time: mean = 0.00ms, max = -0.00ms, min = 9223372036854.78ms, total = 0.00ms
	InternalPubSubGcsService.grpc_server.GcsPublish.HandleRequestImpl - 297 total (0 active), Execution time: mean = 0.12ms, total = 35.40ms, Queueing time: mean = 1.01ms, max = 95.93ms, min = 0.01ms, total = 298.57ms
	event_loop_lag_probe - 128 total (0 active), Execution time: mean = 0.02ms, total = 2.29ms, Queueing time: mean = 0.13ms, max = 15.11ms, min = 0.00ms, total = 16.49ms
	Publisher.CheckDeadSubscribers - 5 total (1 active), Execution time: mean = 0.02ms, total = 0.08ms, Queueing time: mean = 0.03ms, max = 0.06ms, min = 0.03ms, total = 0.17ms
	InternalPubSubGcsService.grpc_server.GcsSubscriberPoll - 3 total (1 active), Execution time: mean = 394919.91ms, total = 1184759.72ms, Queueing time: mean = 0.00ms, max = -0.00ms, min = 9223372036854.78ms, total = 0.00ms
	InternalPubSubGcsService.grpc_server.GcsSubscriberPoll.HandleRequestImpl - 3 total (0 active), Execution time: mean = 0.08ms, total = 0.23ms, Queueing time: mean = 0.08ms, max = 0.19ms, min = 0.02ms, total = 0.23ms
	InternalPubSubGcsService.grpc_server.GcsSubscriberCommandBatch - 2 total (0 active), Execution time: mean = 0.37ms, total = 0.74ms, Queueing time: mean = 0.00ms, max = -0.00ms, min = 9223372036854.78ms, total = 0.00ms
	InternalPubSubGcsService.grpc_server.GcsSubscriberCommandBatch.HandleRequestImpl - 2 total (0 active), Execution time: mean = 0.10ms, total = 0.21ms, Queueing time: mean = 0.02ms, max = 0.03ms, min = 0.01ms, total = 0.04ms
	PeriodicalRunner.RunFnPeriodically - 1 total (0 active), Execution time: mean = 0.06ms, total = 0.06ms, Queueing time: mean = 7.44ms, max = 7.44ms, min = 7.44ms, total = 7.44ms


[2026-06-04 22:49:10,519 I 512 512] (gcs_server) gcs_server.cc:940: ray_syncer_io_context Event stats:


Global stats: 132 total (0 active)
Queueing time: mean = 0.02ms, max = 0.61ms, min = 0.00ms, total = 2.11ms
Execution time:  mean = 0.02ms, total = 2.74ms
Event stats:
	event_loop_lag_probe - 128 total (0 active), Execution time: mean = 0.02ms, total = 2.55ms, Queueing time: mean = 0.02ms, max = 0.61ms, min = 0.00ms, total = 2.01ms
	RaySyncerRegister - 2 total (0 active), Execution time: mean = 0.00ms, total = 0.00ms, Queueing time: mean = 0.04ms, max = 0.06ms, min = 0.01ms, total = 0.08ms
	RaySyncer.BroadcastMessage - 1 total (0 active), Execution time: mean = 0.02ms, total = 0.02ms, Queueing time: mean = 0.00ms, max = 0.00ms, min = 0.00ms, total = 0.00ms
	 - 1 total (0 active), Execution time: mean = 0.16ms, total = 0.16ms, Queueing time: mean = 0.02ms, max = 0.02ms, min = 0.02ms, total = 0.02ms


[2026-06-04 22:49:10,519 I 512 512] (gcs_server) gcs_server.cc:940: ray_event_io_context Event stats:


Global stats: 128 total (0 active)
Queueing time: mean = 0.07ms, max = 8.24ms, min = 0.00ms, total = 9.41ms
Execution time:  mean = 0.02ms, total = 2.22ms
Event stats:
	event_loop_lag_probe - 128 total (0 active), Execution time: mean = 0.02ms, total = 2.22ms, Queueing time: mean = 0.07ms, max = 8.24ms, min = 0.00ms, total = 9.41ms


[2026-06-04 22:50:10,519 I 512 512] (gcs_server) gcs_server.cc:922: Gcs Debug state:

GcsNodeManager: 
- RegisterNode request count: 1
- DrainNode request count: 0
- GetAllNodeInfo request count: 3

GcsActorManager: 
- RegisterActor request count: 0
- CreateActor request count: 0
- GetActorInfo request count: 0
- GetNamedActorInfo request count: 0
- GetAllActorInfo request count: 0
- KillActor request count: 0
- ListNamedActors request count: 0
- Registered actors count: 0
- Destroyed actors count: 0
- Named actors count: 0
- Unresolved actors count: 0
- Pending actors count: 0
- Created actors count: 0
- owners_: 0
- actor_to_register_callbacks_: 0
- actor_to_restart_for_lineage_reconstruction_callbacks_: 0
- actor_to_create_callbacks_: 0
- sorted_destroyed_actor_list_: 0

GcsResourceManager: 
- GetAllAvailableResources request count: 0
- GetAllTotalResources request count: 0
- GetAllResourceUsage request count: 262

GcsPlacementGroupManager: 
- CreatePlacementGroup request count: 0
- RemovePlacementGroup request count: 0
- GetPlacementGroup request count: 0
- GetAllPlacementGroup request count: 0
- WaitPlacementGroupUntilReady request count: 0
- GetNamedPlacementGroup request count: 0
- Scheduling pending placement group count: 0
- Registered placement groups count: 0
- Named placement group count: 0
- Pending placement groups count: 0
- Infeasible placement groups count: 0

Publisher:
GCS_NODE_INFO_CHANNEL
- cumulative published messages: 1
- cumulative published bytes: 499
- current buffered bytes: 0
GCS_NODE_ADDRESS_AND_LIVENESS_CHANNEL
- cumulative published messages: 1
- cumulative published bytes: 92
- current buffered bytes: 0
RAY_LOG_CHANNEL
- cumulative published messages: 309
- cumulative published bytes: 268002
- current buffered bytes: 0

[runtime env manager] ID to URIs table:
[runtime env manager] URIs reference table:

GcsTaskManager: 
-Total num task events reported: 0
-Total num status task events dropped: 0
-Total num profile events dropped: 0
-Current num of task events stored: 0
-Total num of actor creation tasks: 0
-Total num of actor tasks: 0
-Total num of normal tasks: 0
-Total num of driver tasks: 0

GcsAutoscalerStateManager: 
- last_seen_autoscaler_state_version_: 0
- last_cluster_resource_state_version_: 262
- pending demands:



[2026-06-04 22:50:10,520 I 512 512] (gcs_server) gcs_server.cc:936: Main service Event stats:


Global stats: 11426 total (5 active)
Queueing time: mean = 3.48ms, max = 1522.53ms, min = 0.00ms, total = 39773.62ms
Execution time:  mean = 1.55ms, total = 17743.01ms
Event stats:
	GcsInMemoryStore.Put - 2122 total (0 active), Execution time: mean = 0.72ms, total = 1528.26ms, Queueing time: mean = 0.79ms, max = 1521.87ms, min = 0.00ms, total = 1668.34ms
	RayletLoadPulled - 1319 total (1 active), Execution time: mean = 0.23ms, total = 308.71ms, Queueing time: mean = 0.98ms, max = 297.72ms, min = 0.01ms, total = 1286.56ms
	NodeManagerService.grpc_client.GetResourceLoad.OnReplyReceived - 1305 total (0 active), Execution time: mean = 0.05ms, total = 62.15ms, Queueing time: mean = 0.47ms, max = 96.21ms, min = 0.01ms, total = 616.09ms
	NodeManagerService.grpc_client.GetResourceLoad - 1305 total (0 active), Execution time: mean = 9.33ms, total = 12174.62ms, Queueing time: mean = 0.00ms, max = -0.00ms, min = 9223372036854.78ms, total = 0.00ms
	InternalKVGcsService.grpc_server.InternalKVPut.HandleRequestImpl - 534 total (0 active), Execution time: mean = 0.05ms, total = 26.10ms, Queueing time: mean = 0.74ms, max = 96.13ms, min = 0.01ms, total = 393.66ms
	InternalKVGcsService.grpc_server.InternalKVPut - 534 total (0 active), Execution time: mean = 1.59ms, total = 849.21ms, Queueing time: mean = 0.00ms, max = -0.00ms, min = 9223372036854.78ms, total = 0.00ms
	ClusterResourceManager.ResetRemoteNodeView - 440 total (1 active), Execution time: mean = 0.01ms, total = 4.10ms, Queueing time: mean = 0.42ms, max = 95.89ms, min = 0.01ms, total = 184.26ms
	HealthCheck - 434 total (0 active), Execution time: mean = 0.00ms, total = 1.86ms, Queueing time: mean = 0.48ms, max = 96.16ms, min = 0.01ms, total = 208.80ms
	GcsInMemoryStore.Get - 378 total (0 active), Execution time: mean = 0.01ms, total = 4.61ms, Queueing time: mean = 0.01ms, max = 0.11ms, min = 0.01ms, total = 5.33ms
	InternalKVGcsService.grpc_server.InternalKVGet.HandleRequestImpl - 377 total (0 active), Execution time: mean = 0.08ms, total = 31.40ms, Queueing time: mean = 0.28ms, max = 95.88ms, min = 0.01ms, total = 104.71ms
	InternalKVGcsService.grpc_server.InternalKVGet - 377 total (0 active), Execution time: mean = 1.16ms, total = 438.79ms, Queueing time: mean = 0.00ms, max = -0.00ms, min = 9223372036854.78ms, total = 0.00ms
	NodeInfoGcsService.grpc_server.CheckAlive - 283 total (0 active), Execution time: mean = 0.74ms, total = 210.15ms, Queueing time: mean = 0.00ms, max = -0.00ms, min = 9223372036854.78ms, total = 0.00ms
	NodeInfoGcsService.grpc_server.CheckAlive.HandleRequestImpl - 283 total (0 active), Execution time: mean = 0.02ms, total = 5.73ms, Queueing time: mean = 0.03ms, max = 0.31ms, min = 0.01ms, total = 8.83ms
	GCSServer.deadline_timer.metrics_report - 264 total (1 active), Execution time: mean = 0.21ms, total = 56.54ms, Queueing time: mean = 0.65ms, max = 95.50ms, min = 0.01ms, total = 171.04ms
	AutoscalerStateService.grpc_server.GetClusterResourceState - 262 total (0 active), Execution time: mean = 0.36ms, total = 93.50ms, Queueing time: mean = 0.00ms, max = -0.00ms, min = 9223372036854.78ms, total = 0.00ms
	AutoscalerStateService.grpc_server.GetClusterResourceState.HandleRequestImpl - 262 total (0 active), Execution time: mean = 0.04ms, total = 9.69ms, Queueing time: mean = 0.02ms, max = 0.70ms, min = 0.01ms, total = 5.70ms
	NodeResourceInfoGcsService.grpc_server.GetAllResourceUsage.HandleRequestImpl - 262 total (0 active), Execution time: mean = 0.07ms, total = 17.20ms, Queueing time: mean = 0.04ms, max = 1.38ms, min = 0.01ms, total = 11.10ms
	NodeResourceInfoGcsService.grpc_server.GetAllResourceUsage - 262 total (0 active), Execution time: mean = 0.85ms, total = 223.76ms, Queueing time: mean = 0.00ms, max = -0.00ms, min = 9223372036854.78ms, total = 0.00ms
	event_loop_lag_probe - 134 total (0 active), Execution time: mean = 0.01ms, total = 1.63ms, Queueing time: mean = 0.12ms, max = 14.25ms, min = 0.00ms, total = 15.57ms
	GCSServer.deadline_timer.gcs_global_gc - 132 total (1 active), Execution time: mean = 0.01ms, total = 0.98ms, Queueing time: mean = 0.73ms, max = 66.72ms, min = 0.01ms, total = 96.24ms
	ReporterService.grpc_client.HealthCheck.OnReplyReceived - 31 total (0 active), Execution time: mean = 0.16ms, total = 5.10ms, Queueing time: mean = 52.09ms, max = 1517.54ms, min = 0.02ms, total = 1614.71ms
	ReporterService.grpc_client.HealthCheck - 31 total (0 active), Execution time: mean = 3.62ms, total = 112.34ms, Queueing time: mean = 0.00ms, max = -0.00ms, min = 9223372036854.78ms, total = 0.00ms
	MetricsAgentClient.WaitForServerReadyWithRetry - 30 total (0 active), Execution time: mean = 0.27ms, total = 8.13ms, Queueing time: mean = 1008.67ms, max = 1097.53ms, min = 1000.02ms, total = 30260.04ms
	GCSServer.deadline_timer.debug_state_event_stats_print - 22 total (1 active, 1 running), Execution time: mean = 1.32ms, total = 29.11ms, Queueing time: mean = 3.08ms, max = 67.10ms, min = 0.02ms, total = 67.68ms
	GcsInMemoryStore.GetAll - 6 total (0 active), Execution time: mean = 0.01ms, total = 0.06ms, Queueing time: mean = 0.06ms, max = 0.07ms, min = 0.01ms, total = 0.34ms
	PeriodicalRunner.RunFnPeriodically - 5 total (0 active), Execution time: mean = 0.11ms, total = 0.54ms, Queueing time: mean = 610.50ms, max = 1522.53ms, min = 2.26ms, total = 3052.48ms
	NodeInfoGcsService.grpc_server.GetClusterId - 4 total (0 active), Execution time: mean = 2.91ms, total = 11.62ms, Queueing time: mean = 0.00ms, max = -0.00ms, min = 9223372036854.78ms, total = 0.00ms
	NodeInfoGcsService.grpc_server.GetClusterId.HandleRequestImpl - 4 total (0 active), Execution time: mean = 0.54ms, total = 2.15ms, Queueing time: mean = 0.45ms, max = 1.73ms, min = 0.02ms, total = 1.81ms
	NodeInfoGcsService.grpc_server.GetAllNodeInfo.HandleRequestImpl - 2 total (0 active), Execution time: mean = 0.04ms, total = 0.08ms, Queueing time: mean = 0.02ms, max = 0.03ms, min = 0.01ms, total = 0.04ms
	NodeInfoGcsService.grpc_server.GetAllNodeInfo - 2 total (0 active), Execution time: mean = 0.36ms, total = 0.71ms, Queueing time: mean = 0.00ms, max = -0.00ms, min = 9223372036854.78ms, total = 0.00ms
	GcsInMemoryStore.Delete - 1 total (0 active), Execution time: mean = 0.01ms, total = 0.01ms, Queueing time: mean = 0.01ms, max = 0.01ms, min = 0.01ms, total = 0.01ms
	NodeManager.AddNodeCallback - 1 total (0 active), Execution time: mean = 0.45ms, total = 0.45ms, Queueing time: mean = 0.13ms, max = 0.13ms, min = 0.13ms, total = 0.13ms
	InternalKVGcsService.grpc_server.InternalKVDel - 1 total (0 active), Execution time: mean = 0.45ms, total = 0.45ms, Queueing time: mean = 0.00ms, max = -0.00ms, min = 9223372036854.78ms, total = 0.00ms
	JobInfoGcsService.grpc_server.GetAllJobInfo - 1 total (0 active), Execution time: mean = 0.35ms, total = 0.35ms, Queueing time: mean = 0.00ms, max = -0.00ms, min = 9223372036854.78ms, total = 0.00ms
	JobInfoGcsService.grpc_server.GetNextJobID.HandleRequestImpl - 1 total (0 active), Execution time: mean = 0.02ms, total = 0.02ms, Queueing time: mean = 0.02ms, max = 0.02ms, min = 0.02ms, total = 0.02ms
	JobInfoGcsService.grpc_server.GetNextJobID - 1 total (0 active), Execution time: mean = 0.35ms, total = 0.35ms, Queueing time: mean = 0.00ms, max = -0.00ms, min = 9223372036854.78ms, total = 0.00ms
	GcsHealthCheckManager::AddNode - 1 total (0 active), Execution time: mean = 0.02ms, total = 0.02ms, Queueing time: mean = 0.00ms, max = 0.00ms, min = 0.00ms, total = 0.00ms
	NodeInfoGcsService.grpc_server.GetAllNodeAddressAndLiveness - 1 total (0 active), Execution time: mean = 0.37ms, total = 0.37ms, Queueing time: mean = 0.00ms, max = -0.00ms, min = 9223372036854.78ms, total = 0.00ms
	JobInfoGcsService.grpc_server.GetAllJobInfo.HandleRequestImpl - 1 total (0 active), Execution time: mean = 0.04ms, total = 0.04ms, Queueing time: mean = 0.02ms, max = 0.02ms, min = 0.02ms, total = 0.02ms
	GcsResourceManager::Update - 1 total (0 active), Execution time: mean = 0.08ms, total = 0.08ms, Queueing time: mean = 0.01ms, max = 0.01ms, min = 0.01ms, total = 0.01ms
	NodeInfoGcsService.grpc_server.RegisterNode.HandleRequestImpl - 1 total (0 active), Execution time: mean = 0.23ms, total = 0.23ms, Queueing time: mean = 0.02ms, max = 0.02ms, min = 0.02ms, total = 0.02ms
	InternalKVGcsService.grpc_server.InternalKVDel.HandleRequestImpl - 1 total (0 active), Execution time: mean = 0.06ms, total = 0.06ms, Queueing time: mean = 0.01ms, max = 0.01ms, min = 0.01ms, total = 0.01ms
	InternalKVGcsService.grpc_server.GetInternalConfig.HandleRequestImpl - 1 total (0 active), Execution time: mean = 0.10ms, total = 0.10ms, Queueing time: mean = 0.02ms, max = 0.02ms, min = 0.02ms, total = 0.02ms
	NodeInfoGcsService.grpc_server.GetAllNodeAddressAndLiveness.HandleRequestImpl - 1 total (0 active), Execution time: mean = 0.01ms, total = 0.01ms, Queueing time: mean = 0.01ms, max = 0.01ms, min = 0.01ms, total = 0.01ms
	GcsHealthCheckManager::MarkNodeHealthy - 1 total (0 active), Execution time: mean = 0.00ms, total = 0.00ms, Queueing time: mean = 0.01ms, max = 0.01ms, min = 0.01ms, total = 0.01ms
	GcsInitData::AsyncLoad - 1 total (0 active), Execution time: mean = 0.01ms, total = 0.01ms, Queueing time: mean = 0.00ms, max = 0.00ms, min = 0.00ms, total = 0.00ms
	InternalKVGcsService.grpc_server.GetInternalConfig - 1 total (0 active), Execution time: mean = 0.65ms, total = 0.65ms, Queueing time: mean = 0.00ms, max = -0.00ms, min = 9223372036854.78ms, total = 0.00ms
	GcsInMemoryStore.GetNextJobID - 1 total (0 active), Execution time: mean = 0.01ms, total = 0.01ms, Queueing time: mean = 0.01ms, max = 0.01ms, min = 0.01ms, total = 0.01ms
	NodeInfoGcsService.grpc_server.RegisterNode - 1 total (0 active), Execution time: mean = 0.64ms, total = 0.64ms, Queueing time: mean = 0.00ms, max = -0.00ms, min = 9223372036854.78ms, total = 0.00ms
	GcsServer.GetOrGenerateClusterId.continuation - 1 total (0 active), Execution time: mean = 1520.34ms, total = 1520.34ms, Queueing time: mean = 0.00ms, max = 0.00ms, min = 0.00ms, total = 0.00ms


[2026-06-04 22:50:10,520 I 512 512] (gcs_server) gcs_server.cc:940: task_io_context Event stats:


Global stats: 400 total (1 active)
Queueing time: mean = 0.26ms, max = 89.27ms, min = -0.00ms, total = 104.43ms
Execution time:  mean = 0.01ms, total = 5.15ms
Event stats:
	GcsTaskManager.GcJobSummary - 265 total (1 active), Execution time: mean = 0.01ms, total = 2.68ms, Queueing time: mean = 0.39ms, max = 89.27ms, min = -0.00ms, total = 102.33ms
	event_loop_lag_probe - 134 total (0 active), Execution time: mean = 0.02ms, total = 2.45ms, Queueing time: mean = 0.02ms, max = 0.50ms, min = 0.00ms, total = 2.09ms
	PeriodicalRunner.RunFnPeriodically - 1 total (0 active), Execution time: mean = 0.02ms, total = 0.02ms, Queueing time: mean = 0.02ms, max = 0.02ms, min = 0.02ms, total = 0.02ms


[2026-06-04 22:50:10,520 I 512 512] (gcs_server) gcs_server.cc:940: pubsub_io_context Event stats:


Global stats: 768 total (2 active)
Queueing time: mean = 0.42ms, max = 95.93ms, min = 0.00ms, total = 323.37ms
Execution time:  mean = 1543.75ms, total = 1185602.66ms
Event stats:
	InternalPubSubGcsService.grpc_server.GcsPublish - 309 total (0 active), Execution time: mean = 2.60ms, total = 802.53ms, Queueing time: mean = 0.00ms, max = -0.00ms, min = 9223372036854.78ms, total = 0.00ms
	InternalPubSubGcsService.grpc_server.GcsPublish.HandleRequestImpl - 309 total (0 active), Execution time: mean = 0.12ms, total = 36.71ms, Queueing time: mean = 0.97ms, max = 95.93ms, min = 0.01ms, total = 298.95ms
	event_loop_lag_probe - 134 total (0 active), Execution time: mean = 0.02ms, total = 2.39ms, Queueing time: mean = 0.12ms, max = 15.11ms, min = 0.00ms, total = 16.54ms
	Publisher.CheckDeadSubscribers - 5 total (1 active), Execution time: mean = 0.02ms, total = 0.08ms, Queueing time: mean = 0.03ms, max = 0.06ms, min = 0.03ms, total = 0.17ms
	InternalPubSubGcsService.grpc_server.GcsSubscriberPoll - 3 total (1 active), Execution time: mean = 394919.91ms, total = 1184759.72ms, Queueing time: mean = 0.00ms, max = -0.00ms, min = 9223372036854.78ms, total = 0.00ms
	InternalPubSubGcsService.grpc_server.GcsSubscriberPoll.HandleRequestImpl - 3 total (0 active), Execution time: mean = 0.08ms, total = 0.23ms, Queueing time: mean = 0.08ms, max = 0.19ms, min = 0.02ms, total = 0.23ms
	InternalPubSubGcsService.grpc_server.GcsSubscriberCommandBatch - 2 total (0 active), Execution time: mean = 0.37ms, total = 0.74ms, Queueing time: mean = 0.00ms, max = -0.00ms, min = 9223372036854.78ms, total = 0.00ms
	InternalPubSubGcsService.grpc_server.GcsSubscriberCommandBatch.HandleRequestImpl - 2 total (0 active), Execution time: mean = 0.10ms, total = 0.21ms, Queueing time: mean = 0.02ms, max = 0.03ms, min = 0.01ms, total = 0.04ms
	PeriodicalRunner.RunFnPeriodically - 1 total (0 active), Execution time: mean = 0.06ms, total = 0.06ms, Queueing time: mean = 7.44ms, max = 7.44ms, min = 7.44ms, total = 7.44ms


[2026-06-04 22:50:10,520 I 512 512] (gcs_server) gcs_server.cc:940: ray_syncer_io_context Event stats:


Global stats: 138 total (0 active)
Queueing time: mean = 0.02ms, max = 0.61ms, min = 0.00ms, total = 2.16ms
Execution time:  mean = 0.02ms, total = 2.83ms
Event stats:
	event_loop_lag_probe - 134 total (0 active), Execution time: mean = 0.02ms, total = 2.64ms, Queueing time: mean = 0.02ms, max = 0.61ms, min = 0.00ms, total = 2.06ms
	RaySyncerRegister - 2 total (0 active), Execution time: mean = 0.00ms, total = 0.00ms, Queueing time: mean = 0.04ms, max = 0.06ms, min = 0.01ms, total = 0.08ms
	RaySyncer.BroadcastMessage - 1 total (0 active), Execution time: mean = 0.02ms, total = 0.02ms, Queueing time: mean = 0.00ms, max = 0.00ms, min = 0.00ms, total = 0.00ms
	 - 1 total (0 active), Execution time: mean = 0.16ms, total = 0.16ms, Queueing time: mean = 0.02ms, max = 0.02ms, min = 0.02ms, total = 0.02ms


[2026-06-04 22:50:10,520 I 512 512] (gcs_server) gcs_server.cc:940: ray_event_io_context Event stats:


Global stats: 134 total (0 active)
Queueing time: mean = 0.07ms, max = 8.24ms, min = 0.00ms, total = 9.46ms
Execution time:  mean = 0.02ms, total = 2.31ms
Event stats:
	event_loop_lag_probe - 134 total (0 active), Execution time: mean = 0.02ms, total = 2.31ms, Queueing time: mean = 0.07ms, max = 8.24ms, min = 0.00ms, total = 9.46ms


[2026-06-04 22:51:10,520 I 512 512] (gcs_server) gcs_server.cc:922: Gcs Debug state:

GcsNodeManager: 
- RegisterNode request count: 1
- DrainNode request count: 0
- GetAllNodeInfo request count: 3

GcsActorManager: 
- RegisterActor request count: 0
- CreateActor request count: 0
- GetActorInfo request count: 0
- GetNamedActorInfo request count: 0
- GetAllActorInfo request count: 0
- KillActor request count: 0
- ListNamedActors request count: 0
- Registered actors count: 0
- Destroyed actors count: 0
- Named actors count: 0
- Unresolved actors count: 0
- Pending actors count: 0
- Created actors count: 0
- owners_: 0
- actor_to_register_callbacks_: 0
- actor_to_restart_for_lineage_reconstruction_callbacks_: 0
- actor_to_create_callbacks_: 0
- sorted_destroyed_actor_list_: 0

GcsResourceManager: 
- GetAllAvailableResources request count: 0
- GetAllTotalResources request count: 0
- GetAllResourceUsage request count: 274

GcsPlacementGroupManager: 
- CreatePlacementGroup request count: 0
- RemovePlacementGroup request count: 0
- GetPlacementGroup request count: 0
- GetAllPlacementGroup request count: 0
- WaitPlacementGroupUntilReady request count: 0
- GetNamedPlacementGroup request count: 0
- Scheduling pending placement group count: 0
- Registered placement groups count: 0
- Named placement group count: 0
- Pending placement groups count: 0
- Infeasible placement groups count: 0

Publisher:
GCS_NODE_INFO_CHANNEL
- cumulative published messages: 1
- cumulative published bytes: 499
- current buffered bytes: 0
GCS_NODE_ADDRESS_AND_LIVENESS_CHANNEL
- cumulative published messages: 1
- cumulative published bytes: 92
- current buffered bytes: 0
RAY_LOG_CHANNEL
- cumulative published messages: 321
- cumulative published bytes: 278286
- current buffered bytes: 0

[runtime env manager] ID to URIs table:
[runtime env manager] URIs reference table:

GcsTaskManager: 
-Total num task events reported: 0
-Total num status task events dropped: 0
-Total num profile events dropped: 0
-Current num of task events stored: 0
-Total num of actor creation tasks: 0
-Total num of actor tasks: 0
-Total num of normal tasks: 0
-Total num of driver tasks: 0

GcsAutoscalerStateManager: 
- last_seen_autoscaler_state_version_: 0
- last_cluster_resource_state_version_: 274
- pending demands:



[2026-06-04 22:51:10,521 I 512 512] (gcs_server) gcs_server.cc:936: Main service Event stats:


Global stats: 11925 total (5 active)
Queueing time: mean = 3.34ms, max = 1522.53ms, min = 0.00ms, total = 39786.70ms
Execution time:  mean = 1.50ms, total = 17845.18ms
Event stats:
	GcsInMemoryStore.Put - 2218 total (0 active), Execution time: mean = 0.69ms, total = 1528.56ms, Queueing time: mean = 0.76ms, max = 1521.87ms, min = 0.00ms, total = 1674.63ms
	RayletLoadPulled - 1379 total (1 active), Execution time: mean = 0.23ms, total = 320.35ms, Queueing time: mean = 0.93ms, max = 297.72ms, min = 0.01ms, total = 1288.16ms
	NodeManagerService.grpc_client.GetResourceLoad.OnReplyReceived - 1365 total (0 active), Execution time: mean = 0.05ms, total = 64.51ms, Queueing time: mean = 0.45ms, max = 96.21ms, min = 0.01ms, total = 617.40ms
	NodeManagerService.grpc_client.GetResourceLoad - 1365 total (0 active), Execution time: mean = 8.96ms, total = 12232.41ms, Queueing time: mean = 0.00ms, max = -0.00ms, min = 9223372036854.78ms, total = 0.00ms
	InternalKVGcsService.grpc_server.InternalKVPut.HandleRequestImpl - 558 total (0 active), Execution time: mean = 0.05ms, total = 27.08ms, Queueing time: mean = 0.71ms, max = 96.13ms, min = 0.01ms, total = 393.96ms
	InternalKVGcsService.grpc_server.InternalKVPut - 558 total (0 active), Execution time: mean = 1.53ms, total = 855.74ms, Queueing time: mean = 0.00ms, max = -0.00ms, min = 9223372036854.78ms, total = 0.00ms
	ClusterResourceManager.ResetRemoteNodeView - 460 total (1 active), Execution time: mean = 0.01ms, total = 4.24ms, Queueing time: mean = 0.40ms, max = 95.89ms, min = 0.01ms, total = 184.77ms
	HealthCheck - 454 total (0 active), Execution time: mean = 0.00ms, total = 1.92ms, Queueing time: mean = 0.46ms, max = 96.16ms, min = 0.01ms, total = 209.18ms
	GcsInMemoryStore.Get - 390 total (0 active), Execution time: mean = 0.01ms, total = 4.75ms, Queueing time: mean = 0.01ms, max = 0.11ms, min = 0.01ms, total = 5.50ms
	InternalKVGcsService.grpc_server.InternalKVGet.HandleRequestImpl - 389 total (0 active), Execution time: mean = 0.08ms, total = 32.41ms, Queueing time: mean = 0.27ms, max = 95.88ms, min = 0.01ms, total = 104.87ms
	InternalKVGcsService.grpc_server.InternalKVGet - 389 total (0 active), Execution time: mean = 1.14ms, total = 442.68ms, Queueing time: mean = 0.00ms, max = -0.00ms, min = 9223372036854.78ms, total = 0.00ms
	NodeInfoGcsService.grpc_server.CheckAlive - 296 total (0 active), Execution time: mean = 0.73ms, total = 214.74ms, Queueing time: mean = 0.00ms, max = -0.00ms, min = 9223372036854.78ms, total = 0.00ms
	NodeInfoGcsService.grpc_server.CheckAlive.HandleRequestImpl - 296 total (0 active), Execution time: mean = 0.02ms, total = 5.99ms, Queueing time: mean = 0.03ms, max = 0.31ms, min = 0.01ms, total = 9.17ms
	GCSServer.deadline_timer.metrics_report - 276 total (1 active), Execution time: mean = 0.21ms, total = 58.90ms, Queueing time: mean = 0.62ms, max = 95.50ms, min = 0.01ms, total = 171.29ms
	AutoscalerStateService.grpc_server.GetClusterResourceState - 274 total (0 active), Execution time: mean = 0.35ms, total = 96.83ms, Queueing time: mean = 0.00ms, max = -0.00ms, min = 9223372036854.78ms, total = 0.00ms
	AutoscalerStateService.grpc_server.GetClusterResourceState.HandleRequestImpl - 274 total (0 active), Execution time: mean = 0.04ms, total = 10.03ms, Queueing time: mean = 0.02ms, max = 0.70ms, min = 0.01ms, total = 5.86ms
	NodeResourceInfoGcsService.grpc_server.GetAllResourceUsage.HandleRequestImpl - 274 total (0 active), Execution time: mean = 0.06ms, total = 17.78ms, Queueing time: mean = 0.04ms, max = 1.38ms, min = 0.01ms, total = 11.38ms
	NodeResourceInfoGcsService.grpc_server.GetAllResourceUsage - 274 total (0 active), Execution time: mean = 0.83ms, total = 228.23ms, Queueing time: mean = 0.00ms, max = -0.00ms, min = 9223372036854.78ms, total = 0.00ms
	event_loop_lag_probe - 140 total (0 active), Execution time: mean = 0.01ms, total = 1.70ms, Queueing time: mean = 0.11ms, max = 14.25ms, min = 0.00ms, total = 15.61ms
	GCSServer.deadline_timer.gcs_global_gc - 138 total (1 active), Execution time: mean = 0.01ms, total = 1.02ms, Queueing time: mean = 0.71ms, max = 66.72ms, min = 0.01ms, total = 97.51ms
	ReporterService.grpc_client.HealthCheck.OnReplyReceived - 31 total (0 active), Execution time: mean = 0.16ms, total = 5.10ms, Queueing time: mean = 52.09ms, max = 1517.54ms, min = 0.02ms, total = 1614.71ms
	ReporterService.grpc_client.HealthCheck - 31 total (0 active), Execution time: mean = 3.62ms, total = 112.34ms, Queueing time: mean = 0.00ms, max = -0.00ms, min = 9223372036854.78ms, total = 0.00ms
	MetricsAgentClient.WaitForServerReadyWithRetry - 30 total (0 active), Execution time: mean = 0.27ms, total = 8.13ms, Queueing time: mean = 1008.67ms, max = 1097.53ms, min = 1000.02ms, total = 30260.04ms
	GCSServer.deadline_timer.debug_state_event_stats_print - 23 total (1 active, 1 running), Execution time: mean = 1.32ms, total = 30.39ms, Queueing time: mean = 2.94ms, max = 67.10ms, min = 0.02ms, total = 67.70ms
	GcsInMemoryStore.GetAll - 6 total (0 active), Execution time: mean = 0.01ms, total = 0.06ms, Queueing time: mean = 0.06ms, max = 0.07ms, min = 0.01ms, total = 0.34ms
	PeriodicalRunner.RunFnPeriodically - 5 total (0 active), Execution time: mean = 0.11ms, total = 0.54ms, Queueing time: mean = 610.50ms, max = 1522.53ms, min = 2.26ms, total = 3052.48ms
	NodeInfoGcsService.grpc_server.GetClusterId - 4 total (0 active), Execution time: mean = 2.91ms, total = 11.62ms, Queueing time: mean = 0.00ms, max = -0.00ms, min = 9223372036854.78ms, total = 0.00ms
	NodeInfoGcsService.grpc_server.GetClusterId.HandleRequestImpl - 4 total (0 active), Execution time: mean = 0.54ms, total = 2.15ms, Queueing time: mean = 0.45ms, max = 1.73ms, min = 0.02ms, total = 1.81ms
	NodeInfoGcsService.grpc_server.GetAllNodeInfo.HandleRequestImpl - 2 total (0 active), Execution time: mean = 0.04ms, total = 0.08ms, Queueing time: mean = 0.02ms, max = 0.03ms, min = 0.01ms, total = 0.04ms
	NodeInfoGcsService.grpc_server.GetAllNodeInfo - 2 total (0 active), Execution time: mean = 0.36ms, total = 0.71ms, Queueing time: mean = 0.00ms, max = -0.00ms, min = 9223372036854.78ms, total = 0.00ms
	GcsInMemoryStore.Delete - 1 total (0 active), Execution time: mean = 0.01ms, total = 0.01ms, Queueing time: mean = 0.01ms, max = 0.01ms, min = 0.01ms, total = 0.01ms
	NodeManager.AddNodeCallback - 1 total (0 active), Execution time: mean = 0.45ms, total = 0.45ms, Queueing time: mean = 0.13ms, max = 0.13ms, min = 0.13ms, total = 0.13ms
	InternalKVGcsService.grpc_server.InternalKVDel - 1 total (0 active), Execution time: mean = 0.45ms, total = 0.45ms, Queueing time: mean = 0.00ms, max = -0.00ms, min = 9223372036854.78ms, total = 0.00ms
	JobInfoGcsService.grpc_server.GetAllJobInfo - 1 total (0 active), Execution time: mean = 0.35ms, total = 0.35ms, Queueing time: mean = 0.00ms, max = -0.00ms, min = 9223372036854.78ms, total = 0.00ms
	JobInfoGcsService.grpc_server.GetNextJobID.HandleRequestImpl - 1 total (0 active), Execution time: mean = 0.02ms, total = 0.02ms, Queueing time: mean = 0.02ms, max = 0.02ms, min = 0.02ms, total = 0.02ms
	JobInfoGcsService.grpc_server.GetNextJobID - 1 total (0 active), Execution time: mean = 0.35ms, total = 0.35ms, Queueing time: mean = 0.00ms, max = -0.00ms, min = 9223372036854.78ms, total = 0.00ms
	GcsHealthCheckManager::AddNode - 1 total (0 active), Execution time: mean = 0.02ms, total = 0.02ms, Queueing time: mean = 0.00ms, max = 0.00ms, min = 0.00ms, total = 0.00ms
	NodeInfoGcsService.grpc_server.GetAllNodeAddressAndLiveness - 1 total (0 active), Execution time: mean = 0.37ms, total = 0.37ms, Queueing time: mean = 0.00ms, max = -0.00ms, min = 9223372036854.78ms, total = 0.00ms
	JobInfoGcsService.grpc_server.GetAllJobInfo.HandleRequestImpl - 1 total (0 active), Execution time: mean = 0.04ms, total = 0.04ms, Queueing time: mean = 0.02ms, max = 0.02ms, min = 0.02ms, total = 0.02ms
	GcsResourceManager::Update - 1 total (0 active), Execution time: mean = 0.08ms, total = 0.08ms, Queueing time: mean = 0.01ms, max = 0.01ms, min = 0.01ms, total = 0.01ms
	NodeInfoGcsService.grpc_server.RegisterNode.HandleRequestImpl - 1 total (0 active), Execution time: mean = 0.23ms, total = 0.23ms, Queueing time: mean = 0.02ms, max = 0.02ms, min = 0.02ms, total = 0.02ms
	InternalKVGcsService.grpc_server.InternalKVDel.HandleRequestImpl - 1 total (0 active), Execution time: mean = 0.06ms, total = 0.06ms, Queueing time: mean = 0.01ms, max = 0.01ms, min = 0.01ms, total = 0.01ms
	InternalKVGcsService.grpc_server.GetInternalConfig.HandleRequestImpl - 1 total (0 active), Execution time: mean = 0.10ms, total = 0.10ms, Queueing time: mean = 0.02ms, max = 0.02ms, min = 0.02ms, total = 0.02ms
	NodeInfoGcsService.grpc_server.GetAllNodeAddressAndLiveness.HandleRequestImpl - 1 total (0 active), Execution time: mean = 0.01ms, total = 0.01ms, Queueing time: mean = 0.01ms, max = 0.01ms, min = 0.01ms, total = 0.01ms
	GcsHealthCheckManager::MarkNodeHealthy - 1 total (0 active), Execution time: mean = 0.00ms, total = 0.00ms, Queueing time: mean = 0.01ms, max = 0.01ms, min = 0.01ms, total = 0.01ms
	GcsInitData::AsyncLoad - 1 total (0 active), Execution time: mean = 0.01ms, total = 0.01ms, Queueing time: mean = 0.00ms, max = 0.00ms, min = 0.00ms, total = 0.00ms
	InternalKVGcsService.grpc_server.GetInternalConfig - 1 total (0 active), Execution time: mean = 0.65ms, total = 0.65ms, Queueing time: mean = 0.00ms, max = -0.00ms, min = 9223372036854.78ms, total = 0.00ms
	GcsInMemoryStore.GetNextJobID - 1 total (0 active), Execution time: mean = 0.01ms, total = 0.01ms, Queueing time: mean = 0.01ms, max = 0.01ms, min = 0.01ms, total = 0.01ms
	NodeInfoGcsService.grpc_server.RegisterNode - 1 total (0 active), Execution time: mean = 0.64ms, total = 0.64ms, Queueing time: mean = 0.00ms, max = -0.00ms, min = 9223372036854.78ms, total = 0.00ms
	GcsServer.GetOrGenerateClusterId.continuation - 1 total (0 active), Execution time: mean = 1520.34ms, total = 1520.34ms, Queueing time: mean = 0.00ms, max = 0.00ms, min = 0.00ms, total = 0.00ms


[2026-06-04 22:51:10,521 I 512 512] (gcs_server) gcs_server.cc:940: task_io_context Event stats:


Global stats: 418 total (1 active)
Queueing time: mean = 0.25ms, max = 89.27ms, min = -0.00ms, total = 105.00ms
Execution time:  mean = 0.01ms, total = 5.34ms
Event stats:
	GcsTaskManager.GcJobSummary - 277 total (1 active), Execution time: mean = 0.01ms, total = 2.78ms, Queueing time: mean = 0.37ms, max = 89.27ms, min = -0.00ms, total = 102.83ms
	event_loop_lag_probe - 140 total (0 active), Execution time: mean = 0.02ms, total = 2.55ms, Queueing time: mean = 0.02ms, max = 0.50ms, min = 0.00ms, total = 2.16ms
	PeriodicalRunner.RunFnPeriodically - 1 total (0 active), Execution time: mean = 0.02ms, total = 0.02ms, Queueing time: mean = 0.02ms, max = 0.02ms, min = 0.02ms, total = 0.02ms


[2026-06-04 22:51:10,522 I 512 512] (gcs_server) gcs_server.cc:940: pubsub_io_context Event stats:


Global stats: 798 total (2 active)
Queueing time: mean = 0.41ms, max = 95.93ms, min = 0.00ms, total = 323.74ms
Execution time:  mean = 1485.72ms, total = 1185608.26ms
Event stats:
	InternalPubSubGcsService.grpc_server.GcsPublish - 321 total (0 active), Execution time: mean = 2.51ms, total = 806.94ms, Queueing time: mean = 0.00ms, max = -0.00ms, min = 9223372036854.78ms, total = 0.00ms
	InternalPubSubGcsService.grpc_server.GcsPublish.HandleRequestImpl - 321 total (0 active), Execution time: mean = 0.12ms, total = 37.81ms, Queueing time: mean = 0.93ms, max = 95.93ms, min = 0.01ms, total = 299.27ms
	event_loop_lag_probe - 140 total (0 active), Execution time: mean = 0.02ms, total = 2.48ms, Queueing time: mean = 0.12ms, max = 15.11ms, min = 0.00ms, total = 16.59ms
	Publisher.CheckDeadSubscribers - 5 total (1 active), Execution time: mean = 0.02ms, total = 0.08ms, Queueing time: mean = 0.03ms, max = 0.06ms, min = 0.03ms, total = 0.17ms
	InternalPubSubGcsService.grpc_server.GcsSubscriberPoll - 3 total (1 active), Execution time: mean = 394919.91ms, total = 1184759.72ms, Queueing time: mean = 0.00ms, max = -0.00ms, min = 9223372036854.78ms, total = 0.00ms
	InternalPubSubGcsService.grpc_server.GcsSubscriberPoll.HandleRequestImpl - 3 total (0 active), Execution time: mean = 0.08ms, total = 0.23ms, Queueing time: mean = 0.08ms, max = 0.19ms, min = 0.02ms, total = 0.23ms
	InternalPubSubGcsService.grpc_server.GcsSubscriberCommandBatch - 2 total (0 active), Execution time: mean = 0.37ms, total = 0.74ms, Queueing time: mean = 0.00ms, max = -0.00ms, min = 9223372036854.78ms, total = 0.00ms
	InternalPubSubGcsService.grpc_server.GcsSubscriberCommandBatch.HandleRequestImpl - 2 total (0 active), Execution time: mean = 0.10ms, total = 0.21ms, Queueing time: mean = 0.02ms, max = 0.03ms, min = 0.01ms, total = 0.04ms
	PeriodicalRunner.RunFnPeriodically - 1 total (0 active), Execution time: mean = 0.06ms, total = 0.06ms, Queueing time: mean = 7.44ms, max = 7.44ms, min = 7.44ms, total = 7.44ms


[2026-06-04 22:51:10,522 I 512 512] (gcs_server) gcs_server.cc:940: ray_syncer_io_context Event stats:


Global stats: 144 total (0 active)
Queueing time: mean = 0.02ms, max = 0.61ms, min = 0.00ms, total = 2.21ms
Execution time:  mean = 0.02ms, total = 2.92ms
Event stats:
	event_loop_lag_probe - 140 total (0 active), Execution time: mean = 0.02ms, total = 2.74ms, Queueing time: mean = 0.02ms, max = 0.61ms, min = 0.00ms, total = 2.12ms
	RaySyncerRegister - 2 total (0 active), Execution time: mean = 0.00ms, total = 0.00ms, Queueing time: mean = 0.04ms, max = 0.06ms, min = 0.01ms, total = 0.08ms
	RaySyncer.BroadcastMessage - 1 total (0 active), Execution time: mean = 0.02ms, total = 0.02ms, Queueing time: mean = 0.00ms, max = 0.00ms, min = 0.00ms, total = 0.00ms
	 - 1 total (0 active), Execution time: mean = 0.16ms, total = 0.16ms, Queueing time: mean = 0.02ms, max = 0.02ms, min = 0.02ms, total = 0.02ms


[2026-06-04 22:51:10,522 I 512 512] (gcs_server) gcs_server.cc:940: ray_event_io_context Event stats:


Global stats: 140 total (0 active)
Queueing time: mean = 0.07ms, max = 8.24ms, min = 0.00ms, total = 9.50ms
Execution time:  mean = 0.02ms, total = 2.40ms
Event stats:
	event_loop_lag_probe - 140 total (0 active), Execution time: mean = 0.02ms, total = 2.40ms, Queueing time: mean = 0.07ms, max = 8.24ms, min = 0.00ms, total = 9.50ms


[2026-06-04 22:52:10,522 I 512 512] (gcs_server) gcs_server.cc:922: Gcs Debug state:

GcsNodeManager: 
- RegisterNode request count: 1
- DrainNode request count: 0
- GetAllNodeInfo request count: 3

GcsActorManager: 
- RegisterActor request count: 0
- CreateActor request count: 0
- GetActorInfo request count: 0
- GetNamedActorInfo request count: 0
- GetAllActorInfo request count: 0
- KillActor request count: 0
- ListNamedActors request count: 0
- Registered actors count: 0
- Destroyed actors count: 0
- Named actors count: 0
- Unresolved actors count: 0
- Pending actors count: 0
- Created actors count: 0
- owners_: 0
- actor_to_register_callbacks_: 0
- actor_to_restart_for_lineage_reconstruction_callbacks_: 0
- actor_to_create_callbacks_: 0
- sorted_destroyed_actor_list_: 0

GcsResourceManager: 
- GetAllAvailableResources request count: 0
- GetAllTotalResources request count: 0
- GetAllResourceUsage request count: 286

GcsPlacementGroupManager: 
- CreatePlacementGroup request count: 0
- RemovePlacementGroup request count: 0
- GetPlacementGroup request count: 0
- GetAllPlacementGroup request count: 0
- WaitPlacementGroupUntilReady request count: 0
- GetNamedPlacementGroup request count: 0
- Scheduling pending placement group count: 0
- Registered placement groups count: 0
- Named placement group count: 0
- Pending placement groups count: 0
- Infeasible placement groups count: 0

Publisher:
GCS_NODE_INFO_CHANNEL
- cumulative published messages: 1
- cumulative published bytes: 499
- current buffered bytes: 0
GCS_NODE_ADDRESS_AND_LIVENESS_CHANNEL
- cumulative published messages: 1
- cumulative published bytes: 92
- current buffered bytes: 0
RAY_LOG_CHANNEL
- cumulative published messages: 333
- cumulative published bytes: 288570
- current buffered bytes: 0

[runtime env manager] ID to URIs table:
[runtime env manager] URIs reference table:

GcsTaskManager: 
-Total num task events reported: 0
-Total num status task events dropped: 0
-Total num profile events dropped: 0
-Current num of task events stored: 0
-Total num of actor creation tasks: 0
-Total num of actor tasks: 0
-Total num of normal tasks: 0
-Total num of driver tasks: 0

GcsAutoscalerStateManager: 
- last_seen_autoscaler_state_version_: 0
- last_cluster_resource_state_version_: 286
- pending demands:



[2026-06-04 22:52:10,523 I 512 512] (gcs_server) gcs_server.cc:936: Main service Event stats:


Global stats: 12424 total (5 active)
Queueing time: mean = 3.20ms, max = 1522.53ms, min = 0.00ms, total = 39799.84ms
Execution time:  mean = 1.44ms, total = 17948.76ms
Event stats:
	GcsInMemoryStore.Put - 2314 total (0 active), Execution time: mean = 0.66ms, total = 1528.88ms, Queueing time: mean = 0.73ms, max = 1521.87ms, min = 0.00ms, total = 1680.87ms
	RayletLoadPulled - 1439 total (1 active), Execution time: mean = 0.23ms, total = 331.71ms, Queueing time: mean = 0.90ms, max = 297.72ms, min = 0.01ms, total = 1289.80ms
	NodeManagerService.grpc_client.GetResourceLoad.OnReplyReceived - 1425 total (0 active), Execution time: mean = 0.05ms, total = 66.87ms, Queueing time: mean = 0.43ms, max = 96.21ms, min = 0.01ms, total = 618.71ms
	NodeManagerService.grpc_client.GetResourceLoad - 1425 total (0 active), Execution time: mean = 8.63ms, total = 12291.88ms, Queueing time: mean = 0.00ms, max = -0.00ms, min = 9223372036854.78ms, total = 0.00ms
	InternalKVGcsService.grpc_server.InternalKVPut.HandleRequestImpl - 582 total (0 active), Execution time: mean = 0.05ms, total = 28.16ms, Queueing time: mean = 0.68ms, max = 96.13ms, min = 0.01ms, total = 394.29ms
	InternalKVGcsService.grpc_server.InternalKVPut - 582 total (0 active), Execution time: mean = 1.48ms, total = 862.32ms, Queueing time: mean = 0.00ms, max = -0.00ms, min = 9223372036854.78ms, total = 0.00ms
	ClusterResourceManager.ResetRemoteNodeView - 480 total (1 active), Execution time: mean = 0.01ms, total = 4.39ms, Queueing time: mean = 0.39ms, max = 95.89ms, min = 0.01ms, total = 185.34ms
	HealthCheck - 474 total (0 active), Execution time: mean = 0.00ms, total = 1.98ms, Queueing time: mean = 0.44ms, max = 96.16ms, min = 0.01ms, total = 209.54ms
	GcsInMemoryStore.Get - 402 total (0 active), Execution time: mean = 0.01ms, total = 4.90ms, Queueing time: mean = 0.01ms, max = 0.11ms, min = 0.01ms, total = 5.66ms
	InternalKVGcsService.grpc_server.InternalKVGet.HandleRequestImpl - 401 total (0 active), Execution time: mean = 0.08ms, total = 33.46ms, Queueing time: mean = 0.26ms, max = 95.88ms, min = 0.01ms, total = 105.03ms
	InternalKVGcsService.grpc_server.InternalKVGet - 401 total (0 active), Execution time: mean = 1.11ms, total = 446.57ms, Queueing time: mean = 0.00ms, max = -0.00ms, min = 9223372036854.78ms, total = 0.00ms
	NodeInfoGcsService.grpc_server.CheckAlive - 309 total (0 active), Execution time: mean = 0.71ms, total = 218.82ms, Queueing time: mean = 0.00ms, max = -0.00ms, min = 9223372036854.78ms, total = 0.00ms
	NodeInfoGcsService.grpc_server.CheckAlive.HandleRequestImpl - 309 total (0 active), Execution time: mean = 0.02ms, total = 6.20ms, Queueing time: mean = 0.03ms, max = 0.31ms, min = 0.01ms, total = 9.45ms
	GCSServer.deadline_timer.metrics_report - 288 total (1 active), Execution time: mean = 0.21ms, total = 61.21ms, Queueing time: mean = 0.60ms, max = 95.50ms, min = 0.01ms, total = 171.55ms
	AutoscalerStateService.grpc_server.GetClusterResourceState - 286 total (0 active), Execution time: mean = 0.35ms, total = 100.30ms, Queueing time: mean = 0.00ms, max = -0.00ms, min = 9223372036854.78ms, total = 0.00ms
	AutoscalerStateService.grpc_server.GetClusterResourceState.HandleRequestImpl - 286 total (0 active), Execution time: mean = 0.04ms, total = 10.40ms, Queueing time: mean = 0.02ms, max = 0.70ms, min = 0.01ms, total = 6.03ms
	NodeResourceInfoGcsService.grpc_server.GetAllResourceUsage.HandleRequestImpl - 286 total (0 active), Execution time: mean = 0.06ms, total = 18.41ms, Queueing time: mean = 0.04ms, max = 1.38ms, min = 0.01ms, total = 11.67ms
	NodeResourceInfoGcsService.grpc_server.GetAllResourceUsage - 286 total (0 active), Execution time: mean = 0.81ms, total = 232.86ms, Queueing time: mean = 0.00ms, max = -0.00ms, min = 9223372036854.78ms, total = 0.00ms
	event_loop_lag_probe - 146 total (0 active), Execution time: mean = 0.01ms, total = 1.77ms, Queueing time: mean = 0.11ms, max = 14.25ms, min = 0.00ms, total = 15.67ms
	GCSServer.deadline_timer.gcs_global_gc - 144 total (1 active), Execution time: mean = 0.01ms, total = 1.05ms, Queueing time: mean = 0.69ms, max = 66.72ms, min = 0.01ms, total = 98.82ms
	ReporterService.grpc_client.HealthCheck.OnReplyReceived - 31 total (0 active), Execution time: mean = 0.16ms, total = 5.10ms, Queueing time: mean = 52.09ms, max = 1517.54ms, min = 0.02ms, total = 1614.71ms
	ReporterService.grpc_client.HealthCheck - 31 total (0 active), Execution time: mean = 3.62ms, total = 112.34ms, Queueing time: mean = 0.00ms, max = -0.00ms, min = 9223372036854.78ms, total = 0.00ms
	MetricsAgentClient.WaitForServerReadyWithRetry - 30 total (0 active), Execution time: mean = 0.27ms, total = 8.13ms, Queueing time: mean = 1008.67ms, max = 1097.53ms, min = 1000.02ms, total = 30260.04ms
	GCSServer.deadline_timer.debug_state_event_stats_print - 24 total (1 active, 1 running), Execution time: mean = 1.32ms, total = 31.71ms, Queueing time: mean = 2.82ms, max = 67.10ms, min = 0.02ms, total = 67.72ms
	GcsInMemoryStore.GetAll - 6 total (0 active), Execution time: mean = 0.01ms, total = 0.06ms, Queueing time: mean = 0.06ms, max = 0.07ms, min = 0.01ms, total = 0.34ms
	PeriodicalRunner.RunFnPeriodically - 5 total (0 active), Execution time: mean = 0.11ms, total = 0.54ms, Queueing time: mean = 610.50ms, max = 1522.53ms, min = 2.26ms, total = 3052.48ms
	NodeInfoGcsService.grpc_server.GetClusterId - 4 total (0 active), Execution time: mean = 2.91ms, total = 11.62ms, Queueing time: mean = 0.00ms, max = -0.00ms, min = 9223372036854.78ms, total = 0.00ms
	NodeInfoGcsService.grpc_server.GetClusterId.HandleRequestImpl - 4 total (0 active), Execution time: mean = 0.54ms, total = 2.15ms, Queueing time: mean = 0.45ms, max = 1.73ms, min = 0.02ms, total = 1.81ms
	NodeInfoGcsService.grpc_server.GetAllNodeInfo.HandleRequestImpl - 2 total (0 active), Execution time: mean = 0.04ms, total = 0.08ms, Queueing time: mean = 0.02ms, max = 0.03ms, min = 0.01ms, total = 0.04ms
	NodeInfoGcsService.grpc_server.GetAllNodeInfo - 2 total (0 active), Execution time: mean = 0.36ms, total = 0.71ms, Queueing time: mean = 0.00ms, max = -0.00ms, min = 9223372036854.78ms, total = 0.00ms
	GcsInMemoryStore.Delete - 1 total (0 active), Execution time: mean = 0.01ms, total = 0.01ms, Queueing time: mean = 0.01ms, max = 0.01ms, min = 0.01ms, total = 0.01ms
	NodeManager.AddNodeCallback - 1 total (0 active), Execution time: mean = 0.45ms, total = 0.45ms, Queueing time: mean = 0.13ms, max = 0.13ms, min = 0.13ms, total = 0.13ms
	InternalKVGcsService.grpc_server.InternalKVDel - 1 total (0 active), Execution time: mean = 0.45ms, total = 0.45ms, Queueing time: mean = 0.00ms, max = -0.00ms, min = 9223372036854.78ms, total = 0.00ms
	JobInfoGcsService.grpc_server.GetAllJobInfo - 1 total (0 active), Execution time: mean = 0.35ms, total = 0.35ms, Queueing time: mean = 0.00ms, max = -0.00ms, min = 9223372036854.78ms, total = 0.00ms
	JobInfoGcsService.grpc_server.GetNextJobID.HandleRequestImpl - 1 total (0 active), Execution time: mean = 0.02ms, total = 0.02ms, Queueing time: mean = 0.02ms, max = 0.02ms, min = 0.02ms, total = 0.02ms
	JobInfoGcsService.grpc_server.GetNextJobID - 1 total (0 active), Execution time: mean = 0.35ms, total = 0.35ms, Queueing time: mean = 0.00ms, max = -0.00ms, min = 9223372036854.78ms, total = 0.00ms
	GcsHealthCheckManager::AddNode - 1 total (0 active), Execution time: mean = 0.02ms, total = 0.02ms, Queueing time: mean = 0.00ms, max = 0.00ms, min = 0.00ms, total = 0.00ms
	NodeInfoGcsService.grpc_server.GetAllNodeAddressAndLiveness - 1 total (0 active), Execution time: mean = 0.37ms, total = 0.37ms, Queueing time: mean = 0.00ms, max = -0.00ms, min = 9223372036854.78ms, total = 0.00ms
	JobInfoGcsService.grpc_server.GetAllJobInfo.HandleRequestImpl - 1 total (0 active), Execution time: mean = 0.04ms, total = 0.04ms, Queueing time: mean = 0.02ms, max = 0.02ms, min = 0.02ms, total = 0.02ms
	GcsResourceManager::Update - 1 total (0 active), Execution time: mean = 0.08ms, total = 0.08ms, Queueing time: mean = 0.01ms, max = 0.01ms, min = 0.01ms, total = 0.01ms
	NodeInfoGcsService.grpc_server.RegisterNode.HandleRequestImpl - 1 total (0 active), Execution time: mean = 0.23ms, total = 0.23ms, Queueing time: mean = 0.02ms, max = 0.02ms, min = 0.02ms, total = 0.02ms
	InternalKVGcsService.grpc_server.InternalKVDel.HandleRequestImpl - 1 total (0 active), Execution time: mean = 0.06ms, total = 0.06ms, Queueing time: mean = 0.01ms, max = 0.01ms, min = 0.01ms, total = 0.01ms
	InternalKVGcsService.grpc_server.GetInternalConfig.HandleRequestImpl - 1 total (0 active), Execution time: mean = 0.10ms, total = 0.10ms, Queueing time: mean = 0.02ms, max = 0.02ms, min = 0.02ms, total = 0.02ms
	NodeInfoGcsService.grpc_server.GetAllNodeAddressAndLiveness.HandleRequestImpl - 1 total (0 active), Execution time: mean = 0.01ms, total = 0.01ms, Queueing time: mean = 0.01ms, max = 0.01ms, min = 0.01ms, total = 0.01ms
	GcsHealthCheckManager::MarkNodeHealthy - 1 total (0 active), Execution time: mean = 0.00ms, total = 0.00ms, Queueing time: mean = 0.01ms, max = 0.01ms, min = 0.01ms, total = 0.01ms
	GcsInitData::AsyncLoad - 1 total (0 active), Execution time: mean = 0.01ms, total = 0.01ms, Queueing time: mean = 0.00ms, max = 0.00ms, min = 0.00ms, total = 0.00ms
	InternalKVGcsService.grpc_server.GetInternalConfig - 1 total (0 active), Execution time: mean = 0.65ms, total = 0.65ms, Queueing time: mean = 0.00ms, max = -0.00ms, min = 9223372036854.78ms, total = 0.00ms
	GcsInMemoryStore.GetNextJobID - 1 total (0 active), Execution time: mean = 0.01ms, total = 0.01ms, Queueing time: mean = 0.01ms, max = 0.01ms, min = 0.01ms, total = 0.01ms
	NodeInfoGcsService.grpc_server.RegisterNode - 1 total (0 active), Execution time: mean = 0.64ms, total = 0.64ms, Queueing time: mean = 0.00ms, max = -0.00ms, min = 9223372036854.78ms, total = 0.00ms
	GcsServer.GetOrGenerateClusterId.continuation - 1 total (0 active), Execution time: mean = 1520.34ms, total = 1520.34ms, Queueing time: mean = 0.00ms, max = 0.00ms, min = 0.00ms, total = 0.00ms


[2026-06-04 22:52:10,523 I 512 512] (gcs_server) gcs_server.cc:940: task_io_context Event stats:


Global stats: 436 total (1 active)
Queueing time: mean = 0.24ms, max = 89.27ms, min = -0.00ms, total = 105.55ms
Execution time:  mean = 0.01ms, total = 5.52ms
Event stats:
	GcsTaskManager.GcJobSummary - 289 total (1 active), Execution time: mean = 0.01ms, total = 2.88ms, Queueing time: mean = 0.36ms, max = 89.27ms, min = -0.00ms, total = 103.31ms
	event_loop_lag_probe - 146 total (0 active), Execution time: mean = 0.02ms, total = 2.63ms, Queueing time: mean = 0.02ms, max = 0.50ms, min = 0.00ms, total = 2.22ms
	PeriodicalRunner.RunFnPeriodically - 1 total (0 active), Execution time: mean = 0.02ms, total = 0.02ms, Queueing time: mean = 0.02ms, max = 0.02ms, min = 0.02ms, total = 0.02ms


[2026-06-04 22:52:10,523 I 512 512] (gcs_server) gcs_server.cc:940: pubsub_io_context Event stats:


Global stats: 828 total (2 active)
Queueing time: mean = 0.39ms, max = 95.93ms, min = 0.00ms, total = 324.12ms
Execution time:  mean = 1431.90ms, total = 1185614.05ms
Event stats:
	InternalPubSubGcsService.grpc_server.GcsPublish - 333 total (0 active), Execution time: mean = 2.44ms, total = 811.48ms, Queueing time: mean = 0.00ms, max = -0.00ms, min = 9223372036854.78ms, total = 0.00ms
	InternalPubSubGcsService.grpc_server.GcsPublish.HandleRequestImpl - 333 total (0 active), Execution time: mean = 0.12ms, total = 38.96ms, Queueing time: mean = 0.90ms, max = 95.93ms, min = 0.01ms, total = 299.59ms
	event_loop_lag_probe - 146 total (0 active), Execution time: mean = 0.02ms, total = 2.57ms, Queueing time: mean = 0.11ms, max = 15.11ms, min = 0.00ms, total = 16.64ms
	Publisher.CheckDeadSubscribers - 5 total (1 active), Execution time: mean = 0.02ms, total = 0.08ms, Queueing time: mean = 0.03ms, max = 0.06ms, min = 0.03ms, total = 0.17ms
	InternalPubSubGcsService.grpc_server.GcsSubscriberPoll - 3 total (1 active), Execution time: mean = 394919.91ms, total = 1184759.72ms, Queueing time: mean = 0.00ms, max = -0.00ms, min = 9223372036854.78ms, total = 0.00ms
	InternalPubSubGcsService.grpc_server.GcsSubscriberPoll.HandleRequestImpl - 3 total (0 active), Execution time: mean = 0.08ms, total = 0.23ms, Queueing time: mean = 0.08ms, max = 0.19ms, min = 0.02ms, total = 0.23ms
	InternalPubSubGcsService.grpc_server.GcsSubscriberCommandBatch - 2 total (0 active), Execution time: mean = 0.37ms, total = 0.74ms, Queueing time: mean = 0.00ms, max = -0.00ms, min = 9223372036854.78ms, total = 0.00ms
	InternalPubSubGcsService.grpc_server.GcsSubscriberCommandBatch.HandleRequestImpl - 2 total (0 active), Execution time: mean = 0.10ms, total = 0.21ms, Queueing time: mean = 0.02ms, max = 0.03ms, min = 0.01ms, total = 0.04ms
	PeriodicalRunner.RunFnPeriodically - 1 total (0 active), Execution time: mean = 0.06ms, total = 0.06ms, Queueing time: mean = 7.44ms, max = 7.44ms, min = 7.44ms, total = 7.44ms


[2026-06-04 22:52:10,523 I 512 512] (gcs_server) gcs_server.cc:940: ray_syncer_io_context Event stats:


Global stats: 150 total (0 active)
Queueing time: mean = 0.02ms, max = 0.61ms, min = 0.00ms, total = 2.27ms
Execution time:  mean = 0.02ms, total = 3.02ms
Event stats:
	event_loop_lag_probe - 146 total (0 active), Execution time: mean = 0.02ms, total = 2.83ms, Queueing time: mean = 0.01ms, max = 0.61ms, min = 0.00ms, total = 2.17ms
	RaySyncerRegister - 2 total (0 active), Execution time: mean = 0.00ms, total = 0.00ms, Queueing time: mean = 0.04ms, max = 0.06ms, min = 0.01ms, total = 0.08ms
	RaySyncer.BroadcastMessage - 1 total (0 active), Execution time: mean = 0.02ms, total = 0.02ms, Queueing time: mean = 0.00ms, max = 0.00ms, min = 0.00ms, total = 0.00ms
	 - 1 total (0 active), Execution time: mean = 0.16ms, total = 0.16ms, Queueing time: mean = 0.02ms, max = 0.02ms, min = 0.02ms, total = 0.02ms


[2026-06-04 22:52:10,523 I 512 512] (gcs_server) gcs_server.cc:940: ray_event_io_context Event stats:


Global stats: 146 total (0 active)
Queueing time: mean = 0.07ms, max = 8.24ms, min = 0.00ms, total = 9.56ms
Execution time:  mean = 0.02ms, total = 2.48ms
Event stats:
	event_loop_lag_probe - 146 total (0 active), Execution time: mean = 0.02ms, total = 2.48ms, Queueing time: mean = 0.07ms, max = 8.24ms, min = 0.00ms, total = 9.56ms


[2026-06-04 22:53:10,523 I 512 512] (gcs_server) gcs_server.cc:922: Gcs Debug state:

GcsNodeManager: 
- RegisterNode request count: 1
- DrainNode request count: 0
- GetAllNodeInfo request count: 3

GcsActorManager: 
- RegisterActor request count: 0
- CreateActor request count: 0
- GetActorInfo request count: 0
- GetNamedActorInfo request count: 0
- GetAllActorInfo request count: 0
- KillActor request count: 0
- ListNamedActors request count: 0
- Registered actors count: 0
- Destroyed actors count: 0
- Named actors count: 0
- Unresolved actors count: 0
- Pending actors count: 0
- Created actors count: 0
- owners_: 0
- actor_to_register_callbacks_: 0
- actor_to_restart_for_lineage_reconstruction_callbacks_: 0
- actor_to_create_callbacks_: 0
- sorted_destroyed_actor_list_: 0

GcsResourceManager: 
- GetAllAvailableResources request count: 0
- GetAllTotalResources request count: 0
- GetAllResourceUsage request count: 298

GcsPlacementGroupManager: 
- CreatePlacementGroup request count: 0
- RemovePlacementGroup request count: 0
- GetPlacementGroup request count: 0
- GetAllPlacementGroup request count: 0
- WaitPlacementGroupUntilReady request count: 0
- GetNamedPlacementGroup request count: 0
- Scheduling pending placement group count: 0
- Registered placement groups count: 0
- Named placement group count: 0
- Pending placement groups count: 0
- Infeasible placement groups count: 0

Publisher:
GCS_NODE_INFO_CHANNEL
- cumulative published messages: 1
- cumulative published bytes: 499
- current buffered bytes: 0
GCS_NODE_ADDRESS_AND_LIVENESS_CHANNEL
- cumulative published messages: 1
- cumulative published bytes: 92
- current buffered bytes: 0
RAY_LOG_CHANNEL
- cumulative published messages: 345
- cumulative published bytes: 298854
- current buffered bytes: 0

[runtime env manager] ID to URIs table:
[runtime env manager] URIs reference table:

GcsTaskManager: 
-Total num task events reported: 0
-Total num status task events dropped: 0
-Total num profile events dropped: 0
-Current num of task events stored: 0
-Total num of actor creation tasks: 0
-Total num of actor tasks: 0
-Total num of normal tasks: 0
-Total num of driver tasks: 0

GcsAutoscalerStateManager: 
- last_seen_autoscaler_state_version_: 0
- last_cluster_resource_state_version_: 298
- pending demands:



[2026-06-04 22:53:10,524 I 512 512] (gcs_server) gcs_server.cc:936: Main service Event stats:


Global stats: 12923 total (5 active)
Queueing time: mean = 3.08ms, max = 1522.53ms, min = 0.00ms, total = 39813.41ms
Execution time:  mean = 1.40ms, total = 18058.35ms
Event stats:
	GcsInMemoryStore.Put - 2410 total (0 active), Execution time: mean = 0.63ms, total = 1529.21ms, Queueing time: mean = 0.70ms, max = 1521.87ms, min = 0.00ms, total = 1687.01ms
	RayletLoadPulled - 1499 total (1 active), Execution time: mean = 0.23ms, total = 344.42ms, Queueing time: mean = 0.86ms, max = 297.72ms, min = 0.01ms, total = 1291.52ms
	NodeManagerService.grpc_client.GetResourceLoad.OnReplyReceived - 1485 total (0 active), Execution time: mean = 0.05ms, total = 69.37ms, Queueing time: mean = 0.42ms, max = 96.21ms, min = 0.01ms, total = 620.46ms
	NodeManagerService.grpc_client.GetResourceLoad - 1485 total (0 active), Execution time: mean = 8.32ms, total = 12356.09ms, Queueing time: mean = 0.00ms, max = -0.00ms, min = 9223372036854.78ms, total = 0.00ms
	InternalKVGcsService.grpc_server.InternalKVPut.HandleRequestImpl - 606 total (0 active), Execution time: mean = 0.05ms, total = 29.19ms, Queueing time: mean = 0.65ms, max = 96.13ms, min = 0.01ms, total = 394.60ms
	InternalKVGcsService.grpc_server.InternalKVPut - 606 total (0 active), Execution time: mean = 1.43ms, total = 868.62ms, Queueing time: mean = 0.00ms, max = -0.00ms, min = 9223372036854.78ms, total = 0.00ms
	ClusterResourceManager.ResetRemoteNodeView - 500 total (1 active), Execution time: mean = 0.01ms, total = 4.53ms, Queueing time: mean = 0.37ms, max = 95.89ms, min = 0.01ms, total = 185.87ms
	HealthCheck - 494 total (0 active), Execution time: mean = 0.00ms, total = 2.05ms, Queueing time: mean = 0.42ms, max = 96.16ms, min = 0.01ms, total = 209.93ms
	GcsInMemoryStore.Get - 414 total (0 active), Execution time: mean = 0.01ms, total = 5.03ms, Queueing time: mean = 0.01ms, max = 0.11ms, min = 0.01ms, total = 5.83ms
	InternalKVGcsService.grpc_server.InternalKVGet.HandleRequestImpl - 413 total (0 active), Execution time: mean = 0.08ms, total = 34.49ms, Queueing time: mean = 0.25ms, max = 95.88ms, min = 0.01ms, total = 105.18ms
	InternalKVGcsService.grpc_server.InternalKVGet - 413 total (0 active), Execution time: mean = 1.09ms, total = 450.67ms, Queueing time: mean = 0.00ms, max = -0.00ms, min = 9223372036854.78ms, total = 0.00ms
	NodeInfoGcsService.grpc_server.CheckAlive - 322 total (0 active), Execution time: mean = 0.69ms, total = 222.91ms, Queueing time: mean = 0.00ms, max = -0.00ms, min = 9223372036854.78ms, total = 0.00ms
	NodeInfoGcsService.grpc_server.CheckAlive.HandleRequestImpl - 322 total (0 active), Execution time: mean = 0.02ms, total = 6.41ms, Queueing time: mean = 0.03ms, max = 0.31ms, min = 0.01ms, total = 9.74ms
	GCSServer.deadline_timer.metrics_report - 300 total (1 active), Execution time: mean = 0.21ms, total = 63.72ms, Queueing time: mean = 0.57ms, max = 95.50ms, min = 0.01ms, total = 171.85ms
	AutoscalerStateService.grpc_server.GetClusterResourceState - 298 total (0 active), Execution time: mean = 0.35ms, total = 103.59ms, Queueing time: mean = 0.00ms, max = -0.00ms, min = 9223372036854.78ms, total = 0.00ms
	AutoscalerStateService.grpc_server.GetClusterResourceState.HandleRequestImpl - 298 total (0 active), Execution time: mean = 0.04ms, total = 10.75ms, Queueing time: mean = 0.02ms, max = 0.70ms, min = 0.01ms, total = 6.19ms
	NodeResourceInfoGcsService.grpc_server.GetAllResourceUsage.HandleRequestImpl - 298 total (0 active), Execution time: mean = 0.06ms, total = 19.01ms, Queueing time: mean = 0.04ms, max = 1.38ms, min = 0.01ms, total = 11.95ms
	NodeResourceInfoGcsService.grpc_server.GetAllResourceUsage - 298 total (0 active), Execution time: mean = 0.80ms, total = 237.47ms, Queueing time: mean = 0.00ms, max = -0.00ms, min = 9223372036854.78ms, total = 0.00ms
	event_loop_lag_probe - 152 total (0 active), Execution time: mean = 0.01ms, total = 1.84ms, Queueing time: mean = 0.10ms, max = 14.25ms, min = 0.00ms, total = 15.71ms
	GCSServer.deadline_timer.gcs_global_gc - 150 total (1 active), Execution time: mean = 0.01ms, total = 1.09ms, Queueing time: mean = 0.67ms, max = 66.72ms, min = 0.01ms, total = 100.09ms
	ReporterService.grpc_client.HealthCheck.OnReplyReceived - 31 total (0 active), Execution time: mean = 0.16ms, total = 5.10ms, Queueing time: mean = 52.09ms, max = 1517.54ms, min = 0.02ms, total = 1614.71ms
	ReporterService.grpc_client.HealthCheck - 31 total (0 active), Execution time: mean = 3.62ms, total = 112.34ms, Queueing time: mean = 0.00ms, max = -0.00ms, min = 9223372036854.78ms, total = 0.00ms
	MetricsAgentClient.WaitForServerReadyWithRetry - 30 total (0 active), Execution time: mean = 0.27ms, total = 8.13ms, Queueing time: mean = 1008.67ms, max = 1097.53ms, min = 1000.02ms, total = 30260.04ms
	GCSServer.deadline_timer.debug_state_event_stats_print - 25 total (1 active, 1 running), Execution time: mean = 1.32ms, total = 32.98ms, Queueing time: mean = 2.71ms, max = 67.10ms, min = 0.02ms, total = 67.74ms
	GcsInMemoryStore.GetAll - 6 total (0 active), Execution time: mean = 0.01ms, total = 0.06ms, Queueing time: mean = 0.06ms, max = 0.07ms, min = 0.01ms, total = 0.34ms
	PeriodicalRunner.RunFnPeriodically - 5 total (0 active), Execution time: mean = 0.11ms, total = 0.54ms, Queueing time: mean = 610.50ms, max = 1522.53ms, min = 2.26ms, total = 3052.48ms
	NodeInfoGcsService.grpc_server.GetClusterId - 4 total (0 active), Execution time: mean = 2.91ms, total = 11.62ms, Queueing time: mean = 0.00ms, max = -0.00ms, min = 9223372036854.78ms, total = 0.00ms
	NodeInfoGcsService.grpc_server.GetClusterId.HandleRequestImpl - 4 total (0 active), Execution time: mean = 0.54ms, total = 2.15ms, Queueing time: mean = 0.45ms, max = 1.73ms, min = 0.02ms, total = 1.81ms
	NodeInfoGcsService.grpc_server.GetAllNodeInfo.HandleRequestImpl - 2 total (0 active), Execution time: mean = 0.04ms, total = 0.08ms, Queueing time: mean = 0.02ms, max = 0.03ms, min = 0.01ms, total = 0.04ms
	NodeInfoGcsService.grpc_server.GetAllNodeInfo - 2 total (0 active), Execution time: mean = 0.36ms, total = 0.71ms, Queueing time: mean = 0.00ms, max = -0.00ms, min = 9223372036854.78ms, total = 0.00ms
	GcsInMemoryStore.Delete - 1 total (0 active), Execution time: mean = 0.01ms, total = 0.01ms, Queueing time: mean = 0.01ms, max = 0.01ms, min = 0.01ms, total = 0.01ms
	NodeManager.AddNodeCallback - 1 total (0 active), Execution time: mean = 0.45ms, total = 0.45ms, Queueing time: mean = 0.13ms, max = 0.13ms, min = 0.13ms, total = 0.13ms
	InternalKVGcsService.grpc_server.InternalKVDel - 1 total (0 active), Execution time: mean = 0.45ms, total = 0.45ms, Queueing time: mean = 0.00ms, max = -0.00ms, min = 9223372036854.78ms, total = 0.00ms
	JobInfoGcsService.grpc_server.GetAllJobInfo - 1 total (0 active), Execution time: mean = 0.35ms, total = 0.35ms, Queueing time: mean = 0.00ms, max = -0.00ms, min = 9223372036854.78ms, total = 0.00ms
	JobInfoGcsService.grpc_server.GetNextJobID.HandleRequestImpl - 1 total (0 active), Execution time: mean = 0.02ms, total = 0.02ms, Queueing time: mean = 0.02ms, max = 0.02ms, min = 0.02ms, total = 0.02ms
	JobInfoGcsService.grpc_server.GetNextJobID - 1 total (0 active), Execution time: mean = 0.35ms, total = 0.35ms, Queueing time: mean = 0.00ms, max = -0.00ms, min = 9223372036854.78ms, total = 0.00ms
	GcsHealthCheckManager::AddNode - 1 total (0 active), Execution time: mean = 0.02ms, total = 0.02ms, Queueing time: mean = 0.00ms, max = 0.00ms, min = 0.00ms, total = 0.00ms
	NodeInfoGcsService.grpc_server.GetAllNodeAddressAndLiveness - 1 total (0 active), Execution time: mean = 0.37ms, total = 0.37ms, Queueing time: mean = 0.00ms, max = -0.00ms, min = 9223372036854.78ms, total = 0.00ms
	JobInfoGcsService.grpc_server.GetAllJobInfo.HandleRequestImpl - 1 total (0 active), Execution time: mean = 0.04ms, total = 0.04ms, Queueing time: mean = 0.02ms, max = 0.02ms, min = 0.02ms, total = 0.02ms
	GcsResourceManager::Update - 1 total (0 active), Execution time: mean = 0.08ms, total = 0.08ms, Queueing time: mean = 0.01ms, max = 0.01ms, min = 0.01ms, total = 0.01ms
	NodeInfoGcsService.grpc_server.RegisterNode.HandleRequestImpl - 1 total (0 active), Execution time: mean = 0.23ms, total = 0.23ms, Queueing time: mean = 0.02ms, max = 0.02ms, min = 0.02ms, total = 0.02ms
	InternalKVGcsService.grpc_server.InternalKVDel.HandleRequestImpl - 1 total (0 active), Execution time: mean = 0.06ms, total = 0.06ms, Queueing time: mean = 0.01ms, max = 0.01ms, min = 0.01ms, total = 0.01ms
	InternalKVGcsService.grpc_server.GetInternalConfig.HandleRequestImpl - 1 total (0 active), Execution time: mean = 0.10ms, total = 0.10ms, Queueing time: mean = 0.02ms, max = 0.02ms, min = 0.02ms, total = 0.02ms
	NodeInfoGcsService.grpc_server.GetAllNodeAddressAndLiveness.HandleRequestImpl - 1 total (0 active), Execution time: mean = 0.01ms, total = 0.01ms, Queueing time: mean = 0.01ms, max = 0.01ms, min = 0.01ms, total = 0.01ms
	GcsHealthCheckManager::MarkNodeHealthy - 1 total (0 active), Execution time: mean = 0.00ms, total = 0.00ms, Queueing time: mean = 0.01ms, max = 0.01ms, min = 0.01ms, total = 0.01ms
	GcsInitData::AsyncLoad - 1 total (0 active), Execution time: mean = 0.01ms, total = 0.01ms, Queueing time: mean = 0.00ms, max = 0.00ms, min = 0.00ms, total = 0.00ms
	InternalKVGcsService.grpc_server.GetInternalConfig - 1 total (0 active), Execution time: mean = 0.65ms, total = 0.65ms, Queueing time: mean = 0.00ms, max = -0.00ms, min = 9223372036854.78ms, total = 0.00ms
	GcsInMemoryStore.GetNextJobID - 1 total (0 active), Execution time: mean = 0.01ms, total = 0.01ms, Queueing time: mean = 0.01ms, max = 0.01ms, min = 0.01ms, total = 0.01ms
	NodeInfoGcsService.grpc_server.RegisterNode - 1 total (0 active), Execution time: mean = 0.64ms, total = 0.64ms, Queueing time: mean = 0.00ms, max = -0.00ms, min = 9223372036854.78ms, total = 0.00ms
	GcsServer.GetOrGenerateClusterId.continuation - 1 total (0 active), Execution time: mean = 1520.34ms, total = 1520.34ms, Queueing time: mean = 0.00ms, max = 0.00ms, min = 0.00ms, total = 0.00ms


[2026-06-04 22:53:10,524 I 512 512] (gcs_server) gcs_server.cc:940: task_io_context Event stats:


Global stats: 454 total (1 active)
Queueing time: mean = 0.23ms, max = 89.27ms, min = -0.00ms, total = 106.05ms
Execution time:  mean = 0.01ms, total = 5.69ms
Event stats:
	GcsTaskManager.GcJobSummary - 301 total (1 active), Execution time: mean = 0.01ms, total = 2.97ms, Queueing time: mean = 0.34ms, max = 89.27ms, min = -0.00ms, total = 103.77ms
	event_loop_lag_probe - 152 total (0 active), Execution time: mean = 0.02ms, total = 2.70ms, Queueing time: mean = 0.01ms, max = 0.50ms, min = 0.00ms, total = 2.27ms
	PeriodicalRunner.RunFnPeriodically - 1 total (0 active), Execution time: mean = 0.02ms, total = 0.02ms, Queueing time: mean = 0.02ms, max = 0.02ms, min = 0.02ms, total = 0.02ms


[2026-06-04 22:53:10,524 I 512 512] (gcs_server) gcs_server.cc:940: pubsub_io_context Event stats:


Global stats: 859 total (2 active)
Queueing time: mean = 0.38ms, max = 95.93ms, min = 0.00ms, total = 324.52ms
Execution time:  mean = 1380.23ms, total = 1185620.15ms
Event stats:
	InternalPubSubGcsService.grpc_server.GcsPublish - 345 total (0 active), Execution time: mean = 2.37ms, total = 816.23ms, Queueing time: mean = 0.00ms, max = -0.00ms, min = 9223372036854.78ms, total = 0.00ms
	InternalPubSubGcsService.grpc_server.GcsPublish.HandleRequestImpl - 345 total (0 active), Execution time: mean = 0.12ms, total = 40.23ms, Queueing time: mean = 0.87ms, max = 95.93ms, min = 0.01ms, total = 299.91ms
	event_loop_lag_probe - 152 total (0 active), Execution time: mean = 0.02ms, total = 2.65ms, Queueing time: mean = 0.11ms, max = 15.11ms, min = 0.00ms, total = 16.69ms
	Publisher.CheckDeadSubscribers - 6 total (1 active), Execution time: mean = 0.02ms, total = 0.09ms, Queueing time: mean = 0.03ms, max = 0.06ms, min = 0.03ms, total = 0.21ms
	InternalPubSubGcsService.grpc_server.GcsSubscriberPoll - 3 total (1 active), Execution time: mean = 394919.91ms, total = 1184759.72ms, Queueing time: mean = 0.00ms, max = -0.00ms, min = 9223372036854.78ms, total = 0.00ms
	InternalPubSubGcsService.grpc_server.GcsSubscriberPoll.HandleRequestImpl - 3 total (0 active), Execution time: mean = 0.08ms, total = 0.23ms, Queueing time: mean = 0.08ms, max = 0.19ms, min = 0.02ms, total = 0.23ms
	InternalPubSubGcsService.grpc_server.GcsSubscriberCommandBatch - 2 total (0 active), Execution time: mean = 0.37ms, total = 0.74ms, Queueing time: mean = 0.00ms, max = -0.00ms, min = 9223372036854.78ms, total = 0.00ms
	InternalPubSubGcsService.grpc_server.GcsSubscriberCommandBatch.HandleRequestImpl - 2 total (0 active), Execution time: mean = 0.10ms, total = 0.21ms, Queueing time: mean = 0.02ms, max = 0.03ms, min = 0.01ms, total = 0.04ms
	PeriodicalRunner.RunFnPeriodically - 1 total (0 active), Execution time: mean = 0.06ms, total = 0.06ms, Queueing time: mean = 7.44ms, max = 7.44ms, min = 7.44ms, total = 7.44ms


[2026-06-04 22:53:10,524 I 512 512] (gcs_server) gcs_server.cc:940: ray_syncer_io_context Event stats:


Global stats: 156 total (0 active)
Queueing time: mean = 0.01ms, max = 0.61ms, min = 0.00ms, total = 2.32ms
Execution time:  mean = 0.02ms, total = 3.12ms
Event stats:
	event_loop_lag_probe - 152 total (0 active), Execution time: mean = 0.02ms, total = 2.93ms, Queueing time: mean = 0.01ms, max = 0.61ms, min = 0.00ms, total = 2.22ms
	RaySyncerRegister - 2 total (0 active), Execution time: mean = 0.00ms, total = 0.00ms, Queueing time: mean = 0.04ms, max = 0.06ms, min = 0.01ms, total = 0.08ms
	RaySyncer.BroadcastMessage - 1 total (0 active), Execution time: mean = 0.02ms, total = 0.02ms, Queueing time: mean = 0.00ms, max = 0.00ms, min = 0.00ms, total = 0.00ms
	 - 1 total (0 active), Execution time: mean = 0.16ms, total = 0.16ms, Queueing time: mean = 0.02ms, max = 0.02ms, min = 0.02ms, total = 0.02ms


[2026-06-04 22:53:10,524 I 512 512] (gcs_server) gcs_server.cc:940: ray_event_io_context Event stats:


Global stats: 152 total (0 active)
Queueing time: mean = 0.06ms, max = 8.24ms, min = 0.00ms, total = 9.60ms
Execution time:  mean = 0.02ms, total = 2.57ms
Event stats:
	event_loop_lag_probe - 152 total (0 active), Execution time: mean = 0.02ms, total = 2.57ms, Queueing time: mean = 0.06ms, max = 8.24ms, min = 0.00ms, total = 9.60ms


[2026-06-04 22:54:10,524 I 512 512] (gcs_server) gcs_server.cc:922: Gcs Debug state:

GcsNodeManager: 
- RegisterNode request count: 1
- DrainNode request count: 0
- GetAllNodeInfo request count: 3

GcsActorManager: 
- RegisterActor request count: 0
- CreateActor request count: 0
- GetActorInfo request count: 0
- GetNamedActorInfo request count: 0
- GetAllActorInfo request count: 0
- KillActor request count: 0
- ListNamedActors request count: 0
- Registered actors count: 0
- Destroyed actors count: 0
- Named actors count: 0
- Unresolved actors count: 0
- Pending actors count: 0
- Created actors count: 0
- owners_: 0
- actor_to_register_callbacks_: 0
- actor_to_restart_for_lineage_reconstruction_callbacks_: 0
- actor_to_create_callbacks_: 0
- sorted_destroyed_actor_list_: 0

GcsResourceManager: 
- GetAllAvailableResources request count: 0
- GetAllTotalResources request count: 0
- GetAllResourceUsage request count: 310

GcsPlacementGroupManager: 
- CreatePlacementGroup request count: 0
- RemovePlacementGroup request count: 0
- GetPlacementGroup request count: 0
- GetAllPlacementGroup request count: 0
- WaitPlacementGroupUntilReady request count: 0
- GetNamedPlacementGroup request count: 0
- Scheduling pending placement group count: 0
- Registered placement groups count: 0
- Named placement group count: 0
- Pending placement groups count: 0
- Infeasible placement groups count: 0

Publisher:
GCS_NODE_INFO_CHANNEL
- cumulative published messages: 1
- cumulative published bytes: 499
- current buffered bytes: 0
GCS_NODE_ADDRESS_AND_LIVENESS_CHANNEL
- cumulative published messages: 1
- cumulative published bytes: 92
- current buffered bytes: 0
RAY_LOG_CHANNEL
- cumulative published messages: 358
- cumulative published bytes: 309174
- current buffered bytes: 0

[runtime env manager] ID to URIs table:
[runtime env manager] URIs reference table:

GcsTaskManager: 
-Total num task events reported: 0
-Total num status task events dropped: 0
-Total num profile events dropped: 0
-Current num of task events stored: 0
-Total num of actor creation tasks: 0
-Total num of actor tasks: 0
-Total num of normal tasks: 0
-Total num of driver tasks: 0

GcsAutoscalerStateManager: 
- last_seen_autoscaler_state_version_: 0
- last_cluster_resource_state_version_: 310
- pending demands:



[2026-06-04 22:54:10,525 I 512 512] (gcs_server) gcs_server.cc:936: Main service Event stats:


Global stats: 13422 total (5 active)
Queueing time: mean = 2.97ms, max = 1522.53ms, min = 0.00ms, total = 39826.44ms
Execution time:  mean = 1.35ms, total = 18160.57ms
Event stats:
	GcsInMemoryStore.Put - 2506 total (0 active), Execution time: mean = 0.61ms, total = 1529.52ms, Queueing time: mean = 0.68ms, max = 1521.87ms, min = 0.00ms, total = 1693.10ms
	RayletLoadPulled - 1559 total (1 active), Execution time: mean = 0.23ms, total = 356.17ms, Queueing time: mean = 0.83ms, max = 297.72ms, min = 0.01ms, total = 1293.24ms
	NodeManagerService.grpc_client.GetResourceLoad.OnReplyReceived - 1545 total (0 active), Execution time: mean = 0.05ms, total = 71.80ms, Queueing time: mean = 0.40ms, max = 96.21ms, min = 0.01ms, total = 621.71ms
	NodeManagerService.grpc_client.GetResourceLoad - 1545 total (0 active), Execution time: mean = 8.04ms, total = 12414.18ms, Queueing time: mean = 0.00ms, max = -0.00ms, min = 9223372036854.78ms, total = 0.00ms
	InternalKVGcsService.grpc_server.InternalKVPut.HandleRequestImpl - 630 total (0 active), Execution time: mean = 0.05ms, total = 30.29ms, Queueing time: mean = 0.63ms, max = 96.13ms, min = 0.01ms, total = 394.91ms
	InternalKVGcsService.grpc_server.InternalKVPut - 630 total (0 active), Execution time: mean = 1.39ms, total = 875.21ms, Queueing time: mean = 0.00ms, max = -0.00ms, min = 9223372036854.78ms, total = 0.00ms
	ClusterResourceManager.ResetRemoteNodeView - 520 total (1 active), Execution time: mean = 0.01ms, total = 4.67ms, Queueing time: mean = 0.36ms, max = 95.89ms, min = 0.01ms, total = 186.42ms
	HealthCheck - 514 total (0 active), Execution time: mean = 0.00ms, total = 2.11ms, Queueing time: mean = 0.41ms, max = 96.16ms, min = 0.01ms, total = 210.38ms
	GcsInMemoryStore.Get - 426 total (0 active), Execution time: mean = 0.01ms, total = 5.17ms, Queueing time: mean = 0.01ms, max = 0.11ms, min = 0.01ms, total = 5.99ms
	InternalKVGcsService.grpc_server.InternalKVGet.HandleRequestImpl - 425 total (0 active), Execution time: mean = 0.08ms, total = 35.51ms, Queueing time: mean = 0.25ms, max = 95.88ms, min = 0.01ms, total = 105.35ms
	InternalKVGcsService.grpc_server.InternalKVGet - 425 total (0 active), Execution time: mean = 1.07ms, total = 454.45ms, Queueing time: mean = 0.00ms, max = -0.00ms, min = 9223372036854.78ms, total = 0.00ms
	NodeInfoGcsService.grpc_server.CheckAlive - 335 total (0 active), Execution time: mean = 0.68ms, total = 227.07ms, Queueing time: mean = 0.00ms, max = -0.00ms, min = 9223372036854.78ms, total = 0.00ms
	NodeInfoGcsService.grpc_server.CheckAlive.HandleRequestImpl - 335 total (0 active), Execution time: mean = 0.02ms, total = 6.62ms, Queueing time: mean = 0.03ms, max = 0.31ms, min = 0.01ms, total = 10.03ms
	GCSServer.deadline_timer.metrics_report - 312 total (1 active), Execution time: mean = 0.21ms, total = 66.04ms, Queueing time: mean = 0.55ms, max = 95.50ms, min = 0.01ms, total = 172.12ms
	AutoscalerStateService.grpc_server.GetClusterResourceState - 310 total (0 active), Execution time: mean = 0.35ms, total = 107.04ms, Queueing time: mean = 0.00ms, max = -0.00ms, min = 9223372036854.78ms, total = 0.00ms
	AutoscalerStateService.grpc_server.GetClusterResourceState.HandleRequestImpl - 310 total (0 active), Execution time: mean = 0.04ms, total = 11.07ms, Queueing time: mean = 0.02ms, max = 0.70ms, min = 0.01ms, total = 6.37ms
	NodeResourceInfoGcsService.grpc_server.GetAllResourceUsage.HandleRequestImpl - 310 total (0 active), Execution time: mean = 0.06ms, total = 19.56ms, Queueing time: mean = 0.04ms, max = 1.38ms, min = 0.01ms, total = 12.21ms
	NodeResourceInfoGcsService.grpc_server.GetAllResourceUsage - 310 total (0 active), Execution time: mean = 0.78ms, total = 241.83ms, Queueing time: mean = 0.00ms, max = -0.00ms, min = 9223372036854.78ms, total = 0.00ms
	event_loop_lag_probe - 158 total (0 active), Execution time: mean = 0.01ms, total = 1.91ms, Queueing time: mean = 0.10ms, max = 14.25ms, min = 0.00ms, total = 15.75ms
	GCSServer.deadline_timer.gcs_global_gc - 156 total (1 active), Execution time: mean = 0.01ms, total = 1.13ms, Queueing time: mean = 0.65ms, max = 66.72ms, min = 0.01ms, total = 101.40ms
	ReporterService.grpc_client.HealthCheck.OnReplyReceived - 31 total (0 active), Execution time: mean = 0.16ms, total = 5.10ms, Queueing time: mean = 52.09ms, max = 1517.54ms, min = 0.02ms, total = 1614.71ms
	ReporterService.grpc_client.HealthCheck - 31 total (0 active), Execution time: mean = 3.62ms, total = 112.34ms, Queueing time: mean = 0.00ms, max = -0.00ms, min = 9223372036854.78ms, total = 0.00ms
	MetricsAgentClient.WaitForServerReadyWithRetry - 30 total (0 active), Execution time: mean = 0.27ms, total = 8.13ms, Queueing time: mean = 1008.67ms, max = 1097.53ms, min = 1000.02ms, total = 30260.04ms
	GCSServer.deadline_timer.debug_state_event_stats_print - 26 total (1 active, 1 running), Execution time: mean = 1.32ms, total = 34.29ms, Queueing time: mean = 2.61ms, max = 67.10ms, min = 0.02ms, total = 67.76ms
	GcsInMemoryStore.GetAll - 6 total (0 active), Execution time: mean = 0.01ms, total = 0.06ms, Queueing time: mean = 0.06ms, max = 0.07ms, min = 0.01ms, total = 0.34ms
	PeriodicalRunner.RunFnPeriodically - 5 total (0 active), Execution time: mean = 0.11ms, total = 0.54ms, Queueing time: mean = 610.50ms, max = 1522.53ms, min = 2.26ms, total = 3052.48ms
	NodeInfoGcsService.grpc_server.GetClusterId - 4 total (0 active), Execution time: mean = 2.91ms, total = 11.62ms, Queueing time: mean = 0.00ms, max = -0.00ms, min = 9223372036854.78ms, total = 0.00ms
	NodeInfoGcsService.grpc_server.GetClusterId.HandleRequestImpl - 4 total (0 active), Execution time: mean = 0.54ms, total = 2.15ms, Queueing time: mean = 0.45ms, max = 1.73ms, min = 0.02ms, total = 1.81ms
	NodeInfoGcsService.grpc_server.GetAllNodeInfo.HandleRequestImpl - 2 total (0 active), Execution time: mean = 0.04ms, total = 0.08ms, Queueing time: mean = 0.02ms, max = 0.03ms, min = 0.01ms, total = 0.04ms
	NodeInfoGcsService.grpc_server.GetAllNodeInfo - 2 total (0 active), Execution time: mean = 0.36ms, total = 0.71ms, Queueing time: mean = 0.00ms, max = -0.00ms, min = 9223372036854.78ms, total = 0.00ms
	GcsInMemoryStore.Delete - 1 total (0 active), Execution time: mean = 0.01ms, total = 0.01ms, Queueing time: mean = 0.01ms, max = 0.01ms, min = 0.01ms, total = 0.01ms
	NodeManager.AddNodeCallback - 1 total (0 active), Execution time: mean = 0.45ms, total = 0.45ms, Queueing time: mean = 0.13ms, max = 0.13ms, min = 0.13ms, total = 0.13ms
	InternalKVGcsService.grpc_server.InternalKVDel - 1 total (0 active), Execution time: mean = 0.45ms, total = 0.45ms, Queueing time: mean = 0.00ms, max = -0.00ms, min = 9223372036854.78ms, total = 0.00ms
	JobInfoGcsService.grpc_server.GetAllJobInfo - 1 total (0 active), Execution time: mean = 0.35ms, total = 0.35ms, Queueing time: mean = 0.00ms, max = -0.00ms, min = 9223372036854.78ms, total = 0.00ms
	JobInfoGcsService.grpc_server.GetNextJobID.HandleRequestImpl - 1 total (0 active), Execution time: mean = 0.02ms, total = 0.02ms, Queueing time: mean = 0.02ms, max = 0.02ms, min = 0.02ms, total = 0.02ms
	JobInfoGcsService.grpc_server.GetNextJobID - 1 total (0 active), Execution time: mean = 0.35ms, total = 0.35ms, Queueing time: mean = 0.00ms, max = -0.00ms, min = 9223372036854.78ms, total = 0.00ms
	GcsHealthCheckManager::AddNode - 1 total (0 active), Execution time: mean = 0.02ms, total = 0.02ms, Queueing time: mean = 0.00ms, max = 0.00ms, min = 0.00ms, total = 0.00ms
	NodeInfoGcsService.grpc_server.GetAllNodeAddressAndLiveness - 1 total (0 active), Execution time: mean = 0.37ms, total = 0.37ms, Queueing time: mean = 0.00ms, max = -0.00ms, min = 9223372036854.78ms, total = 0.00ms
	JobInfoGcsService.grpc_server.GetAllJobInfo.HandleRequestImpl - 1 total (0 active), Execution time: mean = 0.04ms, total = 0.04ms, Queueing time: mean = 0.02ms, max = 0.02ms, min = 0.02ms, total = 0.02ms
	GcsResourceManager::Update - 1 total (0 active), Execution time: mean = 0.08ms, total = 0.08ms, Queueing time: mean = 0.01ms, max = 0.01ms, min = 0.01ms, total = 0.01ms
	NodeInfoGcsService.grpc_server.RegisterNode.HandleRequestImpl - 1 total (0 active), Execution time: mean = 0.23ms, total = 0.23ms, Queueing time: mean = 0.02ms, max = 0.02ms, min = 0.02ms, total = 0.02ms
	InternalKVGcsService.grpc_server.InternalKVDel.HandleRequestImpl - 1 total (0 active), Execution time: mean = 0.06ms, total = 0.06ms, Queueing time: mean = 0.01ms, max = 0.01ms, min = 0.01ms, total = 0.01ms
	InternalKVGcsService.grpc_server.GetInternalConfig.HandleRequestImpl - 1 total (0 active), Execution time: mean = 0.10ms, total = 0.10ms, Queueing time: mean = 0.02ms, max = 0.02ms, min = 0.02ms, total = 0.02ms
	NodeInfoGcsService.grpc_server.GetAllNodeAddressAndLiveness.HandleRequestImpl - 1 total (0 active), Execution time: mean = 0.01ms, total = 0.01ms, Queueing time: mean = 0.01ms, max = 0.01ms, min = 0.01ms, total = 0.01ms
	GcsHealthCheckManager::MarkNodeHealthy - 1 total (0 active), Execution time: mean = 0.00ms, total = 0.00ms, Queueing time: mean = 0.01ms, max = 0.01ms, min = 0.01ms, total = 0.01ms
	GcsInitData::AsyncLoad - 1 total (0 active), Execution time: mean = 0.01ms, total = 0.01ms, Queueing time: mean = 0.00ms, max = 0.00ms, min = 0.00ms, total = 0.00ms
	InternalKVGcsService.grpc_server.GetInternalConfig - 1 total (0 active), Execution time: mean = 0.65ms, total = 0.65ms, Queueing time: mean = 0.00ms, max = -0.00ms, min = 9223372036854.78ms, total = 0.00ms
	GcsInMemoryStore.GetNextJobID - 1 total (0 active), Execution time: mean = 0.01ms, total = 0.01ms, Queueing time: mean = 0.01ms, max = 0.01ms, min = 0.01ms, total = 0.01ms
	NodeInfoGcsService.grpc_server.RegisterNode - 1 total (0 active), Execution time: mean = 0.64ms, total = 0.64ms, Queueing time: mean = 0.00ms, max = -0.00ms, min = 9223372036854.78ms, total = 0.00ms
	GcsServer.GetOrGenerateClusterId.continuation - 1 total (0 active), Execution time: mean = 1520.34ms, total = 1520.34ms, Queueing time: mean = 0.00ms, max = 0.00ms, min = 0.00ms, total = 0.00ms


[2026-06-04 22:54:10,525 I 512 512] (gcs_server) gcs_server.cc:940: task_io_context Event stats:


Global stats: 472 total (1 active)
Queueing time: mean = 0.23ms, max = 89.27ms, min = -0.00ms, total = 106.36ms
Execution time:  mean = 0.01ms, total = 5.82ms
Event stats:
	GcsTaskManager.GcJobSummary - 313 total (1 active), Execution time: mean = 0.01ms, total = 3.07ms, Queueing time: mean = 0.33ms, max = 89.27ms, min = -0.00ms, total = 104.06ms
	event_loop_lag_probe - 158 total (0 active), Execution time: mean = 0.02ms, total = 2.74ms, Queueing time: mean = 0.01ms, max = 0.50ms, min = 0.00ms, total = 2.28ms
	PeriodicalRunner.RunFnPeriodically - 1 total (0 active), Execution time: mean = 0.02ms, total = 0.02ms, Queueing time: mean = 0.02ms, max = 0.02ms, min = 0.02ms, total = 0.02ms


[2026-06-04 22:54:10,526 I 512 512] (gcs_server) gcs_server.cc:940: pubsub_io_context Event stats:


Global stats: 891 total (2 active)
Queueing time: mean = 0.36ms, max = 95.93ms, min = 0.00ms, total = 324.91ms
Execution time:  mean = 1330.67ms, total = 1185626.47ms
Event stats:
	InternalPubSubGcsService.grpc_server.GcsPublish - 358 total (0 active), Execution time: mean = 2.29ms, total = 821.29ms, Queueing time: mean = 0.00ms, max = -0.00ms, min = 9223372036854.78ms, total = 0.00ms
	InternalPubSubGcsService.grpc_server.GcsPublish.HandleRequestImpl - 358 total (0 active), Execution time: mean = 0.12ms, total = 41.39ms, Queueing time: mean = 0.84ms, max = 95.93ms, min = 0.01ms, total = 300.25ms
	event_loop_lag_probe - 158 total (0 active), Execution time: mean = 0.02ms, total = 2.74ms, Queueing time: mean = 0.11ms, max = 15.11ms, min = 0.00ms, total = 16.73ms
	Publisher.CheckDeadSubscribers - 6 total (1 active), Execution time: mean = 0.02ms, total = 0.09ms, Queueing time: mean = 0.03ms, max = 0.06ms, min = 0.03ms, total = 0.21ms
	InternalPubSubGcsService.grpc_server.GcsSubscriberPoll - 3 total (1 active), Execution time: mean = 394919.91ms, total = 1184759.72ms, Queueing time: mean = 0.00ms, max = -0.00ms, min = 9223372036854.78ms, total = 0.00ms
	InternalPubSubGcsService.grpc_server.GcsSubscriberPoll.HandleRequestImpl - 3 total (0 active), Execution time: mean = 0.08ms, total = 0.23ms, Queueing time: mean = 0.08ms, max = 0.19ms, min = 0.02ms, total = 0.23ms
	InternalPubSubGcsService.grpc_server.GcsSubscriberCommandBatch - 2 total (0 active), Execution time: mean = 0.37ms, total = 0.74ms, Queueing time: mean = 0.00ms, max = -0.00ms, min = 9223372036854.78ms, total = 0.00ms
	InternalPubSubGcsService.grpc_server.GcsSubscriberCommandBatch.HandleRequestImpl - 2 total (0 active), Execution time: mean = 0.10ms, total = 0.21ms, Queueing time: mean = 0.02ms, max = 0.03ms, min = 0.01ms, total = 0.04ms
	PeriodicalRunner.RunFnPeriodically - 1 total (0 active), Execution time: mean = 0.06ms, total = 0.06ms, Queueing time: mean = 7.44ms, max = 7.44ms, min = 7.44ms, total = 7.44ms


[2026-06-04 22:54:10,526 I 512 512] (gcs_server) gcs_server.cc:940: ray_syncer_io_context Event stats:


Global stats: 162 total (0 active)
Queueing time: mean = 0.01ms, max = 0.61ms, min = 0.00ms, total = 2.37ms
Execution time:  mean = 0.02ms, total = 3.21ms
Event stats:
	event_loop_lag_probe - 158 total (0 active), Execution time: mean = 0.02ms, total = 3.03ms, Queueing time: mean = 0.01ms, max = 0.61ms, min = 0.00ms, total = 2.27ms
	RaySyncerRegister - 2 total (0 active), Execution time: mean = 0.00ms, total = 0.00ms, Queueing time: mean = 0.04ms, max = 0.06ms, min = 0.01ms, total = 0.08ms
	RaySyncer.BroadcastMessage - 1 total (0 active), Execution time: mean = 0.02ms, total = 0.02ms, Queueing time: mean = 0.00ms, max = 0.00ms, min = 0.00ms, total = 0.00ms
	 - 1 total (0 active), Execution time: mean = 0.16ms, total = 0.16ms, Queueing time: mean = 0.02ms, max = 0.02ms, min = 0.02ms, total = 0.02ms


[2026-06-04 22:54:10,526 I 512 512] (gcs_server) gcs_server.cc:940: ray_event_io_context Event stats:


Global stats: 158 total (0 active)
Queueing time: mean = 0.06ms, max = 8.24ms, min = 0.00ms, total = 9.65ms
Execution time:  mean = 0.02ms, total = 2.67ms
Event stats:
	event_loop_lag_probe - 158 total (0 active), Execution time: mean = 0.02ms, total = 2.67ms, Queueing time: mean = 0.06ms, max = 8.24ms, min = 0.00ms, total = 9.65ms


[2026-06-04 22:55:10,526 I 512 512] (gcs_server) gcs_server.cc:922: Gcs Debug state:

GcsNodeManager: 
- RegisterNode request count: 1
- DrainNode request count: 0
- GetAllNodeInfo request count: 3

GcsActorManager: 
- RegisterActor request count: 0
- CreateActor request count: 0
- GetActorInfo request count: 0
- GetNamedActorInfo request count: 0
- GetAllActorInfo request count: 0
- KillActor request count: 0
- ListNamedActors request count: 0
- Registered actors count: 0
- Destroyed actors count: 0
- Named actors count: 0
- Unresolved actors count: 0
- Pending actors count: 0
- Created actors count: 0
- owners_: 0
- actor_to_register_callbacks_: 0
- actor_to_restart_for_lineage_reconstruction_callbacks_: 0
- actor_to_create_callbacks_: 0
- sorted_destroyed_actor_list_: 0

GcsResourceManager: 
- GetAllAvailableResources request count: 0
- GetAllTotalResources request count: 0
- GetAllResourceUsage request count: 322

GcsPlacementGroupManager: 
- CreatePlacementGroup request count: 0
- RemovePlacementGroup request count: 0
- GetPlacementGroup request count: 0
- GetAllPlacementGroup request count: 0
- WaitPlacementGroupUntilReady request count: 0
- GetNamedPlacementGroup request count: 0
- Scheduling pending placement group count: 0
- Registered placement groups count: 0
- Named placement group count: 0
- Pending placement groups count: 0
- Infeasible placement groups count: 0

Publisher:
GCS_NODE_INFO_CHANNEL
- cumulative published messages: 1
- cumulative published bytes: 499
- current buffered bytes: 0
GCS_NODE_ADDRESS_AND_LIVENESS_CHANNEL
- cumulative published messages: 1
- cumulative published bytes: 92
- current buffered bytes: 0
RAY_LOG_CHANNEL
- cumulative published messages: 370
- cumulative published bytes: 319458
- current buffered bytes: 0

[runtime env manager] ID to URIs table:
[runtime env manager] URIs reference table:

GcsTaskManager: 
-Total num task events reported: 0
-Total num status task events dropped: 0
-Total num profile events dropped: 0
-Current num of task events stored: 0
-Total num of actor creation tasks: 0
-Total num of actor tasks: 0
-Total num of normal tasks: 0
-Total num of driver tasks: 0

GcsAutoscalerStateManager: 
- last_seen_autoscaler_state_version_: 0
- last_cluster_resource_state_version_: 322
- pending demands:



[2026-06-04 22:55:10,527 I 512 512] (gcs_server) gcs_server.cc:936: Main service Event stats:


Global stats: 13921 total (5 active)
Queueing time: mean = 2.86ms, max = 1522.53ms, min = 0.00ms, total = 39839.88ms
Execution time:  mean = 1.31ms, total = 18263.38ms
Event stats:
	GcsInMemoryStore.Put - 2602 total (0 active), Execution time: mean = 0.59ms, total = 1529.82ms, Queueing time: mean = 0.65ms, max = 1521.87ms, min = 0.00ms, total = 1699.15ms
	RayletLoadPulled - 1619 total (1 active), Execution time: mean = 0.23ms, total = 367.62ms, Queueing time: mean = 0.80ms, max = 297.72ms, min = 0.01ms, total = 1294.89ms
	NodeManagerService.grpc_client.GetResourceLoad.OnReplyReceived - 1605 total (0 active), Execution time: mean = 0.05ms, total = 74.20ms, Queueing time: mean = 0.39ms, max = 96.21ms, min = 0.01ms, total = 623.14ms
	NodeManagerService.grpc_client.GetResourceLoad - 1605 total (0 active), Execution time: mean = 7.77ms, total = 12472.48ms, Queueing time: mean = 0.00ms, max = -0.00ms, min = 9223372036854.78ms, total = 0.00ms
	InternalKVGcsService.grpc_server.InternalKVPut.HandleRequestImpl - 654 total (0 active), Execution time: mean = 0.05ms, total = 31.36ms, Queueing time: mean = 0.60ms, max = 96.13ms, min = 0.01ms, total = 395.23ms
	InternalKVGcsService.grpc_server.InternalKVPut - 654 total (0 active), Execution time: mean = 1.35ms, total = 881.78ms, Queueing time: mean = 0.00ms, max = -0.00ms, min = 9223372036854.78ms, total = 0.00ms
	ClusterResourceManager.ResetRemoteNodeView - 540 total (1 active), Execution time: mean = 0.01ms, total = 4.81ms, Queueing time: mean = 0.35ms, max = 95.89ms, min = 0.01ms, total = 186.92ms
	HealthCheck - 534 total (0 active), Execution time: mean = 0.00ms, total = 2.18ms, Queueing time: mean = 0.39ms, max = 96.16ms, min = 0.01ms, total = 210.75ms
	GcsInMemoryStore.Get - 438 total (0 active), Execution time: mean = 0.01ms, total = 5.31ms, Queueing time: mean = 0.01ms, max = 0.11ms, min = 0.01ms, total = 6.15ms
	InternalKVGcsService.grpc_server.InternalKVGet.HandleRequestImpl - 437 total (0 active), Execution time: mean = 0.08ms, total = 36.53ms, Queueing time: mean = 0.24ms, max = 95.88ms, min = 0.01ms, total = 105.52ms
	InternalKVGcsService.grpc_server.InternalKVGet - 437 total (0 active), Execution time: mean = 1.05ms, total = 458.50ms, Queueing time: mean = 0.00ms, max = -0.00ms, min = 9223372036854.78ms, total = 0.00ms
	NodeInfoGcsService.grpc_server.CheckAlive - 348 total (0 active), Execution time: mean = 0.67ms, total = 231.82ms, Queueing time: mean = 0.00ms, max = -0.00ms, min = 9223372036854.78ms, total = 0.00ms
	NodeInfoGcsService.grpc_server.CheckAlive.HandleRequestImpl - 348 total (0 active), Execution time: mean = 0.02ms, total = 6.85ms, Queueing time: mean = 0.03ms, max = 0.50ms, min = 0.01ms, total = 10.80ms
	GCSServer.deadline_timer.metrics_report - 324 total (1 active), Execution time: mean = 0.21ms, total = 68.37ms, Queueing time: mean = 0.53ms, max = 95.50ms, min = 0.01ms, total = 172.36ms
	AutoscalerStateService.grpc_server.GetClusterResourceState - 322 total (0 active), Execution time: mean = 0.34ms, total = 110.36ms, Queueing time: mean = 0.00ms, max = -0.00ms, min = 9223372036854.78ms, total = 0.00ms
	AutoscalerStateService.grpc_server.GetClusterResourceState.HandleRequestImpl - 322 total (0 active), Execution time: mean = 0.04ms, total = 11.40ms, Queueing time: mean = 0.02ms, max = 0.70ms, min = 0.01ms, total = 6.54ms
	NodeResourceInfoGcsService.grpc_server.GetAllResourceUsage.HandleRequestImpl - 322 total (0 active), Execution time: mean = 0.06ms, total = 20.10ms, Queueing time: mean = 0.04ms, max = 1.38ms, min = 0.01ms, total = 12.46ms
	NodeResourceInfoGcsService.grpc_server.GetAllResourceUsage - 322 total (0 active), Execution time: mean = 0.76ms, total = 246.21ms, Queueing time: mean = 0.00ms, max = -0.00ms, min = 9223372036854.78ms, total = 0.00ms
	event_loop_lag_probe - 164 total (0 active), Execution time: mean = 0.01ms, total = 1.98ms, Queueing time: mean = 0.10ms, max = 14.25ms, min = 0.00ms, total = 15.79ms
	GCSServer.deadline_timer.gcs_global_gc - 162 total (1 active), Execution time: mean = 0.01ms, total = 1.16ms, Queueing time: mean = 0.63ms, max = 66.72ms, min = 0.01ms, total = 102.70ms
	ReporterService.grpc_client.HealthCheck.OnReplyReceived - 31 total (0 active), Execution time: mean = 0.16ms, total = 5.10ms, Queueing time: mean = 52.09ms, max = 1517.54ms, min = 0.02ms, total = 1614.71ms
	ReporterService.grpc_client.HealthCheck - 31 total (0 active), Execution time: mean = 3.62ms, total = 112.34ms, Queueing time: mean = 0.00ms, max = -0.00ms, min = 9223372036854.78ms, total = 0.00ms
	MetricsAgentClient.WaitForServerReadyWithRetry - 30 total (0 active), Execution time: mean = 0.27ms, total = 8.13ms, Queueing time: mean = 1008.67ms, max = 1097.53ms, min = 1000.02ms, total = 30260.04ms
	GCSServer.deadline_timer.debug_state_event_stats_print - 27 total (1 active, 1 running), Execution time: mean = 1.32ms, total = 35.62ms, Queueing time: mean = 2.51ms, max = 67.10ms, min = 0.02ms, total = 67.78ms
	GcsInMemoryStore.GetAll - 6 total (0 active), Execution time: mean = 0.01ms, total = 0.06ms, Queueing time: mean = 0.06ms, max = 0.07ms, min = 0.01ms, total = 0.34ms
	PeriodicalRunner.RunFnPeriodically - 5 total (0 active), Execution time: mean = 0.11ms, total = 0.54ms, Queueing time: mean = 610.50ms, max = 1522.53ms, min = 2.26ms, total = 3052.48ms
	NodeInfoGcsService.grpc_server.GetClusterId - 4 total (0 active), Execution time: mean = 2.91ms, total = 11.62ms, Queueing time: mean = 0.00ms, max = -0.00ms, min = 9223372036854.78ms, total = 0.00ms
	NodeInfoGcsService.grpc_server.GetClusterId.HandleRequestImpl - 4 total (0 active), Execution time: mean = 0.54ms, total = 2.15ms, Queueing time: mean = 0.45ms, max = 1.73ms, min = 0.02ms, total = 1.81ms
	NodeInfoGcsService.grpc_server.GetAllNodeInfo.HandleRequestImpl - 2 total (0 active), Execution time: mean = 0.04ms, total = 0.08ms, Queueing time: mean = 0.02ms, max = 0.03ms, min = 0.01ms, total = 0.04ms
	NodeInfoGcsService.grpc_server.GetAllNodeInfo - 2 total (0 active), Execution time: mean = 0.36ms, total = 0.71ms, Queueing time: mean = 0.00ms, max = -0.00ms, min = 9223372036854.78ms, total = 0.00ms
	GcsInMemoryStore.Delete - 1 total (0 active), Execution time: mean = 0.01ms, total = 0.01ms, Queueing time: mean = 0.01ms, max = 0.01ms, min = 0.01ms, total = 0.01ms
	NodeManager.AddNodeCallback - 1 total (0 active), Execution time: mean = 0.45ms, total = 0.45ms, Queueing time: mean = 0.13ms, max = 0.13ms, min = 0.13ms, total = 0.13ms
	InternalKVGcsService.grpc_server.InternalKVDel - 1 total (0 active), Execution time: mean = 0.45ms, total = 0.45ms, Queueing time: mean = 0.00ms, max = -0.00ms, min = 9223372036854.78ms, total = 0.00ms
	JobInfoGcsService.grpc_server.GetAllJobInfo - 1 total (0 active), Execution time: mean = 0.35ms, total = 0.35ms, Queueing time: mean = 0.00ms, max = -0.00ms, min = 9223372036854.78ms, total = 0.00ms
	JobInfoGcsService.grpc_server.GetNextJobID.HandleRequestImpl - 1 total (0 active), Execution time: mean = 0.02ms, total = 0.02ms, Queueing time: mean = 0.02ms, max = 0.02ms, min = 0.02ms, total = 0.02ms
	JobInfoGcsService.grpc_server.GetNextJobID - 1 total (0 active), Execution time: mean = 0.35ms, total = 0.35ms, Queueing time: mean = 0.00ms, max = -0.00ms, min = 9223372036854.78ms, total = 0.00ms
	GcsHealthCheckManager::AddNode - 1 total (0 active), Execution time: mean = 0.02ms, total = 0.02ms, Queueing time: mean = 0.00ms, max = 0.00ms, min = 0.00ms, total = 0.00ms
	NodeInfoGcsService.grpc_server.GetAllNodeAddressAndLiveness - 1 total (0 active), Execution time: mean = 0.37ms, total = 0.37ms, Queueing time: mean = 0.00ms, max = -0.00ms, min = 9223372036854.78ms, total = 0.00ms
	JobInfoGcsService.grpc_server.GetAllJobInfo.HandleRequestImpl - 1 total (0 active), Execution time: mean = 0.04ms, total = 0.04ms, Queueing time: mean = 0.02ms, max = 0.02ms, min = 0.02ms, total = 0.02ms
	GcsResourceManager::Update - 1 total (0 active), Execution time: mean = 0.08ms, total = 0.08ms, Queueing time: mean = 0.01ms, max = 0.01ms, min = 0.01ms, total = 0.01ms
	NodeInfoGcsService.grpc_server.RegisterNode.HandleRequestImpl - 1 total (0 active), Execution time: mean = 0.23ms, total = 0.23ms, Queueing time: mean = 0.02ms, max = 0.02ms, min = 0.02ms, total = 0.02ms
	InternalKVGcsService.grpc_server.InternalKVDel.HandleRequestImpl - 1 total (0 active), Execution time: mean = 0.06ms, total = 0.06ms, Queueing time: mean = 0.01ms, max = 0.01ms, min = 0.01ms, total = 0.01ms
	InternalKVGcsService.grpc_server.GetInternalConfig.HandleRequestImpl - 1 total (0 active), Execution time: mean = 0.10ms, total = 0.10ms, Queueing time: mean = 0.02ms, max = 0.02ms, min = 0.02ms, total = 0.02ms
	NodeInfoGcsService.grpc_server.GetAllNodeAddressAndLiveness.HandleRequestImpl - 1 total (0 active), Execution time: mean = 0.01ms, total = 0.01ms, Queueing time: mean = 0.01ms, max = 0.01ms, min = 0.01ms, total = 0.01ms
	GcsHealthCheckManager::MarkNodeHealthy - 1 total (0 active), Execution time: mean = 0.00ms, total = 0.00ms, Queueing time: mean = 0.01ms, max = 0.01ms, min = 0.01ms, total = 0.01ms
	GcsInitData::AsyncLoad - 1 total (0 active), Execution time: mean = 0.01ms, total = 0.01ms, Queueing time: mean = 0.00ms, max = 0.00ms, min = 0.00ms, total = 0.00ms
	InternalKVGcsService.grpc_server.GetInternalConfig - 1 total (0 active), Execution time: mean = 0.65ms, total = 0.65ms, Queueing time: mean = 0.00ms, max = -0.00ms, min = 9223372036854.78ms, total = 0.00ms
	GcsInMemoryStore.GetNextJobID - 1 total (0 active), Execution time: mean = 0.01ms, total = 0.01ms, Queueing time: mean = 0.01ms, max = 0.01ms, min = 0.01ms, total = 0.01ms
	NodeInfoGcsService.grpc_server.RegisterNode - 1 total (0 active), Execution time: mean = 0.64ms, total = 0.64ms, Queueing time: mean = 0.00ms, max = -0.00ms, min = 9223372036854.78ms, total = 0.00ms
	GcsServer.GetOrGenerateClusterId.continuation - 1 total (0 active), Execution time: mean = 1520.34ms, total = 1520.34ms, Queueing time: mean = 0.00ms, max = 0.00ms, min = 0.00ms, total = 0.00ms


[2026-06-04 22:55:10,527 I 512 512] (gcs_server) gcs_server.cc:940: task_io_context Event stats:


Global stats: 490 total (1 active)
Queueing time: mean = 0.22ms, max = 89.27ms, min = -0.00ms, total = 106.67ms
Execution time:  mean = 0.01ms, total = 5.96ms
Event stats:
	GcsTaskManager.GcJobSummary - 325 total (1 active), Execution time: mean = 0.01ms, total = 3.17ms, Queueing time: mean = 0.32ms, max = 89.27ms, min = -0.00ms, total = 104.36ms
	event_loop_lag_probe - 164 total (0 active), Execution time: mean = 0.02ms, total = 2.77ms, Queueing time: mean = 0.01ms, max = 0.50ms, min = 0.00ms, total = 2.30ms
	PeriodicalRunner.RunFnPeriodically - 1 total (0 active), Execution time: mean = 0.02ms, total = 0.02ms, Queueing time: mean = 0.02ms, max = 0.02ms, min = 0.02ms, total = 0.02ms


[2026-06-04 22:55:10,527 I 512 512] (gcs_server) gcs_server.cc:940: pubsub_io_context Event stats:


Global stats: 921 total (2 active)
Queueing time: mean = 0.35ms, max = 95.93ms, min = 0.00ms, total = 325.29ms
Execution time:  mean = 1287.33ms, total = 1185631.92ms
Event stats:
	InternalPubSubGcsService.grpc_server.GcsPublish - 370 total (0 active), Execution time: mean = 2.23ms, total = 825.61ms, Queueing time: mean = 0.00ms, max = -0.00ms, min = 9223372036854.78ms, total = 0.00ms
	InternalPubSubGcsService.grpc_server.GcsPublish.HandleRequestImpl - 370 total (0 active), Execution time: mean = 0.11ms, total = 42.43ms, Queueing time: mean = 0.81ms, max = 95.93ms, min = 0.01ms, total = 300.58ms
	event_loop_lag_probe - 164 total (0 active), Execution time: mean = 0.02ms, total = 2.83ms, Queueing time: mean = 0.10ms, max = 15.11ms, min = 0.00ms, total = 16.78ms
	Publisher.CheckDeadSubscribers - 6 total (1 active), Execution time: mean = 0.02ms, total = 0.09ms, Queueing time: mean = 0.03ms, max = 0.06ms, min = 0.03ms, total = 0.21ms
	InternalPubSubGcsService.grpc_server.GcsSubscriberPoll - 3 total (1 active), Execution time: mean = 394919.91ms, total = 1184759.72ms, Queueing time: mean = 0.00ms, max = -0.00ms, min = 9223372036854.78ms, total = 0.00ms
	InternalPubSubGcsService.grpc_server.GcsSubscriberPoll.HandleRequestImpl - 3 total (0 active), Execution time: mean = 0.08ms, total = 0.23ms, Queueing time: mean = 0.08ms, max = 0.19ms, min = 0.02ms, total = 0.23ms
	InternalPubSubGcsService.grpc_server.GcsSubscriberCommandBatch - 2 total (0 active), Execution time: mean = 0.37ms, total = 0.74ms, Queueing time: mean = 0.00ms, max = -0.00ms, min = 9223372036854.78ms, total = 0.00ms
	InternalPubSubGcsService.grpc_server.GcsSubscriberCommandBatch.HandleRequestImpl - 2 total (0 active), Execution time: mean = 0.10ms, total = 0.21ms, Queueing time: mean = 0.02ms, max = 0.03ms, min = 0.01ms, total = 0.04ms
	PeriodicalRunner.RunFnPeriodically - 1 total (0 active), Execution time: mean = 0.06ms, total = 0.06ms, Queueing time: mean = 7.44ms, max = 7.44ms, min = 7.44ms, total = 7.44ms


[2026-06-04 22:55:10,527 I 512 512] (gcs_server) gcs_server.cc:940: ray_syncer_io_context Event stats:


Global stats: 168 total (0 active)
Queueing time: mean = 0.01ms, max = 0.61ms, min = 0.00ms, total = 2.43ms
Execution time:  mean = 0.02ms, total = 3.31ms
Event stats:
	event_loop_lag_probe - 164 total (0 active), Execution time: mean = 0.02ms, total = 3.13ms, Queueing time: mean = 0.01ms, max = 0.61ms, min = 0.00ms, total = 2.33ms
	RaySyncerRegister - 2 total (0 active), Execution time: mean = 0.00ms, total = 0.00ms, Queueing time: mean = 0.04ms, max = 0.06ms, min = 0.01ms, total = 0.08ms
	RaySyncer.BroadcastMessage - 1 total (0 active), Execution time: mean = 0.02ms, total = 0.02ms, Queueing time: mean = 0.00ms, max = 0.00ms, min = 0.00ms, total = 0.00ms
	 - 1 total (0 active), Execution time: mean = 0.16ms, total = 0.16ms, Queueing time: mean = 0.02ms, max = 0.02ms, min = 0.02ms, total = 0.02ms


[2026-06-04 22:55:10,527 I 512 512] (gcs_server) gcs_server.cc:940: ray_event_io_context Event stats:


Global stats: 164 total (0 active)
Queueing time: mean = 0.06ms, max = 8.24ms, min = 0.00ms, total = 9.70ms
Execution time:  mean = 0.02ms, total = 2.76ms
Event stats:
	event_loop_lag_probe - 164 total (0 active), Execution time: mean = 0.02ms, total = 2.76ms, Queueing time: mean = 0.06ms, max = 8.24ms, min = 0.00ms, total = 9.70ms


[2026-06-04 22:56:10,527 I 512 512] (gcs_server) gcs_server.cc:922: Gcs Debug state:

GcsNodeManager: 
- RegisterNode request count: 1
- DrainNode request count: 0
- GetAllNodeInfo request count: 3

GcsActorManager: 
- RegisterActor request count: 0
- CreateActor request count: 0
- GetActorInfo request count: 0
- GetNamedActorInfo request count: 0
- GetAllActorInfo request count: 0
- KillActor request count: 0
- ListNamedActors request count: 0
- Registered actors count: 0
- Destroyed actors count: 0
- Named actors count: 0
- Unresolved actors count: 0
- Pending actors count: 0
- Created actors count: 0
- owners_: 0
- actor_to_register_callbacks_: 0
- actor_to_restart_for_lineage_reconstruction_callbacks_: 0
- actor_to_create_callbacks_: 0
- sorted_destroyed_actor_list_: 0

GcsResourceManager: 
- GetAllAvailableResources request count: 0
- GetAllTotalResources request count: 0
- GetAllResourceUsage request count: 334

GcsPlacementGroupManager: 
- CreatePlacementGroup request count: 0
- RemovePlacementGroup request count: 0
- GetPlacementGroup request count: 0
- GetAllPlacementGroup request count: 0
- WaitPlacementGroupUntilReady request count: 0
- GetNamedPlacementGroup request count: 0
- Scheduling pending placement group count: 0
- Registered placement groups count: 0
- Named placement group count: 0
- Pending placement groups count: 0
- Infeasible placement groups count: 0

Publisher:
GCS_NODE_INFO_CHANNEL
- cumulative published messages: 1
- cumulative published bytes: 499
- current buffered bytes: 0
GCS_NODE_ADDRESS_AND_LIVENESS_CHANNEL
- cumulative published messages: 1
- cumulative published bytes: 92
- current buffered bytes: 0
RAY_LOG_CHANNEL
- cumulative published messages: 384
- cumulative published bytes: 329814
- current buffered bytes: 0

[runtime env manager] ID to URIs table:
[runtime env manager] URIs reference table:

GcsTaskManager: 
-Total num task events reported: 0
-Total num status task events dropped: 0
-Total num profile events dropped: 0
-Current num of task events stored: 0
-Total num of actor creation tasks: 0
-Total num of actor tasks: 0
-Total num of normal tasks: 0
-Total num of driver tasks: 0

GcsAutoscalerStateManager: 
- last_seen_autoscaler_state_version_: 0
- last_cluster_resource_state_version_: 334
- pending demands:



[2026-06-04 22:56:10,528 I 512 512] (gcs_server) gcs_server.cc:936: Main service Event stats:


Global stats: 14420 total (5 active)
Queueing time: mean = 2.76ms, max = 1522.53ms, min = 0.00ms, total = 39853.06ms
Execution time:  mean = 1.27ms, total = 18367.52ms
Event stats:
	GcsInMemoryStore.Put - 2698 total (0 active), Execution time: mean = 0.57ms, total = 1530.14ms, Queueing time: mean = 0.63ms, max = 1521.87ms, min = 0.00ms, total = 1705.21ms
	RayletLoadPulled - 1679 total (1 active), Execution time: mean = 0.23ms, total = 379.36ms, Queueing time: mean = 0.77ms, max = 297.72ms, min = 0.01ms, total = 1296.57ms
	NodeManagerService.grpc_client.GetResourceLoad.OnReplyReceived - 1665 total (0 active), Execution time: mean = 0.05ms, total = 76.62ms, Queueing time: mean = 0.38ms, max = 96.21ms, min = 0.01ms, total = 624.65ms
	NodeManagerService.grpc_client.GetResourceLoad - 1665 total (0 active), Execution time: mean = 7.53ms, total = 12532.92ms, Queueing time: mean = 0.00ms, max = -0.00ms, min = 9223372036854.78ms, total = 0.00ms
	InternalKVGcsService.grpc_server.InternalKVPut.HandleRequestImpl - 678 total (0 active), Execution time: mean = 0.05ms, total = 32.38ms, Queueing time: mean = 0.58ms, max = 96.13ms, min = 0.01ms, total = 395.54ms
	InternalKVGcsService.grpc_server.InternalKVPut - 678 total (0 active), Execution time: mean = 1.31ms, total = 888.23ms, Queueing time: mean = 0.00ms, max = -0.00ms, min = 9223372036854.78ms, total = 0.00ms
	ClusterResourceManager.ResetRemoteNodeView - 560 total (1 active), Execution time: mean = 0.01ms, total = 4.95ms, Queueing time: mean = 0.33ms, max = 95.89ms, min = 0.01ms, total = 187.45ms
	HealthCheck - 554 total (0 active), Execution time: mean = 0.00ms, total = 2.24ms, Queueing time: mean = 0.38ms, max = 96.16ms, min = 0.01ms, total = 211.16ms
	GcsInMemoryStore.Get - 450 total (0 active), Execution time: mean = 0.01ms, total = 5.47ms, Queueing time: mean = 0.01ms, max = 0.11ms, min = 0.01ms, total = 6.31ms
	InternalKVGcsService.grpc_server.InternalKVGet.HandleRequestImpl - 449 total (0 active), Execution time: mean = 0.08ms, total = 37.54ms, Queueing time: mean = 0.24ms, max = 95.88ms, min = 0.01ms, total = 105.67ms
	InternalKVGcsService.grpc_server.InternalKVGet - 449 total (0 active), Execution time: mean = 1.03ms, total = 462.24ms, Queueing time: mean = 0.00ms, max = -0.00ms, min = 9223372036854.78ms, total = 0.00ms
	NodeInfoGcsService.grpc_server.CheckAlive - 361 total (0 active), Execution time: mean = 0.65ms, total = 235.79ms, Queueing time: mean = 0.00ms, max = -0.00ms, min = 9223372036854.78ms, total = 0.00ms
	NodeInfoGcsService.grpc_server.CheckAlive.HandleRequestImpl - 361 total (0 active), Execution time: mean = 0.02ms, total = 7.07ms, Queueing time: mean = 0.03ms, max = 0.50ms, min = 0.01ms, total = 11.09ms
	GCSServer.deadline_timer.metrics_report - 336 total (1 active), Execution time: mean = 0.21ms, total = 70.67ms, Queueing time: mean = 0.51ms, max = 95.50ms, min = 0.01ms, total = 172.62ms
	AutoscalerStateService.grpc_server.GetClusterResourceState - 334 total (0 active), Execution time: mean = 0.34ms, total = 113.70ms, Queueing time: mean = 0.00ms, max = -0.00ms, min = 9223372036854.78ms, total = 0.00ms
	AutoscalerStateService.grpc_server.GetClusterResourceState.HandleRequestImpl - 334 total (0 active), Execution time: mean = 0.04ms, total = 11.74ms, Queueing time: mean = 0.02ms, max = 0.70ms, min = 0.01ms, total = 6.70ms
	NodeResourceInfoGcsService.grpc_server.GetAllResourceUsage.HandleRequestImpl - 334 total (0 active), Execution time: mean = 0.06ms, total = 20.65ms, Queueing time: mean = 0.04ms, max = 1.38ms, min = 0.01ms, total = 12.72ms
	NodeResourceInfoGcsService.grpc_server.GetAllResourceUsage - 334 total (0 active), Execution time: mean = 0.75ms, total = 250.70ms, Queueing time: mean = 0.00ms, max = -0.00ms, min = 9223372036854.78ms, total = 0.00ms
	event_loop_lag_probe - 170 total (0 active), Execution time: mean = 0.01ms, total = 2.05ms, Queueing time: mean = 0.09ms, max = 14.25ms, min = 0.00ms, total = 15.83ms
	GCSServer.deadline_timer.gcs_global_gc - 168 total (1 active), Execution time: mean = 0.01ms, total = 1.20ms, Queueing time: mean = 0.62ms, max = 66.72ms, min = 0.01ms, total = 104.01ms
	ReporterService.grpc_client.HealthCheck.OnReplyReceived - 31 total (0 active), Execution time: mean = 0.16ms, total = 5.10ms, Queueing time: mean = 52.09ms, max = 1517.54ms, min = 0.02ms, total = 1614.71ms
	ReporterService.grpc_client.HealthCheck - 31 total (0 active), Execution time: mean = 3.62ms, total = 112.34ms, Queueing time: mean = 0.00ms, max = -0.00ms, min = 9223372036854.78ms, total = 0.00ms
	MetricsAgentClient.WaitForServerReadyWithRetry - 30 total (0 active), Execution time: mean = 0.27ms, total = 8.13ms, Queueing time: mean = 1008.67ms, max = 1097.53ms, min = 1000.02ms, total = 30260.04ms
	GCSServer.deadline_timer.debug_state_event_stats_print - 28 total (1 active, 1 running), Execution time: mean = 1.32ms, total = 36.93ms, Queueing time: mean = 2.42ms, max = 67.10ms, min = 0.02ms, total = 67.80ms
	GcsInMemoryStore.GetAll - 6 total (0 active), Execution time: mean = 0.01ms, total = 0.06ms, Queueing time: mean = 0.06ms, max = 0.07ms, min = 0.01ms, total = 0.34ms
	PeriodicalRunner.RunFnPeriodically - 5 total (0 active), Execution time: mean = 0.11ms, total = 0.54ms, Queueing time: mean = 610.50ms, max = 1522.53ms, min = 2.26ms, total = 3052.48ms
	NodeInfoGcsService.grpc_server.GetClusterId - 4 total (0 active), Execution time: mean = 2.91ms, total = 11.62ms, Queueing time: mean = 0.00ms, max = -0.00ms, min = 9223372036854.78ms, total = 0.00ms
	NodeInfoGcsService.grpc_server.GetClusterId.HandleRequestImpl - 4 total (0 active), Execution time: mean = 0.54ms, total = 2.15ms, Queueing time: mean = 0.45ms, max = 1.73ms, min = 0.02ms, total = 1.81ms
	NodeInfoGcsService.grpc_server.GetAllNodeInfo.HandleRequestImpl - 2 total (0 active), Execution time: mean = 0.04ms, total = 0.08ms, Queueing time: mean = 0.02ms, max = 0.03ms, min = 0.01ms, total = 0.04ms
	NodeInfoGcsService.grpc_server.GetAllNodeInfo - 2 total (0 active), Execution time: mean = 0.36ms, total = 0.71ms, Queueing time: mean = 0.00ms, max = -0.00ms, min = 9223372036854.78ms, total = 0.00ms
	GcsInMemoryStore.Delete - 1 total (0 active), Execution time: mean = 0.01ms, total = 0.01ms, Queueing time: mean = 0.01ms, max = 0.01ms, min = 0.01ms, total = 0.01ms
	NodeManager.AddNodeCallback - 1 total (0 active), Execution time: mean = 0.45ms, total = 0.45ms, Queueing time: mean = 0.13ms, max = 0.13ms, min = 0.13ms, total = 0.13ms
	InternalKVGcsService.grpc_server.InternalKVDel - 1 total (0 active), Execution time: mean = 0.45ms, total = 0.45ms, Queueing time: mean = 0.00ms, max = -0.00ms, min = 9223372036854.78ms, total = 0.00ms
	JobInfoGcsService.grpc_server.GetAllJobInfo - 1 total (0 active), Execution time: mean = 0.35ms, total = 0.35ms, Queueing time: mean = 0.00ms, max = -0.00ms, min = 9223372036854.78ms, total = 0.00ms
	JobInfoGcsService.grpc_server.GetNextJobID.HandleRequestImpl - 1 total (0 active), Execution time: mean = 0.02ms, total = 0.02ms, Queueing time: mean = 0.02ms, max = 0.02ms, min = 0.02ms, total = 0.02ms
	JobInfoGcsService.grpc_server.GetNextJobID - 1 total (0 active), Execution time: mean = 0.35ms, total = 0.35ms, Queueing time: mean = 0.00ms, max = -0.00ms, min = 9223372036854.78ms, total = 0.00ms
	GcsHealthCheckManager::AddNode - 1 total (0 active), Execution time: mean = 0.02ms, total = 0.02ms, Queueing time: mean = 0.00ms, max = 0.00ms, min = 0.00ms, total = 0.00ms
	NodeInfoGcsService.grpc_server.GetAllNodeAddressAndLiveness - 1 total (0 active), Execution time: mean = 0.37ms, total = 0.37ms, Queueing time: mean = 0.00ms, max = -0.00ms, min = 9223372036854.78ms, total = 0.00ms
	JobInfoGcsService.grpc_server.GetAllJobInfo.HandleRequestImpl - 1 total (0 active), Execution time: mean = 0.04ms, total = 0.04ms, Queueing time: mean = 0.02ms, max = 0.02ms, min = 0.02ms, total = 0.02ms
	GcsResourceManager::Update - 1 total (0 active), Execution time: mean = 0.08ms, total = 0.08ms, Queueing time: mean = 0.01ms, max = 0.01ms, min = 0.01ms, total = 0.01ms
	NodeInfoGcsService.grpc_server.RegisterNode.HandleRequestImpl - 1 total (0 active), Execution time: mean = 0.23ms, total = 0.23ms, Queueing time: mean = 0.02ms, max = 0.02ms, min = 0.02ms, total = 0.02ms
	InternalKVGcsService.grpc_server.InternalKVDel.HandleRequestImpl - 1 total (0 active), Execution time: mean = 0.06ms, total = 0.06ms, Queueing time: mean = 0.01ms, max = 0.01ms, min = 0.01ms, total = 0.01ms
	InternalKVGcsService.grpc_server.GetInternalConfig.HandleRequestImpl - 1 total (0 active), Execution time: mean = 0.10ms, total = 0.10ms, Queueing time: mean = 0.02ms, max = 0.02ms, min = 0.02ms, total = 0.02ms
	NodeInfoGcsService.grpc_server.GetAllNodeAddressAndLiveness.HandleRequestImpl - 1 total (0 active), Execution time: mean = 0.01ms, total = 0.01ms, Queueing time: mean = 0.01ms, max = 0.01ms, min = 0.01ms, total = 0.01ms
	GcsHealthCheckManager::MarkNodeHealthy - 1 total (0 active), Execution time: mean = 0.00ms, total = 0.00ms, Queueing time: mean = 0.01ms, max = 0.01ms, min = 0.01ms, total = 0.01ms
	GcsInitData::AsyncLoad - 1 total (0 active), Execution time: mean = 0.01ms, total = 0.01ms, Queueing time: mean = 0.00ms, max = 0.00ms, min = 0.00ms, total = 0.00ms
	InternalKVGcsService.grpc_server.GetInternalConfig - 1 total (0 active), Execution time: mean = 0.65ms, total = 0.65ms, Queueing time: mean = 0.00ms, max = -0.00ms, min = 9223372036854.78ms, total = 0.00ms
	GcsInMemoryStore.GetNextJobID - 1 total (0 active), Execution time: mean = 0.01ms, total = 0.01ms, Queueing time: mean = 0.01ms, max = 0.01ms, min = 0.01ms, total = 0.01ms
	NodeInfoGcsService.grpc_server.RegisterNode - 1 total (0 active), Execution time: mean = 0.64ms, total = 0.64ms, Queueing time: mean = 0.00ms, max = -0.00ms, min = 9223372036854.78ms, total = 0.00ms
	GcsServer.GetOrGenerateClusterId.continuation - 1 total (0 active), Execution time: mean = 1520.34ms, total = 1520.34ms, Queueing time: mean = 0.00ms, max = 0.00ms, min = 0.00ms, total = 0.00ms


[2026-06-04 22:56:10,528 I 512 512] (gcs_server) gcs_server.cc:940: task_io_context Event stats:


Global stats: 508 total (1 active)
Queueing time: mean = 0.21ms, max = 89.27ms, min = -0.00ms, total = 106.98ms
Execution time:  mean = 0.01ms, total = 6.09ms
Event stats:
	GcsTaskManager.GcJobSummary - 337 total (1 active), Execution time: mean = 0.01ms, total = 3.27ms, Queueing time: mean = 0.31ms, max = 89.27ms, min = -0.00ms, total = 104.65ms
	event_loop_lag_probe - 170 total (0 active), Execution time: mean = 0.02ms, total = 2.81ms, Queueing time: mean = 0.01ms, max = 0.50ms, min = 0.00ms, total = 2.31ms
	PeriodicalRunner.RunFnPeriodically - 1 total (0 active), Execution time: mean = 0.02ms, total = 0.02ms, Queueing time: mean = 0.02ms, max = 0.02ms, min = 0.02ms, total = 0.02ms


[2026-06-04 22:56:10,528 I 512 512] (gcs_server) gcs_server.cc:940: pubsub_io_context Event stats:


Global stats: 955 total (2 active)
Queueing time: mean = 0.34ms, max = 95.93ms, min = 0.00ms, total = 325.70ms
Execution time:  mean = 1241.51ms, total = 1185638.30ms
Event stats:
	InternalPubSubGcsService.grpc_server.GcsPublish - 384 total (0 active), Execution time: mean = 2.16ms, total = 830.69ms, Queueing time: mean = 0.00ms, max = -0.00ms, min = 9223372036854.78ms, total = 0.00ms
	InternalPubSubGcsService.grpc_server.GcsPublish.HandleRequestImpl - 384 total (0 active), Execution time: mean = 0.11ms, total = 43.64ms, Queueing time: mean = 0.78ms, max = 95.93ms, min = 0.01ms, total = 300.94ms
	event_loop_lag_probe - 170 total (0 active), Execution time: mean = 0.02ms, total = 2.92ms, Queueing time: mean = 0.10ms, max = 15.11ms, min = 0.00ms, total = 16.83ms
	Publisher.CheckDeadSubscribers - 6 total (1 active), Execution time: mean = 0.02ms, total = 0.09ms, Queueing time: mean = 0.03ms, max = 0.06ms, min = 0.03ms, total = 0.21ms
	InternalPubSubGcsService.grpc_server.GcsSubscriberPoll - 3 total (1 active), Execution time: mean = 394919.91ms, total = 1184759.72ms, Queueing time: mean = 0.00ms, max = -0.00ms, min = 9223372036854.78ms, total = 0.00ms
	InternalPubSubGcsService.grpc_server.GcsSubscriberPoll.HandleRequestImpl - 3 total (0 active), Execution time: mean = 0.08ms, total = 0.23ms, Queueing time: mean = 0.08ms, max = 0.19ms, min = 0.02ms, total = 0.23ms
	InternalPubSubGcsService.grpc_server.GcsSubscriberCommandBatch - 2 total (0 active), Execution time: mean = 0.37ms, total = 0.74ms, Queueing time: mean = 0.00ms, max = -0.00ms, min = 9223372036854.78ms, total = 0.00ms
	InternalPubSubGcsService.grpc_server.GcsSubscriberCommandBatch.HandleRequestImpl - 2 total (0 active), Execution time: mean = 0.10ms, total = 0.21ms, Queueing time: mean = 0.02ms, max = 0.03ms, min = 0.01ms, total = 0.04ms
	PeriodicalRunner.RunFnPeriodically - 1 total (0 active), Execution time: mean = 0.06ms, total = 0.06ms, Queueing time: mean = 7.44ms, max = 7.44ms, min = 7.44ms, total = 7.44ms


[2026-06-04 22:56:10,528 I 512 512] (gcs_server) gcs_server.cc:940: ray_syncer_io_context Event stats:


Global stats: 174 total (0 active)
Queueing time: mean = 0.01ms, max = 0.61ms, min = 0.00ms, total = 2.47ms
Execution time:  mean = 0.02ms, total = 3.40ms
Event stats:
	event_loop_lag_probe - 170 total (0 active), Execution time: mean = 0.02ms, total = 3.21ms, Queueing time: mean = 0.01ms, max = 0.61ms, min = 0.00ms, total = 2.38ms
	RaySyncerRegister - 2 total (0 active), Execution time: mean = 0.00ms, total = 0.00ms, Queueing time: mean = 0.04ms, max = 0.06ms, min = 0.01ms, total = 0.08ms
	RaySyncer.BroadcastMessage - 1 total (0 active), Execution time: mean = 0.02ms, total = 0.02ms, Queueing time: mean = 0.00ms, max = 0.00ms, min = 0.00ms, total = 0.00ms
	 - 1 total (0 active), Execution time: mean = 0.16ms, total = 0.16ms, Queueing time: mean = 0.02ms, max = 0.02ms, min = 0.02ms, total = 0.02ms


[2026-06-04 22:56:10,528 I 512 512] (gcs_server) gcs_server.cc:940: ray_event_io_context Event stats:


Global stats: 170 total (0 active)
Queueing time: mean = 0.06ms, max = 8.24ms, min = 0.00ms, total = 9.75ms
Execution time:  mean = 0.02ms, total = 2.85ms
Event stats:
	event_loop_lag_probe - 170 total (0 active), Execution time: mean = 0.02ms, total = 2.85ms, Queueing time: mean = 0.06ms, max = 8.24ms, min = 0.00ms, total = 9.75ms


[2026-06-04 22:57:10,528 I 512 512] (gcs_server) gcs_server.cc:922: Gcs Debug state:

GcsNodeManager: 
- RegisterNode request count: 1
- DrainNode request count: 0
- GetAllNodeInfo request count: 3

GcsActorManager: 
- RegisterActor request count: 0
- CreateActor request count: 0
- GetActorInfo request count: 0
- GetNamedActorInfo request count: 0
- GetAllActorInfo request count: 0
- KillActor request count: 0
- ListNamedActors request count: 0
- Registered actors count: 0
- Destroyed actors count: 0
- Named actors count: 0
- Unresolved actors count: 0
- Pending actors count: 0
- Created actors count: 0
- owners_: 0
- actor_to_register_callbacks_: 0
- actor_to_restart_for_lineage_reconstruction_callbacks_: 0
- actor_to_create_callbacks_: 0
- sorted_destroyed_actor_list_: 0

GcsResourceManager: 
- GetAllAvailableResources request count: 0
- GetAllTotalResources request count: 0
- GetAllResourceUsage request count: 346

GcsPlacementGroupManager: 
- CreatePlacementGroup request count: 0
- RemovePlacementGroup request count: 0
- GetPlacementGroup request count: 0
- GetAllPlacementGroup request count: 0
- WaitPlacementGroupUntilReady request count: 0
- GetNamedPlacementGroup request count: 0
- Scheduling pending placement group count: 0
- Registered placement groups count: 0
- Named placement group count: 0
- Pending placement groups count: 0
- Infeasible placement groups count: 0

Publisher:
GCS_NODE_INFO_CHANNEL
- cumulative published messages: 1
- cumulative published bytes: 499
- current buffered bytes: 0
GCS_NODE_ADDRESS_AND_LIVENESS_CHANNEL
- cumulative published messages: 1
- cumulative published bytes: 92
- current buffered bytes: 0
RAY_LOG_CHANNEL
- cumulative published messages: 396
- cumulative published bytes: 340098
- current buffered bytes: 0

[runtime env manager] ID to URIs table:
[runtime env manager] URIs reference table:

GcsTaskManager: 
-Total num task events reported: 0
-Total num status task events dropped: 0
-Total num profile events dropped: 0
-Current num of task events stored: 0
-Total num of actor creation tasks: 0
-Total num of actor tasks: 0
-Total num of normal tasks: 0
-Total num of driver tasks: 0

GcsAutoscalerStateManager: 
- last_seen_autoscaler_state_version_: 0
- last_cluster_resource_state_version_: 346
- pending demands:



[2026-06-04 22:57:10,529 I 512 512] (gcs_server) gcs_server.cc:936: Main service Event stats:


Global stats: 14919 total (5 active)
Queueing time: mean = 2.67ms, max = 1522.53ms, min = 0.00ms, total = 39867.30ms
Execution time:  mean = 1.24ms, total = 18485.27ms
Event stats:
	GcsInMemoryStore.Put - 2794 total (0 active), Execution time: mean = 0.55ms, total = 1530.48ms, Queueing time: mean = 0.61ms, max = 1521.87ms, min = 0.00ms, total = 1711.55ms
	RayletLoadPulled - 1739 total (1 active), Execution time: mean = 0.23ms, total = 392.34ms, Queueing time: mean = 0.75ms, max = 297.72ms, min = 0.01ms, total = 1298.47ms
	NodeManagerService.grpc_client.GetResourceLoad.OnReplyReceived - 1725 total (0 active), Execution time: mean = 0.05ms, total = 79.30ms, Queueing time: mean = 0.36ms, max = 96.21ms, min = 0.01ms, total = 626.29ms
	NodeManagerService.grpc_client.GetResourceLoad - 1725 total (0 active), Execution time: mean = 7.30ms, total = 12600.55ms, Queueing time: mean = 0.00ms, max = -0.00ms, min = 9223372036854.78ms, total = 0.00ms
	InternalKVGcsService.grpc_server.InternalKVPut.HandleRequestImpl - 702 total (0 active), Execution time: mean = 0.05ms, total = 33.55ms, Queueing time: mean = 0.56ms, max = 96.13ms, min = 0.01ms, total = 395.91ms
	InternalKVGcsService.grpc_server.InternalKVPut - 702 total (0 active), Execution time: mean = 1.28ms, total = 895.95ms, Queueing time: mean = 0.00ms, max = -0.00ms, min = 9223372036854.78ms, total = 0.00ms
	ClusterResourceManager.ResetRemoteNodeView - 580 total (1 active), Execution time: mean = 0.01ms, total = 5.10ms, Queueing time: mean = 0.32ms, max = 95.89ms, min = 0.01ms, total = 188.02ms
	HealthCheck - 574 total (0 active), Execution time: mean = 0.00ms, total = 2.31ms, Queueing time: mean = 0.37ms, max = 96.16ms, min = 0.01ms, total = 211.71ms
	GcsInMemoryStore.Get - 462 total (0 active), Execution time: mean = 0.01ms, total = 5.64ms, Queueing time: mean = 0.01ms, max = 0.11ms, min = 0.01ms, total = 6.48ms
	InternalKVGcsService.grpc_server.InternalKVGet.HandleRequestImpl - 461 total (0 active), Execution time: mean = 0.08ms, total = 38.71ms, Queueing time: mean = 0.23ms, max = 95.88ms, min = 0.01ms, total = 105.87ms
	InternalKVGcsService.grpc_server.InternalKVGet - 461 total (0 active), Execution time: mean = 1.01ms, total = 466.97ms, Queueing time: mean = 0.00ms, max = -0.00ms, min = 9223372036854.78ms, total = 0.00ms
	NodeInfoGcsService.grpc_server.CheckAlive - 374 total (0 active), Execution time: mean = 0.64ms, total = 240.38ms, Queueing time: mean = 0.00ms, max = -0.00ms, min = 9223372036854.78ms, total = 0.00ms
	NodeInfoGcsService.grpc_server.CheckAlive.HandleRequestImpl - 374 total (0 active), Execution time: mean = 0.02ms, total = 7.34ms, Queueing time: mean = 0.03ms, max = 0.50ms, min = 0.01ms, total = 11.40ms
	GCSServer.deadline_timer.metrics_report - 348 total (1 active), Execution time: mean = 0.21ms, total = 73.27ms, Queueing time: mean = 0.50ms, max = 95.50ms, min = 0.01ms, total = 172.90ms
	AutoscalerStateService.grpc_server.GetClusterResourceState - 346 total (0 active), Execution time: mean = 0.34ms, total = 117.64ms, Queueing time: mean = 0.00ms, max = -0.00ms, min = 9223372036854.78ms, total = 0.00ms
	AutoscalerStateService.grpc_server.GetClusterResourceState.HandleRequestImpl - 346 total (0 active), Execution time: mean = 0.04ms, total = 12.13ms, Queueing time: mean = 0.02ms, max = 0.70ms, min = 0.01ms, total = 6.90ms
	NodeResourceInfoGcsService.grpc_server.GetAllResourceUsage.HandleRequestImpl - 346 total (0 active), Execution time: mean = 0.06ms, total = 21.31ms, Queueing time: mean = 0.04ms, max = 1.38ms, min = 0.01ms, total = 13.04ms
	NodeResourceInfoGcsService.grpc_server.GetAllResourceUsage - 346 total (0 active), Execution time: mean = 0.74ms, total = 255.74ms, Queueing time: mean = 0.00ms, max = -0.00ms, min = 9223372036854.78ms, total = 0.00ms
	event_loop_lag_probe - 176 total (0 active), Execution time: mean = 0.01ms, total = 2.13ms, Queueing time: mean = 0.09ms, max = 14.25ms, min = 0.00ms, total = 15.87ms
	GCSServer.deadline_timer.gcs_global_gc - 174 total (1 active), Execution time: mean = 0.01ms, total = 1.24ms, Queueing time: mean = 0.61ms, max = 66.72ms, min = 0.01ms, total = 105.35ms
	ReporterService.grpc_client.HealthCheck.OnReplyReceived - 31 total (0 active), Execution time: mean = 0.16ms, total = 5.10ms, Queueing time: mean = 52.09ms, max = 1517.54ms, min = 0.02ms, total = 1614.71ms
	ReporterService.grpc_client.HealthCheck - 31 total (0 active), Execution time: mean = 3.62ms, total = 112.34ms, Queueing time: mean = 0.00ms, max = -0.00ms, min = 9223372036854.78ms, total = 0.00ms
	MetricsAgentClient.WaitForServerReadyWithRetry - 30 total (0 active), Execution time: mean = 0.27ms, total = 8.13ms, Queueing time: mean = 1008.67ms, max = 1097.53ms, min = 1000.02ms, total = 30260.04ms
	GCSServer.deadline_timer.debug_state_event_stats_print - 29 total (1 active, 1 running), Execution time: mean = 1.32ms, total = 38.24ms, Queueing time: mean = 2.34ms, max = 67.10ms, min = 0.02ms, total = 67.83ms
	GcsInMemoryStore.GetAll - 6 total (0 active), Execution time: mean = 0.01ms, total = 0.06ms, Queueing time: mean = 0.06ms, max = 0.07ms, min = 0.01ms, total = 0.34ms
	PeriodicalRunner.RunFnPeriodically - 5 total (0 active), Execution time: mean = 0.11ms, total = 0.54ms, Queueing time: mean = 610.50ms, max = 1522.53ms, min = 2.26ms, total = 3052.48ms
	NodeInfoGcsService.grpc_server.GetClusterId - 4 total (0 active), Execution time: mean = 2.91ms, total = 11.62ms, Queueing time: mean = 0.00ms, max = -0.00ms, min = 9223372036854.78ms, total = 0.00ms
	NodeInfoGcsService.grpc_server.GetClusterId.HandleRequestImpl - 4 total (0 active), Execution time: mean = 0.54ms, total = 2.15ms, Queueing time: mean = 0.45ms, max = 1.73ms, min = 0.02ms, total = 1.81ms
	NodeInfoGcsService.grpc_server.GetAllNodeInfo.HandleRequestImpl - 2 total (0 active), Execution time: mean = 0.04ms, total = 0.08ms, Queueing time: mean = 0.02ms, max = 0.03ms, min = 0.01ms, total = 0.04ms
	NodeInfoGcsService.grpc_server.GetAllNodeInfo - 2 total (0 active), Execution time: mean = 0.36ms, total = 0.71ms, Queueing time: mean = 0.00ms, max = -0.00ms, min = 9223372036854.78ms, total = 0.00ms
	GcsInMemoryStore.Delete - 1 total (0 active), Execution time: mean = 0.01ms, total = 0.01ms, Queueing time: mean = 0.01ms, max = 0.01ms, min = 0.01ms, total = 0.01ms
	NodeManager.AddNodeCallback - 1 total (0 active), Execution time: mean = 0.45ms, total = 0.45ms, Queueing time: mean = 0.13ms, max = 0.13ms, min = 0.13ms, total = 0.13ms
	InternalKVGcsService.grpc_server.InternalKVDel - 1 total (0 active), Execution time: mean = 0.45ms, total = 0.45ms, Queueing time: mean = 0.00ms, max = -0.00ms, min = 9223372036854.78ms, total = 0.00ms
	JobInfoGcsService.grpc_server.GetAllJobInfo - 1 total (0 active), Execution time: mean = 0.35ms, total = 0.35ms, Queueing time: mean = 0.00ms, max = -0.00ms, min = 9223372036854.78ms, total = 0.00ms
	JobInfoGcsService.grpc_server.GetNextJobID.HandleRequestImpl - 1 total (0 active), Execution time: mean = 0.02ms, total = 0.02ms, Queueing time: mean = 0.02ms, max = 0.02ms, min = 0.02ms, total = 0.02ms
	JobInfoGcsService.grpc_server.GetNextJobID - 1 total (0 active), Execution time: mean = 0.35ms, total = 0.35ms, Queueing time: mean = 0.00ms, max = -0.00ms, min = 9223372036854.78ms, total = 0.00ms
	GcsHealthCheckManager::AddNode - 1 total (0 active), Execution time: mean = 0.02ms, total = 0.02ms, Queueing time: mean = 0.00ms, max = 0.00ms, min = 0.00ms, total = 0.00ms
	NodeInfoGcsService.grpc_server.GetAllNodeAddressAndLiveness - 1 total (0 active), Execution time: mean = 0.37ms, total = 0.37ms, Queueing time: mean = 0.00ms, max = -0.00ms, min = 9223372036854.78ms, total = 0.00ms
	JobInfoGcsService.grpc_server.GetAllJobInfo.HandleRequestImpl - 1 total (0 active), Execution time: mean = 0.04ms, total = 0.04ms, Queueing time: mean = 0.02ms, max = 0.02ms, min = 0.02ms, total = 0.02ms
	GcsResourceManager::Update - 1 total (0 active), Execution time: mean = 0.08ms, total = 0.08ms, Queueing time: mean = 0.01ms, max = 0.01ms, min = 0.01ms, total = 0.01ms
	NodeInfoGcsService.grpc_server.RegisterNode.HandleRequestImpl - 1 total (0 active), Execution time: mean = 0.23ms, total = 0.23ms, Queueing time: mean = 0.02ms, max = 0.02ms, min = 0.02ms, total = 0.02ms
	InternalKVGcsService.grpc_server.InternalKVDel.HandleRequestImpl - 1 total (0 active), Execution time: mean = 0.06ms, total = 0.06ms, Queueing time: mean = 0.01ms, max = 0.01ms, min = 0.01ms, total = 0.01ms
	InternalKVGcsService.grpc_server.GetInternalConfig.HandleRequestImpl - 1 total (0 active), Execution time: mean = 0.10ms, total = 0.10ms, Queueing time: mean = 0.02ms, max = 0.02ms, min = 0.02ms, total = 0.02ms
	NodeInfoGcsService.grpc_server.GetAllNodeAddressAndLiveness.HandleRequestImpl - 1 total (0 active), Execution time: mean = 0.01ms, total = 0.01ms, Queueing time: mean = 0.01ms, max = 0.01ms, min = 0.01ms, total = 0.01ms
	GcsHealthCheckManager::MarkNodeHealthy - 1 total (0 active), Execution time: mean = 0.00ms, total = 0.00ms, Queueing time: mean = 0.01ms, max = 0.01ms, min = 0.01ms, total = 0.01ms
	GcsInitData::AsyncLoad - 1 total (0 active), Execution time: mean = 0.01ms, total = 0.01ms, Queueing time: mean = 0.00ms, max = 0.00ms, min = 0.00ms, total = 0.00ms
	InternalKVGcsService.grpc_server.GetInternalConfig - 1 total (0 active), Execution time: mean = 0.65ms, total = 0.65ms, Queueing time: mean = 0.00ms, max = -0.00ms, min = 9223372036854.78ms, total = 0.00ms
	GcsInMemoryStore.GetNextJobID - 1 total (0 active), Execution time: mean = 0.01ms, total = 0.01ms, Queueing time: mean = 0.01ms, max = 0.01ms, min = 0.01ms, total = 0.01ms
	NodeInfoGcsService.grpc_server.RegisterNode - 1 total (0 active), Execution time: mean = 0.64ms, total = 0.64ms, Queueing time: mean = 0.00ms, max = -0.00ms, min = 9223372036854.78ms, total = 0.00ms
	GcsServer.GetOrGenerateClusterId.continuation - 1 total (0 active), Execution time: mean = 1520.34ms, total = 1520.34ms, Queueing time: mean = 0.00ms, max = 0.00ms, min = 0.00ms, total = 0.00ms


[2026-06-04 22:57:10,530 I 512 512] (gcs_server) gcs_server.cc:940: task_io_context Event stats:


Global stats: 526 total (1 active)
Queueing time: mean = 0.20ms, max = 89.27ms, min = -0.00ms, total = 107.33ms
Execution time:  mean = 0.01ms, total = 6.26ms
Event stats:
	GcsTaskManager.GcJobSummary - 349 total (1 active), Execution time: mean = 0.01ms, total = 3.38ms, Queueing time: mean = 0.30ms, max = 89.27ms, min = -0.00ms, total = 104.96ms
	event_loop_lag_probe - 176 total (0 active), Execution time: mean = 0.02ms, total = 2.86ms, Queueing time: mean = 0.01ms, max = 0.50ms, min = 0.00ms, total = 2.35ms
	PeriodicalRunner.RunFnPeriodically - 1 total (0 active), Execution time: mean = 0.02ms, total = 0.02ms, Queueing time: mean = 0.02ms, max = 0.02ms, min = 0.02ms, total = 0.02ms


[2026-06-04 22:57:10,530 I 512 512] (gcs_server) gcs_server.cc:940: pubsub_io_context Event stats:


Global stats: 985 total (2 active)
Queueing time: mean = 0.33ms, max = 95.93ms, min = 0.00ms, total = 326.16ms
Execution time:  mean = 1203.70ms, total = 1185645.31ms
Event stats:
	InternalPubSubGcsService.grpc_server.GcsPublish - 396 total (0 active), Execution time: mean = 2.11ms, total = 836.28ms, Queueing time: mean = 0.00ms, max = -0.00ms, min = 9223372036854.78ms, total = 0.00ms
	InternalPubSubGcsService.grpc_server.GcsPublish.HandleRequestImpl - 396 total (0 active), Execution time: mean = 0.11ms, total = 44.97ms, Queueing time: mean = 0.76ms, max = 95.93ms, min = 0.01ms, total = 301.34ms
	event_loop_lag_probe - 176 total (0 active), Execution time: mean = 0.02ms, total = 3.02ms, Queueing time: mean = 0.10ms, max = 15.11ms, min = 0.00ms, total = 16.89ms
	Publisher.CheckDeadSubscribers - 6 total (1 active), Execution time: mean = 0.02ms, total = 0.09ms, Queueing time: mean = 0.03ms, max = 0.06ms, min = 0.03ms, total = 0.21ms
	InternalPubSubGcsService.grpc_server.GcsSubscriberPoll - 3 total (1 active), Execution time: mean = 394919.91ms, total = 1184759.72ms, Queueing time: mean = 0.00ms, max = -0.00ms, min = 9223372036854.78ms, total = 0.00ms
	InternalPubSubGcsService.grpc_server.GcsSubscriberPoll.HandleRequestImpl - 3 total (0 active), Execution time: mean = 0.08ms, total = 0.23ms, Queueing time: mean = 0.08ms, max = 0.19ms, min = 0.02ms, total = 0.23ms
	InternalPubSubGcsService.grpc_server.GcsSubscriberCommandBatch - 2 total (0 active), Execution time: mean = 0.37ms, total = 0.74ms, Queueing time: mean = 0.00ms, max = -0.00ms, min = 9223372036854.78ms, total = 0.00ms
	InternalPubSubGcsService.grpc_server.GcsSubscriberCommandBatch.HandleRequestImpl - 2 total (0 active), Execution time: mean = 0.10ms, total = 0.21ms, Queueing time: mean = 0.02ms, max = 0.03ms, min = 0.01ms, total = 0.04ms
	PeriodicalRunner.RunFnPeriodically - 1 total (0 active), Execution time: mean = 0.06ms, total = 0.06ms, Queueing time: mean = 7.44ms, max = 7.44ms, min = 7.44ms, total = 7.44ms


[2026-06-04 22:57:10,530 I 512 512] (gcs_server) gcs_server.cc:940: ray_syncer_io_context Event stats:


Global stats: 180 total (0 active)
Queueing time: mean = 0.01ms, max = 0.61ms, min = 0.00ms, total = 2.53ms
Execution time:  mean = 0.02ms, total = 3.49ms
Event stats:
	event_loop_lag_probe - 176 total (0 active), Execution time: mean = 0.02ms, total = 3.31ms, Queueing time: mean = 0.01ms, max = 0.61ms, min = 0.00ms, total = 2.43ms
	RaySyncerRegister - 2 total (0 active), Execution time: mean = 0.00ms, total = 0.00ms, Queueing time: mean = 0.04ms, max = 0.06ms, min = 0.01ms, total = 0.08ms
	RaySyncer.BroadcastMessage - 1 total (0 active), Execution time: mean = 0.02ms, total = 0.02ms, Queueing time: mean = 0.00ms, max = 0.00ms, min = 0.00ms, total = 0.00ms
	 - 1 total (0 active), Execution time: mean = 0.16ms, total = 0.16ms, Queueing time: mean = 0.02ms, max = 0.02ms, min = 0.02ms, total = 0.02ms


[2026-06-04 22:57:10,530 I 512 512] (gcs_server) gcs_server.cc:940: ray_event_io_context Event stats:


Global stats: 176 total (0 active)
Queueing time: mean = 0.06ms, max = 8.24ms, min = 0.00ms, total = 9.81ms
Execution time:  mean = 0.02ms, total = 2.95ms
Event stats:
	event_loop_lag_probe - 176 total (0 active), Execution time: mean = 0.02ms, total = 2.95ms, Queueing time: mean = 0.06ms, max = 8.24ms, min = 0.00ms, total = 9.81ms


[2026-06-04 22:58:10,530 I 512 512] (gcs_server) gcs_server.cc:922: Gcs Debug state:

GcsNodeManager: 
- RegisterNode request count: 1
- DrainNode request count: 0
- GetAllNodeInfo request count: 3

GcsActorManager: 
- RegisterActor request count: 0
- CreateActor request count: 0
- GetActorInfo request count: 0
- GetNamedActorInfo request count: 0
- GetAllActorInfo request count: 0
- KillActor request count: 0
- ListNamedActors request count: 0
- Registered actors count: 0
- Destroyed actors count: 0
- Named actors count: 0
- Unresolved actors count: 0
- Pending actors count: 0
- Created actors count: 0
- owners_: 0
- actor_to_register_callbacks_: 0
- actor_to_restart_for_lineage_reconstruction_callbacks_: 0
- actor_to_create_callbacks_: 0
- sorted_destroyed_actor_list_: 0

GcsResourceManager: 
- GetAllAvailableResources request count: 0
- GetAllTotalResources request count: 0
- GetAllResourceUsage request count: 358

GcsPlacementGroupManager: 
- CreatePlacementGroup request count: 0
- RemovePlacementGroup request count: 0
- GetPlacementGroup request count: 0
- GetAllPlacementGroup request count: 0
- WaitPlacementGroupUntilReady request count: 0
- GetNamedPlacementGroup request count: 0
- Scheduling pending placement group count: 0
- Registered placement groups count: 0
- Named placement group count: 0
- Pending placement groups count: 0
- Infeasible placement groups count: 0

Publisher:
GCS_NODE_INFO_CHANNEL
- cumulative published messages: 1
- cumulative published bytes: 499
- current buffered bytes: 0
GCS_NODE_ADDRESS_AND_LIVENESS_CHANNEL
- cumulative published messages: 1
- cumulative published bytes: 92
- current buffered bytes: 0
RAY_LOG_CHANNEL
- cumulative published messages: 409
- cumulative published bytes: 350418
- current buffered bytes: 0

[runtime env manager] ID to URIs table:
[runtime env manager] URIs reference table:

GcsTaskManager: 
-Total num task events reported: 0
-Total num status task events dropped: 0
-Total num profile events dropped: 0
-Current num of task events stored: 0
-Total num of actor creation tasks: 0
-Total num of actor tasks: 0
-Total num of normal tasks: 0
-Total num of driver tasks: 0

GcsAutoscalerStateManager: 
- last_seen_autoscaler_state_version_: 0
- last_cluster_resource_state_version_: 358
- pending demands:



[2026-06-04 22:58:10,531 I 512 512] (gcs_server) gcs_server.cc:936: Main service Event stats:


Global stats: 15418 total (5 active)
Queueing time: mean = 2.59ms, max = 1522.53ms, min = 0.00ms, total = 39882.53ms
Execution time:  mean = 1.21ms, total = 18612.25ms
Event stats:
	GcsInMemoryStore.Put - 2890 total (0 active), Execution time: mean = 0.53ms, total = 1530.85ms, Queueing time: mean = 0.59ms, max = 1521.87ms, min = 0.00ms, total = 1718.43ms
	RayletLoadPulled - 1799 total (1 active), Execution time: mean = 0.23ms, total = 406.59ms, Queueing time: mean = 0.72ms, max = 297.72ms, min = 0.01ms, total = 1300.47ms
	NodeManagerService.grpc_client.GetResourceLoad.OnReplyReceived - 1785 total (0 active), Execution time: mean = 0.05ms, total = 82.41ms, Queueing time: mean = 0.35ms, max = 96.21ms, min = 0.01ms, total = 627.99ms
	NodeManagerService.grpc_client.GetResourceLoad - 1785 total (0 active), Execution time: mean = 7.10ms, total = 12673.01ms, Queueing time: mean = 0.00ms, max = -0.00ms, min = 9223372036854.78ms, total = 0.00ms
	InternalKVGcsService.grpc_server.InternalKVPut.HandleRequestImpl - 726 total (0 active), Execution time: mean = 0.05ms, total = 34.75ms, Queueing time: mean = 0.55ms, max = 96.13ms, min = 0.01ms, total = 396.30ms
	InternalKVGcsService.grpc_server.InternalKVPut - 726 total (0 active), Execution time: mean = 1.25ms, total = 904.03ms, Queueing time: mean = 0.00ms, max = -0.00ms, min = 9223372036854.78ms, total = 0.00ms
	ClusterResourceManager.ResetRemoteNodeView - 600 total (1 active), Execution time: mean = 0.01ms, total = 5.29ms, Queueing time: mean = 0.31ms, max = 95.89ms, min = 0.01ms, total = 188.66ms
	HealthCheck - 594 total (0 active), Execution time: mean = 0.00ms, total = 2.39ms, Queueing time: mean = 0.36ms, max = 96.16ms, min = 0.01ms, total = 212.24ms
	GcsInMemoryStore.Get - 474 total (0 active), Execution time: mean = 0.01ms, total = 5.81ms, Queueing time: mean = 0.01ms, max = 0.11ms, min = 0.01ms, total = 6.65ms
	InternalKVGcsService.grpc_server.InternalKVGet.HandleRequestImpl - 473 total (0 active), Execution time: mean = 0.08ms, total = 39.91ms, Queueing time: mean = 0.22ms, max = 95.88ms, min = 0.01ms, total = 106.06ms
	InternalKVGcsService.grpc_server.InternalKVGet - 473 total (0 active), Execution time: mean = 1.00ms, total = 471.82ms, Queueing time: mean = 0.00ms, max = -0.00ms, min = 9223372036854.78ms, total = 0.00ms
	NodeInfoGcsService.grpc_server.CheckAlive - 387 total (0 active), Execution time: mean = 0.63ms, total = 245.57ms, Queueing time: mean = 0.00ms, max = -0.00ms, min = 9223372036854.78ms, total = 0.00ms
	NodeInfoGcsService.grpc_server.CheckAlive.HandleRequestImpl - 387 total (0 active), Execution time: mean = 0.02ms, total = 7.66ms, Queueing time: mean = 0.03ms, max = 0.50ms, min = 0.01ms, total = 11.79ms
	GCSServer.deadline_timer.metrics_report - 360 total (1 active), Execution time: mean = 0.21ms, total = 76.15ms, Queueing time: mean = 0.48ms, max = 95.50ms, min = 0.01ms, total = 173.19ms
	AutoscalerStateService.grpc_server.GetClusterResourceState - 358 total (0 active), Execution time: mean = 0.34ms, total = 122.22ms, Queueing time: mean = 0.00ms, max = -0.00ms, min = 9223372036854.78ms, total = 0.00ms
	AutoscalerStateService.grpc_server.GetClusterResourceState.HandleRequestImpl - 358 total (0 active), Execution time: mean = 0.04ms, total = 12.56ms, Queueing time: mean = 0.02ms, max = 0.70ms, min = 0.01ms, total = 7.09ms
	NodeResourceInfoGcsService.grpc_server.GetAllResourceUsage.HandleRequestImpl - 358 total (0 active), Execution time: mean = 0.06ms, total = 22.06ms, Queueing time: mean = 0.04ms, max = 1.38ms, min = 0.01ms, total = 13.38ms
	NodeResourceInfoGcsService.grpc_server.GetAllResourceUsage - 358 total (0 active), Execution time: mean = 0.73ms, total = 261.03ms, Queueing time: mean = 0.00ms, max = -0.00ms, min = 9223372036854.78ms, total = 0.00ms
	event_loop_lag_probe - 182 total (0 active), Execution time: mean = 0.01ms, total = 2.20ms, Queueing time: mean = 0.09ms, max = 14.25ms, min = 0.00ms, total = 15.92ms
	GCSServer.deadline_timer.gcs_global_gc - 180 total (1 active), Execution time: mean = 0.01ms, total = 1.29ms, Queueing time: mean = 0.59ms, max = 66.72ms, min = 0.01ms, total = 106.81ms
	ReporterService.grpc_client.HealthCheck.OnReplyReceived - 31 total (0 active), Execution time: mean = 0.16ms, total = 5.10ms, Queueing time: mean = 52.09ms, max = 1517.54ms, min = 0.02ms, total = 1614.71ms
	ReporterService.grpc_client.HealthCheck - 31 total (0 active), Execution time: mean = 3.62ms, total = 112.34ms, Queueing time: mean = 0.00ms, max = -0.00ms, min = 9223372036854.78ms, total = 0.00ms
	GCSServer.deadline_timer.debug_state_event_stats_print - 30 total (1 active, 1 running), Execution time: mean = 1.32ms, total = 39.73ms, Queueing time: mean = 2.26ms, max = 67.10ms, min = 0.02ms, total = 67.85ms
	MetricsAgentClient.WaitForServerReadyWithRetry - 30 total (0 active), Execution time: mean = 0.27ms, total = 8.13ms, Queueing time: mean = 1008.67ms, max = 1097.53ms, min = 1000.02ms, total = 30260.04ms
	GcsInMemoryStore.GetAll - 6 total (0 active), Execution time: mean = 0.01ms, total = 0.06ms, Queueing time: mean = 0.06ms, max = 0.07ms, min = 0.01ms, total = 0.34ms
	PeriodicalRunner.RunFnPeriodically - 5 total (0 active), Execution time: mean = 0.11ms, total = 0.54ms, Queueing time: mean = 610.50ms, max = 1522.53ms, min = 2.26ms, total = 3052.48ms
	NodeInfoGcsService.grpc_server.GetClusterId - 4 total (0 active), Execution time: mean = 2.91ms, total = 11.62ms, Queueing time: mean = 0.00ms, max = -0.00ms, min = 9223372036854.78ms, total = 0.00ms
	NodeInfoGcsService.grpc_server.GetClusterId.HandleRequestImpl - 4 total (0 active), Execution time: mean = 0.54ms, total = 2.15ms, Queueing time: mean = 0.45ms, max = 1.73ms, min = 0.02ms, total = 1.81ms
	NodeInfoGcsService.grpc_server.GetAllNodeInfo.HandleRequestImpl - 2 total (0 active), Execution time: mean = 0.04ms, total = 0.08ms, Queueing time: mean = 0.02ms, max = 0.03ms, min = 0.01ms, total = 0.04ms
	NodeInfoGcsService.grpc_server.GetAllNodeInfo - 2 total (0 active), Execution time: mean = 0.36ms, total = 0.71ms, Queueing time: mean = 0.00ms, max = -0.00ms, min = 9223372036854.78ms, total = 0.00ms
	GcsInMemoryStore.Delete - 1 total (0 active), Execution time: mean = 0.01ms, total = 0.01ms, Queueing time: mean = 0.01ms, max = 0.01ms, min = 0.01ms, total = 0.01ms
	NodeManager.AddNodeCallback - 1 total (0 active), Execution time: mean = 0.45ms, total = 0.45ms, Queueing time: mean = 0.13ms, max = 0.13ms, min = 0.13ms, total = 0.13ms
	InternalKVGcsService.grpc_server.InternalKVDel - 1 total (0 active), Execution time: mean = 0.45ms, total = 0.45ms, Queueing time: mean = 0.00ms, max = -0.00ms, min = 9223372036854.78ms, total = 0.00ms
	JobInfoGcsService.grpc_server.GetAllJobInfo - 1 total (0 active), Execution time: mean = 0.35ms, total = 0.35ms, Queueing time: mean = 0.00ms, max = -0.00ms, min = 9223372036854.78ms, total = 0.00ms
	JobInfoGcsService.grpc_server.GetNextJobID.HandleRequestImpl - 1 total (0 active), Execution time: mean = 0.02ms, total = 0.02ms, Queueing time: mean = 0.02ms, max = 0.02ms, min = 0.02ms, total = 0.02ms
	JobInfoGcsService.grpc_server.GetNextJobID - 1 total (0 active), Execution time: mean = 0.35ms, total = 0.35ms, Queueing time: mean = 0.00ms, max = -0.00ms, min = 9223372036854.78ms, total = 0.00ms
	GcsHealthCheckManager::AddNode - 1 total (0 active), Execution time: mean = 0.02ms, total = 0.02ms, Queueing time: mean = 0.00ms, max = 0.00ms, min = 0.00ms, total = 0.00ms
	NodeInfoGcsService.grpc_server.GetAllNodeAddressAndLiveness - 1 total (0 active), Execution time: mean = 0.37ms, total = 0.37ms, Queueing time: mean = 0.00ms, max = -0.00ms, min = 9223372036854.78ms, total = 0.00ms
	JobInfoGcsService.grpc_server.GetAllJobInfo.HandleRequestImpl - 1 total (0 active), Execution time: mean = 0.04ms, total = 0.04ms, Queueing time: mean = 0.02ms, max = 0.02ms, min = 0.02ms, total = 0.02ms
	GcsResourceManager::Update - 1 total (0 active), Execution time: mean = 0.08ms, total = 0.08ms, Queueing time: mean = 0.01ms, max = 0.01ms, min = 0.01ms, total = 0.01ms
	NodeInfoGcsService.grpc_server.RegisterNode.HandleRequestImpl - 1 total (0 active), Execution time: mean = 0.23ms, total = 0.23ms, Queueing time: mean = 0.02ms, max = 0.02ms, min = 0.02ms, total = 0.02ms
	InternalKVGcsService.grpc_server.InternalKVDel.HandleRequestImpl - 1 total (0 active), Execution time: mean = 0.06ms, total = 0.06ms, Queueing time: mean = 0.01ms, max = 0.01ms, min = 0.01ms, total = 0.01ms
	InternalKVGcsService.grpc_server.GetInternalConfig.HandleRequestImpl - 1 total (0 active), Execution time: mean = 0.10ms, total = 0.10ms, Queueing time: mean = 0.02ms, max = 0.02ms, min = 0.02ms, total = 0.02ms
	NodeInfoGcsService.grpc_server.GetAllNodeAddressAndLiveness.HandleRequestImpl - 1 total (0 active), Execution time: mean = 0.01ms, total = 0.01ms, Queueing time: mean = 0.01ms, max = 0.01ms, min = 0.01ms, total = 0.01ms
	GcsHealthCheckManager::MarkNodeHealthy - 1 total (0 active), Execution time: mean = 0.00ms, total = 0.00ms, Queueing time: mean = 0.01ms, max = 0.01ms, min = 0.01ms, total = 0.01ms
	GcsInitData::AsyncLoad - 1 total (0 active), Execution time: mean = 0.01ms, total = 0.01ms, Queueing time: mean = 0.00ms, max = 0.00ms, min = 0.00ms, total = 0.00ms
	InternalKVGcsService.grpc_server.GetInternalConfig - 1 total (0 active), Execution time: mean = 0.65ms, total = 0.65ms, Queueing time: mean = 0.00ms, max = -0.00ms, min = 9223372036854.78ms, total = 0.00ms
	GcsInMemoryStore.GetNextJobID - 1 total (0 active), Execution time: mean = 0.01ms, total = 0.01ms, Queueing time: mean = 0.01ms, max = 0.01ms, min = 0.01ms, total = 0.01ms
	NodeInfoGcsService.grpc_server.RegisterNode - 1 total (0 active), Execution time: mean = 0.64ms, total = 0.64ms, Queueing time: mean = 0.00ms, max = -0.00ms, min = 9223372036854.78ms, total = 0.00ms
	GcsServer.GetOrGenerateClusterId.continuation - 1 total (0 active), Execution time: mean = 1520.34ms, total = 1520.34ms, Queueing time: mean = 0.00ms, max = 0.00ms, min = 0.00ms, total = 0.00ms


[2026-06-04 22:58:10,531 I 512 512] (gcs_server) gcs_server.cc:940: task_io_context Event stats:


Global stats: 544 total (1 active)
Queueing time: mean = 0.20ms, max = 89.27ms, min = -0.00ms, total = 107.89ms
Execution time:  mean = 0.01ms, total = 6.47ms
Event stats:
	GcsTaskManager.GcJobSummary - 361 total (1 active), Execution time: mean = 0.01ms, total = 3.50ms, Queueing time: mean = 0.29ms, max = 89.27ms, min = -0.00ms, total = 105.45ms
	event_loop_lag_probe - 182 total (0 active), Execution time: mean = 0.02ms, total = 2.95ms, Queueing time: mean = 0.01ms, max = 0.50ms, min = 0.00ms, total = 2.42ms
	PeriodicalRunner.RunFnPeriodically - 1 total (0 active), Execution time: mean = 0.02ms, total = 0.02ms, Queueing time: mean = 0.02ms, max = 0.02ms, min = 0.02ms, total = 0.02ms


[2026-06-04 22:58:10,531 I 512 512] (gcs_server) gcs_server.cc:940: pubsub_io_context Event stats:


Global stats: 1020 total (2 active)
Queueing time: mean = 0.32ms, max = 95.93ms, min = 0.00ms, total = 326.71ms
Execution time:  mean = 1750.64ms, total = 1785651.92ms
Event stats:
	InternalPubSubGcsService.grpc_server.GcsPublish - 409 total (0 active), Execution time: mean = 2.06ms, total = 841.87ms, Queueing time: mean = 0.00ms, max = -0.00ms, min = 9223372036854.78ms, total = 0.00ms
	InternalPubSubGcsService.grpc_server.GcsPublish.HandleRequestImpl - 409 total (0 active), Execution time: mean = 0.11ms, total = 46.27ms, Queueing time: mean = 0.74ms, max = 95.93ms, min = 0.01ms, total = 301.78ms
	event_loop_lag_probe - 182 total (0 active), Execution time: mean = 0.02ms, total = 3.10ms, Queueing time: mean = 0.09ms, max = 15.11ms, min = 0.00ms, total = 16.93ms
	Publisher.CheckDeadSubscribers - 7 total (1 active), Execution time: mean = 0.02ms, total = 0.11ms, Queueing time: mean = 0.04ms, max = 0.06ms, min = 0.03ms, total = 0.25ms
	InternalPubSubGcsService.grpc_server.GcsSubscriberPoll - 4 total (1 active), Execution time: mean = 446189.82ms, total = 1784759.26ms, Queueing time: mean = 0.00ms, max = -0.00ms, min = 9223372036854.78ms, total = 0.00ms
	InternalPubSubGcsService.grpc_server.GcsSubscriberPoll.HandleRequestImpl - 4 total (0 active), Execution time: mean = 0.07ms, total = 0.29ms, Queueing time: mean = 0.06ms, max = 0.19ms, min = 0.02ms, total = 0.26ms
	InternalPubSubGcsService.grpc_server.GcsSubscriberCommandBatch - 2 total (0 active), Execution time: mean = 0.37ms, total = 0.74ms, Queueing time: mean = 0.00ms, max = -0.00ms, min = 9223372036854.78ms, total = 0.00ms
	InternalPubSubGcsService.grpc_server.GcsSubscriberCommandBatch.HandleRequestImpl - 2 total (0 active), Execution time: mean = 0.10ms, total = 0.21ms, Queueing time: mean = 0.02ms, max = 0.03ms, min = 0.01ms, total = 0.04ms
	PeriodicalRunner.RunFnPeriodically - 1 total (0 active), Execution time: mean = 0.06ms, total = 0.06ms, Queueing time: mean = 7.44ms, max = 7.44ms, min = 7.44ms, total = 7.44ms


[2026-06-04 22:58:10,531 I 512 512] (gcs_server) gcs_server.cc:940: ray_syncer_io_context Event stats:


Global stats: 186 total (0 active)
Queueing time: mean = 0.01ms, max = 0.61ms, min = 0.00ms, total = 2.59ms
Execution time:  mean = 0.02ms, total = 3.60ms
Event stats:
	event_loop_lag_probe - 182 total (0 active), Execution time: mean = 0.02ms, total = 3.41ms, Queueing time: mean = 0.01ms, max = 0.61ms, min = 0.00ms, total = 2.49ms
	RaySyncerRegister - 2 total (0 active), Execution time: mean = 0.00ms, total = 0.00ms, Queueing time: mean = 0.04ms, max = 0.06ms, min = 0.01ms, total = 0.08ms
	RaySyncer.BroadcastMessage - 1 total (0 active), Execution time: mean = 0.02ms, total = 0.02ms, Queueing time: mean = 0.00ms, max = 0.00ms, min = 0.00ms, total = 0.00ms
	 - 1 total (0 active), Execution time: mean = 0.16ms, total = 0.16ms, Queueing time: mean = 0.02ms, max = 0.02ms, min = 0.02ms, total = 0.02ms


[2026-06-04 22:58:10,531 I 512 512] (gcs_server) gcs_server.cc:940: ray_event_io_context Event stats:


Global stats: 182 total (0 active)
Queueing time: mean = 0.05ms, max = 8.24ms, min = 0.00ms, total = 9.86ms
Execution time:  mean = 0.02ms, total = 3.04ms
Event stats:
	event_loop_lag_probe - 182 total (0 active), Execution time: mean = 0.02ms, total = 3.04ms, Queueing time: mean = 0.05ms, max = 8.24ms, min = 0.00ms, total = 9.86ms


[2026-06-04 22:59:10,531 I 512 512] (gcs_server) gcs_server.cc:922: Gcs Debug state:

GcsNodeManager: 
- RegisterNode request count: 1
- DrainNode request count: 0
- GetAllNodeInfo request count: 3

GcsActorManager: 
- RegisterActor request count: 0
- CreateActor request count: 0
- GetActorInfo request count: 0
- GetNamedActorInfo request count: 0
- GetAllActorInfo request count: 0
- KillActor request count: 0
- ListNamedActors request count: 0
- Registered actors count: 0
- Destroyed actors count: 0
- Named actors count: 0
- Unresolved actors count: 0
- Pending actors count: 0
- Created actors count: 0
- owners_: 0
- actor_to_register_callbacks_: 0
- actor_to_restart_for_lineage_reconstruction_callbacks_: 0
- actor_to_create_callbacks_: 0
- sorted_destroyed_actor_list_: 0

GcsResourceManager: 
- GetAllAvailableResources request count: 0
- GetAllTotalResources request count: 0
- GetAllResourceUsage request count: 370

GcsPlacementGroupManager: 
- CreatePlacementGroup request count: 0
- RemovePlacementGroup request count: 0
- GetPlacementGroup request count: 0
- GetAllPlacementGroup request count: 0
- WaitPlacementGroupUntilReady request count: 0
- GetNamedPlacementGroup request count: 0
- Scheduling pending placement group count: 0
- Registered placement groups count: 0
- Named placement group count: 0
- Pending placement groups count: 0
- Infeasible placement groups count: 0

Publisher:
GCS_NODE_INFO_CHANNEL
- cumulative published messages: 1
- cumulative published bytes: 499
- current buffered bytes: 0
GCS_NODE_ADDRESS_AND_LIVENESS_CHANNEL
- cumulative published messages: 1
- cumulative published bytes: 92
- current buffered bytes: 0
RAY_LOG_CHANNEL
- cumulative published messages: 421
- cumulative published bytes: 360702
- current buffered bytes: 0

[runtime env manager] ID to URIs table:
[runtime env manager] URIs reference table:

GcsTaskManager: 
-Total num task events reported: 0
-Total num status task events dropped: 0
-Total num profile events dropped: 0
-Current num of task events stored: 0
-Total num of actor creation tasks: 0
-Total num of actor tasks: 0
-Total num of normal tasks: 0
-Total num of driver tasks: 0

GcsAutoscalerStateManager: 
- last_seen_autoscaler_state_version_: 0
- last_cluster_resource_state_version_: 370
- pending demands:



[2026-06-04 22:59:10,532 I 512 512] (gcs_server) gcs_server.cc:936: Main service Event stats:


Global stats: 15917 total (5 active)
Queueing time: mean = 2.51ms, max = 1522.53ms, min = 0.00ms, total = 39898.50ms
Execution time:  mean = 1.18ms, total = 18744.09ms
Event stats:
	GcsInMemoryStore.Put - 2986 total (0 active), Execution time: mean = 0.51ms, total = 1531.22ms, Queueing time: mean = 0.58ms, max = 1521.87ms, min = 0.00ms, total = 1725.54ms
	RayletLoadPulled - 1859 total (1 active), Execution time: mean = 0.23ms, total = 420.99ms, Queueing time: mean = 0.70ms, max = 297.72ms, min = 0.01ms, total = 1302.53ms
	NodeManagerService.grpc_client.GetResourceLoad.OnReplyReceived - 1845 total (0 active), Execution time: mean = 0.05ms, total = 85.47ms, Queueing time: mean = 0.34ms, max = 96.21ms, min = 0.01ms, total = 630.02ms
	NodeManagerService.grpc_client.GetResourceLoad - 1845 total (0 active), Execution time: mean = 6.91ms, total = 12749.82ms, Queueing time: mean = 0.00ms, max = -0.00ms, min = 9223372036854.78ms, total = 0.00ms
	InternalKVGcsService.grpc_server.InternalKVPut.HandleRequestImpl - 750 total (0 active), Execution time: mean = 0.05ms, total = 35.98ms, Queueing time: mean = 0.53ms, max = 96.13ms, min = 0.01ms, total = 396.69ms
	InternalKVGcsService.grpc_server.InternalKVPut - 750 total (0 active), Execution time: mean = 1.22ms, total = 911.98ms, Queueing time: mean = 0.00ms, max = -0.00ms, min = 9223372036854.78ms, total = 0.00ms
	ClusterResourceManager.ResetRemoteNodeView - 620 total (1 active), Execution time: mean = 0.01ms, total = 5.49ms, Queueing time: mean = 0.31ms, max = 95.89ms, min = 0.01ms, total = 189.34ms
	HealthCheck - 614 total (0 active), Execution time: mean = 0.00ms, total = 2.47ms, Queueing time: mean = 0.35ms, max = 96.16ms, min = 0.01ms, total = 212.76ms
	GcsInMemoryStore.Get - 486 total (0 active), Execution time: mean = 0.01ms, total = 6.00ms, Queueing time: mean = 0.01ms, max = 0.11ms, min = 0.01ms, total = 6.82ms
	InternalKVGcsService.grpc_server.InternalKVGet.HandleRequestImpl - 485 total (0 active), Execution time: mean = 0.08ms, total = 41.19ms, Queueing time: mean = 0.22ms, max = 95.88ms, min = 0.01ms, total = 106.27ms
	InternalKVGcsService.grpc_server.InternalKVGet - 485 total (0 active), Execution time: mean = 0.98ms, total = 476.59ms, Queueing time: mean = 0.00ms, max = -0.00ms, min = 9223372036854.78ms, total = 0.00ms
	NodeInfoGcsService.grpc_server.CheckAlive - 400 total (0 active), Execution time: mean = 0.63ms, total = 251.34ms, Queueing time: mean = 0.00ms, max = -0.00ms, min = 9223372036854.78ms, total = 0.00ms
	NodeInfoGcsService.grpc_server.CheckAlive.HandleRequestImpl - 400 total (0 active), Execution time: mean = 0.02ms, total = 7.99ms, Queueing time: mean = 0.03ms, max = 0.50ms, min = 0.01ms, total = 12.20ms
	GCSServer.deadline_timer.metrics_report - 372 total (1 active), Execution time: mean = 0.21ms, total = 79.04ms, Queueing time: mean = 0.47ms, max = 95.50ms, min = 0.01ms, total = 173.51ms
	AutoscalerStateService.grpc_server.GetClusterResourceState - 370 total (0 active), Execution time: mean = 0.34ms, total = 126.26ms, Queueing time: mean = 0.00ms, max = -0.00ms, min = 9223372036854.78ms, total = 0.00ms
	AutoscalerStateService.grpc_server.GetClusterResourceState.HandleRequestImpl - 370 total (0 active), Execution time: mean = 0.04ms, total = 13.03ms, Queueing time: mean = 0.02ms, max = 0.70ms, min = 0.01ms, total = 7.31ms
	NodeResourceInfoGcsService.grpc_server.GetAllResourceUsage.HandleRequestImpl - 370 total (0 active), Execution time: mean = 0.06ms, total = 22.81ms, Queueing time: mean = 0.04ms, max = 1.38ms, min = 0.01ms, total = 13.76ms
	NodeResourceInfoGcsService.grpc_server.GetAllResourceUsage - 370 total (0 active), Execution time: mean = 0.72ms, total = 266.78ms, Queueing time: mean = 0.00ms, max = -0.00ms, min = 9223372036854.78ms, total = 0.00ms
	event_loop_lag_probe - 188 total (0 active), Execution time: mean = 0.01ms, total = 2.28ms, Queueing time: mean = 0.08ms, max = 14.25ms, min = 0.00ms, total = 15.96ms
	GCSServer.deadline_timer.gcs_global_gc - 186 total (1 active), Execution time: mean = 0.01ms, total = 1.32ms, Queueing time: mean = 0.58ms, max = 66.72ms, min = 0.01ms, total = 108.20ms
	GCSServer.deadline_timer.debug_state_event_stats_print - 31 total (1 active, 1 running), Execution time: mean = 1.33ms, total = 41.11ms, Queueing time: mean = 2.19ms, max = 67.10ms, min = 0.02ms, total = 67.88ms
	ReporterService.grpc_client.HealthCheck.OnReplyReceived - 31 total (0 active), Execution time: mean = 0.16ms, total = 5.10ms, Queueing time: mean = 52.09ms, max = 1517.54ms, min = 0.02ms, total = 1614.71ms
	ReporterService.grpc_client.HealthCheck - 31 total (0 active), Execution time: mean = 3.62ms, total = 112.34ms, Queueing time: mean = 0.00ms, max = -0.00ms, min = 9223372036854.78ms, total = 0.00ms
	MetricsAgentClient.WaitForServerReadyWithRetry - 30 total (0 active), Execution time: mean = 0.27ms, total = 8.13ms, Queueing time: mean = 1008.67ms, max = 1097.53ms, min = 1000.02ms, total = 30260.04ms
	GcsInMemoryStore.GetAll - 6 total (0 active), Execution time: mean = 0.01ms, total = 0.06ms, Queueing time: mean = 0.06ms, max = 0.07ms, min = 0.01ms, total = 0.34ms
	PeriodicalRunner.RunFnPeriodically - 5 total (0 active), Execution time: mean = 0.11ms, total = 0.54ms, Queueing time: mean = 610.50ms, max = 1522.53ms, min = 2.26ms, total = 3052.48ms
	NodeInfoGcsService.grpc_server.GetClusterId - 4 total (0 active), Execution time: mean = 2.91ms, total = 11.62ms, Queueing time: mean = 0.00ms, max = -0.00ms, min = 9223372036854.78ms, total = 0.00ms
	NodeInfoGcsService.grpc_server.GetClusterId.HandleRequestImpl - 4 total (0 active), Execution time: mean = 0.54ms, total = 2.15ms, Queueing time: mean = 0.45ms, max = 1.73ms, min = 0.02ms, total = 1.81ms
	NodeInfoGcsService.grpc_server.GetAllNodeInfo.HandleRequestImpl - 2 total (0 active), Execution time: mean = 0.04ms, total = 0.08ms, Queueing time: mean = 0.02ms, max = 0.03ms, min = 0.01ms, total = 0.04ms
	NodeInfoGcsService.grpc_server.GetAllNodeInfo - 2 total (0 active), Execution time: mean = 0.36ms, total = 0.71ms, Queueing time: mean = 0.00ms, max = -0.00ms, min = 9223372036854.78ms, total = 0.00ms
	GcsInMemoryStore.Delete - 1 total (0 active), Execution time: mean = 0.01ms, total = 0.01ms, Queueing time: mean = 0.01ms, max = 0.01ms, min = 0.01ms, total = 0.01ms
	NodeManager.AddNodeCallback - 1 total (0 active), Execution time: mean = 0.45ms, total = 0.45ms, Queueing time: mean = 0.13ms, max = 0.13ms, min = 0.13ms, total = 0.13ms
	InternalKVGcsService.grpc_server.InternalKVDel - 1 total (0 active), Execution time: mean = 0.45ms, total = 0.45ms, Queueing time: mean = 0.00ms, max = -0.00ms, min = 9223372036854.78ms, total = 0.00ms
	JobInfoGcsService.grpc_server.GetAllJobInfo - 1 total (0 active), Execution time: mean = 0.35ms, total = 0.35ms, Queueing time: mean = 0.00ms, max = -0.00ms, min = 9223372036854.78ms, total = 0.00ms
	JobInfoGcsService.grpc_server.GetNextJobID.HandleRequestImpl - 1 total (0 active), Execution time: mean = 0.02ms, total = 0.02ms, Queueing time: mean = 0.02ms, max = 0.02ms, min = 0.02ms, total = 0.02ms
	JobInfoGcsService.grpc_server.GetNextJobID - 1 total (0 active), Execution time: mean = 0.35ms, total = 0.35ms, Queueing time: mean = 0.00ms, max = -0.00ms, min = 9223372036854.78ms, total = 0.00ms
	GcsHealthCheckManager::AddNode - 1 total (0 active), Execution time: mean = 0.02ms, total = 0.02ms, Queueing time: mean = 0.00ms, max = 0.00ms, min = 0.00ms, total = 0.00ms
	NodeInfoGcsService.grpc_server.GetAllNodeAddressAndLiveness - 1 total (0 active), Execution time: mean = 0.37ms, total = 0.37ms, Queueing time: mean = 0.00ms, max = -0.00ms, min = 9223372036854.78ms, total = 0.00ms
	JobInfoGcsService.grpc_server.GetAllJobInfo.HandleRequestImpl - 1 total (0 active), Execution time: mean = 0.04ms, total = 0.04ms, Queueing time: mean = 0.02ms, max = 0.02ms, min = 0.02ms, total = 0.02ms
	GcsResourceManager::Update - 1 total (0 active), Execution time: mean = 0.08ms, total = 0.08ms, Queueing time: mean = 0.01ms, max = 0.01ms, min = 0.01ms, total = 0.01ms
	NodeInfoGcsService.grpc_server.RegisterNode.HandleRequestImpl - 1 total (0 active), Execution time: mean = 0.23ms, total = 0.23ms, Queueing time: mean = 0.02ms, max = 0.02ms, min = 0.02ms, total = 0.02ms
	InternalKVGcsService.grpc_server.InternalKVDel.HandleRequestImpl - 1 total (0 active), Execution time: mean = 0.06ms, total = 0.06ms, Queueing time: mean = 0.01ms, max = 0.01ms, min = 0.01ms, total = 0.01ms
	InternalKVGcsService.grpc_server.GetInternalConfig.HandleRequestImpl - 1 total (0 active), Execution time: mean = 0.10ms, total = 0.10ms, Queueing time: mean = 0.02ms, max = 0.02ms, min = 0.02ms, total = 0.02ms
	NodeInfoGcsService.grpc_server.GetAllNodeAddressAndLiveness.HandleRequestImpl - 1 total (0 active), Execution time: mean = 0.01ms, total = 0.01ms, Queueing time: mean = 0.01ms, max = 0.01ms, min = 0.01ms, total = 0.01ms
	GcsHealthCheckManager::MarkNodeHealthy - 1 total (0 active), Execution time: mean = 0.00ms, total = 0.00ms, Queueing time: mean = 0.01ms, max = 0.01ms, min = 0.01ms, total = 0.01ms
	GcsInitData::AsyncLoad - 1 total (0 active), Execution time: mean = 0.01ms, total = 0.01ms, Queueing time: mean = 0.00ms, max = 0.00ms, min = 0.00ms, total = 0.00ms
	InternalKVGcsService.grpc_server.GetInternalConfig - 1 total (0 active), Execution time: mean = 0.65ms, total = 0.65ms, Queueing time: mean = 0.00ms, max = -0.00ms, min = 9223372036854.78ms, total = 0.00ms
	GcsInMemoryStore.GetNextJobID - 1 total (0 active), Execution time: mean = 0.01ms, total = 0.01ms, Queueing time: mean = 0.01ms, max = 0.01ms, min = 0.01ms, total = 0.01ms
	NodeInfoGcsService.grpc_server.RegisterNode - 1 total (0 active), Execution time: mean = 0.64ms, total = 0.64ms, Queueing time: mean = 0.00ms, max = -0.00ms, min = 9223372036854.78ms, total = 0.00ms
	GcsServer.GetOrGenerateClusterId.continuation - 1 total (0 active), Execution time: mean = 1520.34ms, total = 1520.34ms, Queueing time: mean = 0.00ms, max = 0.00ms, min = 0.00ms, total = 0.00ms


[2026-06-04 22:59:10,532 I 512 512] (gcs_server) gcs_server.cc:940: task_io_context Event stats:


Global stats: 562 total (1 active)
Queueing time: mean = 0.19ms, max = 89.27ms, min = -0.00ms, total = 108.62ms
Execution time:  mean = 0.01ms, total = 6.68ms
Event stats:
	GcsTaskManager.GcJobSummary - 373 total (1 active), Execution time: mean = 0.01ms, total = 3.62ms, Queueing time: mean = 0.28ms, max = 89.27ms, min = -0.00ms, total = 106.09ms
	event_loop_lag_probe - 188 total (0 active), Execution time: mean = 0.02ms, total = 3.05ms, Queueing time: mean = 0.01ms, max = 0.50ms, min = 0.00ms, total = 2.51ms
	PeriodicalRunner.RunFnPeriodically - 1 total (0 active), Execution time: mean = 0.02ms, total = 0.02ms, Queueing time: mean = 0.02ms, max = 0.02ms, min = 0.02ms, total = 0.02ms


[2026-06-04 22:59:10,533 I 512 512] (gcs_server) gcs_server.cc:940: pubsub_io_context Event stats:


Global stats: 1050 total (2 active)
Queueing time: mean = 0.31ms, max = 95.93ms, min = 0.00ms, total = 327.20ms
Execution time:  mean = 1700.63ms, total = 1785659.31ms
Event stats:
	InternalPubSubGcsService.grpc_server.GcsPublish - 421 total (0 active), Execution time: mean = 2.01ms, total = 847.77ms, Queueing time: mean = 0.00ms, max = -0.00ms, min = 9223372036854.78ms, total = 0.00ms
	InternalPubSubGcsService.grpc_server.GcsPublish.HandleRequestImpl - 421 total (0 active), Execution time: mean = 0.11ms, total = 47.67ms, Queueing time: mean = 0.72ms, max = 95.93ms, min = 0.01ms, total = 302.23ms
	event_loop_lag_probe - 188 total (0 active), Execution time: mean = 0.02ms, total = 3.20ms, Queueing time: mean = 0.09ms, max = 15.11ms, min = 0.00ms, total = 16.99ms
	Publisher.CheckDeadSubscribers - 7 total (1 active), Execution time: mean = 0.02ms, total = 0.11ms, Queueing time: mean = 0.04ms, max = 0.06ms, min = 0.03ms, total = 0.25ms
	InternalPubSubGcsService.grpc_server.GcsSubscriberPoll - 4 total (1 active), Execution time: mean = 446189.82ms, total = 1784759.26ms, Queueing time: mean = 0.00ms, max = -0.00ms, min = 9223372036854.78ms, total = 0.00ms
	InternalPubSubGcsService.grpc_server.GcsSubscriberPoll.HandleRequestImpl - 4 total (0 active), Execution time: mean = 0.07ms, total = 0.29ms, Queueing time: mean = 0.06ms, max = 0.19ms, min = 0.02ms, total = 0.26ms
	InternalPubSubGcsService.grpc_server.GcsSubscriberCommandBatch - 2 total (0 active), Execution time: mean = 0.37ms, total = 0.74ms, Queueing time: mean = 0.00ms, max = -0.00ms, min = 9223372036854.78ms, total = 0.00ms
	InternalPubSubGcsService.grpc_server.GcsSubscriberCommandBatch.HandleRequestImpl - 2 total (0 active), Execution time: mean = 0.10ms, total = 0.21ms, Queueing time: mean = 0.02ms, max = 0.03ms, min = 0.01ms, total = 0.04ms
	PeriodicalRunner.RunFnPeriodically - 1 total (0 active), Execution time: mean = 0.06ms, total = 0.06ms, Queueing time: mean = 7.44ms, max = 7.44ms, min = 7.44ms, total = 7.44ms


[2026-06-04 22:59:10,533 I 512 512] (gcs_server) gcs_server.cc:940: ray_syncer_io_context Event stats:


Global stats: 192 total (0 active)
Queueing time: mean = 0.01ms, max = 0.61ms, min = 0.00ms, total = 2.65ms
Execution time:  mean = 0.02ms, total = 3.71ms
Event stats:
	event_loop_lag_probe - 188 total (0 active), Execution time: mean = 0.02ms, total = 3.52ms, Queueing time: mean = 0.01ms, max = 0.61ms, min = 0.00ms, total = 2.56ms
	RaySyncerRegister - 2 total (0 active), Execution time: mean = 0.00ms, total = 0.00ms, Queueing time: mean = 0.04ms, max = 0.06ms, min = 0.01ms, total = 0.08ms
	RaySyncer.BroadcastMessage - 1 total (0 active), Execution time: mean = 0.02ms, total = 0.02ms, Queueing time: mean = 0.00ms, max = 0.00ms, min = 0.00ms, total = 0.00ms
	 - 1 total (0 active), Execution time: mean = 0.16ms, total = 0.16ms, Queueing time: mean = 0.02ms, max = 0.02ms, min = 0.02ms, total = 0.02ms


[2026-06-04 22:59:10,533 I 512 512] (gcs_server) gcs_server.cc:940: ray_event_io_context Event stats:


Global stats: 188 total (0 active)
Queueing time: mean = 0.05ms, max = 8.24ms, min = 0.00ms, total = 9.92ms
Execution time:  mean = 0.02ms, total = 3.14ms
Event stats:
	event_loop_lag_probe - 188 total (0 active), Execution time: mean = 0.02ms, total = 3.14ms, Queueing time: mean = 0.05ms, max = 8.24ms, min = 0.00ms, total = 9.92ms


[2026-06-04 23:00:10,533 I 512 512] (gcs_server) gcs_server.cc:922: Gcs Debug state:

GcsNodeManager: 
- RegisterNode request count: 1
- DrainNode request count: 0
- GetAllNodeInfo request count: 3

GcsActorManager: 
- RegisterActor request count: 0
- CreateActor request count: 0
- GetActorInfo request count: 0
- GetNamedActorInfo request count: 0
- GetAllActorInfo request count: 0
- KillActor request count: 0
- ListNamedActors request count: 0
- Registered actors count: 0
- Destroyed actors count: 0
- Named actors count: 0
- Unresolved actors count: 0
- Pending actors count: 0
- Created actors count: 0
- owners_: 0
- actor_to_register_callbacks_: 0
- actor_to_restart_for_lineage_reconstruction_callbacks_: 0
- actor_to_create_callbacks_: 0
- sorted_destroyed_actor_list_: 0

GcsResourceManager: 
- GetAllAvailableResources request count: 0
- GetAllTotalResources request count: 0
- GetAllResourceUsage request count: 382

GcsPlacementGroupManager: 
- CreatePlacementGroup request count: 0
- RemovePlacementGroup request count: 0
- GetPlacementGroup request count: 0
- GetAllPlacementGroup request count: 0
- WaitPlacementGroupUntilReady request count: 0
- GetNamedPlacementGroup request count: 0
- Scheduling pending placement group count: 0
- Registered placement groups count: 0
- Named placement group count: 0
- Pending placement groups count: 0
- Infeasible placement groups count: 0

Publisher:
GCS_NODE_INFO_CHANNEL
- cumulative published messages: 1
- cumulative published bytes: 499
- current buffered bytes: 0
GCS_NODE_ADDRESS_AND_LIVENESS_CHANNEL
- cumulative published messages: 1
- cumulative published bytes: 92
- current buffered bytes: 0
RAY_LOG_CHANNEL
- cumulative published messages: 433
- cumulative published bytes: 370986
- current buffered bytes: 0

[runtime env manager] ID to URIs table:
[runtime env manager] URIs reference table:

GcsTaskManager: 
-Total num task events reported: 0
-Total num status task events dropped: 0
-Total num profile events dropped: 0
-Current num of task events stored: 0
-Total num of actor creation tasks: 0
-Total num of actor tasks: 0
-Total num of normal tasks: 0
-Total num of driver tasks: 0

GcsAutoscalerStateManager: 
- last_seen_autoscaler_state_version_: 0
- last_cluster_resource_state_version_: 382
- pending demands:



[2026-06-04 23:00:10,534 I 512 512] (gcs_server) gcs_server.cc:936: Main service Event stats:


Global stats: 16416 total (5 active)
Queueing time: mean = 2.43ms, max = 1522.53ms, min = 0.00ms, total = 39913.56ms
Execution time:  mean = 1.15ms, total = 18860.94ms
Event stats:
	GcsInMemoryStore.Put - 3082 total (0 active), Execution time: mean = 0.50ms, total = 1531.54ms, Queueing time: mean = 0.56ms, max = 1521.87ms, min = 0.00ms, total = 1732.22ms
	RayletLoadPulled - 1919 total (1 active), Execution time: mean = 0.23ms, total = 433.77ms, Queueing time: mean = 0.68ms, max = 297.72ms, min = 0.01ms, total = 1304.32ms
	NodeManagerService.grpc_client.GetResourceLoad.OnReplyReceived - 1905 total (0 active), Execution time: mean = 0.05ms, total = 88.12ms, Queueing time: mean = 0.33ms, max = 96.21ms, min = 0.01ms, total = 632.15ms
	NodeManagerService.grpc_client.GetResourceLoad - 1905 total (0 active), Execution time: mean = 6.73ms, total = 12816.50ms, Queueing time: mean = 0.00ms, max = -0.00ms, min = 9223372036854.78ms, total = 0.00ms
	InternalKVGcsService.grpc_server.InternalKVPut.HandleRequestImpl - 774 total (0 active), Execution time: mean = 0.05ms, total = 37.13ms, Queueing time: mean = 0.51ms, max = 96.13ms, min = 0.01ms, total = 397.04ms
	InternalKVGcsService.grpc_server.InternalKVPut - 774 total (0 active), Execution time: mean = 1.19ms, total = 919.21ms, Queueing time: mean = 0.00ms, max = -0.00ms, min = 9223372036854.78ms, total = 0.00ms
	ClusterResourceManager.ResetRemoteNodeView - 640 total (1 active), Execution time: mean = 0.01ms, total = 5.65ms, Queueing time: mean = 0.30ms, max = 95.89ms, min = 0.01ms, total = 189.93ms
	HealthCheck - 634 total (0 active), Execution time: mean = 0.00ms, total = 2.55ms, Queueing time: mean = 0.34ms, max = 96.16ms, min = 0.01ms, total = 213.21ms
	GcsInMemoryStore.Get - 498 total (0 active), Execution time: mean = 0.01ms, total = 6.16ms, Queueing time: mean = 0.01ms, max = 0.11ms, min = 0.01ms, total = 6.98ms
	InternalKVGcsService.grpc_server.InternalKVGet.HandleRequestImpl - 497 total (0 active), Execution time: mean = 0.09ms, total = 42.39ms, Queueing time: mean = 0.21ms, max = 95.88ms, min = 0.01ms, total = 106.45ms
	InternalKVGcsService.grpc_server.InternalKVGet - 497 total (0 active), Execution time: mean = 0.97ms, total = 481.30ms, Queueing time: mean = 0.00ms, max = -0.00ms, min = 9223372036854.78ms, total = 0.00ms
	NodeInfoGcsService.grpc_server.CheckAlive - 413 total (0 active), Execution time: mean = 0.62ms, total = 256.26ms, Queueing time: mean = 0.00ms, max = -0.00ms, min = 9223372036854.78ms, total = 0.00ms
	NodeInfoGcsService.grpc_server.CheckAlive.HandleRequestImpl - 413 total (0 active), Execution time: mean = 0.02ms, total = 8.27ms, Queueing time: mean = 0.03ms, max = 0.50ms, min = 0.01ms, total = 12.56ms
	GCSServer.deadline_timer.metrics_report - 384 total (1 active), Execution time: mean = 0.21ms, total = 81.73ms, Queueing time: mean = 0.45ms, max = 95.50ms, min = 0.01ms, total = 173.80ms
	AutoscalerStateService.grpc_server.GetClusterResourceState - 382 total (0 active), Execution time: mean = 0.34ms, total = 130.14ms, Queueing time: mean = 0.00ms, max = -0.00ms, min = 9223372036854.78ms, total = 0.00ms
	AutoscalerStateService.grpc_server.GetClusterResourceState.HandleRequestImpl - 382 total (0 active), Execution time: mean = 0.04ms, total = 13.43ms, Queueing time: mean = 0.02ms, max = 0.70ms, min = 0.01ms, total = 7.50ms
	NodeResourceInfoGcsService.grpc_server.GetAllResourceUsage.HandleRequestImpl - 382 total (0 active), Execution time: mean = 0.06ms, total = 23.53ms, Queueing time: mean = 0.04ms, max = 1.38ms, min = 0.01ms, total = 14.11ms
	NodeResourceInfoGcsService.grpc_server.GetAllResourceUsage - 382 total (0 active), Execution time: mean = 0.71ms, total = 272.05ms, Queueing time: mean = 0.00ms, max = -0.00ms, min = 9223372036854.78ms, total = 0.00ms
	event_loop_lag_probe - 194 total (0 active), Execution time: mean = 0.01ms, total = 2.36ms, Queueing time: mean = 0.08ms, max = 14.25ms, min = 0.00ms, total = 15.99ms
	GCSServer.deadline_timer.gcs_global_gc - 192 total (1 active), Execution time: mean = 0.01ms, total = 1.39ms, Queueing time: mean = 0.57ms, max = 66.72ms, min = 0.01ms, total = 109.68ms
	GCSServer.deadline_timer.debug_state_event_stats_print - 32 total (1 active, 1 running), Execution time: mean = 1.33ms, total = 42.55ms, Queueing time: mean = 2.12ms, max = 67.10ms, min = 0.02ms, total = 67.92ms
	ReporterService.grpc_client.HealthCheck.OnReplyReceived - 31 total (0 active), Execution time: mean = 0.16ms, total = 5.10ms, Queueing time: mean = 52.09ms, max = 1517.54ms, min = 0.02ms, total = 1614.71ms
	ReporterService.grpc_client.HealthCheck - 31 total (0 active), Execution time: mean = 3.62ms, total = 112.34ms, Queueing time: mean = 0.00ms, max = -0.00ms, min = 9223372036854.78ms, total = 0.00ms
	MetricsAgentClient.WaitForServerReadyWithRetry - 30 total (0 active), Execution time: mean = 0.27ms, total = 8.13ms, Queueing time: mean = 1008.67ms, max = 1097.53ms, min = 1000.02ms, total = 30260.04ms
	GcsInMemoryStore.GetAll - 6 total (0 active), Execution time: mean = 0.01ms, total = 0.06ms, Queueing time: mean = 0.06ms, max = 0.07ms, min = 0.01ms, total = 0.34ms
	PeriodicalRunner.RunFnPeriodically - 5 total (0 active), Execution time: mean = 0.11ms, total = 0.54ms, Queueing time: mean = 610.50ms, max = 1522.53ms, min = 2.26ms, total = 3052.48ms
	NodeInfoGcsService.grpc_server.GetClusterId - 4 total (0 active), Execution time: mean = 2.91ms, total = 11.62ms, Queueing time: mean = 0.00ms, max = -0.00ms, min = 9223372036854.78ms, total = 0.00ms
	NodeInfoGcsService.grpc_server.GetClusterId.HandleRequestImpl - 4 total (0 active), Execution time: mean = 0.54ms, total = 2.15ms, Queueing time: mean = 0.45ms, max = 1.73ms, min = 0.02ms, total = 1.81ms
	NodeInfoGcsService.grpc_server.GetAllNodeInfo.HandleRequestImpl - 2 total (0 active), Execution time: mean = 0.04ms, total = 0.08ms, Queueing time: mean = 0.02ms, max = 0.03ms, min = 0.01ms, total = 0.04ms
	NodeInfoGcsService.grpc_server.GetAllNodeInfo - 2 total (0 active), Execution time: mean = 0.36ms, total = 0.71ms, Queueing time: mean = 0.00ms, max = -0.00ms, min = 9223372036854.78ms, total = 0.00ms
	GcsInMemoryStore.Delete - 1 total (0 active), Execution time: mean = 0.01ms, total = 0.01ms, Queueing time: mean = 0.01ms, max = 0.01ms, min = 0.01ms, total = 0.01ms
	NodeManager.AddNodeCallback - 1 total (0 active), Execution time: mean = 0.45ms, total = 0.45ms, Queueing time: mean = 0.13ms, max = 0.13ms, min = 0.13ms, total = 0.13ms
	InternalKVGcsService.grpc_server.InternalKVDel - 1 total (0 active), Execution time: mean = 0.45ms, total = 0.45ms, Queueing time: mean = 0.00ms, max = -0.00ms, min = 9223372036854.78ms, total = 0.00ms
	JobInfoGcsService.grpc_server.GetAllJobInfo - 1 total (0 active), Execution time: mean = 0.35ms, total = 0.35ms, Queueing time: mean = 0.00ms, max = -0.00ms, min = 9223372036854.78ms, total = 0.00ms
	JobInfoGcsService.grpc_server.GetNextJobID.HandleRequestImpl - 1 total (0 active), Execution time: mean = 0.02ms, total = 0.02ms, Queueing time: mean = 0.02ms, max = 0.02ms, min = 0.02ms, total = 0.02ms
	JobInfoGcsService.grpc_server.GetNextJobID - 1 total (0 active), Execution time: mean = 0.35ms, total = 0.35ms, Queueing time: mean = 0.00ms, max = -0.00ms, min = 9223372036854.78ms, total = 0.00ms
	GcsHealthCheckManager::AddNode - 1 total (0 active), Execution time: mean = 0.02ms, total = 0.02ms, Queueing time: mean = 0.00ms, max = 0.00ms, min = 0.00ms, total = 0.00ms
	NodeInfoGcsService.grpc_server.GetAllNodeAddressAndLiveness - 1 total (0 active), Execution time: mean = 0.37ms, total = 0.37ms, Queueing time: mean = 0.00ms, max = -0.00ms, min = 9223372036854.78ms, total = 0.00ms
	JobInfoGcsService.grpc_server.GetAllJobInfo.HandleRequestImpl - 1 total (0 active), Execution time: mean = 0.04ms, total = 0.04ms, Queueing time: mean = 0.02ms, max = 0.02ms, min = 0.02ms, total = 0.02ms
	GcsResourceManager::Update - 1 total (0 active), Execution time: mean = 0.08ms, total = 0.08ms, Queueing time: mean = 0.01ms, max = 0.01ms, min = 0.01ms, total = 0.01ms
	NodeInfoGcsService.grpc_server.RegisterNode.HandleRequestImpl - 1 total (0 active), Execution time: mean = 0.23ms, total = 0.23ms, Queueing time: mean = 0.02ms, max = 0.02ms, min = 0.02ms, total = 0.02ms
	InternalKVGcsService.grpc_server.InternalKVDel.HandleRequestImpl - 1 total (0 active), Execution time: mean = 0.06ms, total = 0.06ms, Queueing time: mean = 0.01ms, max = 0.01ms, min = 0.01ms, total = 0.01ms
	InternalKVGcsService.grpc_server.GetInternalConfig.HandleRequestImpl - 1 total (0 active), Execution time: mean = 0.10ms, total = 0.10ms, Queueing time: mean = 0.02ms, max = 0.02ms, min = 0.02ms, total = 0.02ms
	NodeInfoGcsService.grpc_server.GetAllNodeAddressAndLiveness.HandleRequestImpl - 1 total (0 active), Execution time: mean = 0.01ms, total = 0.01ms, Queueing time: mean = 0.01ms, max = 0.01ms, min = 0.01ms, total = 0.01ms
	GcsHealthCheckManager::MarkNodeHealthy - 1 total (0 active), Execution time: mean = 0.00ms, total = 0.00ms, Queueing time: mean = 0.01ms, max = 0.01ms, min = 0.01ms, total = 0.01ms
	GcsInitData::AsyncLoad - 1 total (0 active), Execution time: mean = 0.01ms, total = 0.01ms, Queueing time: mean = 0.00ms, max = 0.00ms, min = 0.00ms, total = 0.00ms
	InternalKVGcsService.grpc_server.GetInternalConfig - 1 total (0 active), Execution time: mean = 0.65ms, total = 0.65ms, Queueing time: mean = 0.00ms, max = -0.00ms, min = 9223372036854.78ms, total = 0.00ms
	GcsInMemoryStore.GetNextJobID - 1 total (0 active), Execution time: mean = 0.01ms, total = 0.01ms, Queueing time: mean = 0.01ms, max = 0.01ms, min = 0.01ms, total = 0.01ms
	NodeInfoGcsService.grpc_server.RegisterNode - 1 total (0 active), Execution time: mean = 0.64ms, total = 0.64ms, Queueing time: mean = 0.00ms, max = -0.00ms, min = 9223372036854.78ms, total = 0.00ms
	GcsServer.GetOrGenerateClusterId.continuation - 1 total (0 active), Execution time: mean = 1520.34ms, total = 1520.34ms, Queueing time: mean = 0.00ms, max = 0.00ms, min = 0.00ms, total = 0.00ms


[2026-06-04 23:00:10,534 I 512 512] (gcs_server) gcs_server.cc:940: task_io_context Event stats:


Global stats: 580 total (1 active)
Queueing time: mean = 0.19ms, max = 89.27ms, min = -0.00ms, total = 109.20ms
Execution time:  mean = 0.01ms, total = 6.87ms
Event stats:
	GcsTaskManager.GcJobSummary - 385 total (1 active), Execution time: mean = 0.01ms, total = 3.72ms, Queueing time: mean = 0.28ms, max = 89.27ms, min = -0.00ms, total = 106.61ms
	event_loop_lag_probe - 194 total (0 active), Execution time: mean = 0.02ms, total = 3.13ms, Queueing time: mean = 0.01ms, max = 0.50ms, min = 0.00ms, total = 2.57ms
	PeriodicalRunner.RunFnPeriodically - 1 total (0 active), Execution time: mean = 0.02ms, total = 0.02ms, Queueing time: mean = 0.02ms, max = 0.02ms, min = 0.02ms, total = 0.02ms


[2026-06-04 23:00:10,534 I 512 512] (gcs_server) gcs_server.cc:940: pubsub_io_context Event stats:


Global stats: 1080 total (2 active)
Queueing time: mean = 0.30ms, max = 95.93ms, min = 0.00ms, total = 327.64ms
Execution time:  mean = 1653.39ms, total = 1785665.78ms
Event stats:
	InternalPubSubGcsService.grpc_server.GcsPublish - 433 total (0 active), Execution time: mean = 1.97ms, total = 852.93ms, Queueing time: mean = 0.00ms, max = -0.00ms, min = 9223372036854.78ms, total = 0.00ms
	InternalPubSubGcsService.grpc_server.GcsPublish.HandleRequestImpl - 433 total (0 active), Execution time: mean = 0.11ms, total = 48.89ms, Queueing time: mean = 0.70ms, max = 95.93ms, min = 0.01ms, total = 302.62ms
	event_loop_lag_probe - 194 total (0 active), Execution time: mean = 0.02ms, total = 3.29ms, Queueing time: mean = 0.09ms, max = 15.11ms, min = 0.00ms, total = 17.03ms
	Publisher.CheckDeadSubscribers - 7 total (1 active), Execution time: mean = 0.02ms, total = 0.11ms, Queueing time: mean = 0.04ms, max = 0.06ms, min = 0.03ms, total = 0.25ms
	InternalPubSubGcsService.grpc_server.GcsSubscriberPoll - 4 total (1 active), Execution time: mean = 446189.82ms, total = 1784759.26ms, Queueing time: mean = 0.00ms, max = -0.00ms, min = 9223372036854.78ms, total = 0.00ms
	InternalPubSubGcsService.grpc_server.GcsSubscriberPoll.HandleRequestImpl - 4 total (0 active), Execution time: mean = 0.07ms, total = 0.29ms, Queueing time: mean = 0.06ms, max = 0.19ms, min = 0.02ms, total = 0.26ms
	InternalPubSubGcsService.grpc_server.GcsSubscriberCommandBatch - 2 total (0 active), Execution time: mean = 0.37ms, total = 0.74ms, Queueing time: mean = 0.00ms, max = -0.00ms, min = 9223372036854.78ms, total = 0.00ms
	InternalPubSubGcsService.grpc_server.GcsSubscriberCommandBatch.HandleRequestImpl - 2 total (0 active), Execution time: mean = 0.10ms, total = 0.21ms, Queueing time: mean = 0.02ms, max = 0.03ms, min = 0.01ms, total = 0.04ms
	PeriodicalRunner.RunFnPeriodically - 1 total (0 active), Execution time: mean = 0.06ms, total = 0.06ms, Queueing time: mean = 7.44ms, max = 7.44ms, min = 7.44ms, total = 7.44ms


[2026-06-04 23:00:10,534 I 512 512] (gcs_server) gcs_server.cc:940: ray_syncer_io_context Event stats:


Global stats: 198 total (0 active)
Queueing time: mean = 0.01ms, max = 0.61ms, min = 0.00ms, total = 2.73ms
Execution time:  mean = 0.02ms, total = 3.81ms
Event stats:
	event_loop_lag_probe - 194 total (0 active), Execution time: mean = 0.02ms, total = 3.63ms, Queueing time: mean = 0.01ms, max = 0.61ms, min = 0.00ms, total = 2.63ms
	RaySyncerRegister - 2 total (0 active), Execution time: mean = 0.00ms, total = 0.00ms, Queueing time: mean = 0.04ms, max = 0.06ms, min = 0.01ms, total = 0.08ms
	RaySyncer.BroadcastMessage - 1 total (0 active), Execution time: mean = 0.02ms, total = 0.02ms, Queueing time: mean = 0.00ms, max = 0.00ms, min = 0.00ms, total = 0.00ms
	 - 1 total (0 active), Execution time: mean = 0.16ms, total = 0.16ms, Queueing time: mean = 0.02ms, max = 0.02ms, min = 0.02ms, total = 0.02ms


[2026-06-04 23:00:10,534 I 512 512] (gcs_server) gcs_server.cc:940: ray_event_io_context Event stats:


Global stats: 194 total (0 active)
Queueing time: mean = 0.05ms, max = 8.24ms, min = 0.00ms, total = 9.97ms
Execution time:  mean = 0.02ms, total = 3.24ms
Event stats:
	event_loop_lag_probe - 194 total (0 active), Execution time: mean = 0.02ms, total = 3.24ms, Queueing time: mean = 0.05ms, max = 8.24ms, min = 0.00ms, total = 9.97ms


[2026-06-04 23:01:10,534 I 512 512] (gcs_server) gcs_server.cc:922: Gcs Debug state:

GcsNodeManager: 
- RegisterNode request count: 1
- DrainNode request count: 0
- GetAllNodeInfo request count: 3

GcsActorManager: 
- RegisterActor request count: 0
- CreateActor request count: 0
- GetActorInfo request count: 0
- GetNamedActorInfo request count: 0
- GetAllActorInfo request count: 0
- KillActor request count: 0
- ListNamedActors request count: 0
- Registered actors count: 0
- Destroyed actors count: 0
- Named actors count: 0
- Unresolved actors count: 0
- Pending actors count: 0
- Created actors count: 0
- owners_: 0
- actor_to_register_callbacks_: 0
- actor_to_restart_for_lineage_reconstruction_callbacks_: 0
- actor_to_create_callbacks_: 0
- sorted_destroyed_actor_list_: 0

GcsResourceManager: 
- GetAllAvailableResources request count: 0
- GetAllTotalResources request count: 0
- GetAllResourceUsage request count: 394

GcsPlacementGroupManager: 
- CreatePlacementGroup request count: 0
- RemovePlacementGroup request count: 0
- GetPlacementGroup request count: 0
- GetAllPlacementGroup request count: 0
- WaitPlacementGroupUntilReady request count: 0
- GetNamedPlacementGroup request count: 0
- Scheduling pending placement group count: 0
- Registered placement groups count: 0
- Named placement group count: 0
- Pending placement groups count: 0
- Infeasible placement groups count: 0

Publisher:
GCS_NODE_INFO_CHANNEL
- cumulative published messages: 1
- cumulative published bytes: 499
- current buffered bytes: 0
GCS_NODE_ADDRESS_AND_LIVENESS_CHANNEL
- cumulative published messages: 1
- cumulative published bytes: 92
- current buffered bytes: 0
RAY_LOG_CHANNEL
- cumulative published messages: 445
- cumulative published bytes: 381270
- current buffered bytes: 0

[runtime env manager] ID to URIs table:
[runtime env manager] URIs reference table:

GcsTaskManager: 
-Total num task events reported: 0
-Total num status task events dropped: 0
-Total num profile events dropped: 0
-Current num of task events stored: 0
-Total num of actor creation tasks: 0
-Total num of actor tasks: 0
-Total num of normal tasks: 0
-Total num of driver tasks: 0

GcsAutoscalerStateManager: 
- last_seen_autoscaler_state_version_: 0
- last_cluster_resource_state_version_: 394
- pending demands:



[2026-06-04 23:01:10,535 I 512 512] (gcs_server) gcs_server.cc:936: Main service Event stats:


Global stats: 16915 total (5 active)
Queueing time: mean = 2.36ms, max = 1522.53ms, min = 0.00ms, total = 39927.13ms
Execution time:  mean = 1.12ms, total = 18970.00ms
Event stats:
	GcsInMemoryStore.Put - 3178 total (0 active), Execution time: mean = 0.48ms, total = 1531.85ms, Queueing time: mean = 0.55ms, max = 1521.87ms, min = 0.00ms, total = 1738.50ms
	RayletLoadPulled - 1979 total (1 active), Execution time: mean = 0.23ms, total = 445.60ms, Queueing time: mean = 0.66ms, max = 297.72ms, min = 0.01ms, total = 1306.02ms
	NodeManagerService.grpc_client.GetResourceLoad.OnReplyReceived - 1965 total (0 active), Execution time: mean = 0.05ms, total = 90.62ms, Queueing time: mean = 0.32ms, max = 96.21ms, min = 0.01ms, total = 633.75ms
	NodeManagerService.grpc_client.GetResourceLoad - 1965 total (0 active), Execution time: mean = 6.55ms, total = 12878.74ms, Queueing time: mean = 0.00ms, max = -0.00ms, min = 9223372036854.78ms, total = 0.00ms
	InternalKVGcsService.grpc_server.InternalKVPut.HandleRequestImpl - 798 total (0 active), Execution time: mean = 0.05ms, total = 38.29ms, Queueing time: mean = 0.50ms, max = 96.13ms, min = 0.01ms, total = 397.37ms
	InternalKVGcsService.grpc_server.InternalKVPut - 798 total (0 active), Execution time: mean = 1.16ms, total = 925.90ms, Queueing time: mean = 0.00ms, max = -0.00ms, min = 9223372036854.78ms, total = 0.00ms
	ClusterResourceManager.ResetRemoteNodeView - 660 total (1 active), Execution time: mean = 0.01ms, total = 5.80ms, Queueing time: mean = 0.29ms, max = 95.89ms, min = 0.01ms, total = 190.44ms
	HealthCheck - 654 total (0 active), Execution time: mean = 0.00ms, total = 2.62ms, Queueing time: mean = 0.33ms, max = 96.16ms, min = 0.01ms, total = 213.60ms
	GcsInMemoryStore.Get - 510 total (0 active), Execution time: mean = 0.01ms, total = 6.32ms, Queueing time: mean = 0.01ms, max = 0.11ms, min = 0.01ms, total = 7.15ms
	InternalKVGcsService.grpc_server.InternalKVGet.HandleRequestImpl - 509 total (0 active), Execution time: mean = 0.09ms, total = 43.59ms, Queueing time: mean = 0.21ms, max = 95.88ms, min = 0.01ms, total = 106.62ms
	InternalKVGcsService.grpc_server.InternalKVGet - 509 total (0 active), Execution time: mean = 0.95ms, total = 485.78ms, Queueing time: mean = 0.00ms, max = -0.00ms, min = 9223372036854.78ms, total = 0.00ms
	NodeInfoGcsService.grpc_server.CheckAlive - 426 total (0 active), Execution time: mean = 0.61ms, total = 260.70ms, Queueing time: mean = 0.00ms, max = -0.00ms, min = 9223372036854.78ms, total = 0.00ms
	NodeInfoGcsService.grpc_server.CheckAlive.HandleRequestImpl - 426 total (0 active), Execution time: mean = 0.02ms, total = 8.52ms, Queueing time: mean = 0.03ms, max = 0.50ms, min = 0.01ms, total = 12.88ms
	GCSServer.deadline_timer.metrics_report - 396 total (1 active), Execution time: mean = 0.21ms, total = 84.24ms, Queueing time: mean = 0.44ms, max = 95.50ms, min = 0.01ms, total = 174.10ms
	AutoscalerStateService.grpc_server.GetClusterResourceState - 394 total (0 active), Execution time: mean = 0.34ms, total = 133.68ms, Queueing time: mean = 0.00ms, max = -0.00ms, min = 9223372036854.78ms, total = 0.00ms
	AutoscalerStateService.grpc_server.GetClusterResourceState.HandleRequestImpl - 394 total (0 active), Execution time: mean = 0.04ms, total = 13.80ms, Queueing time: mean = 0.02ms, max = 0.70ms, min = 0.01ms, total = 7.67ms
	NodeResourceInfoGcsService.grpc_server.GetAllResourceUsage.HandleRequestImpl - 394 total (0 active), Execution time: mean = 0.06ms, total = 24.20ms, Queueing time: mean = 0.04ms, max = 1.38ms, min = 0.01ms, total = 14.43ms
	NodeResourceInfoGcsService.grpc_server.GetAllResourceUsage - 394 total (0 active), Execution time: mean = 0.70ms, total = 277.11ms, Queueing time: mean = 0.00ms, max = -0.00ms, min = 9223372036854.78ms, total = 0.00ms
	event_loop_lag_probe - 200 total (0 active), Execution time: mean = 0.01ms, total = 2.43ms, Queueing time: mean = 0.08ms, max = 14.25ms, min = 0.00ms, total = 16.03ms
	GCSServer.deadline_timer.gcs_global_gc - 198 total (1 active), Execution time: mean = 0.01ms, total = 1.43ms, Queueing time: mean = 0.56ms, max = 66.72ms, min = 0.01ms, total = 110.93ms
	GCSServer.deadline_timer.debug_state_event_stats_print - 33 total (1 active, 1 running), Execution time: mean = 1.33ms, total = 43.88ms, Queueing time: mean = 2.06ms, max = 67.10ms, min = 0.02ms, total = 67.94ms
	ReporterService.grpc_client.HealthCheck.OnReplyReceived - 31 total (0 active), Execution time: mean = 0.16ms, total = 5.10ms, Queueing time: mean = 52.09ms, max = 1517.54ms, min = 0.02ms, total = 1614.71ms
	ReporterService.grpc_client.HealthCheck - 31 total (0 active), Execution time: mean = 3.62ms, total = 112.34ms, Queueing time: mean = 0.00ms, max = -0.00ms, min = 9223372036854.78ms, total = 0.00ms
	MetricsAgentClient.WaitForServerReadyWithRetry - 30 total (0 active), Execution time: mean = 0.27ms, total = 8.13ms, Queueing time: mean = 1008.67ms, max = 1097.53ms, min = 1000.02ms, total = 30260.04ms
	GcsInMemoryStore.GetAll - 6 total (0 active), Execution time: mean = 0.01ms, total = 0.06ms, Queueing time: mean = 0.06ms, max = 0.07ms, min = 0.01ms, total = 0.34ms
	PeriodicalRunner.RunFnPeriodically - 5 total (0 active), Execution time: mean = 0.11ms, total = 0.54ms, Queueing time: mean = 610.50ms, max = 1522.53ms, min = 2.26ms, total = 3052.48ms
	NodeInfoGcsService.grpc_server.GetClusterId - 4 total (0 active), Execution time: mean = 2.91ms, total = 11.62ms, Queueing time: mean = 0.00ms, max = -0.00ms, min = 9223372036854.78ms, total = 0.00ms
	NodeInfoGcsService.grpc_server.GetClusterId.HandleRequestImpl - 4 total (0 active), Execution time: mean = 0.54ms, total = 2.15ms, Queueing time: mean = 0.45ms, max = 1.73ms, min = 0.02ms, total = 1.81ms
	NodeInfoGcsService.grpc_server.GetAllNodeInfo.HandleRequestImpl - 2 total (0 active), Execution time: mean = 0.04ms, total = 0.08ms, Queueing time: mean = 0.02ms, max = 0.03ms, min = 0.01ms, total = 0.04ms
	NodeInfoGcsService.grpc_server.GetAllNodeInfo - 2 total (0 active), Execution time: mean = 0.36ms, total = 0.71ms, Queueing time: mean = 0.00ms, max = -0.00ms, min = 9223372036854.78ms, total = 0.00ms
	GcsInMemoryStore.Delete - 1 total (0 active), Execution time: mean = 0.01ms, total = 0.01ms, Queueing time: mean = 0.01ms, max = 0.01ms, min = 0.01ms, total = 0.01ms
	NodeManager.AddNodeCallback - 1 total (0 active), Execution time: mean = 0.45ms, total = 0.45ms, Queueing time: mean = 0.13ms, max = 0.13ms, min = 0.13ms, total = 0.13ms
	InternalKVGcsService.grpc_server.InternalKVDel - 1 total (0 active), Execution time: mean = 0.45ms, total = 0.45ms, Queueing time: mean = 0.00ms, max = -0.00ms, min = 9223372036854.78ms, total = 0.00ms
	JobInfoGcsService.grpc_server.GetAllJobInfo - 1 total (0 active), Execution time: mean = 0.35ms, total = 0.35ms, Queueing time: mean = 0.00ms, max = -0.00ms, min = 9223372036854.78ms, total = 0.00ms
	JobInfoGcsService.grpc_server.GetNextJobID.HandleRequestImpl - 1 total (0 active), Execution time: mean = 0.02ms, total = 0.02ms, Queueing time: mean = 0.02ms, max = 0.02ms, min = 0.02ms, total = 0.02ms
	JobInfoGcsService.grpc_server.GetNextJobID - 1 total (0 active), Execution time: mean = 0.35ms, total = 0.35ms, Queueing time: mean = 0.00ms, max = -0.00ms, min = 9223372036854.78ms, total = 0.00ms
	GcsHealthCheckManager::AddNode - 1 total (0 active), Execution time: mean = 0.02ms, total = 0.02ms, Queueing time: mean = 0.00ms, max = 0.00ms, min = 0.00ms, total = 0.00ms
	NodeInfoGcsService.grpc_server.GetAllNodeAddressAndLiveness - 1 total (0 active), Execution time: mean = 0.37ms, total = 0.37ms, Queueing time: mean = 0.00ms, max = -0.00ms, min = 9223372036854.78ms, total = 0.00ms
	JobInfoGcsService.grpc_server.GetAllJobInfo.HandleRequestImpl - 1 total (0 active), Execution time: mean = 0.04ms, total = 0.04ms, Queueing time: mean = 0.02ms, max = 0.02ms, min = 0.02ms, total = 0.02ms
	GcsResourceManager::Update - 1 total (0 active), Execution time: mean = 0.08ms, total = 0.08ms, Queueing time: mean = 0.01ms, max = 0.01ms, min = 0.01ms, total = 0.01ms
	NodeInfoGcsService.grpc_server.RegisterNode.HandleRequestImpl - 1 total (0 active), Execution time: mean = 0.23ms, total = 0.23ms, Queueing time: mean = 0.02ms, max = 0.02ms, min = 0.02ms, total = 0.02ms
	InternalKVGcsService.grpc_server.InternalKVDel.HandleRequestImpl - 1 total (0 active), Execution time: mean = 0.06ms, total = 0.06ms, Queueing time: mean = 0.01ms, max = 0.01ms, min = 0.01ms, total = 0.01ms
	InternalKVGcsService.grpc_server.GetInternalConfig.HandleRequestImpl - 1 total (0 active), Execution time: mean = 0.10ms, total = 0.10ms, Queueing time: mean = 0.02ms, max = 0.02ms, min = 0.02ms, total = 0.02ms
	NodeInfoGcsService.grpc_server.GetAllNodeAddressAndLiveness.HandleRequestImpl - 1 total (0 active), Execution time: mean = 0.01ms, total = 0.01ms, Queueing time: mean = 0.01ms, max = 0.01ms, min = 0.01ms, total = 0.01ms
	GcsHealthCheckManager::MarkNodeHealthy - 1 total (0 active), Execution time: mean = 0.00ms, total = 0.00ms, Queueing time: mean = 0.01ms, max = 0.01ms, min = 0.01ms, total = 0.01ms
	GcsInitData::AsyncLoad - 1 total (0 active), Execution time: mean = 0.01ms, total = 0.01ms, Queueing time: mean = 0.00ms, max = 0.00ms, min = 0.00ms, total = 0.00ms
	InternalKVGcsService.grpc_server.GetInternalConfig - 1 total (0 active), Execution time: mean = 0.65ms, total = 0.65ms, Queueing time: mean = 0.00ms, max = -0.00ms, min = 9223372036854.78ms, total = 0.00ms
	GcsInMemoryStore.GetNextJobID - 1 total (0 active), Execution time: mean = 0.01ms, total = 0.01ms, Queueing time: mean = 0.01ms, max = 0.01ms, min = 0.01ms, total = 0.01ms
	NodeInfoGcsService.grpc_server.RegisterNode - 1 total (0 active), Execution time: mean = 0.64ms, total = 0.64ms, Queueing time: mean = 0.00ms, max = -0.00ms, min = 9223372036854.78ms, total = 0.00ms
	GcsServer.GetOrGenerateClusterId.continuation - 1 total (0 active), Execution time: mean = 1520.34ms, total = 1520.34ms, Queueing time: mean = 0.00ms, max = 0.00ms, min = 0.00ms, total = 0.00ms


[2026-06-04 23:01:10,535 I 512 512] (gcs_server) gcs_server.cc:940: task_io_context Event stats:


Global stats: 598 total (1 active)
Queueing time: mean = 0.18ms, max = 89.27ms, min = -0.00ms, total = 109.72ms
Execution time:  mean = 0.01ms, total = 7.05ms
Event stats:
	GcsTaskManager.GcJobSummary - 397 total (1 active), Execution time: mean = 0.01ms, total = 3.82ms, Queueing time: mean = 0.27ms, max = 89.27ms, min = -0.00ms, total = 107.08ms
	event_loop_lag_probe - 200 total (0 active), Execution time: mean = 0.02ms, total = 3.21ms, Queueing time: mean = 0.01ms, max = 0.50ms, min = 0.00ms, total = 2.63ms
	PeriodicalRunner.RunFnPeriodically - 1 total (0 active), Execution time: mean = 0.02ms, total = 0.02ms, Queueing time: mean = 0.02ms, max = 0.02ms, min = 0.02ms, total = 0.02ms


[2026-06-04 23:01:10,535 I 512 512] (gcs_server) gcs_server.cc:940: pubsub_io_context Event stats:


Global stats: 1110 total (2 active)
Queueing time: mean = 0.30ms, max = 95.93ms, min = 0.00ms, total = 328.03ms
Execution time:  mean = 1608.71ms, total = 1785671.47ms
Event stats:
	InternalPubSubGcsService.grpc_server.GcsPublish - 445 total (0 active), Execution time: mean = 1.93ms, total = 857.42ms, Queueing time: mean = 0.00ms, max = -0.00ms, min = 9223372036854.78ms, total = 0.00ms
	InternalPubSubGcsService.grpc_server.GcsPublish.HandleRequestImpl - 445 total (0 active), Execution time: mean = 0.11ms, total = 49.99ms, Queueing time: mean = 0.68ms, max = 95.93ms, min = 0.01ms, total = 302.95ms
	event_loop_lag_probe - 200 total (0 active), Execution time: mean = 0.02ms, total = 3.39ms, Queueing time: mean = 0.09ms, max = 15.11ms, min = 0.00ms, total = 17.09ms
	Publisher.CheckDeadSubscribers - 7 total (1 active), Execution time: mean = 0.02ms, total = 0.11ms, Queueing time: mean = 0.04ms, max = 0.06ms, min = 0.03ms, total = 0.25ms
	InternalPubSubGcsService.grpc_server.GcsSubscriberPoll - 4 total (1 active), Execution time: mean = 446189.82ms, total = 1784759.26ms, Queueing time: mean = 0.00ms, max = -0.00ms, min = 9223372036854.78ms, total = 0.00ms
	InternalPubSubGcsService.grpc_server.GcsSubscriberPoll.HandleRequestImpl - 4 total (0 active), Execution time: mean = 0.07ms, total = 0.29ms, Queueing time: mean = 0.06ms, max = 0.19ms, min = 0.02ms, total = 0.26ms
	InternalPubSubGcsService.grpc_server.GcsSubscriberCommandBatch - 2 total (0 active), Execution time: mean = 0.37ms, total = 0.74ms, Queueing time: mean = 0.00ms, max = -0.00ms, min = 9223372036854.78ms, total = 0.00ms
	InternalPubSubGcsService.grpc_server.GcsSubscriberCommandBatch.HandleRequestImpl - 2 total (0 active), Execution time: mean = 0.10ms, total = 0.21ms, Queueing time: mean = 0.02ms, max = 0.03ms, min = 0.01ms, total = 0.04ms
	PeriodicalRunner.RunFnPeriodically - 1 total (0 active), Execution time: mean = 0.06ms, total = 0.06ms, Queueing time: mean = 7.44ms, max = 7.44ms, min = 7.44ms, total = 7.44ms


[2026-06-04 23:01:10,535 I 512 512] (gcs_server) gcs_server.cc:940: ray_syncer_io_context Event stats:


Global stats: 204 total (0 active)
Queueing time: mean = 0.01ms, max = 0.61ms, min = 0.00ms, total = 2.79ms
Execution time:  mean = 0.02ms, total = 3.91ms
Event stats:
	event_loop_lag_probe - 200 total (0 active), Execution time: mean = 0.02ms, total = 3.72ms, Queueing time: mean = 0.01ms, max = 0.61ms, min = 0.00ms, total = 2.69ms
	RaySyncerRegister - 2 total (0 active), Execution time: mean = 0.00ms, total = 0.00ms, Queueing time: mean = 0.04ms, max = 0.06ms, min = 0.01ms, total = 0.08ms
	RaySyncer.BroadcastMessage - 1 total (0 active), Execution time: mean = 0.02ms, total = 0.02ms, Queueing time: mean = 0.00ms, max = 0.00ms, min = 0.00ms, total = 0.00ms
	 - 1 total (0 active), Execution time: mean = 0.16ms, total = 0.16ms, Queueing time: mean = 0.02ms, max = 0.02ms, min = 0.02ms, total = 0.02ms


[2026-06-04 23:01:10,535 I 512 512] (gcs_server) gcs_server.cc:940: ray_event_io_context Event stats:


Global stats: 200 total (0 active)
Queueing time: mean = 0.05ms, max = 8.24ms, min = 0.00ms, total = 10.02ms
Execution time:  mean = 0.02ms, total = 3.33ms
Event stats:
	event_loop_lag_probe - 200 total (0 active), Execution time: mean = 0.02ms, total = 3.33ms, Queueing time: mean = 0.05ms, max = 8.24ms, min = 0.00ms, total = 10.02ms


[2026-06-04 23:02:10,536 I 512 512] (gcs_server) gcs_server.cc:922: Gcs Debug state:

GcsNodeManager: 
- RegisterNode request count: 1
- DrainNode request count: 0
- GetAllNodeInfo request count: 3

GcsActorManager: 
- RegisterActor request count: 0
- CreateActor request count: 0
- GetActorInfo request count: 0
- GetNamedActorInfo request count: 0
- GetAllActorInfo request count: 0
- KillActor request count: 0
- ListNamedActors request count: 0
- Registered actors count: 0
- Destroyed actors count: 0
- Named actors count: 0
- Unresolved actors count: 0
- Pending actors count: 0
- Created actors count: 0
- owners_: 0
- actor_to_register_callbacks_: 0
- actor_to_restart_for_lineage_reconstruction_callbacks_: 0
- actor_to_create_callbacks_: 0
- sorted_destroyed_actor_list_: 0

GcsResourceManager: 
- GetAllAvailableResources request count: 0
- GetAllTotalResources request count: 0
- GetAllResourceUsage request count: 406

GcsPlacementGroupManager: 
- CreatePlacementGroup request count: 0
- RemovePlacementGroup request count: 0
- GetPlacementGroup request count: 0
- GetAllPlacementGroup request count: 0
- WaitPlacementGroupUntilReady request count: 0
- GetNamedPlacementGroup request count: 0
- Scheduling pending placement group count: 0
- Registered placement groups count: 0
- Named placement group count: 0
- Pending placement groups count: 0
- Infeasible placement groups count: 0

Publisher:
GCS_NODE_INFO_CHANNEL
- cumulative published messages: 1
- cumulative published bytes: 499
- current buffered bytes: 0
GCS_NODE_ADDRESS_AND_LIVENESS_CHANNEL
- cumulative published messages: 1
- cumulative published bytes: 92
- current buffered bytes: 0
RAY_LOG_CHANNEL
- cumulative published messages: 457
- cumulative published bytes: 391554
- current buffered bytes: 0

[runtime env manager] ID to URIs table:
[runtime env manager] URIs reference table:

GcsTaskManager: 
-Total num task events reported: 0
-Total num status task events dropped: 0
-Total num profile events dropped: 0
-Current num of task events stored: 0
-Total num of actor creation tasks: 0
-Total num of actor tasks: 0
-Total num of normal tasks: 0
-Total num of driver tasks: 0

GcsAutoscalerStateManager: 
- last_seen_autoscaler_state_version_: 0
- last_cluster_resource_state_version_: 406
- pending demands:



[2026-06-04 23:02:10,536 I 512 512] (gcs_server) gcs_server.cc:936: Main service Event stats:


Global stats: 17414 total (5 active)
Queueing time: mean = 2.29ms, max = 1522.53ms, min = 0.00ms, total = 39941.90ms
Execution time:  mean = 1.10ms, total = 19093.54ms
Event stats:
	GcsInMemoryStore.Put - 3274 total (0 active), Execution time: mean = 0.47ms, total = 1532.19ms, Queueing time: mean = 0.53ms, max = 1521.87ms, min = 0.00ms, total = 1745.00ms
	RayletLoadPulled - 2039 total (1 active), Execution time: mean = 0.23ms, total = 459.24ms, Queueing time: mean = 0.64ms, max = 297.72ms, min = 0.01ms, total = 1308.09ms
	NodeManagerService.grpc_client.GetResourceLoad.OnReplyReceived - 2025 total (0 active), Execution time: mean = 0.05ms, total = 93.52ms, Queueing time: mean = 0.31ms, max = 96.21ms, min = 0.01ms, total = 635.47ms
	NodeManagerService.grpc_client.GetResourceLoad - 2025 total (0 active), Execution time: mean = 6.40ms, total = 12950.43ms, Queueing time: mean = 0.00ms, max = -0.00ms, min = 9223372036854.78ms, total = 0.00ms
	InternalKVGcsService.grpc_server.InternalKVPut.HandleRequestImpl - 822 total (0 active), Execution time: mean = 0.05ms, total = 39.55ms, Queueing time: mean = 0.48ms, max = 96.13ms, min = 0.01ms, total = 397.74ms
	InternalKVGcsService.grpc_server.InternalKVPut - 822 total (0 active), Execution time: mean = 1.14ms, total = 933.42ms, Queueing time: mean = 0.00ms, max = -0.00ms, min = 9223372036854.78ms, total = 0.00ms
	ClusterResourceManager.ResetRemoteNodeView - 680 total (1 active), Execution time: mean = 0.01ms, total = 5.99ms, Queueing time: mean = 0.28ms, max = 95.89ms, min = 0.01ms, total = 191.09ms
	HealthCheck - 674 total (0 active), Execution time: mean = 0.00ms, total = 2.69ms, Queueing time: mean = 0.32ms, max = 96.16ms, min = 0.01ms, total = 214.05ms
	GcsInMemoryStore.Get - 522 total (0 active), Execution time: mean = 0.01ms, total = 6.50ms, Queueing time: mean = 0.01ms, max = 0.11ms, min = 0.01ms, total = 7.32ms
	InternalKVGcsService.grpc_server.InternalKVGet.HandleRequestImpl - 521 total (0 active), Execution time: mean = 0.09ms, total = 44.84ms, Queueing time: mean = 0.21ms, max = 95.88ms, min = 0.01ms, total = 106.81ms
	InternalKVGcsService.grpc_server.InternalKVGet - 521 total (0 active), Execution time: mean = 0.94ms, total = 490.60ms, Queueing time: mean = 0.00ms, max = -0.00ms, min = 9223372036854.78ms, total = 0.00ms
	NodeInfoGcsService.grpc_server.CheckAlive - 439 total (0 active), Execution time: mean = 0.61ms, total = 265.70ms, Queueing time: mean = 0.00ms, max = -0.00ms, min = 9223372036854.78ms, total = 0.00ms
	NodeInfoGcsService.grpc_server.CheckAlive.HandleRequestImpl - 439 total (0 active), Execution time: mean = 0.02ms, total = 8.83ms, Queueing time: mean = 0.03ms, max = 0.50ms, min = 0.01ms, total = 13.28ms
	GCSServer.deadline_timer.metrics_report - 408 total (1 active), Execution time: mean = 0.21ms, total = 86.85ms, Queueing time: mean = 0.43ms, max = 95.50ms, min = 0.01ms, total = 174.40ms
	AutoscalerStateService.grpc_server.GetClusterResourceState - 406 total (0 active), Execution time: mean = 0.34ms, total = 137.28ms, Queueing time: mean = 0.00ms, max = -0.00ms, min = 9223372036854.78ms, total = 0.00ms
	AutoscalerStateService.grpc_server.GetClusterResourceState.HandleRequestImpl - 406 total (0 active), Execution time: mean = 0.03ms, total = 14.19ms, Queueing time: mean = 0.02ms, max = 0.70ms, min = 0.01ms, total = 7.87ms
	NodeResourceInfoGcsService.grpc_server.GetAllResourceUsage.HandleRequestImpl - 406 total (0 active), Execution time: mean = 0.06ms, total = 24.86ms, Queueing time: mean = 0.04ms, max = 1.38ms, min = 0.01ms, total = 14.75ms
	NodeResourceInfoGcsService.grpc_server.GetAllResourceUsage - 406 total (0 active), Execution time: mean = 0.70ms, total = 282.73ms, Queueing time: mean = 0.00ms, max = -0.00ms, min = 9223372036854.78ms, total = 0.00ms
	event_loop_lag_probe - 206 total (0 active), Execution time: mean = 0.01ms, total = 2.51ms, Queueing time: mean = 0.08ms, max = 14.25ms, min = 0.00ms, total = 16.08ms
	GCSServer.deadline_timer.gcs_global_gc - 204 total (1 active), Execution time: mean = 0.01ms, total = 1.47ms, Queueing time: mean = 0.55ms, max = 66.72ms, min = 0.01ms, total = 112.29ms
	GCSServer.deadline_timer.debug_state_event_stats_print - 34 total (1 active, 1 running), Execution time: mean = 1.33ms, total = 45.23ms, Queueing time: mean = 2.00ms, max = 67.10ms, min = 0.02ms, total = 67.96ms
	ReporterService.grpc_client.HealthCheck.OnReplyReceived - 31 total (0 active), Execution time: mean = 0.16ms, total = 5.10ms, Queueing time: mean = 52.09ms, max = 1517.54ms, min = 0.02ms, total = 1614.71ms
	ReporterService.grpc_client.HealthCheck - 31 total (0 active), Execution time: mean = 3.62ms, total = 112.34ms, Queueing time: mean = 0.00ms, max = -0.00ms, min = 9223372036854.78ms, total = 0.00ms
	MetricsAgentClient.WaitForServerReadyWithRetry - 30 total (0 active), Execution time: mean = 0.27ms, total = 8.13ms, Queueing time: mean = 1008.67ms, max = 1097.53ms, min = 1000.02ms, total = 30260.04ms
	GcsInMemoryStore.GetAll - 6 total (0 active), Execution time: mean = 0.01ms, total = 0.06ms, Queueing time: mean = 0.06ms, max = 0.07ms, min = 0.01ms, total = 0.34ms
	PeriodicalRunner.RunFnPeriodically - 5 total (0 active), Execution time: mean = 0.11ms, total = 0.54ms, Queueing time: mean = 610.50ms, max = 1522.53ms, min = 2.26ms, total = 3052.48ms
	NodeInfoGcsService.grpc_server.GetClusterId - 4 total (0 active), Execution time: mean = 2.91ms, total = 11.62ms, Queueing time: mean = 0.00ms, max = -0.00ms, min = 9223372036854.78ms, total = 0.00ms
	NodeInfoGcsService.grpc_server.GetClusterId.HandleRequestImpl - 4 total (0 active), Execution time: mean = 0.54ms, total = 2.15ms, Queueing time: mean = 0.45ms, max = 1.73ms, min = 0.02ms, total = 1.81ms
	NodeInfoGcsService.grpc_server.GetAllNodeInfo.HandleRequestImpl - 2 total (0 active), Execution time: mean = 0.04ms, total = 0.08ms, Queueing time: mean = 0.02ms, max = 0.03ms, min = 0.01ms, total = 0.04ms
	NodeInfoGcsService.grpc_server.GetAllNodeInfo - 2 total (0 active), Execution time: mean = 0.36ms, total = 0.71ms, Queueing time: mean = 0.00ms, max = -0.00ms, min = 9223372036854.78ms, total = 0.00ms
	GcsInMemoryStore.Delete - 1 total (0 active), Execution time: mean = 0.01ms, total = 0.01ms, Queueing time: mean = 0.01ms, max = 0.01ms, min = 0.01ms, total = 0.01ms
	NodeManager.AddNodeCallback - 1 total (0 active), Execution time: mean = 0.45ms, total = 0.45ms, Queueing time: mean = 0.13ms, max = 0.13ms, min = 0.13ms, total = 0.13ms
	InternalKVGcsService.grpc_server.InternalKVDel - 1 total (0 active), Execution time: mean = 0.45ms, total = 0.45ms, Queueing time: mean = 0.00ms, max = -0.00ms, min = 9223372036854.78ms, total = 0.00ms
	JobInfoGcsService.grpc_server.GetAllJobInfo - 1 total (0 active), Execution time: mean = 0.35ms, total = 0.35ms, Queueing time: mean = 0.00ms, max = -0.00ms, min = 9223372036854.78ms, total = 0.00ms
	JobInfoGcsService.grpc_server.GetNextJobID.HandleRequestImpl - 1 total (0 active), Execution time: mean = 0.02ms, total = 0.02ms, Queueing time: mean = 0.02ms, max = 0.02ms, min = 0.02ms, total = 0.02ms
	JobInfoGcsService.grpc_server.GetNextJobID - 1 total (0 active), Execution time: mean = 0.35ms, total = 0.35ms, Queueing time: mean = 0.00ms, max = -0.00ms, min = 9223372036854.78ms, total = 0.00ms
	GcsHealthCheckManager::AddNode - 1 total (0 active), Execution time: mean = 0.02ms, total = 0.02ms, Queueing time: mean = 0.00ms, max = 0.00ms, min = 0.00ms, total = 0.00ms
	NodeInfoGcsService.grpc_server.GetAllNodeAddressAndLiveness - 1 total (0 active), Execution time: mean = 0.37ms, total = 0.37ms, Queueing time: mean = 0.00ms, max = -0.00ms, min = 9223372036854.78ms, total = 0.00ms
	JobInfoGcsService.grpc_server.GetAllJobInfo.HandleRequestImpl - 1 total (0 active), Execution time: mean = 0.04ms, total = 0.04ms, Queueing time: mean = 0.02ms, max = 0.02ms, min = 0.02ms, total = 0.02ms
	GcsResourceManager::Update - 1 total (0 active), Execution time: mean = 0.08ms, total = 0.08ms, Queueing time: mean = 0.01ms, max = 0.01ms, min = 0.01ms, total = 0.01ms
	NodeInfoGcsService.grpc_server.RegisterNode.HandleRequestImpl - 1 total (0 active), Execution time: mean = 0.23ms, total = 0.23ms, Queueing time: mean = 0.02ms, max = 0.02ms, min = 0.02ms, total = 0.02ms
	InternalKVGcsService.grpc_server.InternalKVDel.HandleRequestImpl - 1 total (0 active), Execution time: mean = 0.06ms, total = 0.06ms, Queueing time: mean = 0.01ms, max = 0.01ms, min = 0.01ms, total = 0.01ms
	InternalKVGcsService.grpc_server.GetInternalConfig.HandleRequestImpl - 1 total (0 active), Execution time: mean = 0.10ms, total = 0.10ms, Queueing time: mean = 0.02ms, max = 0.02ms, min = 0.02ms, total = 0.02ms
	NodeInfoGcsService.grpc_server.GetAllNodeAddressAndLiveness.HandleRequestImpl - 1 total (0 active), Execution time: mean = 0.01ms, total = 0.01ms, Queueing time: mean = 0.01ms, max = 0.01ms, min = 0.01ms, total = 0.01ms
	GcsHealthCheckManager::MarkNodeHealthy - 1 total (0 active), Execution time: mean = 0.00ms, total = 0.00ms, Queueing time: mean = 0.01ms, max = 0.01ms, min = 0.01ms, total = 0.01ms
	GcsInitData::AsyncLoad - 1 total (0 active), Execution time: mean = 0.01ms, total = 0.01ms, Queueing time: mean = 0.00ms, max = 0.00ms, min = 0.00ms, total = 0.00ms
	InternalKVGcsService.grpc_server.GetInternalConfig - 1 total (0 active), Execution time: mean = 0.65ms, total = 0.65ms, Queueing time: mean = 0.00ms, max = -0.00ms, min = 9223372036854.78ms, total = 0.00ms
	GcsInMemoryStore.GetNextJobID - 1 total (0 active), Execution time: mean = 0.01ms, total = 0.01ms, Queueing time: mean = 0.01ms, max = 0.01ms, min = 0.01ms, total = 0.01ms
	NodeInfoGcsService.grpc_server.RegisterNode - 1 total (0 active), Execution time: mean = 0.64ms, total = 0.64ms, Queueing time: mean = 0.00ms, max = -0.00ms, min = 9223372036854.78ms, total = 0.00ms
	GcsServer.GetOrGenerateClusterId.continuation - 1 total (0 active), Execution time: mean = 1520.34ms, total = 1520.34ms, Queueing time: mean = 0.00ms, max = 0.00ms, min = 0.00ms, total = 0.00ms


[2026-06-04 23:02:10,537 I 512 512] (gcs_server) gcs_server.cc:940: task_io_context Event stats:


Global stats: 616 total (1 active)
Queueing time: mean = 0.18ms, max = 89.27ms, min = -0.00ms, total = 110.37ms
Execution time:  mean = 0.01ms, total = 7.24ms
Event stats:
	GcsTaskManager.GcJobSummary - 409 total (1 active), Execution time: mean = 0.01ms, total = 3.93ms, Queueing time: mean = 0.26ms, max = 89.27ms, min = -0.00ms, total = 107.65ms
	event_loop_lag_probe - 206 total (0 active), Execution time: mean = 0.02ms, total = 3.29ms, Queueing time: mean = 0.01ms, max = 0.50ms, min = 0.00ms, total = 2.70ms
	PeriodicalRunner.RunFnPeriodically - 1 total (0 active), Execution time: mean = 0.02ms, total = 0.02ms, Queueing time: mean = 0.02ms, max = 0.02ms, min = 0.02ms, total = 0.02ms


[2026-06-04 23:02:10,537 I 512 512] (gcs_server) gcs_server.cc:940: pubsub_io_context Event stats:


Global stats: 1140 total (2 active)
Queueing time: mean = 0.29ms, max = 95.93ms, min = 0.00ms, total = 328.47ms
Execution time:  mean = 1566.38ms, total = 1785678.30ms
Event stats:
	InternalPubSubGcsService.grpc_server.GcsPublish - 457 total (0 active), Execution time: mean = 1.89ms, total = 862.87ms, Queueing time: mean = 0.00ms, max = -0.00ms, min = 9223372036854.78ms, total = 0.00ms
	InternalPubSubGcsService.grpc_server.GcsPublish.HandleRequestImpl - 457 total (0 active), Execution time: mean = 0.11ms, total = 51.27ms, Queueing time: mean = 0.66ms, max = 95.93ms, min = 0.01ms, total = 303.34ms
	event_loop_lag_probe - 206 total (0 active), Execution time: mean = 0.02ms, total = 3.49ms, Queueing time: mean = 0.08ms, max = 15.11ms, min = 0.00ms, total = 17.14ms
	Publisher.CheckDeadSubscribers - 7 total (1 active), Execution time: mean = 0.02ms, total = 0.11ms, Queueing time: mean = 0.04ms, max = 0.06ms, min = 0.03ms, total = 0.25ms
	InternalPubSubGcsService.grpc_server.GcsSubscriberPoll - 4 total (1 active), Execution time: mean = 446189.82ms, total = 1784759.26ms, Queueing time: mean = 0.00ms, max = -0.00ms, min = 9223372036854.78ms, total = 0.00ms
	InternalPubSubGcsService.grpc_server.GcsSubscriberPoll.HandleRequestImpl - 4 total (0 active), Execution time: mean = 0.07ms, total = 0.29ms, Queueing time: mean = 0.06ms, max = 0.19ms, min = 0.02ms, total = 0.26ms
	InternalPubSubGcsService.grpc_server.GcsSubscriberCommandBatch - 2 total (0 active), Execution time: mean = 0.37ms, total = 0.74ms, Queueing time: mean = 0.00ms, max = -0.00ms, min = 9223372036854.78ms, total = 0.00ms
	InternalPubSubGcsService.grpc_server.GcsSubscriberCommandBatch.HandleRequestImpl - 2 total (0 active), Execution time: mean = 0.10ms, total = 0.21ms, Queueing time: mean = 0.02ms, max = 0.03ms, min = 0.01ms, total = 0.04ms
	PeriodicalRunner.RunFnPeriodically - 1 total (0 active), Execution time: mean = 0.06ms, total = 0.06ms, Queueing time: mean = 7.44ms, max = 7.44ms, min = 7.44ms, total = 7.44ms


[2026-06-04 23:02:10,537 I 512 512] (gcs_server) gcs_server.cc:940: ray_syncer_io_context Event stats:


Global stats: 210 total (0 active)
Queueing time: mean = 0.01ms, max = 0.61ms, min = 0.00ms, total = 2.86ms
Execution time:  mean = 0.02ms, total = 4.01ms
Event stats:
	event_loop_lag_probe - 206 total (0 active), Execution time: mean = 0.02ms, total = 3.83ms, Queueing time: mean = 0.01ms, max = 0.61ms, min = 0.00ms, total = 2.77ms
	RaySyncerRegister - 2 total (0 active), Execution time: mean = 0.00ms, total = 0.00ms, Queueing time: mean = 0.04ms, max = 0.06ms, min = 0.01ms, total = 0.08ms
	RaySyncer.BroadcastMessage - 1 total (0 active), Execution time: mean = 0.02ms, total = 0.02ms, Queueing time: mean = 0.00ms, max = 0.00ms, min = 0.00ms, total = 0.00ms
	 - 1 total (0 active), Execution time: mean = 0.16ms, total = 0.16ms, Queueing time: mean = 0.02ms, max = 0.02ms, min = 0.02ms, total = 0.02ms


[2026-06-04 23:02:10,537 I 512 512] (gcs_server) gcs_server.cc:940: ray_event_io_context Event stats:


Global stats: 206 total (0 active)
Queueing time: mean = 0.05ms, max = 8.24ms, min = 0.00ms, total = 10.08ms
Execution time:  mean = 0.02ms, total = 3.42ms
Event stats:
	event_loop_lag_probe - 206 total (0 active), Execution time: mean = 0.02ms, total = 3.42ms, Queueing time: mean = 0.05ms, max = 8.24ms, min = 0.00ms, total = 10.08ms


[2026-06-04 23:03:10,537 I 512 512] (gcs_server) gcs_server.cc:922: Gcs Debug state:

GcsNodeManager: 
- RegisterNode request count: 1
- DrainNode request count: 0
- GetAllNodeInfo request count: 3

GcsActorManager: 
- RegisterActor request count: 0
- CreateActor request count: 0
- GetActorInfo request count: 0
- GetNamedActorInfo request count: 0
- GetAllActorInfo request count: 0
- KillActor request count: 0
- ListNamedActors request count: 0
- Registered actors count: 0
- Destroyed actors count: 0
- Named actors count: 0
- Unresolved actors count: 0
- Pending actors count: 0
- Created actors count: 0
- owners_: 0
- actor_to_register_callbacks_: 0
- actor_to_restart_for_lineage_reconstruction_callbacks_: 0
- actor_to_create_callbacks_: 0
- sorted_destroyed_actor_list_: 0

GcsResourceManager: 
- GetAllAvailableResources request count: 0
- GetAllTotalResources request count: 0
- GetAllResourceUsage request count: 418

GcsPlacementGroupManager: 
- CreatePlacementGroup request count: 0
- RemovePlacementGroup request count: 0
- GetPlacementGroup request count: 0
- GetAllPlacementGroup request count: 0
- WaitPlacementGroupUntilReady request count: 0
- GetNamedPlacementGroup request count: 0
- Scheduling pending placement group count: 0
- Registered placement groups count: 0
- Named placement group count: 0
- Pending placement groups count: 0
- Infeasible placement groups count: 0

Publisher:
GCS_NODE_INFO_CHANNEL
- cumulative published messages: 1
- cumulative published bytes: 499
- current buffered bytes: 0
GCS_NODE_ADDRESS_AND_LIVENESS_CHANNEL
- cumulative published messages: 1
- cumulative published bytes: 92
- current buffered bytes: 0
RAY_LOG_CHANNEL
- cumulative published messages: 469
- cumulative published bytes: 401838
- current buffered bytes: 0

[runtime env manager] ID to URIs table:
[runtime env manager] URIs reference table:

GcsTaskManager: 
-Total num task events reported: 0
-Total num status task events dropped: 0
-Total num profile events dropped: 0
-Current num of task events stored: 0
-Total num of actor creation tasks: 0
-Total num of actor tasks: 0
-Total num of normal tasks: 0
-Total num of driver tasks: 0

GcsAutoscalerStateManager: 
- last_seen_autoscaler_state_version_: 0
- last_cluster_resource_state_version_: 418
- pending demands:



[2026-06-04 23:03:10,538 I 512 512] (gcs_server) gcs_server.cc:936: Main service Event stats:


Global stats: 17913 total (5 active)
Queueing time: mean = 2.23ms, max = 1522.53ms, min = 0.00ms, total = 39958.07ms
Execution time:  mean = 1.07ms, total = 19230.40ms
Event stats:
	GcsInMemoryStore.Put - 3370 total (0 active), Execution time: mean = 0.45ms, total = 1532.55ms, Queueing time: mean = 0.52ms, max = 1521.87ms, min = 0.00ms, total = 1751.79ms
	RayletLoadPulled - 2099 total (1 active), Execution time: mean = 0.23ms, total = 474.73ms, Queueing time: mean = 0.62ms, max = 297.72ms, min = 0.01ms, total = 1310.30ms
	NodeManagerService.grpc_client.GetResourceLoad.OnReplyReceived - 2085 total (0 active), Execution time: mean = 0.05ms, total = 96.76ms, Queueing time: mean = 0.31ms, max = 96.21ms, min = 0.01ms, total = 637.42ms
	NodeManagerService.grpc_client.GetResourceLoad - 2085 total (0 active), Execution time: mean = 6.25ms, total = 13026.89ms, Queueing time: mean = 0.00ms, max = -0.00ms, min = 9223372036854.78ms, total = 0.00ms
	InternalKVGcsService.grpc_server.InternalKVPut.HandleRequestImpl - 846 total (0 active), Execution time: mean = 0.05ms, total = 40.86ms, Queueing time: mean = 0.47ms, max = 96.13ms, min = 0.01ms, total = 398.15ms
	InternalKVGcsService.grpc_server.InternalKVPut - 846 total (0 active), Execution time: mean = 1.11ms, total = 942.50ms, Queueing time: mean = 0.00ms, max = -0.00ms, min = 9223372036854.78ms, total = 0.00ms
	ClusterResourceManager.ResetRemoteNodeView - 700 total (1 active), Execution time: mean = 0.01ms, total = 6.18ms, Queueing time: mean = 0.27ms, max = 95.89ms, min = 0.01ms, total = 191.76ms
	HealthCheck - 694 total (0 active), Execution time: mean = 0.00ms, total = 2.77ms, Queueing time: mean = 0.31ms, max = 96.16ms, min = 0.01ms, total = 214.56ms
	GcsInMemoryStore.Get - 534 total (0 active), Execution time: mean = 0.01ms, total = 6.69ms, Queueing time: mean = 0.01ms, max = 0.11ms, min = 0.01ms, total = 7.53ms
	InternalKVGcsService.grpc_server.InternalKVGet.HandleRequestImpl - 533 total (0 active), Execution time: mean = 0.09ms, total = 46.15ms, Queueing time: mean = 0.20ms, max = 95.88ms, min = 0.01ms, total = 107.05ms
	InternalKVGcsService.grpc_server.InternalKVGet - 533 total (0 active), Execution time: mean = 0.93ms, total = 495.83ms, Queueing time: mean = 0.00ms, max = -0.00ms, min = 9223372036854.78ms, total = 0.00ms
	NodeInfoGcsService.grpc_server.CheckAlive - 452 total (0 active), Execution time: mean = 0.60ms, total = 272.87ms, Queueing time: mean = 0.00ms, max = -0.00ms, min = 9223372036854.78ms, total = 0.00ms
	NodeInfoGcsService.grpc_server.CheckAlive.HandleRequestImpl - 452 total (0 active), Execution time: mean = 0.02ms, total = 9.30ms, Queueing time: mean = 0.03ms, max = 0.50ms, min = 0.01ms, total = 13.95ms
	GCSServer.deadline_timer.metrics_report - 420 total (1 active), Execution time: mean = 0.21ms, total = 89.68ms, Queueing time: mean = 0.42ms, max = 95.50ms, min = 0.01ms, total = 174.71ms
	AutoscalerStateService.grpc_server.GetClusterResourceState - 418 total (0 active), Execution time: mean = 0.34ms, total = 141.89ms, Queueing time: mean = 0.00ms, max = -0.00ms, min = 9223372036854.78ms, total = 0.00ms
	AutoscalerStateService.grpc_server.GetClusterResourceState.HandleRequestImpl - 418 total (0 active), Execution time: mean = 0.03ms, total = 14.59ms, Queueing time: mean = 0.02ms, max = 0.70ms, min = 0.01ms, total = 8.08ms
	NodeResourceInfoGcsService.grpc_server.GetAllResourceUsage.HandleRequestImpl - 418 total (0 active), Execution time: mean = 0.06ms, total = 25.57ms, Queueing time: mean = 0.04ms, max = 1.38ms, min = 0.01ms, total = 15.09ms
	NodeResourceInfoGcsService.grpc_server.GetAllResourceUsage - 418 total (0 active), Execution time: mean = 0.69ms, total = 288.78ms, Queueing time: mean = 0.00ms, max = -0.00ms, min = 9223372036854.78ms, total = 0.00ms
	event_loop_lag_probe - 212 total (0 active), Execution time: mean = 0.01ms, total = 2.61ms, Queueing time: mean = 0.08ms, max = 14.25ms, min = 0.00ms, total = 16.14ms
	GCSServer.deadline_timer.gcs_global_gc - 210 total (1 active), Execution time: mean = 0.01ms, total = 1.52ms, Queueing time: mean = 0.54ms, max = 66.72ms, min = 0.01ms, total = 113.84ms
	GCSServer.deadline_timer.debug_state_event_stats_print - 35 total (1 active, 1 running), Execution time: mean = 1.34ms, total = 46.74ms, Queueing time: mean = 1.94ms, max = 67.10ms, min = 0.02ms, total = 67.99ms
	ReporterService.grpc_client.HealthCheck.OnReplyReceived - 31 total (0 active), Execution time: mean = 0.16ms, total = 5.10ms, Queueing time: mean = 52.09ms, max = 1517.54ms, min = 0.02ms, total = 1614.71ms
	ReporterService.grpc_client.HealthCheck - 31 total (0 active), Execution time: mean = 3.62ms, total = 112.34ms, Queueing time: mean = 0.00ms, max = -0.00ms, min = 9223372036854.78ms, total = 0.00ms
	MetricsAgentClient.WaitForServerReadyWithRetry - 30 total (0 active), Execution time: mean = 0.27ms, total = 8.13ms, Queueing time: mean = 1008.67ms, max = 1097.53ms, min = 1000.02ms, total = 30260.04ms
	GcsInMemoryStore.GetAll - 6 total (0 active), Execution time: mean = 0.01ms, total = 0.06ms, Queueing time: mean = 0.06ms, max = 0.07ms, min = 0.01ms, total = 0.34ms
	PeriodicalRunner.RunFnPeriodically - 5 total (0 active), Execution time: mean = 0.11ms, total = 0.54ms, Queueing time: mean = 610.50ms, max = 1522.53ms, min = 2.26ms, total = 3052.48ms
	NodeInfoGcsService.grpc_server.GetClusterId - 4 total (0 active), Execution time: mean = 2.91ms, total = 11.62ms, Queueing time: mean = 0.00ms, max = -0.00ms, min = 9223372036854.78ms, total = 0.00ms
	NodeInfoGcsService.grpc_server.GetClusterId.HandleRequestImpl - 4 total (0 active), Execution time: mean = 0.54ms, total = 2.15ms, Queueing time: mean = 0.45ms, max = 1.73ms, min = 0.02ms, total = 1.81ms
	NodeInfoGcsService.grpc_server.GetAllNodeInfo.HandleRequestImpl - 2 total (0 active), Execution time: mean = 0.04ms, total = 0.08ms, Queueing time: mean = 0.02ms, max = 0.03ms, min = 0.01ms, total = 0.04ms
	NodeInfoGcsService.grpc_server.GetAllNodeInfo - 2 total (0 active), Execution time: mean = 0.36ms, total = 0.71ms, Queueing time: mean = 0.00ms, max = -0.00ms, min = 9223372036854.78ms, total = 0.00ms
	GcsInMemoryStore.Delete - 1 total (0 active), Execution time: mean = 0.01ms, total = 0.01ms, Queueing time: mean = 0.01ms, max = 0.01ms, min = 0.01ms, total = 0.01ms
	NodeManager.AddNodeCallback - 1 total (0 active), Execution time: mean = 0.45ms, total = 0.45ms, Queueing time: mean = 0.13ms, max = 0.13ms, min = 0.13ms, total = 0.13ms
	InternalKVGcsService.grpc_server.InternalKVDel - 1 total (0 active), Execution time: mean = 0.45ms, total = 0.45ms, Queueing time: mean = 0.00ms, max = -0.00ms, min = 9223372036854.78ms, total = 0.00ms
	JobInfoGcsService.grpc_server.GetAllJobInfo - 1 total (0 active), Execution time: mean = 0.35ms, total = 0.35ms, Queueing time: mean = 0.00ms, max = -0.00ms, min = 9223372036854.78ms, total = 0.00ms
	JobInfoGcsService.grpc_server.GetNextJobID.HandleRequestImpl - 1 total (0 active), Execution time: mean = 0.02ms, total = 0.02ms, Queueing time: mean = 0.02ms, max = 0.02ms, min = 0.02ms, total = 0.02ms
	JobInfoGcsService.grpc_server.GetNextJobID - 1 total (0 active), Execution time: mean = 0.35ms, total = 0.35ms, Queueing time: mean = 0.00ms, max = -0.00ms, min = 9223372036854.78ms, total = 0.00ms
	GcsHealthCheckManager::AddNode - 1 total (0 active), Execution time: mean = 0.02ms, total = 0.02ms, Queueing time: mean = 0.00ms, max = 0.00ms, min = 0.00ms, total = 0.00ms
	NodeInfoGcsService.grpc_server.GetAllNodeAddressAndLiveness - 1 total (0 active), Execution time: mean = 0.37ms, total = 0.37ms, Queueing time: mean = 0.00ms, max = -0.00ms, min = 9223372036854.78ms, total = 0.00ms
	JobInfoGcsService.grpc_server.GetAllJobInfo.HandleRequestImpl - 1 total (0 active), Execution time: mean = 0.04ms, total = 0.04ms, Queueing time: mean = 0.02ms, max = 0.02ms, min = 0.02ms, total = 0.02ms
	GcsResourceManager::Update - 1 total (0 active), Execution time: mean = 0.08ms, total = 0.08ms, Queueing time: mean = 0.01ms, max = 0.01ms, min = 0.01ms, total = 0.01ms
	NodeInfoGcsService.grpc_server.RegisterNode.HandleRequestImpl - 1 total (0 active), Execution time: mean = 0.23ms, total = 0.23ms, Queueing time: mean = 0.02ms, max = 0.02ms, min = 0.02ms, total = 0.02ms
	InternalKVGcsService.grpc_server.InternalKVDel.HandleRequestImpl - 1 total (0 active), Execution time: mean = 0.06ms, total = 0.06ms, Queueing time: mean = 0.01ms, max = 0.01ms, min = 0.01ms, total = 0.01ms
	InternalKVGcsService.grpc_server.GetInternalConfig.HandleRequestImpl - 1 total (0 active), Execution time: mean = 0.10ms, total = 0.10ms, Queueing time: mean = 0.02ms, max = 0.02ms, min = 0.02ms, total = 0.02ms
	NodeInfoGcsService.grpc_server.GetAllNodeAddressAndLiveness.HandleRequestImpl - 1 total (0 active), Execution time: mean = 0.01ms, total = 0.01ms, Queueing time: mean = 0.01ms, max = 0.01ms, min = 0.01ms, total = 0.01ms
	GcsHealthCheckManager::MarkNodeHealthy - 1 total (0 active), Execution time: mean = 0.00ms, total = 0.00ms, Queueing time: mean = 0.01ms, max = 0.01ms, min = 0.01ms, total = 0.01ms
	GcsInitData::AsyncLoad - 1 total (0 active), Execution time: mean = 0.01ms, total = 0.01ms, Queueing time: mean = 0.00ms, max = 0.00ms, min = 0.00ms, total = 0.00ms
	InternalKVGcsService.grpc_server.GetInternalConfig - 1 total (0 active), Execution time: mean = 0.65ms, total = 0.65ms, Queueing time: mean = 0.00ms, max = -0.00ms, min = 9223372036854.78ms, total = 0.00ms
	GcsInMemoryStore.GetNextJobID - 1 total (0 active), Execution time: mean = 0.01ms, total = 0.01ms, Queueing time: mean = 0.01ms, max = 0.01ms, min = 0.01ms, total = 0.01ms
	NodeInfoGcsService.grpc_server.RegisterNode - 1 total (0 active), Execution time: mean = 0.64ms, total = 0.64ms, Queueing time: mean = 0.00ms, max = -0.00ms, min = 9223372036854.78ms, total = 0.00ms
	GcsServer.GetOrGenerateClusterId.continuation - 1 total (0 active), Execution time: mean = 1520.34ms, total = 1520.34ms, Queueing time: mean = 0.00ms, max = 0.00ms, min = 0.00ms, total = 0.00ms


[2026-06-04 23:03:10,538 I 512 512] (gcs_server) gcs_server.cc:940: task_io_context Event stats:


Global stats: 634 total (1 active)
Queueing time: mean = 0.18ms, max = 89.27ms, min = -0.00ms, total = 111.02ms
Execution time:  mean = 0.01ms, total = 7.45ms
Event stats:
	GcsTaskManager.GcJobSummary - 421 total (1 active), Execution time: mean = 0.01ms, total = 4.05ms, Queueing time: mean = 0.26ms, max = 89.27ms, min = -0.00ms, total = 108.24ms
	event_loop_lag_probe - 212 total (0 active), Execution time: mean = 0.02ms, total = 3.38ms, Queueing time: mean = 0.01ms, max = 0.50ms, min = 0.00ms, total = 2.77ms
	PeriodicalRunner.RunFnPeriodically - 1 total (0 active), Execution time: mean = 0.02ms, total = 0.02ms, Queueing time: mean = 0.02ms, max = 0.02ms, min = 0.02ms, total = 0.02ms


[2026-06-04 23:03:10,538 I 512 512] (gcs_server) gcs_server.cc:940: pubsub_io_context Event stats:


Global stats: 1171 total (2 active)
Queueing time: mean = 0.28ms, max = 95.93ms, min = 0.00ms, total = 328.98ms
Execution time:  mean = 1524.92ms, total = 1785685.25ms
Event stats:
	InternalPubSubGcsService.grpc_server.GcsPublish - 469 total (0 active), Execution time: mean = 1.85ms, total = 868.39ms, Queueing time: mean = 0.00ms, max = -0.00ms, min = 9223372036854.78ms, total = 0.00ms
	InternalPubSubGcsService.grpc_server.GcsPublish.HandleRequestImpl - 469 total (0 active), Execution time: mean = 0.11ms, total = 52.58ms, Queueing time: mean = 0.65ms, max = 95.93ms, min = 0.01ms, total = 303.75ms
	event_loop_lag_probe - 212 total (0 active), Execution time: mean = 0.02ms, total = 3.59ms, Queueing time: mean = 0.08ms, max = 15.11ms, min = 0.00ms, total = 17.20ms
	Publisher.CheckDeadSubscribers - 8 total (1 active), Execution time: mean = 0.02ms, total = 0.12ms, Queueing time: mean = 0.04ms, max = 0.06ms, min = 0.03ms, total = 0.28ms
	InternalPubSubGcsService.grpc_server.GcsSubscriberPoll - 4 total (1 active), Execution time: mean = 446189.82ms, total = 1784759.26ms, Queueing time: mean = 0.00ms, max = -0.00ms, min = 9223372036854.78ms, total = 0.00ms
	InternalPubSubGcsService.grpc_server.GcsSubscriberPoll.HandleRequestImpl - 4 total (0 active), Execution time: mean = 0.07ms, total = 0.29ms, Queueing time: mean = 0.06ms, max = 0.19ms, min = 0.02ms, total = 0.26ms
	InternalPubSubGcsService.grpc_server.GcsSubscriberCommandBatch - 2 total (0 active), Execution time: mean = 0.37ms, total = 0.74ms, Queueing time: mean = 0.00ms, max = -0.00ms, min = 9223372036854.78ms, total = 0.00ms
	InternalPubSubGcsService.grpc_server.GcsSubscriberCommandBatch.HandleRequestImpl - 2 total (0 active), Execution time: mean = 0.10ms, total = 0.21ms, Queueing time: mean = 0.02ms, max = 0.03ms, min = 0.01ms, total = 0.04ms
	PeriodicalRunner.RunFnPeriodically - 1 total (0 active), Execution time: mean = 0.06ms, total = 0.06ms, Queueing time: mean = 7.44ms, max = 7.44ms, min = 7.44ms, total = 7.44ms


[2026-06-04 23:03:10,538 I 512 512] (gcs_server) gcs_server.cc:940: ray_syncer_io_context Event stats:


Global stats: 216 total (0 active)
Queueing time: mean = 0.01ms, max = 0.61ms, min = 0.00ms, total = 2.93ms
Execution time:  mean = 0.02ms, total = 4.12ms
Event stats:
	event_loop_lag_probe - 212 total (0 active), Execution time: mean = 0.02ms, total = 3.94ms, Queueing time: mean = 0.01ms, max = 0.61ms, min = 0.00ms, total = 2.83ms
	RaySyncerRegister - 2 total (0 active), Execution time: mean = 0.00ms, total = 0.00ms, Queueing time: mean = 0.04ms, max = 0.06ms, min = 0.01ms, total = 0.08ms
	RaySyncer.BroadcastMessage - 1 total (0 active), Execution time: mean = 0.02ms, total = 0.02ms, Queueing time: mean = 0.00ms, max = 0.00ms, min = 0.00ms, total = 0.00ms
	 - 1 total (0 active), Execution time: mean = 0.16ms, total = 0.16ms, Queueing time: mean = 0.02ms, max = 0.02ms, min = 0.02ms, total = 0.02ms


[2026-06-04 23:03:10,538 I 512 512] (gcs_server) gcs_server.cc:940: ray_event_io_context Event stats:


Global stats: 212 total (0 active)
Queueing time: mean = 0.05ms, max = 8.24ms, min = 0.00ms, total = 10.13ms
Execution time:  mean = 0.02ms, total = 3.51ms
Event stats:
	event_loop_lag_probe - 212 total (0 active), Execution time: mean = 0.02ms, total = 3.51ms, Queueing time: mean = 0.05ms, max = 8.24ms, min = 0.00ms, total = 10.13ms


[2026-06-04 23:04:10,539 I 512 512] (gcs_server) gcs_server.cc:922: Gcs Debug state:

GcsNodeManager: 
- RegisterNode request count: 1
- DrainNode request count: 0
- GetAllNodeInfo request count: 3

GcsActorManager: 
- RegisterActor request count: 0
- CreateActor request count: 0
- GetActorInfo request count: 0
- GetNamedActorInfo request count: 0
- GetAllActorInfo request count: 0
- KillActor request count: 0
- ListNamedActors request count: 0
- Registered actors count: 0
- Destroyed actors count: 0
- Named actors count: 0
- Unresolved actors count: 0
- Pending actors count: 0
- Created actors count: 0
- owners_: 0
- actor_to_register_callbacks_: 0
- actor_to_restart_for_lineage_reconstruction_callbacks_: 0
- actor_to_create_callbacks_: 0
- sorted_destroyed_actor_list_: 0

GcsResourceManager: 
- GetAllAvailableResources request count: 0
- GetAllTotalResources request count: 0
- GetAllResourceUsage request count: 430

GcsPlacementGroupManager: 
- CreatePlacementGroup request count: 0
- RemovePlacementGroup request count: 0
- GetPlacementGroup request count: 0
- GetAllPlacementGroup request count: 0
- WaitPlacementGroupUntilReady request count: 0
- GetNamedPlacementGroup request count: 0
- Scheduling pending placement group count: 0
- Registered placement groups count: 0
- Named placement group count: 0
- Pending placement groups count: 0
- Infeasible placement groups count: 0

Publisher:
GCS_NODE_INFO_CHANNEL
- cumulative published messages: 1
- cumulative published bytes: 499
- current buffered bytes: 0
GCS_NODE_ADDRESS_AND_LIVENESS_CHANNEL
- cumulative published messages: 1
- cumulative published bytes: 92
- current buffered bytes: 0
RAY_LOG_CHANNEL
- cumulative published messages: 481
- cumulative published bytes: 412122
- current buffered bytes: 0

[runtime env manager] ID to URIs table:
[runtime env manager] URIs reference table:

GcsTaskManager: 
-Total num task events reported: 0
-Total num status task events dropped: 0
-Total num profile events dropped: 0
-Current num of task events stored: 0
-Total num of actor creation tasks: 0
-Total num of actor tasks: 0
-Total num of normal tasks: 0
-Total num of driver tasks: 0

GcsAutoscalerStateManager: 
- last_seen_autoscaler_state_version_: 0
- last_cluster_resource_state_version_: 430
- pending demands:



[2026-06-04 23:04:10,539 I 512 512] (gcs_server) gcs_server.cc:936: Main service Event stats:


Global stats: 18412 total (5 active)
Queueing time: mean = 2.17ms, max = 1522.53ms, min = 0.00ms, total = 39973.01ms
Execution time:  mean = 1.05ms, total = 19360.30ms
Event stats:
	GcsInMemoryStore.Put - 3466 total (0 active), Execution time: mean = 0.44ms, total = 1532.88ms, Queueing time: mean = 0.51ms, max = 1521.87ms, min = 0.00ms, total = 1758.12ms
	RayletLoadPulled - 2159 total (1 active), Execution time: mean = 0.23ms, total = 490.10ms, Queueing time: mean = 0.61ms, max = 297.72ms, min = 0.01ms, total = 1312.42ms
	NodeManagerService.grpc_client.GetResourceLoad.OnReplyReceived - 2145 total (0 active), Execution time: mean = 0.05ms, total = 99.92ms, Queueing time: mean = 0.30ms, max = 96.21ms, min = 0.01ms, total = 639.26ms
	NodeManagerService.grpc_client.GetResourceLoad - 2145 total (0 active), Execution time: mean = 6.11ms, total = 13100.48ms, Queueing time: mean = 0.00ms, max = -0.00ms, min = 9223372036854.78ms, total = 0.00ms
	InternalKVGcsService.grpc_server.InternalKVPut.HandleRequestImpl - 870 total (0 active), Execution time: mean = 0.05ms, total = 42.10ms, Queueing time: mean = 0.46ms, max = 96.13ms, min = 0.01ms, total = 398.51ms
	InternalKVGcsService.grpc_server.InternalKVPut - 870 total (0 active), Execution time: mean = 1.09ms, total = 950.32ms, Queueing time: mean = 0.00ms, max = -0.00ms, min = 9223372036854.78ms, total = 0.00ms
	ClusterResourceManager.ResetRemoteNodeView - 720 total (1 active), Execution time: mean = 0.01ms, total = 6.37ms, Queueing time: mean = 0.27ms, max = 95.89ms, min = 0.01ms, total = 192.42ms
	HealthCheck - 714 total (0 active), Execution time: mean = 0.00ms, total = 2.85ms, Queueing time: mean = 0.30ms, max = 96.16ms, min = 0.01ms, total = 215.01ms
	GcsInMemoryStore.Get - 546 total (0 active), Execution time: mean = 0.01ms, total = 6.86ms, Queueing time: mean = 0.01ms, max = 0.11ms, min = 0.01ms, total = 7.73ms
	InternalKVGcsService.grpc_server.InternalKVGet.HandleRequestImpl - 545 total (0 active), Execution time: mean = 0.09ms, total = 47.45ms, Queueing time: mean = 0.20ms, max = 95.88ms, min = 0.01ms, total = 107.24ms
	InternalKVGcsService.grpc_server.InternalKVGet - 545 total (0 active), Execution time: mean = 0.92ms, total = 500.69ms, Queueing time: mean = 0.00ms, max = -0.00ms, min = 9223372036854.78ms, total = 0.00ms
	NodeInfoGcsService.grpc_server.CheckAlive - 465 total (0 active), Execution time: mean = 0.60ms, total = 278.82ms, Queueing time: mean = 0.00ms, max = -0.00ms, min = 9223372036854.78ms, total = 0.00ms
	NodeInfoGcsService.grpc_server.CheckAlive.HandleRequestImpl - 465 total (0 active), Execution time: mean = 0.02ms, total = 9.63ms, Queueing time: mean = 0.03ms, max = 0.50ms, min = 0.01ms, total = 14.40ms
	GCSServer.deadline_timer.metrics_report - 432 total (1 active), Execution time: mean = 0.21ms, total = 92.35ms, Queueing time: mean = 0.41ms, max = 95.50ms, min = 0.01ms, total = 175.03ms
	AutoscalerStateService.grpc_server.GetClusterResourceState - 430 total (0 active), Execution time: mean = 0.34ms, total = 146.16ms, Queueing time: mean = 0.00ms, max = -0.00ms, min = 9223372036854.78ms, total = 0.00ms
	AutoscalerStateService.grpc_server.GetClusterResourceState.HandleRequestImpl - 430 total (0 active), Execution time: mean = 0.03ms, total = 15.01ms, Queueing time: mean = 0.02ms, max = 0.70ms, min = 0.01ms, total = 8.29ms
	NodeResourceInfoGcsService.grpc_server.GetAllResourceUsage.HandleRequestImpl - 430 total (0 active), Execution time: mean = 0.06ms, total = 26.29ms, Queueing time: mean = 0.04ms, max = 1.38ms, min = 0.01ms, total = 15.43ms
	NodeResourceInfoGcsService.grpc_server.GetAllResourceUsage - 430 total (0 active), Execution time: mean = 0.69ms, total = 294.69ms, Queueing time: mean = 0.00ms, max = -0.00ms, min = 9223372036854.78ms, total = 0.00ms
	event_loop_lag_probe - 218 total (0 active), Execution time: mean = 0.01ms, total = 2.68ms, Queueing time: mean = 0.07ms, max = 14.25ms, min = 0.00ms, total = 16.20ms
	GCSServer.deadline_timer.gcs_global_gc - 216 total (1 active), Execution time: mean = 0.01ms, total = 1.57ms, Queueing time: mean = 0.53ms, max = 66.72ms, min = 0.01ms, total = 115.21ms
	GCSServer.deadline_timer.debug_state_event_stats_print - 36 total (1 active, 1 running), Execution time: mean = 1.34ms, total = 48.14ms, Queueing time: mean = 1.89ms, max = 67.10ms, min = 0.02ms, total = 68.02ms
	ReporterService.grpc_client.HealthCheck.OnReplyReceived - 31 total (0 active), Execution time: mean = 0.16ms, total = 5.10ms, Queueing time: mean = 52.09ms, max = 1517.54ms, min = 0.02ms, total = 1614.71ms
	ReporterService.grpc_client.HealthCheck - 31 total (0 active), Execution time: mean = 3.62ms, total = 112.34ms, Queueing time: mean = 0.00ms, max = -0.00ms, min = 9223372036854.78ms, total = 0.00ms
	MetricsAgentClient.WaitForServerReadyWithRetry - 30 total (0 active), Execution time: mean = 0.27ms, total = 8.13ms, Queueing time: mean = 1008.67ms, max = 1097.53ms, min = 1000.02ms, total = 30260.04ms
	GcsInMemoryStore.GetAll - 6 total (0 active), Execution time: mean = 0.01ms, total = 0.06ms, Queueing time: mean = 0.06ms, max = 0.07ms, min = 0.01ms, total = 0.34ms
	PeriodicalRunner.RunFnPeriodically - 5 total (0 active), Execution time: mean = 0.11ms, total = 0.54ms, Queueing time: mean = 610.50ms, max = 1522.53ms, min = 2.26ms, total = 3052.48ms
	NodeInfoGcsService.grpc_server.GetClusterId - 4 total (0 active), Execution time: mean = 2.91ms, total = 11.62ms, Queueing time: mean = 0.00ms, max = -0.00ms, min = 9223372036854.78ms, total = 0.00ms
	NodeInfoGcsService.grpc_server.GetClusterId.HandleRequestImpl - 4 total (0 active), Execution time: mean = 0.54ms, total = 2.15ms, Queueing time: mean = 0.45ms, max = 1.73ms, min = 0.02ms, total = 1.81ms
	NodeInfoGcsService.grpc_server.GetAllNodeInfo.HandleRequestImpl - 2 total (0 active), Execution time: mean = 0.04ms, total = 0.08ms, Queueing time: mean = 0.02ms, max = 0.03ms, min = 0.01ms, total = 0.04ms
	NodeInfoGcsService.grpc_server.GetAllNodeInfo - 2 total (0 active), Execution time: mean = 0.36ms, total = 0.71ms, Queueing time: mean = 0.00ms, max = -0.00ms, min = 9223372036854.78ms, total = 0.00ms
	GcsInMemoryStore.Delete - 1 total (0 active), Execution time: mean = 0.01ms, total = 0.01ms, Queueing time: mean = 0.01ms, max = 0.01ms, min = 0.01ms, total = 0.01ms
	NodeManager.AddNodeCallback - 1 total (0 active), Execution time: mean = 0.45ms, total = 0.45ms, Queueing time: mean = 0.13ms, max = 0.13ms, min = 0.13ms, total = 0.13ms
	InternalKVGcsService.grpc_server.InternalKVDel - 1 total (0 active), Execution time: mean = 0.45ms, total = 0.45ms, Queueing time: mean = 0.00ms, max = -0.00ms, min = 9223372036854.78ms, total = 0.00ms
	JobInfoGcsService.grpc_server.GetAllJobInfo - 1 total (0 active), Execution time: mean = 0.35ms, total = 0.35ms, Queueing time: mean = 0.00ms, max = -0.00ms, min = 9223372036854.78ms, total = 0.00ms
	JobInfoGcsService.grpc_server.GetNextJobID.HandleRequestImpl - 1 total (0 active), Execution time: mean = 0.02ms, total = 0.02ms, Queueing time: mean = 0.02ms, max = 0.02ms, min = 0.02ms, total = 0.02ms
	JobInfoGcsService.grpc_server.GetNextJobID - 1 total (0 active), Execution time: mean = 0.35ms, total = 0.35ms, Queueing time: mean = 0.00ms, max = -0.00ms, min = 9223372036854.78ms, total = 0.00ms
	GcsHealthCheckManager::AddNode - 1 total (0 active), Execution time: mean = 0.02ms, total = 0.02ms, Queueing time: mean = 0.00ms, max = 0.00ms, min = 0.00ms, total = 0.00ms
	NodeInfoGcsService.grpc_server.GetAllNodeAddressAndLiveness - 1 total (0 active), Execution time: mean = 0.37ms, total = 0.37ms, Queueing time: mean = 0.00ms, max = -0.00ms, min = 9223372036854.78ms, total = 0.00ms
	JobInfoGcsService.grpc_server.GetAllJobInfo.HandleRequestImpl - 1 total (0 active), Execution time: mean = 0.04ms, total = 0.04ms, Queueing time: mean = 0.02ms, max = 0.02ms, min = 0.02ms, total = 0.02ms
	GcsResourceManager::Update - 1 total (0 active), Execution time: mean = 0.08ms, total = 0.08ms, Queueing time: mean = 0.01ms, max = 0.01ms, min = 0.01ms, total = 0.01ms
	NodeInfoGcsService.grpc_server.RegisterNode.HandleRequestImpl - 1 total (0 active), Execution time: mean = 0.23ms, total = 0.23ms, Queueing time: mean = 0.02ms, max = 0.02ms, min = 0.02ms, total = 0.02ms
	InternalKVGcsService.grpc_server.InternalKVDel.HandleRequestImpl - 1 total (0 active), Execution time: mean = 0.06ms, total = 0.06ms, Queueing time: mean = 0.01ms, max = 0.01ms, min = 0.01ms, total = 0.01ms
	InternalKVGcsService.grpc_server.GetInternalConfig.HandleRequestImpl - 1 total (0 active), Execution time: mean = 0.10ms, total = 0.10ms, Queueing time: mean = 0.02ms, max = 0.02ms, min = 0.02ms, total = 0.02ms
	NodeInfoGcsService.grpc_server.GetAllNodeAddressAndLiveness.HandleRequestImpl - 1 total (0 active), Execution time: mean = 0.01ms, total = 0.01ms, Queueing time: mean = 0.01ms, max = 0.01ms, min = 0.01ms, total = 0.01ms
	GcsHealthCheckManager::MarkNodeHealthy - 1 total (0 active), Execution time: mean = 0.00ms, total = 0.00ms, Queueing time: mean = 0.01ms, max = 0.01ms, min = 0.01ms, total = 0.01ms
	GcsInitData::AsyncLoad - 1 total (0 active), Execution time: mean = 0.01ms, total = 0.01ms, Queueing time: mean = 0.00ms, max = 0.00ms, min = 0.00ms, total = 0.00ms
	InternalKVGcsService.grpc_server.GetInternalConfig - 1 total (0 active), Execution time: mean = 0.65ms, total = 0.65ms, Queueing time: mean = 0.00ms, max = -0.00ms, min = 9223372036854.78ms, total = 0.00ms
	GcsInMemoryStore.GetNextJobID - 1 total (0 active), Execution time: mean = 0.01ms, total = 0.01ms, Queueing time: mean = 0.01ms, max = 0.01ms, min = 0.01ms, total = 0.01ms
	NodeInfoGcsService.grpc_server.RegisterNode - 1 total (0 active), Execution time: mean = 0.64ms, total = 0.64ms, Queueing time: mean = 0.00ms, max = -0.00ms, min = 9223372036854.78ms, total = 0.00ms
	GcsServer.GetOrGenerateClusterId.continuation - 1 total (0 active), Execution time: mean = 1520.34ms, total = 1520.34ms, Queueing time: mean = 0.00ms, max = 0.00ms, min = 0.00ms, total = 0.00ms


[2026-06-04 23:04:10,539 I 512 512] (gcs_server) gcs_server.cc:940: task_io_context Event stats:


Global stats: 652 total (1 active)
Queueing time: mean = 0.17ms, max = 89.27ms, min = -0.00ms, total = 111.65ms
Execution time:  mean = 0.01ms, total = 7.64ms
Event stats:
	GcsTaskManager.GcJobSummary - 433 total (1 active), Execution time: mean = 0.01ms, total = 4.16ms, Queueing time: mean = 0.25ms, max = 89.27ms, min = -0.00ms, total = 108.80ms
	event_loop_lag_probe - 218 total (0 active), Execution time: mean = 0.02ms, total = 3.46ms, Queueing time: mean = 0.01ms, max = 0.50ms, min = 0.00ms, total = 2.83ms
	PeriodicalRunner.RunFnPeriodically - 1 total (0 active), Execution time: mean = 0.02ms, total = 0.02ms, Queueing time: mean = 0.02ms, max = 0.02ms, min = 0.02ms, total = 0.02ms


[2026-06-04 23:04:10,540 I 512 512] (gcs_server) gcs_server.cc:940: pubsub_io_context Event stats:


Global stats: 1201 total (2 active)
Queueing time: mean = 0.27ms, max = 95.93ms, min = 0.00ms, total = 329.46ms
Execution time:  mean = 1486.84ms, total = 1785692.61ms
Event stats:
	InternalPubSubGcsService.grpc_server.GcsPublish - 481 total (0 active), Execution time: mean = 1.82ms, total = 874.29ms, Queueing time: mean = 0.00ms, max = -0.00ms, min = 9223372036854.78ms, total = 0.00ms
	InternalPubSubGcsService.grpc_server.GcsPublish.HandleRequestImpl - 481 total (0 active), Execution time: mean = 0.11ms, total = 53.95ms, Queueing time: mean = 0.63ms, max = 95.93ms, min = 0.01ms, total = 304.17ms
	event_loop_lag_probe - 218 total (0 active), Execution time: mean = 0.02ms, total = 3.68ms, Queueing time: mean = 0.08ms, max = 15.11ms, min = 0.00ms, total = 17.26ms
	Publisher.CheckDeadSubscribers - 8 total (1 active), Execution time: mean = 0.02ms, total = 0.12ms, Queueing time: mean = 0.04ms, max = 0.06ms, min = 0.03ms, total = 0.28ms
	InternalPubSubGcsService.grpc_server.GcsSubscriberPoll - 4 total (1 active), Execution time: mean = 446189.82ms, total = 1784759.26ms, Queueing time: mean = 0.00ms, max = -0.00ms, min = 9223372036854.78ms, total = 0.00ms
	InternalPubSubGcsService.grpc_server.GcsSubscriberPoll.HandleRequestImpl - 4 total (0 active), Execution time: mean = 0.07ms, total = 0.29ms, Queueing time: mean = 0.06ms, max = 0.19ms, min = 0.02ms, total = 0.26ms
	InternalPubSubGcsService.grpc_server.GcsSubscriberCommandBatch - 2 total (0 active), Execution time: mean = 0.37ms, total = 0.74ms, Queueing time: mean = 0.00ms, max = -0.00ms, min = 9223372036854.78ms, total = 0.00ms
	InternalPubSubGcsService.grpc_server.GcsSubscriberCommandBatch.HandleRequestImpl - 2 total (0 active), Execution time: mean = 0.10ms, total = 0.21ms, Queueing time: mean = 0.02ms, max = 0.03ms, min = 0.01ms, total = 0.04ms
	PeriodicalRunner.RunFnPeriodically - 1 total (0 active), Execution time: mean = 0.06ms, total = 0.06ms, Queueing time: mean = 7.44ms, max = 7.44ms, min = 7.44ms, total = 7.44ms


[2026-06-04 23:04:10,540 I 512 512] (gcs_server) gcs_server.cc:940: ray_syncer_io_context Event stats:


Global stats: 222 total (0 active)
Queueing time: mean = 0.01ms, max = 0.61ms, min = 0.00ms, total = 2.99ms
Execution time:  mean = 0.02ms, total = 4.23ms
Event stats:
	event_loop_lag_probe - 218 total (0 active), Execution time: mean = 0.02ms, total = 4.04ms, Queueing time: mean = 0.01ms, max = 0.61ms, min = 0.00ms, total = 2.90ms
	RaySyncerRegister - 2 total (0 active), Execution time: mean = 0.00ms, total = 0.00ms, Queueing time: mean = 0.04ms, max = 0.06ms, min = 0.01ms, total = 0.08ms
	RaySyncer.BroadcastMessage - 1 total (0 active), Execution time: mean = 0.02ms, total = 0.02ms, Queueing time: mean = 0.00ms, max = 0.00ms, min = 0.00ms, total = 0.00ms
	 - 1 total (0 active), Execution time: mean = 0.16ms, total = 0.16ms, Queueing time: mean = 0.02ms, max = 0.02ms, min = 0.02ms, total = 0.02ms


[2026-06-04 23:04:10,540 I 512 512] (gcs_server) gcs_server.cc:940: ray_event_io_context Event stats:


Global stats: 218 total (0 active)
Queueing time: mean = 0.05ms, max = 8.24ms, min = 0.00ms, total = 10.19ms
Execution time:  mean = 0.02ms, total = 3.61ms
Event stats:
	event_loop_lag_probe - 218 total (0 active), Execution time: mean = 0.02ms, total = 3.61ms, Queueing time: mean = 0.05ms, max = 8.24ms, min = 0.00ms, total = 10.19ms


[2026-06-04 23:05:10,540 I 512 512] (gcs_server) gcs_server.cc:922: Gcs Debug state:

GcsNodeManager: 
- RegisterNode request count: 1
- DrainNode request count: 0
- GetAllNodeInfo request count: 3

GcsActorManager: 
- RegisterActor request count: 0
- CreateActor request count: 0
- GetActorInfo request count: 0
- GetNamedActorInfo request count: 0
- GetAllActorInfo request count: 0
- KillActor request count: 0
- ListNamedActors request count: 0
- Registered actors count: 0
- Destroyed actors count: 0
- Named actors count: 0
- Unresolved actors count: 0
- Pending actors count: 0
- Created actors count: 0
- owners_: 0
- actor_to_register_callbacks_: 0
- actor_to_restart_for_lineage_reconstruction_callbacks_: 0
- actor_to_create_callbacks_: 0
- sorted_destroyed_actor_list_: 0

GcsResourceManager: 
- GetAllAvailableResources request count: 0
- GetAllTotalResources request count: 0
- GetAllResourceUsage request count: 442

GcsPlacementGroupManager: 
- CreatePlacementGroup request count: 0
- RemovePlacementGroup request count: 0
- GetPlacementGroup request count: 0
- GetAllPlacementGroup request count: 0
- WaitPlacementGroupUntilReady request count: 0
- GetNamedPlacementGroup request count: 0
- Scheduling pending placement group count: 0
- Registered placement groups count: 0
- Named placement group count: 0
- Pending placement groups count: 0
- Infeasible placement groups count: 0

Publisher:
GCS_NODE_INFO_CHANNEL
- cumulative published messages: 1
- cumulative published bytes: 499
- current buffered bytes: 0
GCS_NODE_ADDRESS_AND_LIVENESS_CHANNEL
- cumulative published messages: 1
- cumulative published bytes: 92
- current buffered bytes: 0
RAY_LOG_CHANNEL
- cumulative published messages: 493
- cumulative published bytes: 422406
- current buffered bytes: 0

[runtime env manager] ID to URIs table:
[runtime env manager] URIs reference table:

GcsTaskManager: 
-Total num task events reported: 0
-Total num status task events dropped: 0
-Total num profile events dropped: 0
-Current num of task events stored: 0
-Total num of actor creation tasks: 0
-Total num of actor tasks: 0
-Total num of normal tasks: 0
-Total num of driver tasks: 0

GcsAutoscalerStateManager: 
- last_seen_autoscaler_state_version_: 0
- last_cluster_resource_state_version_: 442
- pending demands:



[2026-06-04 23:05:10,541 I 512 512] (gcs_server) gcs_server.cc:936: Main service Event stats:


Global stats: 18911 total (5 active)
Queueing time: mean = 2.11ms, max = 1522.53ms, min = 0.00ms, total = 39987.45ms
Execution time:  mean = 1.03ms, total = 19481.48ms
Event stats:
	GcsInMemoryStore.Put - 3562 total (0 active), Execution time: mean = 0.43ms, total = 1533.22ms, Queueing time: mean = 0.50ms, max = 1521.87ms, min = 0.00ms, total = 1764.41ms
	RayletLoadPulled - 2219 total (1 active), Execution time: mean = 0.23ms, total = 503.74ms, Queueing time: mean = 0.59ms, max = 297.72ms, min = 0.01ms, total = 1314.32ms
	NodeManagerService.grpc_client.GetResourceLoad.OnReplyReceived - 2205 total (0 active), Execution time: mean = 0.05ms, total = 102.79ms, Queueing time: mean = 0.29ms, max = 96.21ms, min = 0.01ms, total = 641.10ms
	NodeManagerService.grpc_client.GetResourceLoad - 2205 total (0 active), Execution time: mean = 5.97ms, total = 13169.44ms, Queueing time: mean = 0.00ms, max = -0.00ms, min = 9223372036854.78ms, total = 0.00ms
	InternalKVGcsService.grpc_server.InternalKVPut.HandleRequestImpl - 894 total (0 active), Execution time: mean = 0.05ms, total = 43.37ms, Queueing time: mean = 0.45ms, max = 96.13ms, min = 0.01ms, total = 398.89ms
	InternalKVGcsService.grpc_server.InternalKVPut - 894 total (0 active), Execution time: mean = 1.07ms, total = 957.91ms, Queueing time: mean = 0.00ms, max = -0.00ms, min = 9223372036854.78ms, total = 0.00ms
	ClusterResourceManager.ResetRemoteNodeView - 740 total (1 active), Execution time: mean = 0.01ms, total = 6.55ms, Queueing time: mean = 0.26ms, max = 95.89ms, min = 0.01ms, total = 193.04ms
	HealthCheck - 734 total (0 active), Execution time: mean = 0.00ms, total = 2.94ms, Queueing time: mean = 0.29ms, max = 96.16ms, min = 0.01ms, total = 215.49ms
	GcsInMemoryStore.Get - 558 total (0 active), Execution time: mean = 0.01ms, total = 7.03ms, Queueing time: mean = 0.01ms, max = 0.11ms, min = 0.01ms, total = 7.92ms
	InternalKVGcsService.grpc_server.InternalKVGet.HandleRequestImpl - 557 total (0 active), Execution time: mean = 0.09ms, total = 48.66ms, Queueing time: mean = 0.19ms, max = 95.88ms, min = 0.01ms, total = 107.42ms
	InternalKVGcsService.grpc_server.InternalKVGet - 557 total (0 active), Execution time: mean = 0.91ms, total = 505.59ms, Queueing time: mean = 0.00ms, max = -0.00ms, min = 9223372036854.78ms, total = 0.00ms
	NodeInfoGcsService.grpc_server.CheckAlive - 478 total (0 active), Execution time: mean = 0.59ms, total = 283.96ms, Queueing time: mean = 0.00ms, max = -0.00ms, min = 9223372036854.78ms, total = 0.00ms
	NodeInfoGcsService.grpc_server.CheckAlive.HandleRequestImpl - 478 total (0 active), Execution time: mean = 0.02ms, total = 9.94ms, Queueing time: mean = 0.03ms, max = 0.50ms, min = 0.01ms, total = 14.79ms
	GCSServer.deadline_timer.metrics_report - 444 total (1 active), Execution time: mean = 0.21ms, total = 94.88ms, Queueing time: mean = 0.39ms, max = 95.50ms, min = 0.01ms, total = 175.31ms
	AutoscalerStateService.grpc_server.GetClusterResourceState - 442 total (0 active), Execution time: mean = 0.34ms, total = 150.26ms, Queueing time: mean = 0.00ms, max = -0.00ms, min = 9223372036854.78ms, total = 0.00ms
	AutoscalerStateService.grpc_server.GetClusterResourceState.HandleRequestImpl - 442 total (0 active), Execution time: mean = 0.03ms, total = 15.42ms, Queueing time: mean = 0.02ms, max = 0.70ms, min = 0.01ms, total = 8.49ms
	NodeResourceInfoGcsService.grpc_server.GetAllResourceUsage.HandleRequestImpl - 442 total (0 active), Execution time: mean = 0.06ms, total = 27.05ms, Queueing time: mean = 0.04ms, max = 1.38ms, min = 0.01ms, total = 15.75ms
	NodeResourceInfoGcsService.grpc_server.GetAllResourceUsage - 442 total (0 active), Execution time: mean = 0.68ms, total = 299.94ms, Queueing time: mean = 0.00ms, max = -0.00ms, min = 9223372036854.78ms, total = 0.00ms
	event_loop_lag_probe - 224 total (0 active), Execution time: mean = 0.01ms, total = 2.78ms, Queueing time: mean = 0.07ms, max = 14.25ms, min = 0.00ms, total = 16.26ms
	GCSServer.deadline_timer.gcs_global_gc - 222 total (1 active), Execution time: mean = 0.01ms, total = 1.61ms, Queueing time: mean = 0.52ms, max = 66.72ms, min = 0.01ms, total = 116.52ms
	GCSServer.deadline_timer.debug_state_event_stats_print - 37 total (1 active, 1 running), Execution time: mean = 1.34ms, total = 49.47ms, Queueing time: mean = 1.84ms, max = 67.10ms, min = 0.02ms, total = 68.04ms
	ReporterService.grpc_client.HealthCheck.OnReplyReceived - 31 total (0 active), Execution time: mean = 0.16ms, total = 5.10ms, Queueing time: mean = 52.09ms, max = 1517.54ms, min = 0.02ms, total = 1614.71ms
	ReporterService.grpc_client.HealthCheck - 31 total (0 active), Execution time: mean = 3.62ms, total = 112.34ms, Queueing time: mean = 0.00ms, max = -0.00ms, min = 9223372036854.78ms, total = 0.00ms
	MetricsAgentClient.WaitForServerReadyWithRetry - 30 total (0 active), Execution time: mean = 0.27ms, total = 8.13ms, Queueing time: mean = 1008.67ms, max = 1097.53ms, min = 1000.02ms, total = 30260.04ms
	GcsInMemoryStore.GetAll - 6 total (0 active), Execution time: mean = 0.01ms, total = 0.06ms, Queueing time: mean = 0.06ms, max = 0.07ms, min = 0.01ms, total = 0.34ms
	PeriodicalRunner.RunFnPeriodically - 5 total (0 active), Execution time: mean = 0.11ms, total = 0.54ms, Queueing time: mean = 610.50ms, max = 1522.53ms, min = 2.26ms, total = 3052.48ms
	NodeInfoGcsService.grpc_server.GetClusterId - 4 total (0 active), Execution time: mean = 2.91ms, total = 11.62ms, Queueing time: mean = 0.00ms, max = -0.00ms, min = 9223372036854.78ms, total = 0.00ms
	NodeInfoGcsService.grpc_server.GetClusterId.HandleRequestImpl - 4 total (0 active), Execution time: mean = 0.54ms, total = 2.15ms, Queueing time: mean = 0.45ms, max = 1.73ms, min = 0.02ms, total = 1.81ms
	NodeInfoGcsService.grpc_server.GetAllNodeInfo.HandleRequestImpl - 2 total (0 active), Execution time: mean = 0.04ms, total = 0.08ms, Queueing time: mean = 0.02ms, max = 0.03ms, min = 0.01ms, total = 0.04ms
	NodeInfoGcsService.grpc_server.GetAllNodeInfo - 2 total (0 active), Execution time: mean = 0.36ms, total = 0.71ms, Queueing time: mean = 0.00ms, max = -0.00ms, min = 9223372036854.78ms, total = 0.00ms
	GcsInMemoryStore.Delete - 1 total (0 active), Execution time: mean = 0.01ms, total = 0.01ms, Queueing time: mean = 0.01ms, max = 0.01ms, min = 0.01ms, total = 0.01ms
	NodeManager.AddNodeCallback - 1 total (0 active), Execution time: mean = 0.45ms, total = 0.45ms, Queueing time: mean = 0.13ms, max = 0.13ms, min = 0.13ms, total = 0.13ms
	InternalKVGcsService.grpc_server.InternalKVDel - 1 total (0 active), Execution time: mean = 0.45ms, total = 0.45ms, Queueing time: mean = 0.00ms, max = -0.00ms, min = 9223372036854.78ms, total = 0.00ms
	JobInfoGcsService.grpc_server.GetAllJobInfo - 1 total (0 active), Execution time: mean = 0.35ms, total = 0.35ms, Queueing time: mean = 0.00ms, max = -0.00ms, min = 9223372036854.78ms, total = 0.00ms
	JobInfoGcsService.grpc_server.GetNextJobID.HandleRequestImpl - 1 total (0 active), Execution time: mean = 0.02ms, total = 0.02ms, Queueing time: mean = 0.02ms, max = 0.02ms, min = 0.02ms, total = 0.02ms
	JobInfoGcsService.grpc_server.GetNextJobID - 1 total (0 active), Execution time: mean = 0.35ms, total = 0.35ms, Queueing time: mean = 0.00ms, max = -0.00ms, min = 9223372036854.78ms, total = 0.00ms
	GcsHealthCheckManager::AddNode - 1 total (0 active), Execution time: mean = 0.02ms, total = 0.02ms, Queueing time: mean = 0.00ms, max = 0.00ms, min = 0.00ms, total = 0.00ms
	NodeInfoGcsService.grpc_server.GetAllNodeAddressAndLiveness - 1 total (0 active), Execution time: mean = 0.37ms, total = 0.37ms, Queueing time: mean = 0.00ms, max = -0.00ms, min = 9223372036854.78ms, total = 0.00ms
	JobInfoGcsService.grpc_server.GetAllJobInfo.HandleRequestImpl - 1 total (0 active), Execution time: mean = 0.04ms, total = 0.04ms, Queueing time: mean = 0.02ms, max = 0.02ms, min = 0.02ms, total = 0.02ms
	GcsResourceManager::Update - 1 total (0 active), Execution time: mean = 0.08ms, total = 0.08ms, Queueing time: mean = 0.01ms, max = 0.01ms, min = 0.01ms, total = 0.01ms
	NodeInfoGcsService.grpc_server.RegisterNode.HandleRequestImpl - 1 total (0 active), Execution time: mean = 0.23ms, total = 0.23ms, Queueing time: mean = 0.02ms, max = 0.02ms, min = 0.02ms, total = 0.02ms
	InternalKVGcsService.grpc_server.InternalKVDel.HandleRequestImpl - 1 total (0 active), Execution time: mean = 0.06ms, total = 0.06ms, Queueing time: mean = 0.01ms, max = 0.01ms, min = 0.01ms, total = 0.01ms
	InternalKVGcsService.grpc_server.GetInternalConfig.HandleRequestImpl - 1 total (0 active), Execution time: mean = 0.10ms, total = 0.10ms, Queueing time: mean = 0.02ms, max = 0.02ms, min = 0.02ms, total = 0.02ms
	NodeInfoGcsService.grpc_server.GetAllNodeAddressAndLiveness.HandleRequestImpl - 1 total (0 active), Execution time: mean = 0.01ms, total = 0.01ms, Queueing time: mean = 0.01ms, max = 0.01ms, min = 0.01ms, total = 0.01ms
	GcsHealthCheckManager::MarkNodeHealthy - 1 total (0 active), Execution time: mean = 0.00ms, total = 0.00ms, Queueing time: mean = 0.01ms, max = 0.01ms, min = 0.01ms, total = 0.01ms
	GcsInitData::AsyncLoad - 1 total (0 active), Execution time: mean = 0.01ms, total = 0.01ms, Queueing time: mean = 0.00ms, max = 0.00ms, min = 0.00ms, total = 0.00ms
	InternalKVGcsService.grpc_server.GetInternalConfig - 1 total (0 active), Execution time: mean = 0.65ms, total = 0.65ms, Queueing time: mean = 0.00ms, max = -0.00ms, min = 9223372036854.78ms, total = 0.00ms
	GcsInMemoryStore.GetNextJobID - 1 total (0 active), Execution time: mean = 0.01ms, total = 0.01ms, Queueing time: mean = 0.01ms, max = 0.01ms, min = 0.01ms, total = 0.01ms
	NodeInfoGcsService.grpc_server.RegisterNode - 1 total (0 active), Execution time: mean = 0.64ms, total = 0.64ms, Queueing time: mean = 0.00ms, max = -0.00ms, min = 9223372036854.78ms, total = 0.00ms
	GcsServer.GetOrGenerateClusterId.continuation - 1 total (0 active), Execution time: mean = 1520.34ms, total = 1520.34ms, Queueing time: mean = 0.00ms, max = 0.00ms, min = 0.00ms, total = 0.00ms


[2026-06-04 23:05:10,541 I 512 512] (gcs_server) gcs_server.cc:940: task_io_context Event stats:


Global stats: 670 total (1 active)
Queueing time: mean = 0.17ms, max = 89.27ms, min = -0.00ms, total = 112.29ms
Execution time:  mean = 0.01ms, total = 7.83ms
Event stats:
	GcsTaskManager.GcJobSummary - 445 total (1 active), Execution time: mean = 0.01ms, total = 4.27ms, Queueing time: mean = 0.25ms, max = 89.27ms, min = -0.00ms, total = 109.37ms
	event_loop_lag_probe - 224 total (0 active), Execution time: mean = 0.02ms, total = 3.55ms, Queueing time: mean = 0.01ms, max = 0.50ms, min = 0.00ms, total = 2.90ms
	PeriodicalRunner.RunFnPeriodically - 1 total (0 active), Execution time: mean = 0.02ms, total = 0.02ms, Queueing time: mean = 0.02ms, max = 0.02ms, min = 0.02ms, total = 0.02ms


[2026-06-04 23:05:10,541 I 512 512] (gcs_server) gcs_server.cc:940: pubsub_io_context Event stats:


Global stats: 1231 total (2 active)
Queueing time: mean = 0.27ms, max = 95.93ms, min = 0.00ms, total = 329.94ms
Execution time:  mean = 1450.61ms, total = 1785699.09ms
Event stats:
	InternalPubSubGcsService.grpc_server.GcsPublish - 493 total (0 active), Execution time: mean = 1.78ms, total = 879.39ms, Queueing time: mean = 0.00ms, max = -0.00ms, min = 9223372036854.78ms, total = 0.00ms
	InternalPubSubGcsService.grpc_server.GcsPublish.HandleRequestImpl - 493 total (0 active), Execution time: mean = 0.11ms, total = 55.24ms, Queueing time: mean = 0.62ms, max = 95.93ms, min = 0.01ms, total = 304.60ms
	event_loop_lag_probe - 224 total (0 active), Execution time: mean = 0.02ms, total = 3.78ms, Queueing time: mean = 0.08ms, max = 15.11ms, min = 0.00ms, total = 17.32ms
	Publisher.CheckDeadSubscribers - 8 total (1 active), Execution time: mean = 0.02ms, total = 0.12ms, Queueing time: mean = 0.04ms, max = 0.06ms, min = 0.03ms, total = 0.28ms
	InternalPubSubGcsService.grpc_server.GcsSubscriberPoll - 4 total (1 active), Execution time: mean = 446189.82ms, total = 1784759.26ms, Queueing time: mean = 0.00ms, max = -0.00ms, min = 9223372036854.78ms, total = 0.00ms
	InternalPubSubGcsService.grpc_server.GcsSubscriberPoll.HandleRequestImpl - 4 total (0 active), Execution time: mean = 0.07ms, total = 0.29ms, Queueing time: mean = 0.06ms, max = 0.19ms, min = 0.02ms, total = 0.26ms
	InternalPubSubGcsService.grpc_server.GcsSubscriberCommandBatch - 2 total (0 active), Execution time: mean = 0.37ms, total = 0.74ms, Queueing time: mean = 0.00ms, max = -0.00ms, min = 9223372036854.78ms, total = 0.00ms
	InternalPubSubGcsService.grpc_server.GcsSubscriberCommandBatch.HandleRequestImpl - 2 total (0 active), Execution time: mean = 0.10ms, total = 0.21ms, Queueing time: mean = 0.02ms, max = 0.03ms, min = 0.01ms, total = 0.04ms
	PeriodicalRunner.RunFnPeriodically - 1 total (0 active), Execution time: mean = 0.06ms, total = 0.06ms, Queueing time: mean = 7.44ms, max = 7.44ms, min = 7.44ms, total = 7.44ms


[2026-06-04 23:05:10,541 I 512 512] (gcs_server) gcs_server.cc:940: ray_syncer_io_context Event stats:


Global stats: 228 total (0 active)
Queueing time: mean = 0.01ms, max = 0.61ms, min = 0.00ms, total = 3.06ms
Execution time:  mean = 0.02ms, total = 4.33ms
Event stats:
	event_loop_lag_probe - 224 total (0 active), Execution time: mean = 0.02ms, total = 4.15ms, Queueing time: mean = 0.01ms, max = 0.61ms, min = 0.00ms, total = 2.96ms
	RaySyncerRegister - 2 total (0 active), Execution time: mean = 0.00ms, total = 0.00ms, Queueing time: mean = 0.04ms, max = 0.06ms, min = 0.01ms, total = 0.08ms
	RaySyncer.BroadcastMessage - 1 total (0 active), Execution time: mean = 0.02ms, total = 0.02ms, Queueing time: mean = 0.00ms, max = 0.00ms, min = 0.00ms, total = 0.00ms
	 - 1 total (0 active), Execution time: mean = 0.16ms, total = 0.16ms, Queueing time: mean = 0.02ms, max = 0.02ms, min = 0.02ms, total = 0.02ms


[2026-06-04 23:05:10,541 I 512 512] (gcs_server) gcs_server.cc:940: ray_event_io_context Event stats:


Global stats: 224 total (0 active)
Queueing time: mean = 0.05ms, max = 8.24ms, min = 0.00ms, total = 10.24ms
Execution time:  mean = 0.02ms, total = 3.71ms
Event stats:
	event_loop_lag_probe - 224 total (0 active), Execution time: mean = 0.02ms, total = 3.71ms, Queueing time: mean = 0.05ms, max = 8.24ms, min = 0.00ms, total = 10.24ms


[2026-06-04 23:06:10,541 I 512 512] (gcs_server) gcs_server.cc:922: Gcs Debug state:

GcsNodeManager: 
- RegisterNode request count: 1
- DrainNode request count: 0
- GetAllNodeInfo request count: 3

GcsActorManager: 
- RegisterActor request count: 0
- CreateActor request count: 0
- GetActorInfo request count: 0
- GetNamedActorInfo request count: 0
- GetAllActorInfo request count: 0
- KillActor request count: 0
- ListNamedActors request count: 0
- Registered actors count: 0
- Destroyed actors count: 0
- Named actors count: 0
- Unresolved actors count: 0
- Pending actors count: 0
- Created actors count: 0
- owners_: 0
- actor_to_register_callbacks_: 0
- actor_to_restart_for_lineage_reconstruction_callbacks_: 0
- actor_to_create_callbacks_: 0
- sorted_destroyed_actor_list_: 0

GcsResourceManager: 
- GetAllAvailableResources request count: 0
- GetAllTotalResources request count: 0
- GetAllResourceUsage request count: 454

GcsPlacementGroupManager: 
- CreatePlacementGroup request count: 0
- RemovePlacementGroup request count: 0
- GetPlacementGroup request count: 0
- GetAllPlacementGroup request count: 0
- WaitPlacementGroupUntilReady request count: 0
- GetNamedPlacementGroup request count: 0
- Scheduling pending placement group count: 0
- Registered placement groups count: 0
- Named placement group count: 0
- Pending placement groups count: 0
- Infeasible placement groups count: 0

Publisher:
GCS_NODE_INFO_CHANNEL
- cumulative published messages: 1
- cumulative published bytes: 499
- current buffered bytes: 0
GCS_NODE_ADDRESS_AND_LIVENESS_CHANNEL
- cumulative published messages: 1
- cumulative published bytes: 92
- current buffered bytes: 0
RAY_LOG_CHANNEL
- cumulative published messages: 505
- cumulative published bytes: 432690
- current buffered bytes: 0

[runtime env manager] ID to URIs table:
[runtime env manager] URIs reference table:

GcsTaskManager: 
-Total num task events reported: 0
-Total num status task events dropped: 0
-Total num profile events dropped: 0
-Current num of task events stored: 0
-Total num of actor creation tasks: 0
-Total num of actor tasks: 0
-Total num of normal tasks: 0
-Total num of driver tasks: 0

GcsAutoscalerStateManager: 
- last_seen_autoscaler_state_version_: 0
- last_cluster_resource_state_version_: 454
- pending demands:



[2026-06-04 23:06:10,542 I 512 512] (gcs_server) gcs_server.cc:936: Main service Event stats:


Global stats: 19410 total (5 active)
Queueing time: mean = 2.06ms, max = 1522.53ms, min = 0.00ms, total = 40074.93ms
Execution time:  mean = 1.01ms, total = 19609.12ms
Event stats:
	GcsInMemoryStore.Put - 3658 total (0 active), Execution time: mean = 0.42ms, total = 1533.56ms, Queueing time: mean = 0.48ms, max = 1521.87ms, min = 0.00ms, total = 1771.17ms
	RayletLoadPulled - 2279 total (1 active), Execution time: mean = 0.23ms, total = 516.65ms, Queueing time: mean = 0.61ms, max = 297.72ms, min = 0.01ms, total = 1388.54ms
	NodeManagerService.grpc_client.GetResourceLoad.OnReplyReceived - 2265 total (0 active), Execution time: mean = 0.05ms, total = 105.72ms, Queueing time: mean = 0.28ms, max = 96.21ms, min = 0.01ms, total = 642.89ms
	NodeManagerService.grpc_client.GetResourceLoad - 2265 total (0 active), Execution time: mean = 5.85ms, total = 13244.05ms, Queueing time: mean = 0.00ms, max = -0.00ms, min = 9223372036854.78ms, total = 0.00ms
	InternalKVGcsService.grpc_server.InternalKVPut.HandleRequestImpl - 918 total (0 active), Execution time: mean = 0.05ms, total = 44.71ms, Queueing time: mean = 0.43ms, max = 96.13ms, min = 0.01ms, total = 399.26ms
	InternalKVGcsService.grpc_server.InternalKVPut - 918 total (0 active), Execution time: mean = 1.05ms, total = 965.25ms, Queueing time: mean = 0.00ms, max = -0.00ms, min = 9223372036854.78ms, total = 0.00ms
	ClusterResourceManager.ResetRemoteNodeView - 760 total (1 active), Execution time: mean = 0.01ms, total = 6.71ms, Queueing time: mean = 0.25ms, max = 95.89ms, min = 0.01ms, total = 193.64ms
	HealthCheck - 754 total (0 active), Execution time: mean = 0.00ms, total = 3.05ms, Queueing time: mean = 0.29ms, max = 96.16ms, min = 0.01ms, total = 215.99ms
	GcsInMemoryStore.Get - 570 total (0 active), Execution time: mean = 0.01ms, total = 7.21ms, Queueing time: mean = 0.01ms, max = 0.11ms, min = 0.01ms, total = 8.10ms
	InternalKVGcsService.grpc_server.InternalKVGet.HandleRequestImpl - 569 total (0 active), Execution time: mean = 0.09ms, total = 49.96ms, Queueing time: mean = 0.19ms, max = 95.88ms, min = 0.01ms, total = 107.62ms
	InternalKVGcsService.grpc_server.InternalKVGet - 569 total (0 active), Execution time: mean = 0.90ms, total = 510.49ms, Queueing time: mean = 0.00ms, max = -0.00ms, min = 9223372036854.78ms, total = 0.00ms
	NodeInfoGcsService.grpc_server.CheckAlive - 491 total (0 active), Execution time: mean = 0.59ms, total = 289.50ms, Queueing time: mean = 0.00ms, max = -0.00ms, min = 9223372036854.78ms, total = 0.00ms
	NodeInfoGcsService.grpc_server.CheckAlive.HandleRequestImpl - 491 total (0 active), Execution time: mean = 0.02ms, total = 10.24ms, Queueing time: mean = 0.03ms, max = 0.50ms, min = 0.01ms, total = 15.22ms
	GCSServer.deadline_timer.metrics_report - 456 total (1 active), Execution time: mean = 0.21ms, total = 97.61ms, Queueing time: mean = 0.39ms, max = 95.50ms, min = 0.01ms, total = 175.61ms
	AutoscalerStateService.grpc_server.GetClusterResourceState - 454 total (0 active), Execution time: mean = 0.34ms, total = 154.57ms, Queueing time: mean = 0.00ms, max = -0.00ms, min = 9223372036854.78ms, total = 0.00ms
	AutoscalerStateService.grpc_server.GetClusterResourceState.HandleRequestImpl - 454 total (0 active), Execution time: mean = 0.03ms, total = 15.85ms, Queueing time: mean = 0.02ms, max = 0.70ms, min = 0.01ms, total = 8.71ms
	NodeResourceInfoGcsService.grpc_server.GetAllResourceUsage.HandleRequestImpl - 454 total (0 active), Execution time: mean = 0.06ms, total = 27.88ms, Queueing time: mean = 0.04ms, max = 1.38ms, min = 0.01ms, total = 16.13ms
	NodeResourceInfoGcsService.grpc_server.GetAllResourceUsage - 454 total (0 active), Execution time: mean = 0.67ms, total = 305.73ms, Queueing time: mean = 0.00ms, max = -0.00ms, min = 9223372036854.78ms, total = 0.00ms
	event_loop_lag_probe - 230 total (0 active), Execution time: mean = 0.01ms, total = 2.87ms, Queueing time: mean = 0.07ms, max = 14.25ms, min = 0.00ms, total = 16.30ms
	GCSServer.deadline_timer.gcs_global_gc - 228 total (1 active), Execution time: mean = 0.01ms, total = 1.66ms, Queueing time: mean = 0.52ms, max = 66.72ms, min = 0.01ms, total = 117.98ms
	GCSServer.deadline_timer.debug_state_event_stats_print - 38 total (1 active, 1 running), Execution time: mean = 1.34ms, total = 50.91ms, Queueing time: mean = 1.79ms, max = 67.10ms, min = 0.02ms, total = 68.07ms
	ReporterService.grpc_client.HealthCheck.OnReplyReceived - 31 total (0 active), Execution time: mean = 0.16ms, total = 5.10ms, Queueing time: mean = 52.09ms, max = 1517.54ms, min = 0.02ms, total = 1614.71ms
	ReporterService.grpc_client.HealthCheck - 31 total (0 active), Execution time: mean = 3.62ms, total = 112.34ms, Queueing time: mean = 0.00ms, max = -0.00ms, min = 9223372036854.78ms, total = 0.00ms
	MetricsAgentClient.WaitForServerReadyWithRetry - 30 total (0 active), Execution time: mean = 0.27ms, total = 8.13ms, Queueing time: mean = 1008.67ms, max = 1097.53ms, min = 1000.02ms, total = 30260.04ms
	GcsInMemoryStore.GetAll - 6 total (0 active), Execution time: mean = 0.01ms, total = 0.06ms, Queueing time: mean = 0.06ms, max = 0.07ms, min = 0.01ms, total = 0.34ms
	PeriodicalRunner.RunFnPeriodically - 5 total (0 active), Execution time: mean = 0.11ms, total = 0.54ms, Queueing time: mean = 610.50ms, max = 1522.53ms, min = 2.26ms, total = 3052.48ms
	NodeInfoGcsService.grpc_server.GetClusterId - 4 total (0 active), Execution time: mean = 2.91ms, total = 11.62ms, Queueing time: mean = 0.00ms, max = -0.00ms, min = 9223372036854.78ms, total = 0.00ms
	NodeInfoGcsService.grpc_server.GetClusterId.HandleRequestImpl - 4 total (0 active), Execution time: mean = 0.54ms, total = 2.15ms, Queueing time: mean = 0.45ms, max = 1.73ms, min = 0.02ms, total = 1.81ms
	NodeInfoGcsService.grpc_server.GetAllNodeInfo.HandleRequestImpl - 2 total (0 active), Execution time: mean = 0.04ms, total = 0.08ms, Queueing time: mean = 0.02ms, max = 0.03ms, min = 0.01ms, total = 0.04ms
	NodeInfoGcsService.grpc_server.GetAllNodeInfo - 2 total (0 active), Execution time: mean = 0.36ms, total = 0.71ms, Queueing time: mean = 0.00ms, max = -0.00ms, min = 9223372036854.78ms, total = 0.00ms
	GcsInMemoryStore.Delete - 1 total (0 active), Execution time: mean = 0.01ms, total = 0.01ms, Queueing time: mean = 0.01ms, max = 0.01ms, min = 0.01ms, total = 0.01ms
	NodeManager.AddNodeCallback - 1 total (0 active), Execution time: mean = 0.45ms, total = 0.45ms, Queueing time: mean = 0.13ms, max = 0.13ms, min = 0.13ms, total = 0.13ms
	InternalKVGcsService.grpc_server.InternalKVDel - 1 total (0 active), Execution time: mean = 0.45ms, total = 0.45ms, Queueing time: mean = 0.00ms, max = -0.00ms, min = 9223372036854.78ms, total = 0.00ms
	JobInfoGcsService.grpc_server.GetAllJobInfo - 1 total (0 active), Execution time: mean = 0.35ms, total = 0.35ms, Queueing time: mean = 0.00ms, max = -0.00ms, min = 9223372036854.78ms, total = 0.00ms
	JobInfoGcsService.grpc_server.GetNextJobID.HandleRequestImpl - 1 total (0 active), Execution time: mean = 0.02ms, total = 0.02ms, Queueing time: mean = 0.02ms, max = 0.02ms, min = 0.02ms, total = 0.02ms
	JobInfoGcsService.grpc_server.GetNextJobID - 1 total (0 active), Execution time: mean = 0.35ms, total = 0.35ms, Queueing time: mean = 0.00ms, max = -0.00ms, min = 9223372036854.78ms, total = 0.00ms
	GcsHealthCheckManager::AddNode - 1 total (0 active), Execution time: mean = 0.02ms, total = 0.02ms, Queueing time: mean = 0.00ms, max = 0.00ms, min = 0.00ms, total = 0.00ms
	NodeInfoGcsService.grpc_server.GetAllNodeAddressAndLiveness - 1 total (0 active), Execution time: mean = 0.37ms, total = 0.37ms, Queueing time: mean = 0.00ms, max = -0.00ms, min = 9223372036854.78ms, total = 0.00ms
	JobInfoGcsService.grpc_server.GetAllJobInfo.HandleRequestImpl - 1 total (0 active), Execution time: mean = 0.04ms, total = 0.04ms, Queueing time: mean = 0.02ms, max = 0.02ms, min = 0.02ms, total = 0.02ms
	GcsResourceManager::Update - 1 total (0 active), Execution time: mean = 0.08ms, total = 0.08ms, Queueing time: mean = 0.01ms, max = 0.01ms, min = 0.01ms, total = 0.01ms
	NodeInfoGcsService.grpc_server.RegisterNode.HandleRequestImpl - 1 total (0 active), Execution time: mean = 0.23ms, total = 0.23ms, Queueing time: mean = 0.02ms, max = 0.02ms, min = 0.02ms, total = 0.02ms
	InternalKVGcsService.grpc_server.InternalKVDel.HandleRequestImpl - 1 total (0 active), Execution time: mean = 0.06ms, total = 0.06ms, Queueing time: mean = 0.01ms, max = 0.01ms, min = 0.01ms, total = 0.01ms
	InternalKVGcsService.grpc_server.GetInternalConfig.HandleRequestImpl - 1 total (0 active), Execution time: mean = 0.10ms, total = 0.10ms, Queueing time: mean = 0.02ms, max = 0.02ms, min = 0.02ms, total = 0.02ms
	NodeInfoGcsService.grpc_server.GetAllNodeAddressAndLiveness.HandleRequestImpl - 1 total (0 active), Execution time: mean = 0.01ms, total = 0.01ms, Queueing time: mean = 0.01ms, max = 0.01ms, min = 0.01ms, total = 0.01ms
	GcsHealthCheckManager::MarkNodeHealthy - 1 total (0 active), Execution time: mean = 0.00ms, total = 0.00ms, Queueing time: mean = 0.01ms, max = 0.01ms, min = 0.01ms, total = 0.01ms
	GcsInitData::AsyncLoad - 1 total (0 active), Execution time: mean = 0.01ms, total = 0.01ms, Queueing time: mean = 0.00ms, max = 0.00ms, min = 0.00ms, total = 0.00ms
	InternalKVGcsService.grpc_server.GetInternalConfig - 1 total (0 active), Execution time: mean = 0.65ms, total = 0.65ms, Queueing time: mean = 0.00ms, max = -0.00ms, min = 9223372036854.78ms, total = 0.00ms
	GcsInMemoryStore.GetNextJobID - 1 total (0 active), Execution time: mean = 0.01ms, total = 0.01ms, Queueing time: mean = 0.01ms, max = 0.01ms, min = 0.01ms, total = 0.01ms
	NodeInfoGcsService.grpc_server.RegisterNode - 1 total (0 active), Execution time: mean = 0.64ms, total = 0.64ms, Queueing time: mean = 0.00ms, max = -0.00ms, min = 9223372036854.78ms, total = 0.00ms
	GcsServer.GetOrGenerateClusterId.continuation - 1 total (0 active), Execution time: mean = 1520.34ms, total = 1520.34ms, Queueing time: mean = 0.00ms, max = 0.00ms, min = 0.00ms, total = 0.00ms


[2026-06-04 23:06:10,542 I 512 512] (gcs_server) gcs_server.cc:940: task_io_context Event stats:


Global stats: 688 total (1 active)
Queueing time: mean = 0.16ms, max = 89.27ms, min = -0.00ms, total = 112.89ms
Execution time:  mean = 0.01ms, total = 8.08ms
Event stats:
	GcsTaskManager.GcJobSummary - 457 total (1 active), Execution time: mean = 0.01ms, total = 4.40ms, Queueing time: mean = 0.24ms, max = 89.27ms, min = -0.00ms, total = 109.91ms
	event_loop_lag_probe - 230 total (0 active), Execution time: mean = 0.02ms, total = 3.66ms, Queueing time: mean = 0.01ms, max = 0.50ms, min = 0.00ms, total = 2.96ms
	PeriodicalRunner.RunFnPeriodically - 1 total (0 active), Execution time: mean = 0.02ms, total = 0.02ms, Queueing time: mean = 0.02ms, max = 0.02ms, min = 0.02ms, total = 0.02ms


[2026-06-04 23:06:10,542 I 512 512] (gcs_server) gcs_server.cc:940: pubsub_io_context Event stats:


Global stats: 1261 total (2 active)
Queueing time: mean = 0.26ms, max = 95.93ms, min = 0.00ms, total = 330.48ms
Execution time:  mean = 1416.10ms, total = 1785706.16ms
Event stats:
	InternalPubSubGcsService.grpc_server.GcsPublish - 505 total (0 active), Execution time: mean = 1.75ms, total = 884.97ms, Queueing time: mean = 0.00ms, max = -0.00ms, min = 9223372036854.78ms, total = 0.00ms
	InternalPubSubGcsService.grpc_server.GcsPublish.HandleRequestImpl - 505 total (0 active), Execution time: mean = 0.11ms, total = 56.64ms, Queueing time: mean = 0.60ms, max = 95.93ms, min = 0.01ms, total = 305.03ms
	event_loop_lag_probe - 230 total (0 active), Execution time: mean = 0.02ms, total = 3.86ms, Queueing time: mean = 0.08ms, max = 15.11ms, min = 0.00ms, total = 17.42ms
	Publisher.CheckDeadSubscribers - 8 total (1 active), Execution time: mean = 0.02ms, total = 0.12ms, Queueing time: mean = 0.04ms, max = 0.06ms, min = 0.03ms, total = 0.28ms
	InternalPubSubGcsService.grpc_server.GcsSubscriberPoll - 4 total (1 active), Execution time: mean = 446189.82ms, total = 1784759.26ms, Queueing time: mean = 0.00ms, max = -0.00ms, min = 9223372036854.78ms, total = 0.00ms
	InternalPubSubGcsService.grpc_server.GcsSubscriberPoll.HandleRequestImpl - 4 total (0 active), Execution time: mean = 0.07ms, total = 0.29ms, Queueing time: mean = 0.06ms, max = 0.19ms, min = 0.02ms, total = 0.26ms
	InternalPubSubGcsService.grpc_server.GcsSubscriberCommandBatch - 2 total (0 active), Execution time: mean = 0.37ms, total = 0.74ms, Queueing time: mean = 0.00ms, max = -0.00ms, min = 9223372036854.78ms, total = 0.00ms
	InternalPubSubGcsService.grpc_server.GcsSubscriberCommandBatch.HandleRequestImpl - 2 total (0 active), Execution time: mean = 0.10ms, total = 0.21ms, Queueing time: mean = 0.02ms, max = 0.03ms, min = 0.01ms, total = 0.04ms
	PeriodicalRunner.RunFnPeriodically - 1 total (0 active), Execution time: mean = 0.06ms, total = 0.06ms, Queueing time: mean = 7.44ms, max = 7.44ms, min = 7.44ms, total = 7.44ms


[2026-06-04 23:06:10,543 I 512 512] (gcs_server) gcs_server.cc:940: ray_syncer_io_context Event stats:


Global stats: 234 total (0 active)
Queueing time: mean = 0.01ms, max = 0.61ms, min = 0.00ms, total = 3.12ms
Execution time:  mean = 0.02ms, total = 4.43ms
Event stats:
	event_loop_lag_probe - 230 total (0 active), Execution time: mean = 0.02ms, total = 4.24ms, Queueing time: mean = 0.01ms, max = 0.61ms, min = 0.00ms, total = 3.02ms
	RaySyncerRegister - 2 total (0 active), Execution time: mean = 0.00ms, total = 0.00ms, Queueing time: mean = 0.04ms, max = 0.06ms, min = 0.01ms, total = 0.08ms
	RaySyncer.BroadcastMessage - 1 total (0 active), Execution time: mean = 0.02ms, total = 0.02ms, Queueing time: mean = 0.00ms, max = 0.00ms, min = 0.00ms, total = 0.00ms
	 - 1 total (0 active), Execution time: mean = 0.16ms, total = 0.16ms, Queueing time: mean = 0.02ms, max = 0.02ms, min = 0.02ms, total = 0.02ms


[2026-06-04 23:06:10,543 I 512 512] (gcs_server) gcs_server.cc:940: ray_event_io_context Event stats:


Global stats: 230 total (0 active)
Queueing time: mean = 0.04ms, max = 8.24ms, min = 0.00ms, total = 10.30ms
Execution time:  mean = 0.02ms, total = 3.81ms
Event stats:
	event_loop_lag_probe - 230 total (0 active), Execution time: mean = 0.02ms, total = 3.81ms, Queueing time: mean = 0.04ms, max = 8.24ms, min = 0.00ms, total = 10.30ms


[2026-06-04 23:07:10,543 I 512 512] (gcs_server) gcs_server.cc:922: Gcs Debug state:

GcsNodeManager: 
- RegisterNode request count: 1
- DrainNode request count: 0
- GetAllNodeInfo request count: 3

GcsActorManager: 
- RegisterActor request count: 0
- CreateActor request count: 0
- GetActorInfo request count: 0
- GetNamedActorInfo request count: 0
- GetAllActorInfo request count: 0
- KillActor request count: 0
- ListNamedActors request count: 0
- Registered actors count: 0
- Destroyed actors count: 0
- Named actors count: 0
- Unresolved actors count: 0
- Pending actors count: 0
- Created actors count: 0
- owners_: 0
- actor_to_register_callbacks_: 0
- actor_to_restart_for_lineage_reconstruction_callbacks_: 0
- actor_to_create_callbacks_: 0
- sorted_destroyed_actor_list_: 0

GcsResourceManager: 
- GetAllAvailableResources request count: 0
- GetAllTotalResources request count: 0
- GetAllResourceUsage request count: 466

GcsPlacementGroupManager: 
- CreatePlacementGroup request count: 0
- RemovePlacementGroup request count: 0
- GetPlacementGroup request count: 0
- GetAllPlacementGroup request count: 0
- WaitPlacementGroupUntilReady request count: 0
- GetNamedPlacementGroup request count: 0
- Scheduling pending placement group count: 0
- Registered placement groups count: 0
- Named placement group count: 0
- Pending placement groups count: 0
- Infeasible placement groups count: 0

Publisher:
GCS_NODE_INFO_CHANNEL
- cumulative published messages: 1
- cumulative published bytes: 499
- current buffered bytes: 0
GCS_NODE_ADDRESS_AND_LIVENESS_CHANNEL
- cumulative published messages: 1
- cumulative published bytes: 92
- current buffered bytes: 0
RAY_LOG_CHANNEL
- cumulative published messages: 517
- cumulative published bytes: 442974
- current buffered bytes: 0

[runtime env manager] ID to URIs table:
[runtime env manager] URIs reference table:

GcsTaskManager: 
-Total num task events reported: 0
-Total num status task events dropped: 0
-Total num profile events dropped: 0
-Current num of task events stored: 0
-Total num of actor creation tasks: 0
-Total num of actor tasks: 0
-Total num of normal tasks: 0
-Total num of driver tasks: 0

GcsAutoscalerStateManager: 
- last_seen_autoscaler_state_version_: 0
- last_cluster_resource_state_version_: 466
- pending demands:



[2026-06-04 23:07:10,544 I 512 512] (gcs_server) gcs_server.cc:936: Main service Event stats:


Global stats: 19909 total (5 active)
Queueing time: mean = 2.01ms, max = 1522.53ms, min = 0.00ms, total = 40089.39ms
Execution time:  mean = 0.99ms, total = 19722.88ms
Event stats:
	GcsInMemoryStore.Put - 3754 total (0 active), Execution time: mean = 0.41ms, total = 1533.88ms, Queueing time: mean = 0.47ms, max = 1521.87ms, min = 0.00ms, total = 1777.80ms
	RayletLoadPulled - 2339 total (1 active), Execution time: mean = 0.23ms, total = 528.71ms, Queueing time: mean = 0.59ms, max = 297.72ms, min = 0.01ms, total = 1390.45ms
	NodeManagerService.grpc_client.GetResourceLoad.OnReplyReceived - 2325 total (0 active), Execution time: mean = 0.05ms, total = 108.48ms, Queueing time: mean = 0.28ms, max = 96.21ms, min = 0.01ms, total = 644.39ms
	NodeManagerService.grpc_client.GetResourceLoad - 2325 total (0 active), Execution time: mean = 5.72ms, total = 13309.30ms, Queueing time: mean = 0.00ms, max = -0.00ms, min = 9223372036854.78ms, total = 0.00ms
	InternalKVGcsService.grpc_server.InternalKVPut.HandleRequestImpl - 942 total (0 active), Execution time: mean = 0.05ms, total = 45.90ms, Queueing time: mean = 0.42ms, max = 96.13ms, min = 0.01ms, total = 399.62ms
	InternalKVGcsService.grpc_server.InternalKVPut - 942 total (0 active), Execution time: mean = 1.03ms, total = 972.53ms, Queueing time: mean = 0.00ms, max = -0.00ms, min = 9223372036854.78ms, total = 0.00ms
	ClusterResourceManager.ResetRemoteNodeView - 780 total (1 active), Execution time: mean = 0.01ms, total = 6.88ms, Queueing time: mean = 0.25ms, max = 95.89ms, min = 0.01ms, total = 194.26ms
	HealthCheck - 774 total (0 active), Execution time: mean = 0.00ms, total = 3.17ms, Queueing time: mean = 0.28ms, max = 96.16ms, min = 0.01ms, total = 216.47ms
	GcsInMemoryStore.Get - 582 total (0 active), Execution time: mean = 0.01ms, total = 7.37ms, Queueing time: mean = 0.01ms, max = 0.11ms, min = 0.01ms, total = 8.28ms
	InternalKVGcsService.grpc_server.InternalKVGet.HandleRequestImpl - 581 total (0 active), Execution time: mean = 0.09ms, total = 51.15ms, Queueing time: mean = 0.19ms, max = 95.88ms, min = 0.01ms, total = 107.79ms
	InternalKVGcsService.grpc_server.InternalKVGet - 581 total (0 active), Execution time: mean = 0.89ms, total = 514.63ms, Queueing time: mean = 0.00ms, max = -0.00ms, min = 9223372036854.78ms, total = 0.00ms
	NodeInfoGcsService.grpc_server.CheckAlive - 504 total (0 active), Execution time: mean = 0.58ms, total = 294.54ms, Queueing time: mean = 0.00ms, max = -0.00ms, min = 9223372036854.78ms, total = 0.00ms
	NodeInfoGcsService.grpc_server.CheckAlive.HandleRequestImpl - 504 total (0 active), Execution time: mean = 0.02ms, total = 10.54ms, Queueing time: mean = 0.03ms, max = 0.50ms, min = 0.01ms, total = 15.60ms
	GCSServer.deadline_timer.metrics_report - 468 total (1 active), Execution time: mean = 0.21ms, total = 100.23ms, Queueing time: mean = 0.38ms, max = 95.50ms, min = 0.01ms, total = 175.91ms
	AutoscalerStateService.grpc_server.GetClusterResourceState - 466 total (0 active), Execution time: mean = 0.34ms, total = 158.14ms, Queueing time: mean = 0.00ms, max = -0.00ms, min = 9223372036854.78ms, total = 0.00ms
	AutoscalerStateService.grpc_server.GetClusterResourceState.HandleRequestImpl - 466 total (0 active), Execution time: mean = 0.03ms, total = 16.23ms, Queueing time: mean = 0.02ms, max = 0.70ms, min = 0.01ms, total = 8.90ms
	NodeResourceInfoGcsService.grpc_server.GetAllResourceUsage.HandleRequestImpl - 466 total (0 active), Execution time: mean = 0.06ms, total = 28.57ms, Queueing time: mean = 0.04ms, max = 1.38ms, min = 0.01ms, total = 16.46ms
	NodeResourceInfoGcsService.grpc_server.GetAllResourceUsage - 466 total (0 active), Execution time: mean = 0.67ms, total = 310.77ms, Queueing time: mean = 0.00ms, max = -0.00ms, min = 9223372036854.78ms, total = 0.00ms
	event_loop_lag_probe - 236 total (0 active), Execution time: mean = 0.01ms, total = 2.95ms, Queueing time: mean = 0.07ms, max = 14.25ms, min = 0.00ms, total = 16.35ms
	GCSServer.deadline_timer.gcs_global_gc - 234 total (1 active), Execution time: mean = 0.01ms, total = 1.70ms, Queueing time: mean = 0.51ms, max = 66.72ms, min = 0.01ms, total = 119.31ms
	GCSServer.deadline_timer.debug_state_event_stats_print - 39 total (1 active, 1 running), Execution time: mean = 1.34ms, total = 52.28ms, Queueing time: mean = 1.75ms, max = 67.10ms, min = 0.02ms, total = 68.09ms
	ReporterService.grpc_client.HealthCheck.OnReplyReceived - 31 total (0 active), Execution time: mean = 0.16ms, total = 5.10ms, Queueing time: mean = 52.09ms, max = 1517.54ms, min = 0.02ms, total = 1614.71ms
	ReporterService.grpc_client.HealthCheck - 31 total (0 active), Execution time: mean = 3.62ms, total = 112.34ms, Queueing time: mean = 0.00ms, max = -0.00ms, min = 9223372036854.78ms, total = 0.00ms
	MetricsAgentClient.WaitForServerReadyWithRetry - 30 total (0 active), Execution time: mean = 0.27ms, total = 8.13ms, Queueing time: mean = 1008.67ms, max = 1097.53ms, min = 1000.02ms, total = 30260.04ms
	GcsInMemoryStore.GetAll - 6 total (0 active), Execution time: mean = 0.01ms, total = 0.06ms, Queueing time: mean = 0.06ms, max = 0.07ms, min = 0.01ms, total = 0.34ms
	PeriodicalRunner.RunFnPeriodically - 5 total (0 active), Execution time: mean = 0.11ms, total = 0.54ms, Queueing time: mean = 610.50ms, max = 1522.53ms, min = 2.26ms, total = 3052.48ms
	NodeInfoGcsService.grpc_server.GetClusterId - 4 total (0 active), Execution time: mean = 2.91ms, total = 11.62ms, Queueing time: mean = 0.00ms, max = -0.00ms, min = 9223372036854.78ms, total = 0.00ms
	NodeInfoGcsService.grpc_server.GetClusterId.HandleRequestImpl - 4 total (0 active), Execution time: mean = 0.54ms, total = 2.15ms, Queueing time: mean = 0.45ms, max = 1.73ms, min = 0.02ms, total = 1.81ms
	NodeInfoGcsService.grpc_server.GetAllNodeInfo.HandleRequestImpl - 2 total (0 active), Execution time: mean = 0.04ms, total = 0.08ms, Queueing time: mean = 0.02ms, max = 0.03ms, min = 0.01ms, total = 0.04ms
	NodeInfoGcsService.grpc_server.GetAllNodeInfo - 2 total (0 active), Execution time: mean = 0.36ms, total = 0.71ms, Queueing time: mean = 0.00ms, max = -0.00ms, min = 9223372036854.78ms, total = 0.00ms
	GcsInMemoryStore.Delete - 1 total (0 active), Execution time: mean = 0.01ms, total = 0.01ms, Queueing time: mean = 0.01ms, max = 0.01ms, min = 0.01ms, total = 0.01ms
	NodeManager.AddNodeCallback - 1 total (0 active), Execution time: mean = 0.45ms, total = 0.45ms, Queueing time: mean = 0.13ms, max = 0.13ms, min = 0.13ms, total = 0.13ms
	InternalKVGcsService.grpc_server.InternalKVDel - 1 total (0 active), Execution time: mean = 0.45ms, total = 0.45ms, Queueing time: mean = 0.00ms, max = -0.00ms, min = 9223372036854.78ms, total = 0.00ms
	JobInfoGcsService.grpc_server.GetAllJobInfo - 1 total (0 active), Execution time: mean = 0.35ms, total = 0.35ms, Queueing time: mean = 0.00ms, max = -0.00ms, min = 9223372036854.78ms, total = 0.00ms
	JobInfoGcsService.grpc_server.GetNextJobID.HandleRequestImpl - 1 total (0 active), Execution time: mean = 0.02ms, total = 0.02ms, Queueing time: mean = 0.02ms, max = 0.02ms, min = 0.02ms, total = 0.02ms
	JobInfoGcsService.grpc_server.GetNextJobID - 1 total (0 active), Execution time: mean = 0.35ms, total = 0.35ms, Queueing time: mean = 0.00ms, max = -0.00ms, min = 9223372036854.78ms, total = 0.00ms
	GcsHealthCheckManager::AddNode - 1 total (0 active), Execution time: mean = 0.02ms, total = 0.02ms, Queueing time: mean = 0.00ms, max = 0.00ms, min = 0.00ms, total = 0.00ms
	NodeInfoGcsService.grpc_server.GetAllNodeAddressAndLiveness - 1 total (0 active), Execution time: mean = 0.37ms, total = 0.37ms, Queueing time: mean = 0.00ms, max = -0.00ms, min = 9223372036854.78ms, total = 0.00ms
	JobInfoGcsService.grpc_server.GetAllJobInfo.HandleRequestImpl - 1 total (0 active), Execution time: mean = 0.04ms, total = 0.04ms, Queueing time: mean = 0.02ms, max = 0.02ms, min = 0.02ms, total = 0.02ms
	GcsResourceManager::Update - 1 total (0 active), Execution time: mean = 0.08ms, total = 0.08ms, Queueing time: mean = 0.01ms, max = 0.01ms, min = 0.01ms, total = 0.01ms
	NodeInfoGcsService.grpc_server.RegisterNode.HandleRequestImpl - 1 total (0 active), Execution time: mean = 0.23ms, total = 0.23ms, Queueing time: mean = 0.02ms, max = 0.02ms, min = 0.02ms, total = 0.02ms
	InternalKVGcsService.grpc_server.InternalKVDel.HandleRequestImpl - 1 total (0 active), Execution time: mean = 0.06ms, total = 0.06ms, Queueing time: mean = 0.01ms, max = 0.01ms, min = 0.01ms, total = 0.01ms
	InternalKVGcsService.grpc_server.GetInternalConfig.HandleRequestImpl - 1 total (0 active), Execution time: mean = 0.10ms, total = 0.10ms, Queueing time: mean = 0.02ms, max = 0.02ms, min = 0.02ms, total = 0.02ms
	NodeInfoGcsService.grpc_server.GetAllNodeAddressAndLiveness.HandleRequestImpl - 1 total (0 active), Execution time: mean = 0.01ms, total = 0.01ms, Queueing time: mean = 0.01ms, max = 0.01ms, min = 0.01ms, total = 0.01ms
	GcsHealthCheckManager::MarkNodeHealthy - 1 total (0 active), Execution time: mean = 0.00ms, total = 0.00ms, Queueing time: mean = 0.01ms, max = 0.01ms, min = 0.01ms, total = 0.01ms
	GcsInitData::AsyncLoad - 1 total (0 active), Execution time: mean = 0.01ms, total = 0.01ms, Queueing time: mean = 0.00ms, max = 0.00ms, min = 0.00ms, total = 0.00ms
	InternalKVGcsService.grpc_server.GetInternalConfig - 1 total (0 active), Execution time: mean = 0.65ms, total = 0.65ms, Queueing time: mean = 0.00ms, max = -0.00ms, min = 9223372036854.78ms, total = 0.00ms
	GcsInMemoryStore.GetNextJobID - 1 total (0 active), Execution time: mean = 0.01ms, total = 0.01ms, Queueing time: mean = 0.01ms, max = 0.01ms, min = 0.01ms, total = 0.01ms
	NodeInfoGcsService.grpc_server.RegisterNode - 1 total (0 active), Execution time: mean = 0.64ms, total = 0.64ms, Queueing time: mean = 0.00ms, max = -0.00ms, min = 9223372036854.78ms, total = 0.00ms
	GcsServer.GetOrGenerateClusterId.continuation - 1 total (0 active), Execution time: mean = 1520.34ms, total = 1520.34ms, Queueing time: mean = 0.00ms, max = 0.00ms, min = 0.00ms, total = 0.00ms


[2026-06-04 23:07:10,544 I 512 512] (gcs_server) gcs_server.cc:940: task_io_context Event stats:


Global stats: 706 total (1 active)
Queueing time: mean = 0.16ms, max = 89.27ms, min = -0.00ms, total = 113.32ms
Execution time:  mean = 0.01ms, total = 8.26ms
Event stats:
	GcsTaskManager.GcJobSummary - 469 total (1 active), Execution time: mean = 0.01ms, total = 4.52ms, Queueing time: mean = 0.24ms, max = 89.27ms, min = -0.00ms, total = 110.30ms
	event_loop_lag_probe - 236 total (0 active), Execution time: mean = 0.02ms, total = 3.73ms, Queueing time: mean = 0.01ms, max = 0.50ms, min = 0.00ms, total = 3.01ms
	PeriodicalRunner.RunFnPeriodically - 1 total (0 active), Execution time: mean = 0.02ms, total = 0.02ms, Queueing time: mean = 0.02ms, max = 0.02ms, min = 0.02ms, total = 0.02ms


[2026-06-04 23:07:10,544 I 512 512] (gcs_server) gcs_server.cc:940: pubsub_io_context Event stats:


Global stats: 1291 total (2 active)
Queueing time: mean = 0.26ms, max = 95.93ms, min = 0.00ms, total = 330.91ms
Execution time:  mean = 1383.20ms, total = 1785712.66ms
Event stats:
	InternalPubSubGcsService.grpc_server.GcsPublish - 517 total (0 active), Execution time: mean = 1.72ms, total = 890.15ms, Queueing time: mean = 0.00ms, max = -0.00ms, min = 9223372036854.78ms, total = 0.00ms
	InternalPubSubGcsService.grpc_server.GcsPublish.HandleRequestImpl - 517 total (0 active), Execution time: mean = 0.11ms, total = 57.87ms, Queueing time: mean = 0.59ms, max = 95.93ms, min = 0.01ms, total = 305.41ms
	event_loop_lag_probe - 236 total (0 active), Execution time: mean = 0.02ms, total = 3.96ms, Queueing time: mean = 0.07ms, max = 15.11ms, min = 0.00ms, total = 17.47ms
	Publisher.CheckDeadSubscribers - 8 total (1 active), Execution time: mean = 0.02ms, total = 0.12ms, Queueing time: mean = 0.04ms, max = 0.06ms, min = 0.03ms, total = 0.28ms
	InternalPubSubGcsService.grpc_server.GcsSubscriberPoll - 4 total (1 active), Execution time: mean = 446189.82ms, total = 1784759.26ms, Queueing time: mean = 0.00ms, max = -0.00ms, min = 9223372036854.78ms, total = 0.00ms
	InternalPubSubGcsService.grpc_server.GcsSubscriberPoll.HandleRequestImpl - 4 total (0 active), Execution time: mean = 0.07ms, total = 0.29ms, Queueing time: mean = 0.06ms, max = 0.19ms, min = 0.02ms, total = 0.26ms
	InternalPubSubGcsService.grpc_server.GcsSubscriberCommandBatch - 2 total (0 active), Execution time: mean = 0.37ms, total = 0.74ms, Queueing time: mean = 0.00ms, max = -0.00ms, min = 9223372036854.78ms, total = 0.00ms
	InternalPubSubGcsService.grpc_server.GcsSubscriberCommandBatch.HandleRequestImpl - 2 total (0 active), Execution time: mean = 0.10ms, total = 0.21ms, Queueing time: mean = 0.02ms, max = 0.03ms, min = 0.01ms, total = 0.04ms
	PeriodicalRunner.RunFnPeriodically - 1 total (0 active), Execution time: mean = 0.06ms, total = 0.06ms, Queueing time: mean = 7.44ms, max = 7.44ms, min = 7.44ms, total = 7.44ms


[2026-06-04 23:07:10,544 I 512 512] (gcs_server) gcs_server.cc:940: ray_syncer_io_context Event stats:


Global stats: 240 total (0 active)
Queueing time: mean = 0.01ms, max = 0.61ms, min = 0.00ms, total = 3.18ms
Execution time:  mean = 0.02ms, total = 4.53ms
Event stats:
	event_loop_lag_probe - 236 total (0 active), Execution time: mean = 0.02ms, total = 4.34ms, Queueing time: mean = 0.01ms, max = 0.61ms, min = 0.00ms, total = 3.08ms
	RaySyncerRegister - 2 total (0 active), Execution time: mean = 0.00ms, total = 0.00ms, Queueing time: mean = 0.04ms, max = 0.06ms, min = 0.01ms, total = 0.08ms
	RaySyncer.BroadcastMessage - 1 total (0 active), Execution time: mean = 0.02ms, total = 0.02ms, Queueing time: mean = 0.00ms, max = 0.00ms, min = 0.00ms, total = 0.00ms
	 - 1 total (0 active), Execution time: mean = 0.16ms, total = 0.16ms, Queueing time: mean = 0.02ms, max = 0.02ms, min = 0.02ms, total = 0.02ms


[2026-06-04 23:07:10,544 I 512 512] (gcs_server) gcs_server.cc:940: ray_event_io_context Event stats:


Global stats: 236 total (0 active)
Queueing time: mean = 0.04ms, max = 8.24ms, min = 0.00ms, total = 10.36ms
Execution time:  mean = 0.02ms, total = 3.90ms
Event stats:
	event_loop_lag_probe - 236 total (0 active), Execution time: mean = 0.02ms, total = 3.90ms, Queueing time: mean = 0.04ms, max = 8.24ms, min = 0.00ms, total = 10.36ms


[2026-06-04 23:08:10,544 I 512 512] (gcs_server) gcs_server.cc:922: Gcs Debug state:

GcsNodeManager: 
- RegisterNode request count: 1
- DrainNode request count: 0
- GetAllNodeInfo request count: 3

GcsActorManager: 
- RegisterActor request count: 0
- CreateActor request count: 0
- GetActorInfo request count: 0
- GetNamedActorInfo request count: 0
- GetAllActorInfo request count: 0
- KillActor request count: 0
- ListNamedActors request count: 0
- Registered actors count: 0
- Destroyed actors count: 0
- Named actors count: 0
- Unresolved actors count: 0
- Pending actors count: 0
- Created actors count: 0
- owners_: 0
- actor_to_register_callbacks_: 0
- actor_to_restart_for_lineage_reconstruction_callbacks_: 0
- actor_to_create_callbacks_: 0
- sorted_destroyed_actor_list_: 0

GcsResourceManager: 
- GetAllAvailableResources request count: 0
- GetAllTotalResources request count: 0
- GetAllResourceUsage request count: 478

GcsPlacementGroupManager: 
- CreatePlacementGroup request count: 0
- RemovePlacementGroup request count: 0
- GetPlacementGroup request count: 0
- GetAllPlacementGroup request count: 0
- WaitPlacementGroupUntilReady request count: 0
- GetNamedPlacementGroup request count: 0
- Scheduling pending placement group count: 0
- Registered placement groups count: 0
- Named placement group count: 0
- Pending placement groups count: 0
- Infeasible placement groups count: 0

Publisher:
GCS_NODE_INFO_CHANNEL
- cumulative published messages: 1
- cumulative published bytes: 499
- current buffered bytes: 0
GCS_NODE_ADDRESS_AND_LIVENESS_CHANNEL
- cumulative published messages: 1
- cumulative published bytes: 92
- current buffered bytes: 0
RAY_LOG_CHANNEL
- cumulative published messages: 529
- cumulative published bytes: 453258
- current buffered bytes: 0

[runtime env manager] ID to URIs table:
[runtime env manager] URIs reference table:

GcsTaskManager: 
-Total num task events reported: 0
-Total num status task events dropped: 0
-Total num profile events dropped: 0
-Current num of task events stored: 0
-Total num of actor creation tasks: 0
-Total num of actor tasks: 0
-Total num of normal tasks: 0
-Total num of driver tasks: 0

GcsAutoscalerStateManager: 
- last_seen_autoscaler_state_version_: 0
- last_cluster_resource_state_version_: 478
- pending demands:



[2026-06-04 23:08:10,545 I 512 512] (gcs_server) gcs_server.cc:936: Main service Event stats:


Global stats: 20408 total (5 active)
Queueing time: mean = 1.97ms, max = 1522.53ms, min = 0.00ms, total = 40104.95ms
Execution time:  mean = 0.97ms, total = 19852.00ms
Event stats:
	GcsInMemoryStore.Put - 3850 total (0 active), Execution time: mean = 0.40ms, total = 1534.22ms, Queueing time: mean = 0.46ms, max = 1521.87ms, min = 0.00ms, total = 1784.51ms
	RayletLoadPulled - 2399 total (1 active), Execution time: mean = 0.23ms, total = 545.28ms, Queueing time: mean = 0.58ms, max = 297.72ms, min = 0.01ms, total = 1393.24ms
	NodeManagerService.grpc_client.GetResourceLoad.OnReplyReceived - 2385 total (0 active), Execution time: mean = 0.05ms, total = 111.28ms, Queueing time: mean = 0.27ms, max = 96.21ms, min = 0.01ms, total = 646.00ms
	NodeManagerService.grpc_client.GetResourceLoad - 2385 total (0 active), Execution time: mean = 5.61ms, total = 13382.12ms, Queueing time: mean = 0.00ms, max = -0.00ms, min = 9223372036854.78ms, total = 0.00ms
	InternalKVGcsService.grpc_server.InternalKVPut.HandleRequestImpl - 966 total (0 active), Execution time: mean = 0.05ms, total = 47.23ms, Queueing time: mean = 0.41ms, max = 96.13ms, min = 0.01ms, total = 399.99ms
	InternalKVGcsService.grpc_server.InternalKVPut - 966 total (0 active), Execution time: mean = 1.01ms, total = 980.35ms, Queueing time: mean = 0.00ms, max = -0.00ms, min = 9223372036854.78ms, total = 0.00ms
	ClusterResourceManager.ResetRemoteNodeView - 800 total (1 active), Execution time: mean = 0.01ms, total = 7.04ms, Queueing time: mean = 0.24ms, max = 95.89ms, min = 0.01ms, total = 194.87ms
	HealthCheck - 794 total (0 active), Execution time: mean = 0.00ms, total = 3.30ms, Queueing time: mean = 0.27ms, max = 96.16ms, min = 0.01ms, total = 216.98ms
	GcsInMemoryStore.Get - 594 total (0 active), Execution time: mean = 0.01ms, total = 7.54ms, Queueing time: mean = 0.01ms, max = 0.11ms, min = 0.01ms, total = 8.46ms
	InternalKVGcsService.grpc_server.InternalKVGet.HandleRequestImpl - 593 total (0 active), Execution time: mean = 0.09ms, total = 52.48ms, Queueing time: mean = 0.18ms, max = 95.88ms, min = 0.01ms, total = 107.97ms
	InternalKVGcsService.grpc_server.InternalKVGet - 593 total (0 active), Execution time: mean = 0.88ms, total = 519.37ms, Queueing time: mean = 0.00ms, max = -0.00ms, min = 9223372036854.78ms, total = 0.00ms
	NodeInfoGcsService.grpc_server.CheckAlive - 517 total (0 active), Execution time: mean = 0.58ms, total = 299.92ms, Queueing time: mean = 0.00ms, max = -0.00ms, min = 9223372036854.78ms, total = 0.00ms
	NodeInfoGcsService.grpc_server.CheckAlive.HandleRequestImpl - 517 total (0 active), Execution time: mean = 0.02ms, total = 10.84ms, Queueing time: mean = 0.03ms, max = 0.50ms, min = 0.01ms, total = 15.96ms
	GCSServer.deadline_timer.metrics_report - 480 total (1 active), Execution time: mean = 0.21ms, total = 102.94ms, Queueing time: mean = 0.37ms, max = 95.50ms, min = 0.01ms, total = 176.25ms
	AutoscalerStateService.grpc_server.GetClusterResourceState - 478 total (0 active), Execution time: mean = 0.34ms, total = 162.38ms, Queueing time: mean = 0.00ms, max = -0.00ms, min = 9223372036854.78ms, total = 0.00ms
	AutoscalerStateService.grpc_server.GetClusterResourceState.HandleRequestImpl - 478 total (0 active), Execution time: mean = 0.03ms, total = 16.65ms, Queueing time: mean = 0.02ms, max = 0.70ms, min = 0.01ms, total = 9.10ms
	NodeResourceInfoGcsService.grpc_server.GetAllResourceUsage.HandleRequestImpl - 478 total (0 active), Execution time: mean = 0.06ms, total = 29.33ms, Queueing time: mean = 0.04ms, max = 1.38ms, min = 0.01ms, total = 16.83ms
	NodeResourceInfoGcsService.grpc_server.GetAllResourceUsage - 478 total (0 active), Execution time: mean = 0.66ms, total = 316.47ms, Queueing time: mean = 0.00ms, max = -0.00ms, min = 9223372036854.78ms, total = 0.00ms
	event_loop_lag_probe - 242 total (0 active), Execution time: mean = 0.01ms, total = 3.03ms, Queueing time: mean = 0.07ms, max = 14.25ms, min = 0.00ms, total = 16.39ms
	GCSServer.deadline_timer.gcs_global_gc - 240 total (1 active), Execution time: mean = 0.01ms, total = 1.73ms, Queueing time: mean = 0.50ms, max = 66.72ms, min = 0.01ms, total = 120.58ms
	GCSServer.deadline_timer.debug_state_event_stats_print - 40 total (1 active, 1 running), Execution time: mean = 1.34ms, total = 53.58ms, Queueing time: mean = 1.70ms, max = 67.10ms, min = 0.02ms, total = 68.12ms
	ReporterService.grpc_client.HealthCheck.OnReplyReceived - 31 total (0 active), Execution time: mean = 0.16ms, total = 5.10ms, Queueing time: mean = 52.09ms, max = 1517.54ms, min = 0.02ms, total = 1614.71ms
	ReporterService.grpc_client.HealthCheck - 31 total (0 active), Execution time: mean = 3.62ms, total = 112.34ms, Queueing time: mean = 0.00ms, max = -0.00ms, min = 9223372036854.78ms, total = 0.00ms
	MetricsAgentClient.WaitForServerReadyWithRetry - 30 total (0 active), Execution time: mean = 0.27ms, total = 8.13ms, Queueing time: mean = 1008.67ms, max = 1097.53ms, min = 1000.02ms, total = 30260.04ms
	GcsInMemoryStore.GetAll - 6 total (0 active), Execution time: mean = 0.01ms, total = 0.06ms, Queueing time: mean = 0.06ms, max = 0.07ms, min = 0.01ms, total = 0.34ms
	PeriodicalRunner.RunFnPeriodically - 5 total (0 active), Execution time: mean = 0.11ms, total = 0.54ms, Queueing time: mean = 610.50ms, max = 1522.53ms, min = 2.26ms, total = 3052.48ms
	NodeInfoGcsService.grpc_server.GetClusterId - 4 total (0 active), Execution time: mean = 2.91ms, total = 11.62ms, Queueing time: mean = 0.00ms, max = -0.00ms, min = 9223372036854.78ms, total = 0.00ms
	NodeInfoGcsService.grpc_server.GetClusterId.HandleRequestImpl - 4 total (0 active), Execution time: mean = 0.54ms, total = 2.15ms, Queueing time: mean = 0.45ms, max = 1.73ms, min = 0.02ms, total = 1.81ms
	NodeInfoGcsService.grpc_server.GetAllNodeInfo.HandleRequestImpl - 2 total (0 active), Execution time: mean = 0.04ms, total = 0.08ms, Queueing time: mean = 0.02ms, max = 0.03ms, min = 0.01ms, total = 0.04ms
	NodeInfoGcsService.grpc_server.GetAllNodeInfo - 2 total (0 active), Execution time: mean = 0.36ms, total = 0.71ms, Queueing time: mean = 0.00ms, max = -0.00ms, min = 9223372036854.78ms, total = 0.00ms
	GcsInMemoryStore.Delete - 1 total (0 active), Execution time: mean = 0.01ms, total = 0.01ms, Queueing time: mean = 0.01ms, max = 0.01ms, min = 0.01ms, total = 0.01ms
	NodeManager.AddNodeCallback - 1 total (0 active), Execution time: mean = 0.45ms, total = 0.45ms, Queueing time: mean = 0.13ms, max = 0.13ms, min = 0.13ms, total = 0.13ms
	InternalKVGcsService.grpc_server.InternalKVDel - 1 total (0 active), Execution time: mean = 0.45ms, total = 0.45ms, Queueing time: mean = 0.00ms, max = -0.00ms, min = 9223372036854.78ms, total = 0.00ms
	JobInfoGcsService.grpc_server.GetAllJobInfo - 1 total (0 active), Execution time: mean = 0.35ms, total = 0.35ms, Queueing time: mean = 0.00ms, max = -0.00ms, min = 9223372036854.78ms, total = 0.00ms
	JobInfoGcsService.grpc_server.GetNextJobID.HandleRequestImpl - 1 total (0 active), Execution time: mean = 0.02ms, total = 0.02ms, Queueing time: mean = 0.02ms, max = 0.02ms, min = 0.02ms, total = 0.02ms
	JobInfoGcsService.grpc_server.GetNextJobID - 1 total (0 active), Execution time: mean = 0.35ms, total = 0.35ms, Queueing time: mean = 0.00ms, max = -0.00ms, min = 9223372036854.78ms, total = 0.00ms
	GcsHealthCheckManager::AddNode - 1 total (0 active), Execution time: mean = 0.02ms, total = 0.02ms, Queueing time: mean = 0.00ms, max = 0.00ms, min = 0.00ms, total = 0.00ms
	NodeInfoGcsService.grpc_server.GetAllNodeAddressAndLiveness - 1 total (0 active), Execution time: mean = 0.37ms, total = 0.37ms, Queueing time: mean = 0.00ms, max = -0.00ms, min = 9223372036854.78ms, total = 0.00ms
	JobInfoGcsService.grpc_server.GetAllJobInfo.HandleRequestImpl - 1 total (0 active), Execution time: mean = 0.04ms, total = 0.04ms, Queueing time: mean = 0.02ms, max = 0.02ms, min = 0.02ms, total = 0.02ms
	GcsResourceManager::Update - 1 total (0 active), Execution time: mean = 0.08ms, total = 0.08ms, Queueing time: mean = 0.01ms, max = 0.01ms, min = 0.01ms, total = 0.01ms
	NodeInfoGcsService.grpc_server.RegisterNode.HandleRequestImpl - 1 total (0 active), Execution time: mean = 0.23ms, total = 0.23ms, Queueing time: mean = 0.02ms, max = 0.02ms, min = 0.02ms, total = 0.02ms
	InternalKVGcsService.grpc_server.InternalKVDel.HandleRequestImpl - 1 total (0 active), Execution time: mean = 0.06ms, total = 0.06ms, Queueing time: mean = 0.01ms, max = 0.01ms, min = 0.01ms, total = 0.01ms
	InternalKVGcsService.grpc_server.GetInternalConfig.HandleRequestImpl - 1 total (0 active), Execution time: mean = 0.10ms, total = 0.10ms, Queueing time: mean = 0.02ms, max = 0.02ms, min = 0.02ms, total = 0.02ms
	NodeInfoGcsService.grpc_server.GetAllNodeAddressAndLiveness.HandleRequestImpl - 1 total (0 active), Execution time: mean = 0.01ms, total = 0.01ms, Queueing time: mean = 0.01ms, max = 0.01ms, min = 0.01ms, total = 0.01ms
	GcsHealthCheckManager::MarkNodeHealthy - 1 total (0 active), Execution time: mean = 0.00ms, total = 0.00ms, Queueing time: mean = 0.01ms, max = 0.01ms, min = 0.01ms, total = 0.01ms
	GcsInitData::AsyncLoad - 1 total (0 active), Execution time: mean = 0.01ms, total = 0.01ms, Queueing time: mean = 0.00ms, max = 0.00ms, min = 0.00ms, total = 0.00ms
	InternalKVGcsService.grpc_server.GetInternalConfig - 1 total (0 active), Execution time: mean = 0.65ms, total = 0.65ms, Queueing time: mean = 0.00ms, max = -0.00ms, min = 9223372036854.78ms, total = 0.00ms
	GcsInMemoryStore.GetNextJobID - 1 total (0 active), Execution time: mean = 0.01ms, total = 0.01ms, Queueing time: mean = 0.01ms, max = 0.01ms, min = 0.01ms, total = 0.01ms
	NodeInfoGcsService.grpc_server.RegisterNode - 1 total (0 active), Execution time: mean = 0.64ms, total = 0.64ms, Queueing time: mean = 0.00ms, max = -0.00ms, min = 9223372036854.78ms, total = 0.00ms
	GcsServer.GetOrGenerateClusterId.continuation - 1 total (0 active), Execution time: mean = 1520.34ms, total = 1520.34ms, Queueing time: mean = 0.00ms, max = 0.00ms, min = 0.00ms, total = 0.00ms


[2026-06-04 23:08:10,545 I 512 512] (gcs_server) gcs_server.cc:940: task_io_context Event stats:


Global stats: 724 total (1 active)
Queueing time: mean = 0.16ms, max = 89.27ms, min = -0.00ms, total = 114.00ms
Execution time:  mean = 0.01ms, total = 8.47ms
Event stats:
	GcsTaskManager.GcJobSummary - 481 total (1 active), Execution time: mean = 0.01ms, total = 4.63ms, Queueing time: mean = 0.23ms, max = 89.27ms, min = -0.00ms, total = 110.91ms
	event_loop_lag_probe - 242 total (0 active), Execution time: mean = 0.02ms, total = 3.82ms, Queueing time: mean = 0.01ms, max = 0.50ms, min = 0.00ms, total = 3.07ms
	PeriodicalRunner.RunFnPeriodically - 1 total (0 active), Execution time: mean = 0.02ms, total = 0.02ms, Queueing time: mean = 0.02ms, max = 0.02ms, min = 0.02ms, total = 0.02ms


[2026-06-04 23:08:10,545 I 512 512] (gcs_server) gcs_server.cc:940: pubsub_io_context Event stats:


Global stats: 1324 total (2 active)
Queueing time: mean = 0.25ms, max = 95.93ms, min = 0.00ms, total = 331.47ms
Execution time:  mean = 1801.90ms, total = 2385718.90ms
Event stats:
	InternalPubSubGcsService.grpc_server.GcsPublish - 529 total (0 active), Execution time: mean = 1.69ms, total = 895.49ms, Queueing time: mean = 0.00ms, max = -0.00ms, min = 9223372036854.78ms, total = 0.00ms
	InternalPubSubGcsService.grpc_server.GcsPublish.HandleRequestImpl - 529 total (0 active), Execution time: mean = 0.11ms, total = 59.22ms, Queueing time: mean = 0.58ms, max = 95.93ms, min = 0.01ms, total = 305.84ms
	event_loop_lag_probe - 242 total (0 active), Execution time: mean = 0.02ms, total = 4.05ms, Queueing time: mean = 0.07ms, max = 15.11ms, min = 0.00ms, total = 17.53ms
	Publisher.CheckDeadSubscribers - 9 total (1 active), Execution time: mean = 0.02ms, total = 0.15ms, Queueing time: mean = 0.04ms, max = 0.06ms, min = 0.03ms, total = 0.33ms
	InternalPubSubGcsService.grpc_server.GcsSubscriberPoll - 5 total (1 active), Execution time: mean = 476951.72ms, total = 2384758.59ms, Queueing time: mean = 0.00ms, max = -0.00ms, min = 9223372036854.78ms, total = 0.00ms
	InternalPubSubGcsService.grpc_server.GcsSubscriberPoll.HandleRequestImpl - 5 total (0 active), Execution time: mean = 0.08ms, total = 0.38ms, Queueing time: mean = 0.06ms, max = 0.19ms, min = 0.02ms, total = 0.28ms
	InternalPubSubGcsService.grpc_server.GcsSubscriberCommandBatch - 2 total (0 active), Execution time: mean = 0.37ms, total = 0.74ms, Queueing time: mean = 0.00ms, max = -0.00ms, min = 9223372036854.78ms, total = 0.00ms
	InternalPubSubGcsService.grpc_server.GcsSubscriberCommandBatch.HandleRequestImpl - 2 total (0 active), Execution time: mean = 0.10ms, total = 0.21ms, Queueing time: mean = 0.02ms, max = 0.03ms, min = 0.01ms, total = 0.04ms
	PeriodicalRunner.RunFnPeriodically - 1 total (0 active), Execution time: mean = 0.06ms, total = 0.06ms, Queueing time: mean = 7.44ms, max = 7.44ms, min = 7.44ms, total = 7.44ms


[2026-06-04 23:08:10,545 I 512 512] (gcs_server) gcs_server.cc:940: ray_syncer_io_context Event stats:


Global stats: 246 total (0 active)
Queueing time: mean = 0.01ms, max = 0.61ms, min = 0.00ms, total = 3.24ms
Execution time:  mean = 0.02ms, total = 4.63ms
Event stats:
	event_loop_lag_probe - 242 total (0 active), Execution time: mean = 0.02ms, total = 4.45ms, Queueing time: mean = 0.01ms, max = 0.61ms, min = 0.00ms, total = 3.15ms
	RaySyncerRegister - 2 total (0 active), Execution time: mean = 0.00ms, total = 0.00ms, Queueing time: mean = 0.04ms, max = 0.06ms, min = 0.01ms, total = 0.08ms
	RaySyncer.BroadcastMessage - 1 total (0 active), Execution time: mean = 0.02ms, total = 0.02ms, Queueing time: mean = 0.00ms, max = 0.00ms, min = 0.00ms, total = 0.00ms
	 - 1 total (0 active), Execution time: mean = 0.16ms, total = 0.16ms, Queueing time: mean = 0.02ms, max = 0.02ms, min = 0.02ms, total = 0.02ms


[2026-06-04 23:08:10,546 I 512 512] (gcs_server) gcs_server.cc:940: ray_event_io_context Event stats:


Global stats: 242 total (0 active)
Queueing time: mean = 0.04ms, max = 8.24ms, min = 0.00ms, total = 10.42ms
Execution time:  mean = 0.02ms, total = 4.00ms
Event stats:
	event_loop_lag_probe - 242 total (0 active), Execution time: mean = 0.02ms, total = 4.00ms, Queueing time: mean = 0.04ms, max = 8.24ms, min = 0.00ms, total = 10.42ms


[2026-06-04 23:09:10,546 I 512 512] (gcs_server) gcs_server.cc:922: Gcs Debug state:

GcsNodeManager: 
- RegisterNode request count: 1
- DrainNode request count: 0
- GetAllNodeInfo request count: 3

GcsActorManager: 
- RegisterActor request count: 0
- CreateActor request count: 0
- GetActorInfo request count: 0
- GetNamedActorInfo request count: 0
- GetAllActorInfo request count: 0
- KillActor request count: 0
- ListNamedActors request count: 0
- Registered actors count: 0
- Destroyed actors count: 0
- Named actors count: 0
- Unresolved actors count: 0
- Pending actors count: 0
- Created actors count: 0
- owners_: 0
- actor_to_register_callbacks_: 0
- actor_to_restart_for_lineage_reconstruction_callbacks_: 0
- actor_to_create_callbacks_: 0
- sorted_destroyed_actor_list_: 0

GcsResourceManager: 
- GetAllAvailableResources request count: 0
- GetAllTotalResources request count: 0
- GetAllResourceUsage request count: 490

GcsPlacementGroupManager: 
- CreatePlacementGroup request count: 0
- RemovePlacementGroup request count: 0
- GetPlacementGroup request count: 0
- GetAllPlacementGroup request count: 0
- WaitPlacementGroupUntilReady request count: 0
- GetNamedPlacementGroup request count: 0
- Scheduling pending placement group count: 0
- Registered placement groups count: 0
- Named placement group count: 0
- Pending placement groups count: 0
- Infeasible placement groups count: 0

Publisher:
GCS_NODE_INFO_CHANNEL
- cumulative published messages: 1
- cumulative published bytes: 499
- current buffered bytes: 0
GCS_NODE_ADDRESS_AND_LIVENESS_CHANNEL
- cumulative published messages: 1
- cumulative published bytes: 92
- current buffered bytes: 0
RAY_LOG_CHANNEL
- cumulative published messages: 541
- cumulative published bytes: 463542
- current buffered bytes: 0

[runtime env manager] ID to URIs table:
[runtime env manager] URIs reference table:

GcsTaskManager: 
-Total num task events reported: 0
-Total num status task events dropped: 0
-Total num profile events dropped: 0
-Current num of task events stored: 0
-Total num of actor creation tasks: 0
-Total num of actor tasks: 0
-Total num of normal tasks: 0
-Total num of driver tasks: 0

GcsAutoscalerStateManager: 
- last_seen_autoscaler_state_version_: 0
- last_cluster_resource_state_version_: 490
- pending demands:



[2026-06-04 23:09:10,546 I 512 512] (gcs_server) gcs_server.cc:936: Main service Event stats:


Global stats: 20907 total (5 active)
Queueing time: mean = 1.92ms, max = 1522.53ms, min = 0.00ms, total = 40118.99ms
Execution time:  mean = 0.95ms, total = 19964.34ms
Event stats:
	GcsInMemoryStore.Put - 3946 total (0 active), Execution time: mean = 0.39ms, total = 1534.54ms, Queueing time: mean = 0.45ms, max = 1521.87ms, min = 0.00ms, total = 1790.83ms
	RayletLoadPulled - 2459 total (1 active), Execution time: mean = 0.23ms, total = 557.05ms, Queueing time: mean = 0.57ms, max = 297.72ms, min = 0.01ms, total = 1394.99ms
	NodeManagerService.grpc_client.GetResourceLoad.OnReplyReceived - 2445 total (0 active), Execution time: mean = 0.05ms, total = 113.93ms, Queueing time: mean = 0.26ms, max = 96.21ms, min = 0.01ms, total = 647.47ms
	NodeManagerService.grpc_client.GetResourceLoad - 2445 total (0 active), Execution time: mean = 5.50ms, total = 13446.61ms, Queueing time: mean = 0.00ms, max = -0.00ms, min = 9223372036854.78ms, total = 0.00ms
	InternalKVGcsService.grpc_server.InternalKVPut.HandleRequestImpl - 990 total (0 active), Execution time: mean = 0.05ms, total = 48.49ms, Queueing time: mean = 0.40ms, max = 96.13ms, min = 0.01ms, total = 400.32ms
	InternalKVGcsService.grpc_server.InternalKVPut - 990 total (0 active), Execution time: mean = 1.00ms, total = 987.53ms, Queueing time: mean = 0.00ms, max = -0.00ms, min = 9223372036854.78ms, total = 0.00ms
	ClusterResourceManager.ResetRemoteNodeView - 820 total (1 active), Execution time: mean = 0.01ms, total = 7.18ms, Queueing time: mean = 0.24ms, max = 95.89ms, min = 0.01ms, total = 195.40ms
	HealthCheck - 814 total (0 active), Execution time: mean = 0.00ms, total = 3.41ms, Queueing time: mean = 0.27ms, max = 96.16ms, min = 0.01ms, total = 217.42ms
	GcsInMemoryStore.Get - 606 total (0 active), Execution time: mean = 0.01ms, total = 7.69ms, Queueing time: mean = 0.01ms, max = 0.11ms, min = 0.01ms, total = 8.66ms
	InternalKVGcsService.grpc_server.InternalKVGet.HandleRequestImpl - 605 total (0 active), Execution time: mean = 0.09ms, total = 53.72ms, Queueing time: mean = 0.18ms, max = 95.88ms, min = 0.01ms, total = 108.16ms
	InternalKVGcsService.grpc_server.InternalKVGet - 605 total (0 active), Execution time: mean = 0.87ms, total = 523.67ms, Queueing time: mean = 0.00ms, max = -0.00ms, min = 9223372036854.78ms, total = 0.00ms
	NodeInfoGcsService.grpc_server.CheckAlive - 530 total (0 active), Execution time: mean = 0.57ms, total = 304.50ms, Queueing time: mean = 0.00ms, max = -0.00ms, min = 9223372036854.78ms, total = 0.00ms
	NodeInfoGcsService.grpc_server.CheckAlive.HandleRequestImpl - 530 total (0 active), Execution time: mean = 0.02ms, total = 11.10ms, Queueing time: mean = 0.03ms, max = 0.50ms, min = 0.01ms, total = 16.28ms
	GCSServer.deadline_timer.metrics_report - 492 total (1 active), Execution time: mean = 0.21ms, total = 105.39ms, Queueing time: mean = 0.36ms, max = 95.50ms, min = 0.01ms, total = 176.55ms
	AutoscalerStateService.grpc_server.GetClusterResourceState - 490 total (0 active), Execution time: mean = 0.34ms, total = 165.97ms, Queueing time: mean = 0.00ms, max = -0.00ms, min = 9223372036854.78ms, total = 0.00ms
	AutoscalerStateService.grpc_server.GetClusterResourceState.HandleRequestImpl - 490 total (0 active), Execution time: mean = 0.03ms, total = 17.06ms, Queueing time: mean = 0.02ms, max = 0.70ms, min = 0.01ms, total = 9.31ms
	NodeResourceInfoGcsService.grpc_server.GetAllResourceUsage.HandleRequestImpl - 490 total (0 active), Execution time: mean = 0.06ms, total = 30.04ms, Queueing time: mean = 0.03ms, max = 1.38ms, min = 0.01ms, total = 17.14ms
	NodeResourceInfoGcsService.grpc_server.GetAllResourceUsage - 490 total (0 active), Execution time: mean = 0.66ms, total = 321.52ms, Queueing time: mean = 0.00ms, max = -0.00ms, min = 9223372036854.78ms, total = 0.00ms
	event_loop_lag_probe - 248 total (0 active), Execution time: mean = 0.01ms, total = 3.11ms, Queueing time: mean = 0.07ms, max = 14.25ms, min = 0.00ms, total = 16.44ms
	GCSServer.deadline_timer.gcs_global_gc - 246 total (1 active), Execution time: mean = 0.01ms, total = 1.76ms, Queueing time: mean = 0.50ms, max = 66.72ms, min = 0.01ms, total = 122.17ms
	GCSServer.deadline_timer.debug_state_event_stats_print - 41 total (1 active, 1 running), Execution time: mean = 1.35ms, total = 55.16ms, Queueing time: mean = 1.66ms, max = 67.10ms, min = 0.02ms, total = 68.14ms
	ReporterService.grpc_client.HealthCheck.OnReplyReceived - 31 total (0 active), Execution time: mean = 0.16ms, total = 5.10ms, Queueing time: mean = 52.09ms, max = 1517.54ms, min = 0.02ms, total = 1614.71ms
	ReporterService.grpc_client.HealthCheck - 31 total (0 active), Execution time: mean = 3.62ms, total = 112.34ms, Queueing time: mean = 0.00ms, max = -0.00ms, min = 9223372036854.78ms, total = 0.00ms
	MetricsAgentClient.WaitForServerReadyWithRetry - 30 total (0 active), Execution time: mean = 0.27ms, total = 8.13ms, Queueing time: mean = 1008.67ms, max = 1097.53ms, min = 1000.02ms, total = 30260.04ms
	GcsInMemoryStore.GetAll - 6 total (0 active), Execution time: mean = 0.01ms, total = 0.06ms, Queueing time: mean = 0.06ms, max = 0.07ms, min = 0.01ms, total = 0.34ms
	PeriodicalRunner.RunFnPeriodically - 5 total (0 active), Execution time: mean = 0.11ms, total = 0.54ms, Queueing time: mean = 610.50ms, max = 1522.53ms, min = 2.26ms, total = 3052.48ms
	NodeInfoGcsService.grpc_server.GetClusterId - 4 total (0 active), Execution time: mean = 2.91ms, total = 11.62ms, Queueing time: mean = 0.00ms, max = -0.00ms, min = 9223372036854.78ms, total = 0.00ms
	NodeInfoGcsService.grpc_server.GetClusterId.HandleRequestImpl - 4 total (0 active), Execution time: mean = 0.54ms, total = 2.15ms, Queueing time: mean = 0.45ms, max = 1.73ms, min = 0.02ms, total = 1.81ms
	NodeInfoGcsService.grpc_server.GetAllNodeInfo.HandleRequestImpl - 2 total (0 active), Execution time: mean = 0.04ms, total = 0.08ms, Queueing time: mean = 0.02ms, max = 0.03ms, min = 0.01ms, total = 0.04ms
	NodeInfoGcsService.grpc_server.GetAllNodeInfo - 2 total (0 active), Execution time: mean = 0.36ms, total = 0.71ms, Queueing time: mean = 0.00ms, max = -0.00ms, min = 9223372036854.78ms, total = 0.00ms
	GcsInMemoryStore.Delete - 1 total (0 active), Execution time: mean = 0.01ms, total = 0.01ms, Queueing time: mean = 0.01ms, max = 0.01ms, min = 0.01ms, total = 0.01ms
	NodeManager.AddNodeCallback - 1 total (0 active), Execution time: mean = 0.45ms, total = 0.45ms, Queueing time: mean = 0.13ms, max = 0.13ms, min = 0.13ms, total = 0.13ms
	InternalKVGcsService.grpc_server.InternalKVDel - 1 total (0 active), Execution time: mean = 0.45ms, total = 0.45ms, Queueing time: mean = 0.00ms, max = -0.00ms, min = 9223372036854.78ms, total = 0.00ms
	JobInfoGcsService.grpc_server.GetAllJobInfo - 1 total (0 active), Execution time: mean = 0.35ms, total = 0.35ms, Queueing time: mean = 0.00ms, max = -0.00ms, min = 9223372036854.78ms, total = 0.00ms
	JobInfoGcsService.grpc_server.GetNextJobID.HandleRequestImpl - 1 total (0 active), Execution time: mean = 0.02ms, total = 0.02ms, Queueing time: mean = 0.02ms, max = 0.02ms, min = 0.02ms, total = 0.02ms
	JobInfoGcsService.grpc_server.GetNextJobID - 1 total (0 active), Execution time: mean = 0.35ms, total = 0.35ms, Queueing time: mean = 0.00ms, max = -0.00ms, min = 9223372036854.78ms, total = 0.00ms
	GcsHealthCheckManager::AddNode - 1 total (0 active), Execution time: mean = 0.02ms, total = 0.02ms, Queueing time: mean = 0.00ms, max = 0.00ms, min = 0.00ms, total = 0.00ms
	NodeInfoGcsService.grpc_server.GetAllNodeAddressAndLiveness - 1 total (0 active), Execution time: mean = 0.37ms, total = 0.37ms, Queueing time: mean = 0.00ms, max = -0.00ms, min = 9223372036854.78ms, total = 0.00ms
	JobInfoGcsService.grpc_server.GetAllJobInfo.HandleRequestImpl - 1 total (0 active), Execution time: mean = 0.04ms, total = 0.04ms, Queueing time: mean = 0.02ms, max = 0.02ms, min = 0.02ms, total = 0.02ms
	GcsResourceManager::Update - 1 total (0 active), Execution time: mean = 0.08ms, total = 0.08ms, Queueing time: mean = 0.01ms, max = 0.01ms, min = 0.01ms, total = 0.01ms
	NodeInfoGcsService.grpc_server.RegisterNode.HandleRequestImpl - 1 total (0 active), Execution time: mean = 0.23ms, total = 0.23ms, Queueing time: mean = 0.02ms, max = 0.02ms, min = 0.02ms, total = 0.02ms
	InternalKVGcsService.grpc_server.InternalKVDel.HandleRequestImpl - 1 total (0 active), Execution time: mean = 0.06ms, total = 0.06ms, Queueing time: mean = 0.01ms, max = 0.01ms, min = 0.01ms, total = 0.01ms
	InternalKVGcsService.grpc_server.GetInternalConfig.HandleRequestImpl - 1 total (0 active), Execution time: mean = 0.10ms, total = 0.10ms, Queueing time: mean = 0.02ms, max = 0.02ms, min = 0.02ms, total = 0.02ms
	NodeInfoGcsService.grpc_server.GetAllNodeAddressAndLiveness.HandleRequestImpl - 1 total (0 active), Execution time: mean = 0.01ms, total = 0.01ms, Queueing time: mean = 0.01ms, max = 0.01ms, min = 0.01ms, total = 0.01ms
	GcsHealthCheckManager::MarkNodeHealthy - 1 total (0 active), Execution time: mean = 0.00ms, total = 0.00ms, Queueing time: mean = 0.01ms, max = 0.01ms, min = 0.01ms, total = 0.01ms
	GcsInitData::AsyncLoad - 1 total (0 active), Execution time: mean = 0.01ms, total = 0.01ms, Queueing time: mean = 0.00ms, max = 0.00ms, min = 0.00ms, total = 0.00ms
	InternalKVGcsService.grpc_server.GetInternalConfig - 1 total (0 active), Execution time: mean = 0.65ms, total = 0.65ms, Queueing time: mean = 0.00ms, max = -0.00ms, min = 9223372036854.78ms, total = 0.00ms
	GcsInMemoryStore.GetNextJobID - 1 total (0 active), Execution time: mean = 0.01ms, total = 0.01ms, Queueing time: mean = 0.01ms, max = 0.01ms, min = 0.01ms, total = 0.01ms
	NodeInfoGcsService.grpc_server.RegisterNode - 1 total (0 active), Execution time: mean = 0.64ms, total = 0.64ms, Queueing time: mean = 0.00ms, max = -0.00ms, min = 9223372036854.78ms, total = 0.00ms
	GcsServer.GetOrGenerateClusterId.continuation - 1 total (0 active), Execution time: mean = 1520.34ms, total = 1520.34ms, Queueing time: mean = 0.00ms, max = 0.00ms, min = 0.00ms, total = 0.00ms


[2026-06-04 23:09:10,547 I 512 512] (gcs_server) gcs_server.cc:940: task_io_context Event stats:


Global stats: 742 total (1 active)
Queueing time: mean = 0.15ms, max = 89.27ms, min = -0.00ms, total = 114.59ms
Execution time:  mean = 0.01ms, total = 8.66ms
Event stats:
	GcsTaskManager.GcJobSummary - 493 total (1 active), Execution time: mean = 0.01ms, total = 4.74ms, Queueing time: mean = 0.23ms, max = 89.27ms, min = -0.00ms, total = 111.43ms
	event_loop_lag_probe - 248 total (0 active), Execution time: mean = 0.02ms, total = 3.91ms, Queueing time: mean = 0.01ms, max = 0.50ms, min = 0.00ms, total = 3.14ms
	PeriodicalRunner.RunFnPeriodically - 1 total (0 active), Execution time: mean = 0.02ms, total = 0.02ms, Queueing time: mean = 0.02ms, max = 0.02ms, min = 0.02ms, total = 0.02ms


[2026-06-04 23:09:10,547 I 512 512] (gcs_server) gcs_server.cc:940: pubsub_io_context Event stats:


Global stats: 1354 total (2 active)
Queueing time: mean = 0.25ms, max = 95.93ms, min = 0.00ms, total = 331.88ms
Execution time:  mean = 1761.98ms, total = 2385724.99ms
Event stats:
	InternalPubSubGcsService.grpc_server.GcsPublish - 541 total (0 active), Execution time: mean = 1.66ms, total = 900.39ms, Queueing time: mean = 0.00ms, max = -0.00ms, min = 9223372036854.78ms, total = 0.00ms
	InternalPubSubGcsService.grpc_server.GcsPublish.HandleRequestImpl - 541 total (0 active), Execution time: mean = 0.11ms, total = 60.32ms, Queueing time: mean = 0.57ms, max = 95.93ms, min = 0.01ms, total = 306.21ms
	event_loop_lag_probe - 248 total (0 active), Execution time: mean = 0.02ms, total = 4.14ms, Queueing time: mean = 0.07ms, max = 15.11ms, min = 0.00ms, total = 17.58ms
	Publisher.CheckDeadSubscribers - 9 total (1 active), Execution time: mean = 0.02ms, total = 0.15ms, Queueing time: mean = 0.04ms, max = 0.06ms, min = 0.03ms, total = 0.33ms
	InternalPubSubGcsService.grpc_server.GcsSubscriberPoll - 5 total (1 active), Execution time: mean = 476951.72ms, total = 2384758.59ms, Queueing time: mean = 0.00ms, max = -0.00ms, min = 9223372036854.78ms, total = 0.00ms
	InternalPubSubGcsService.grpc_server.GcsSubscriberPoll.HandleRequestImpl - 5 total (0 active), Execution time: mean = 0.08ms, total = 0.38ms, Queueing time: mean = 0.06ms, max = 0.19ms, min = 0.02ms, total = 0.28ms
	InternalPubSubGcsService.grpc_server.GcsSubscriberCommandBatch - 2 total (0 active), Execution time: mean = 0.37ms, total = 0.74ms, Queueing time: mean = 0.00ms, max = -0.00ms, min = 9223372036854.78ms, total = 0.00ms
	InternalPubSubGcsService.grpc_server.GcsSubscriberCommandBatch.HandleRequestImpl - 2 total (0 active), Execution time: mean = 0.10ms, total = 0.21ms, Queueing time: mean = 0.02ms, max = 0.03ms, min = 0.01ms, total = 0.04ms
	PeriodicalRunner.RunFnPeriodically - 1 total (0 active), Execution time: mean = 0.06ms, total = 0.06ms, Queueing time: mean = 7.44ms, max = 7.44ms, min = 7.44ms, total = 7.44ms


[2026-06-04 23:09:10,547 I 512 512] (gcs_server) gcs_server.cc:940: ray_syncer_io_context Event stats:


Global stats: 252 total (0 active)
Queueing time: mean = 0.01ms, max = 0.61ms, min = 0.00ms, total = 3.30ms
Execution time:  mean = 0.02ms, total = 4.73ms
Event stats:
	event_loop_lag_probe - 248 total (0 active), Execution time: mean = 0.02ms, total = 4.54ms, Queueing time: mean = 0.01ms, max = 0.61ms, min = 0.00ms, total = 3.21ms
	RaySyncerRegister - 2 total (0 active), Execution time: mean = 0.00ms, total = 0.00ms, Queueing time: mean = 0.04ms, max = 0.06ms, min = 0.01ms, total = 0.08ms
	RaySyncer.BroadcastMessage - 1 total (0 active), Execution time: mean = 0.02ms, total = 0.02ms, Queueing time: mean = 0.00ms, max = 0.00ms, min = 0.00ms, total = 0.00ms
	 - 1 total (0 active), Execution time: mean = 0.16ms, total = 0.16ms, Queueing time: mean = 0.02ms, max = 0.02ms, min = 0.02ms, total = 0.02ms


[2026-06-04 23:09:10,547 I 512 512] (gcs_server) gcs_server.cc:940: ray_event_io_context Event stats:


Global stats: 248 total (0 active)
Queueing time: mean = 0.04ms, max = 8.24ms, min = 0.00ms, total = 10.46ms
Execution time:  mean = 0.02ms, total = 4.09ms
Event stats:
	event_loop_lag_probe - 248 total (0 active), Execution time: mean = 0.02ms, total = 4.09ms, Queueing time: mean = 0.04ms, max = 8.24ms, min = 0.00ms, total = 10.46ms


[2026-06-04 23:10:10,547 I 512 512] (gcs_server) gcs_server.cc:922: Gcs Debug state:

GcsNodeManager: 
- RegisterNode request count: 1
- DrainNode request count: 0
- GetAllNodeInfo request count: 3

GcsActorManager: 
- RegisterActor request count: 0
- CreateActor request count: 0
- GetActorInfo request count: 0
- GetNamedActorInfo request count: 0
- GetAllActorInfo request count: 0
- KillActor request count: 0
- ListNamedActors request count: 0
- Registered actors count: 0
- Destroyed actors count: 0
- Named actors count: 0
- Unresolved actors count: 0
- Pending actors count: 0
- Created actors count: 0
- owners_: 0
- actor_to_register_callbacks_: 0
- actor_to_restart_for_lineage_reconstruction_callbacks_: 0
- actor_to_create_callbacks_: 0
- sorted_destroyed_actor_list_: 0

GcsResourceManager: 
- GetAllAvailableResources request count: 0
- GetAllTotalResources request count: 0
- GetAllResourceUsage request count: 502

GcsPlacementGroupManager: 
- CreatePlacementGroup request count: 0
- RemovePlacementGroup request count: 0
- GetPlacementGroup request count: 0
- GetAllPlacementGroup request count: 0
- WaitPlacementGroupUntilReady request count: 0
- GetNamedPlacementGroup request count: 0
- Scheduling pending placement group count: 0
- Registered placement groups count: 0
- Named placement group count: 0
- Pending placement groups count: 0
- Infeasible placement groups count: 0

Publisher:
GCS_NODE_INFO_CHANNEL
- cumulative published messages: 1
- cumulative published bytes: 499
- current buffered bytes: 0
GCS_NODE_ADDRESS_AND_LIVENESS_CHANNEL
- cumulative published messages: 1
- cumulative published bytes: 92
- current buffered bytes: 0
RAY_LOG_CHANNEL
- cumulative published messages: 553
- cumulative published bytes: 473826
- current buffered bytes: 0

[runtime env manager] ID to URIs table:
[runtime env manager] URIs reference table:

GcsTaskManager: 
-Total num task events reported: 0
-Total num status task events dropped: 0
-Total num profile events dropped: 0
-Current num of task events stored: 0
-Total num of actor creation tasks: 0
-Total num of actor tasks: 0
-Total num of normal tasks: 0
-Total num of driver tasks: 0

GcsAutoscalerStateManager: 
- last_seen_autoscaler_state_version_: 0
- last_cluster_resource_state_version_: 502
- pending demands:



[2026-06-04 23:10:10,548 I 512 512] (gcs_server) gcs_server.cc:936: Main service Event stats:


Global stats: 21406 total (5 active)
Queueing time: mean = 1.87ms, max = 1522.53ms, min = 0.00ms, total = 40132.91ms
Execution time:  mean = 0.94ms, total = 20076.23ms
Event stats:
	GcsInMemoryStore.Put - 4042 total (0 active), Execution time: mean = 0.38ms, total = 1534.85ms, Queueing time: mean = 0.44ms, max = 1521.87ms, min = 0.00ms, total = 1797.30ms
	RayletLoadPulled - 2519 total (1 active), Execution time: mean = 0.23ms, total = 568.53ms, Queueing time: mean = 0.55ms, max = 297.72ms, min = 0.01ms, total = 1396.73ms
	NodeManagerService.grpc_client.GetResourceLoad.OnReplyReceived - 2505 total (0 active), Execution time: mean = 0.05ms, total = 116.59ms, Queueing time: mean = 0.26ms, max = 96.21ms, min = 0.01ms, total = 648.91ms
	NodeManagerService.grpc_client.GetResourceLoad - 2505 total (0 active), Execution time: mean = 5.39ms, total = 13510.21ms, Queueing time: mean = 0.00ms, max = -0.00ms, min = 9223372036854.78ms, total = 0.00ms
	InternalKVGcsService.grpc_server.InternalKVPut.HandleRequestImpl - 1014 total (0 active), Execution time: mean = 0.05ms, total = 49.71ms, Queueing time: mean = 0.40ms, max = 96.13ms, min = 0.01ms, total = 400.66ms
	InternalKVGcsService.grpc_server.InternalKVPut - 1014 total (0 active), Execution time: mean = 0.98ms, total = 994.72ms, Queueing time: mean = 0.00ms, max = -0.00ms, min = 9223372036854.78ms, total = 0.00ms
	ClusterResourceManager.ResetRemoteNodeView - 840 total (1 active), Execution time: mean = 0.01ms, total = 7.32ms, Queueing time: mean = 0.23ms, max = 95.89ms, min = 0.01ms, total = 195.95ms
	HealthCheck - 834 total (0 active), Execution time: mean = 0.00ms, total = 3.52ms, Queueing time: mean = 0.26ms, max = 96.16ms, min = 0.01ms, total = 217.86ms
	GcsInMemoryStore.Get - 618 total (0 active), Execution time: mean = 0.01ms, total = 7.89ms, Queueing time: mean = 0.01ms, max = 0.11ms, min = 0.01ms, total = 8.91ms
	InternalKVGcsService.grpc_server.InternalKVGet.HandleRequestImpl - 617 total (0 active), Execution time: mean = 0.09ms, total = 55.17ms, Queueing time: mean = 0.18ms, max = 95.88ms, min = 0.01ms, total = 108.38ms
	InternalKVGcsService.grpc_server.InternalKVGet - 617 total (0 active), Execution time: mean = 0.86ms, total = 528.71ms, Queueing time: mean = 0.00ms, max = -0.00ms, min = 9223372036854.78ms, total = 0.00ms
	NodeInfoGcsService.grpc_server.CheckAlive - 543 total (0 active), Execution time: mean = 0.57ms, total = 308.93ms, Queueing time: mean = 0.00ms, max = -0.00ms, min = 9223372036854.78ms, total = 0.00ms
	NodeInfoGcsService.grpc_server.CheckAlive.HandleRequestImpl - 543 total (0 active), Execution time: mean = 0.02ms, total = 11.34ms, Queueing time: mean = 0.03ms, max = 0.50ms, min = 0.01ms, total = 16.59ms
	GCSServer.deadline_timer.metrics_report - 504 total (1 active), Execution time: mean = 0.21ms, total = 107.78ms, Queueing time: mean = 0.35ms, max = 95.50ms, min = 0.01ms, total = 176.82ms
	AutoscalerStateService.grpc_server.GetClusterResourceState - 502 total (0 active), Execution time: mean = 0.34ms, total = 169.78ms, Queueing time: mean = 0.00ms, max = -0.00ms, min = 9223372036854.78ms, total = 0.00ms
	AutoscalerStateService.grpc_server.GetClusterResourceState.HandleRequestImpl - 502 total (0 active), Execution time: mean = 0.03ms, total = 17.45ms, Queueing time: mean = 0.02ms, max = 0.70ms, min = 0.01ms, total = 9.49ms
	NodeResourceInfoGcsService.grpc_server.GetAllResourceUsage.HandleRequestImpl - 502 total (0 active), Execution time: mean = 0.06ms, total = 30.76ms, Queueing time: mean = 0.03ms, max = 1.38ms, min = 0.01ms, total = 17.47ms
	NodeResourceInfoGcsService.grpc_server.GetAllResourceUsage - 502 total (0 active), Execution time: mean = 0.65ms, total = 326.61ms, Queueing time: mean = 0.00ms, max = -0.00ms, min = 9223372036854.78ms, total = 0.00ms
	event_loop_lag_probe - 254 total (0 active), Execution time: mean = 0.01ms, total = 3.18ms, Queueing time: mean = 0.06ms, max = 14.25ms, min = 0.00ms, total = 16.48ms
	GCSServer.deadline_timer.gcs_global_gc - 252 total (1 active), Execution time: mean = 0.01ms, total = 1.80ms, Queueing time: mean = 0.49ms, max = 66.72ms, min = 0.01ms, total = 123.48ms
	GCSServer.deadline_timer.debug_state_event_stats_print - 42 total (1 active, 1 running), Execution time: mean = 1.34ms, total = 56.47ms, Queueing time: mean = 1.62ms, max = 67.10ms, min = 0.02ms, total = 68.17ms
	ReporterService.grpc_client.HealthCheck.OnReplyReceived - 31 total (0 active), Execution time: mean = 0.16ms, total = 5.10ms, Queueing time: mean = 52.09ms, max = 1517.54ms, min = 0.02ms, total = 1614.71ms
	ReporterService.grpc_client.HealthCheck - 31 total (0 active), Execution time: mean = 3.62ms, total = 112.34ms, Queueing time: mean = 0.00ms, max = -0.00ms, min = 9223372036854.78ms, total = 0.00ms
	MetricsAgentClient.WaitForServerReadyWithRetry - 30 total (0 active), Execution time: mean = 0.27ms, total = 8.13ms, Queueing time: mean = 1008.67ms, max = 1097.53ms, min = 1000.02ms, total = 30260.04ms
	GcsInMemoryStore.GetAll - 6 total (0 active), Execution time: mean = 0.01ms, total = 0.06ms, Queueing time: mean = 0.06ms, max = 0.07ms, min = 0.01ms, total = 0.34ms
	PeriodicalRunner.RunFnPeriodically - 5 total (0 active), Execution time: mean = 0.11ms, total = 0.54ms, Queueing time: mean = 610.50ms, max = 1522.53ms, min = 2.26ms, total = 3052.48ms
	NodeInfoGcsService.grpc_server.GetClusterId - 4 total (0 active), Execution time: mean = 2.91ms, total = 11.62ms, Queueing time: mean = 0.00ms, max = -0.00ms, min = 9223372036854.78ms, total = 0.00ms
	NodeInfoGcsService.grpc_server.GetClusterId.HandleRequestImpl - 4 total (0 active), Execution time: mean = 0.54ms, total = 2.15ms, Queueing time: mean = 0.45ms, max = 1.73ms, min = 0.02ms, total = 1.81ms
	NodeInfoGcsService.grpc_server.GetAllNodeInfo.HandleRequestImpl - 2 total (0 active), Execution time: mean = 0.04ms, total = 0.08ms, Queueing time: mean = 0.02ms, max = 0.03ms, min = 0.01ms, total = 0.04ms
	NodeInfoGcsService.grpc_server.GetAllNodeInfo - 2 total (0 active), Execution time: mean = 0.36ms, total = 0.71ms, Queueing time: mean = 0.00ms, max = -0.00ms, min = 9223372036854.78ms, total = 0.00ms
	GcsInMemoryStore.Delete - 1 total (0 active), Execution time: mean = 0.01ms, total = 0.01ms, Queueing time: mean = 0.01ms, max = 0.01ms, min = 0.01ms, total = 0.01ms
	NodeManager.AddNodeCallback - 1 total (0 active), Execution time: mean = 0.45ms, total = 0.45ms, Queueing time: mean = 0.13ms, max = 0.13ms, min = 0.13ms, total = 0.13ms
	InternalKVGcsService.grpc_server.InternalKVDel - 1 total (0 active), Execution time: mean = 0.45ms, total = 0.45ms, Queueing time: mean = 0.00ms, max = -0.00ms, min = 9223372036854.78ms, total = 0.00ms
	JobInfoGcsService.grpc_server.GetAllJobInfo - 1 total (0 active), Execution time: mean = 0.35ms, total = 0.35ms, Queueing time: mean = 0.00ms, max = -0.00ms, min = 9223372036854.78ms, total = 0.00ms
	JobInfoGcsService.grpc_server.GetNextJobID.HandleRequestImpl - 1 total (0 active), Execution time: mean = 0.02ms, total = 0.02ms, Queueing time: mean = 0.02ms, max = 0.02ms, min = 0.02ms, total = 0.02ms
	JobInfoGcsService.grpc_server.GetNextJobID - 1 total (0 active), Execution time: mean = 0.35ms, total = 0.35ms, Queueing time: mean = 0.00ms, max = -0.00ms, min = 9223372036854.78ms, total = 0.00ms
	GcsHealthCheckManager::AddNode - 1 total (0 active), Execution time: mean = 0.02ms, total = 0.02ms, Queueing time: mean = 0.00ms, max = 0.00ms, min = 0.00ms, total = 0.00ms
	NodeInfoGcsService.grpc_server.GetAllNodeAddressAndLiveness - 1 total (0 active), Execution time: mean = 0.37ms, total = 0.37ms, Queueing time: mean = 0.00ms, max = -0.00ms, min = 9223372036854.78ms, total = 0.00ms
	JobInfoGcsService.grpc_server.GetAllJobInfo.HandleRequestImpl - 1 total (0 active), Execution time: mean = 0.04ms, total = 0.04ms, Queueing time: mean = 0.02ms, max = 0.02ms, min = 0.02ms, total = 0.02ms
	GcsResourceManager::Update - 1 total (0 active), Execution time: mean = 0.08ms, total = 0.08ms, Queueing time: mean = 0.01ms, max = 0.01ms, min = 0.01ms, total = 0.01ms
	NodeInfoGcsService.grpc_server.RegisterNode.HandleRequestImpl - 1 total (0 active), Execution time: mean = 0.23ms, total = 0.23ms, Queueing time: mean = 0.02ms, max = 0.02ms, min = 0.02ms, total = 0.02ms
	InternalKVGcsService.grpc_server.InternalKVDel.HandleRequestImpl - 1 total (0 active), Execution time: mean = 0.06ms, total = 0.06ms, Queueing time: mean = 0.01ms, max = 0.01ms, min = 0.01ms, total = 0.01ms
	InternalKVGcsService.grpc_server.GetInternalConfig.HandleRequestImpl - 1 total (0 active), Execution time: mean = 0.10ms, total = 0.10ms, Queueing time: mean = 0.02ms, max = 0.02ms, min = 0.02ms, total = 0.02ms
	NodeInfoGcsService.grpc_server.GetAllNodeAddressAndLiveness.HandleRequestImpl - 1 total (0 active), Execution time: mean = 0.01ms, total = 0.01ms, Queueing time: mean = 0.01ms, max = 0.01ms, min = 0.01ms, total = 0.01ms
	GcsHealthCheckManager::MarkNodeHealthy - 1 total (0 active), Execution time: mean = 0.00ms, total = 0.00ms, Queueing time: mean = 0.01ms, max = 0.01ms, min = 0.01ms, total = 0.01ms
	GcsInitData::AsyncLoad - 1 total (0 active), Execution time: mean = 0.01ms, total = 0.01ms, Queueing time: mean = 0.00ms, max = 0.00ms, min = 0.00ms, total = 0.00ms
	InternalKVGcsService.grpc_server.GetInternalConfig - 1 total (0 active), Execution time: mean = 0.65ms, total = 0.65ms, Queueing time: mean = 0.00ms, max = -0.00ms, min = 9223372036854.78ms, total = 0.00ms
	GcsInMemoryStore.GetNextJobID - 1 total (0 active), Execution time: mean = 0.01ms, total = 0.01ms, Queueing time: mean = 0.01ms, max = 0.01ms, min = 0.01ms, total = 0.01ms
	NodeInfoGcsService.grpc_server.RegisterNode - 1 total (0 active), Execution time: mean = 0.64ms, total = 0.64ms, Queueing time: mean = 0.00ms, max = -0.00ms, min = 9223372036854.78ms, total = 0.00ms
	GcsServer.GetOrGenerateClusterId.continuation - 1 total (0 active), Execution time: mean = 1520.34ms, total = 1520.34ms, Queueing time: mean = 0.00ms, max = 0.00ms, min = 0.00ms, total = 0.00ms


[2026-06-04 23:10:10,548 I 512 512] (gcs_server) gcs_server.cc:940: task_io_context Event stats:


Global stats: 760 total (1 active)
Queueing time: mean = 0.15ms, max = 89.27ms, min = -0.00ms, total = 115.20ms
Execution time:  mean = 0.01ms, total = 8.86ms
Event stats:
	GcsTaskManager.GcJobSummary - 505 total (1 active), Execution time: mean = 0.01ms, total = 4.85ms, Queueing time: mean = 0.22ms, max = 89.27ms, min = -0.00ms, total = 111.97ms
	event_loop_lag_probe - 254 total (0 active), Execution time: mean = 0.02ms, total = 4.00ms, Queueing time: mean = 0.01ms, max = 0.50ms, min = 0.00ms, total = 3.21ms
	PeriodicalRunner.RunFnPeriodically - 1 total (0 active), Execution time: mean = 0.02ms, total = 0.02ms, Queueing time: mean = 0.02ms, max = 0.02ms, min = 0.02ms, total = 0.02ms


[2026-06-04 23:10:10,548 I 512 512] (gcs_server) gcs_server.cc:940: pubsub_io_context Event stats:


Global stats: 1384 total (2 active)
Queueing time: mean = 0.24ms, max = 95.93ms, min = 0.00ms, total = 332.29ms
Execution time:  mean = 1723.79ms, total = 2385731.16ms
Event stats:
	InternalPubSubGcsService.grpc_server.GcsPublish - 553 total (0 active), Execution time: mean = 1.64ms, total = 905.27ms, Queueing time: mean = 0.00ms, max = -0.00ms, min = 9223372036854.78ms, total = 0.00ms
	InternalPubSubGcsService.grpc_server.GcsPublish.HandleRequestImpl - 553 total (0 active), Execution time: mean = 0.11ms, total = 61.52ms, Queueing time: mean = 0.55ms, max = 95.93ms, min = 0.01ms, total = 306.56ms
	event_loop_lag_probe - 254 total (0 active), Execution time: mean = 0.02ms, total = 4.23ms, Queueing time: mean = 0.07ms, max = 15.11ms, min = 0.00ms, total = 17.62ms
	Publisher.CheckDeadSubscribers - 9 total (1 active), Execution time: mean = 0.02ms, total = 0.15ms, Queueing time: mean = 0.04ms, max = 0.06ms, min = 0.03ms, total = 0.33ms
	InternalPubSubGcsService.grpc_server.GcsSubscriberPoll - 5 total (1 active), Execution time: mean = 476951.72ms, total = 2384758.59ms, Queueing time: mean = 0.00ms, max = -0.00ms, min = 9223372036854.78ms, total = 0.00ms
	InternalPubSubGcsService.grpc_server.GcsSubscriberPoll.HandleRequestImpl - 5 total (0 active), Execution time: mean = 0.08ms, total = 0.38ms, Queueing time: mean = 0.06ms, max = 0.19ms, min = 0.02ms, total = 0.28ms
	InternalPubSubGcsService.grpc_server.GcsSubscriberCommandBatch - 2 total (0 active), Execution time: mean = 0.37ms, total = 0.74ms, Queueing time: mean = 0.00ms, max = -0.00ms, min = 9223372036854.78ms, total = 0.00ms
	InternalPubSubGcsService.grpc_server.GcsSubscriberCommandBatch.HandleRequestImpl - 2 total (0 active), Execution time: mean = 0.10ms, total = 0.21ms, Queueing time: mean = 0.02ms, max = 0.03ms, min = 0.01ms, total = 0.04ms
	PeriodicalRunner.RunFnPeriodically - 1 total (0 active), Execution time: mean = 0.06ms, total = 0.06ms, Queueing time: mean = 7.44ms, max = 7.44ms, min = 7.44ms, total = 7.44ms


[2026-06-04 23:10:10,548 I 512 512] (gcs_server) gcs_server.cc:940: ray_syncer_io_context Event stats:


Global stats: 258 total (0 active)
Queueing time: mean = 0.01ms, max = 0.61ms, min = 0.00ms, total = 3.37ms
Execution time:  mean = 0.02ms, total = 4.83ms
Event stats:
	event_loop_lag_probe - 254 total (0 active), Execution time: mean = 0.02ms, total = 4.64ms, Queueing time: mean = 0.01ms, max = 0.61ms, min = 0.00ms, total = 3.28ms
	RaySyncerRegister - 2 total (0 active), Execution time: mean = 0.00ms, total = 0.00ms, Queueing time: mean = 0.04ms, max = 0.06ms, min = 0.01ms, total = 0.08ms
	RaySyncer.BroadcastMessage - 1 total (0 active), Execution time: mean = 0.02ms, total = 0.02ms, Queueing time: mean = 0.00ms, max = 0.00ms, min = 0.00ms, total = 0.00ms
	 - 1 total (0 active), Execution time: mean = 0.16ms, total = 0.16ms, Queueing time: mean = 0.02ms, max = 0.02ms, min = 0.02ms, total = 0.02ms


[2026-06-04 23:10:10,548 I 512 512] (gcs_server) gcs_server.cc:940: ray_event_io_context Event stats:


Global stats: 254 total (0 active)
Queueing time: mean = 0.04ms, max = 8.24ms, min = 0.00ms, total = 10.51ms
Execution time:  mean = 0.02ms, total = 4.19ms
Event stats:
	event_loop_lag_probe - 254 total (0 active), Execution time: mean = 0.02ms, total = 4.19ms, Queueing time: mean = 0.04ms, max = 8.24ms, min = 0.00ms, total = 10.51ms


[2026-06-04 23:11:10,548 I 512 512] (gcs_server) gcs_server.cc:922: Gcs Debug state:

GcsNodeManager: 
- RegisterNode request count: 1
- DrainNode request count: 0
- GetAllNodeInfo request count: 3

GcsActorManager: 
- RegisterActor request count: 0
- CreateActor request count: 0
- GetActorInfo request count: 0
- GetNamedActorInfo request count: 0
- GetAllActorInfo request count: 0
- KillActor request count: 0
- ListNamedActors request count: 0
- Registered actors count: 0
- Destroyed actors count: 0
- Named actors count: 0
- Unresolved actors count: 0
- Pending actors count: 0
- Created actors count: 0
- owners_: 0
- actor_to_register_callbacks_: 0
- actor_to_restart_for_lineage_reconstruction_callbacks_: 0
- actor_to_create_callbacks_: 0
- sorted_destroyed_actor_list_: 0

GcsResourceManager: 
- GetAllAvailableResources request count: 0
- GetAllTotalResources request count: 0
- GetAllResourceUsage request count: 514

GcsPlacementGroupManager: 
- CreatePlacementGroup request count: 0
- RemovePlacementGroup request count: 0
- GetPlacementGroup request count: 0
- GetAllPlacementGroup request count: 0
- WaitPlacementGroupUntilReady request count: 0
- GetNamedPlacementGroup request count: 0
- Scheduling pending placement group count: 0
- Registered placement groups count: 0
- Named placement group count: 0
- Pending placement groups count: 0
- Infeasible placement groups count: 0

Publisher:
GCS_NODE_INFO_CHANNEL
- cumulative published messages: 1
- cumulative published bytes: 499
- current buffered bytes: 0
GCS_NODE_ADDRESS_AND_LIVENESS_CHANNEL
- cumulative published messages: 1
- cumulative published bytes: 92
- current buffered bytes: 0
RAY_LOG_CHANNEL
- cumulative published messages: 565
- cumulative published bytes: 484110
- current buffered bytes: 0

[runtime env manager] ID to URIs table:
[runtime env manager] URIs reference table:

GcsTaskManager: 
-Total num task events reported: 0
-Total num status task events dropped: 0
-Total num profile events dropped: 0
-Current num of task events stored: 0
-Total num of actor creation tasks: 0
-Total num of actor tasks: 0
-Total num of normal tasks: 0
-Total num of driver tasks: 0

GcsAutoscalerStateManager: 
- last_seen_autoscaler_state_version_: 0
- last_cluster_resource_state_version_: 514
- pending demands:



[2026-06-04 23:11:10,549 I 512 512] (gcs_server) gcs_server.cc:936: Main service Event stats:


Global stats: 21905 total (5 active)
Queueing time: mean = 1.83ms, max = 1522.53ms, min = 0.00ms, total = 40146.53ms
Execution time:  mean = 0.92ms, total = 20193.13ms
Event stats:
	GcsInMemoryStore.Put - 4138 total (0 active), Execution time: mean = 0.37ms, total = 1535.16ms, Queueing time: mean = 0.44ms, max = 1521.87ms, min = 0.00ms, total = 1803.47ms
	RayletLoadPulled - 2579 total (1 active), Execution time: mean = 0.22ms, total = 579.89ms, Queueing time: mean = 0.54ms, max = 297.72ms, min = 0.01ms, total = 1398.43ms
	NodeManagerService.grpc_client.GetResourceLoad.OnReplyReceived - 2565 total (0 active), Execution time: mean = 0.05ms, total = 119.23ms, Queueing time: mean = 0.25ms, max = 96.21ms, min = 0.01ms, total = 650.43ms
	NodeManagerService.grpc_client.GetResourceLoad - 2565 total (0 active), Execution time: mean = 5.29ms, total = 13578.90ms, Queueing time: mean = 0.00ms, max = -0.00ms, min = 9223372036854.78ms, total = 0.00ms
	InternalKVGcsService.grpc_server.InternalKVPut.HandleRequestImpl - 1038 total (0 active), Execution time: mean = 0.05ms, total = 50.96ms, Queueing time: mean = 0.39ms, max = 96.13ms, min = 0.01ms, total = 401.07ms
	InternalKVGcsService.grpc_server.InternalKVPut - 1038 total (0 active), Execution time: mean = 0.97ms, total = 1001.83ms, Queueing time: mean = 0.00ms, max = -0.00ms, min = 9223372036854.78ms, total = 0.00ms
	ClusterResourceManager.ResetRemoteNodeView - 860 total (1 active), Execution time: mean = 0.01ms, total = 7.48ms, Queueing time: mean = 0.23ms, max = 95.89ms, min = 0.01ms, total = 196.47ms
	HealthCheck - 854 total (0 active), Execution time: mean = 0.00ms, total = 3.64ms, Queueing time: mean = 0.26ms, max = 96.16ms, min = 0.01ms, total = 218.32ms
	GcsInMemoryStore.Get - 630 total (0 active), Execution time: mean = 0.01ms, total = 8.05ms, Queueing time: mean = 0.01ms, max = 0.11ms, min = 0.01ms, total = 9.08ms
	InternalKVGcsService.grpc_server.InternalKVGet.HandleRequestImpl - 629 total (0 active), Execution time: mean = 0.09ms, total = 56.38ms, Queueing time: mean = 0.17ms, max = 95.88ms, min = 0.01ms, total = 108.59ms
	InternalKVGcsService.grpc_server.InternalKVGet - 629 total (0 active), Execution time: mean = 0.85ms, total = 533.25ms, Queueing time: mean = 0.00ms, max = -0.00ms, min = 9223372036854.78ms, total = 0.00ms
	NodeInfoGcsService.grpc_server.CheckAlive - 556 total (0 active), Execution time: mean = 0.56ms, total = 313.80ms, Queueing time: mean = 0.00ms, max = -0.00ms, min = 9223372036854.78ms, total = 0.00ms
	NodeInfoGcsService.grpc_server.CheckAlive.HandleRequestImpl - 556 total (0 active), Execution time: mean = 0.02ms, total = 11.60ms, Queueing time: mean = 0.03ms, max = 0.50ms, min = 0.01ms, total = 16.93ms
	GCSServer.deadline_timer.metrics_report - 516 total (1 active), Execution time: mean = 0.21ms, total = 110.11ms, Queueing time: mean = 0.34ms, max = 95.50ms, min = 0.01ms, total = 177.11ms
	AutoscalerStateService.grpc_server.GetClusterResourceState - 514 total (0 active), Execution time: mean = 0.34ms, total = 173.95ms, Queueing time: mean = 0.00ms, max = -0.00ms, min = 9223372036854.78ms, total = 0.00ms
	AutoscalerStateService.grpc_server.GetClusterResourceState.HandleRequestImpl - 514 total (0 active), Execution time: mean = 0.03ms, total = 17.85ms, Queueing time: mean = 0.02ms, max = 0.70ms, min = 0.01ms, total = 9.70ms
	NodeResourceInfoGcsService.grpc_server.GetAllResourceUsage.HandleRequestImpl - 514 total (0 active), Execution time: mean = 0.06ms, total = 31.41ms, Queueing time: mean = 0.03ms, max = 1.38ms, min = 0.01ms, total = 17.81ms
	NodeResourceInfoGcsService.grpc_server.GetAllResourceUsage - 514 total (0 active), Execution time: mean = 0.65ms, total = 331.95ms, Queueing time: mean = 0.00ms, max = -0.00ms, min = 9223372036854.78ms, total = 0.00ms
	event_loop_lag_probe - 260 total (0 active), Execution time: mean = 0.01ms, total = 3.25ms, Queueing time: mean = 0.06ms, max = 14.25ms, min = 0.00ms, total = 16.52ms
	GCSServer.deadline_timer.gcs_global_gc - 258 total (1 active), Execution time: mean = 0.01ms, total = 1.83ms, Queueing time: mean = 0.48ms, max = 66.72ms, min = 0.01ms, total = 124.71ms
	GCSServer.deadline_timer.debug_state_event_stats_print - 43 total (1 active, 1 running), Execution time: mean = 1.34ms, total = 57.71ms, Queueing time: mean = 1.59ms, max = 67.10ms, min = 0.02ms, total = 68.19ms
	ReporterService.grpc_client.HealthCheck.OnReplyReceived - 31 total (0 active), Execution time: mean = 0.16ms, total = 5.10ms, Queueing time: mean = 52.09ms, max = 1517.54ms, min = 0.02ms, total = 1614.71ms
	ReporterService.grpc_client.HealthCheck - 31 total (0 active), Execution time: mean = 3.62ms, total = 112.34ms, Queueing time: mean = 0.00ms, max = -0.00ms, min = 9223372036854.78ms, total = 0.00ms
	MetricsAgentClient.WaitForServerReadyWithRetry - 30 total (0 active), Execution time: mean = 0.27ms, total = 8.13ms, Queueing time: mean = 1008.67ms, max = 1097.53ms, min = 1000.02ms, total = 30260.04ms
	GcsInMemoryStore.GetAll - 6 total (0 active), Execution time: mean = 0.01ms, total = 0.06ms, Queueing time: mean = 0.06ms, max = 0.07ms, min = 0.01ms, total = 0.34ms
	PeriodicalRunner.RunFnPeriodically - 5 total (0 active), Execution time: mean = 0.11ms, total = 0.54ms, Queueing time: mean = 610.50ms, max = 1522.53ms, min = 2.26ms, total = 3052.48ms
	NodeInfoGcsService.grpc_server.GetClusterId - 4 total (0 active), Execution time: mean = 2.91ms, total = 11.62ms, Queueing time: mean = 0.00ms, max = -0.00ms, min = 9223372036854.78ms, total = 0.00ms
	NodeInfoGcsService.grpc_server.GetClusterId.HandleRequestImpl - 4 total (0 active), Execution time: mean = 0.54ms, total = 2.15ms, Queueing time: mean = 0.45ms, max = 1.73ms, min = 0.02ms, total = 1.81ms
	NodeInfoGcsService.grpc_server.GetAllNodeInfo.HandleRequestImpl - 2 total (0 active), Execution time: mean = 0.04ms, total = 0.08ms, Queueing time: mean = 0.02ms, max = 0.03ms, min = 0.01ms, total = 0.04ms
	NodeInfoGcsService.grpc_server.GetAllNodeInfo - 2 total (0 active), Execution time: mean = 0.36ms, total = 0.71ms, Queueing time: mean = 0.00ms, max = -0.00ms, min = 9223372036854.78ms, total = 0.00ms
	GcsInMemoryStore.Delete - 1 total (0 active), Execution time: mean = 0.01ms, total = 0.01ms, Queueing time: mean = 0.01ms, max = 0.01ms, min = 0.01ms, total = 0.01ms
	NodeManager.AddNodeCallback - 1 total (0 active), Execution time: mean = 0.45ms, total = 0.45ms, Queueing time: mean = 0.13ms, max = 0.13ms, min = 0.13ms, total = 0.13ms
	InternalKVGcsService.grpc_server.InternalKVDel - 1 total (0 active), Execution time: mean = 0.45ms, total = 0.45ms, Queueing time: mean = 0.00ms, max = -0.00ms, min = 9223372036854.78ms, total = 0.00ms
	JobInfoGcsService.grpc_server.GetAllJobInfo - 1 total (0 active), Execution time: mean = 0.35ms, total = 0.35ms, Queueing time: mean = 0.00ms, max = -0.00ms, min = 9223372036854.78ms, total = 0.00ms
	JobInfoGcsService.grpc_server.GetNextJobID.HandleRequestImpl - 1 total (0 active), Execution time: mean = 0.02ms, total = 0.02ms, Queueing time: mean = 0.02ms, max = 0.02ms, min = 0.02ms, total = 0.02ms
	JobInfoGcsService.grpc_server.GetNextJobID - 1 total (0 active), Execution time: mean = 0.35ms, total = 0.35ms, Queueing time: mean = 0.00ms, max = -0.00ms, min = 9223372036854.78ms, total = 0.00ms
	GcsHealthCheckManager::AddNode - 1 total (0 active), Execution time: mean = 0.02ms, total = 0.02ms, Queueing time: mean = 0.00ms, max = 0.00ms, min = 0.00ms, total = 0.00ms
	NodeInfoGcsService.grpc_server.GetAllNodeAddressAndLiveness - 1 total (0 active), Execution time: mean = 0.37ms, total = 0.37ms, Queueing time: mean = 0.00ms, max = -0.00ms, min = 9223372036854.78ms, total = 0.00ms
	JobInfoGcsService.grpc_server.GetAllJobInfo.HandleRequestImpl - 1 total (0 active), Execution time: mean = 0.04ms, total = 0.04ms, Queueing time: mean = 0.02ms, max = 0.02ms, min = 0.02ms, total = 0.02ms
	GcsResourceManager::Update - 1 total (0 active), Execution time: mean = 0.08ms, total = 0.08ms, Queueing time: mean = 0.01ms, max = 0.01ms, min = 0.01ms, total = 0.01ms
	NodeInfoGcsService.grpc_server.RegisterNode.HandleRequestImpl - 1 total (0 active), Execution time: mean = 0.23ms, total = 0.23ms, Queueing time: mean = 0.02ms, max = 0.02ms, min = 0.02ms, total = 0.02ms
	InternalKVGcsService.grpc_server.InternalKVDel.HandleRequestImpl - 1 total (0 active), Execution time: mean = 0.06ms, total = 0.06ms, Queueing time: mean = 0.01ms, max = 0.01ms, min = 0.01ms, total = 0.01ms
	InternalKVGcsService.grpc_server.GetInternalConfig.HandleRequestImpl - 1 total (0 active), Execution time: mean = 0.10ms, total = 0.10ms, Queueing time: mean = 0.02ms, max = 0.02ms, min = 0.02ms, total = 0.02ms
	NodeInfoGcsService.grpc_server.GetAllNodeAddressAndLiveness.HandleRequestImpl - 1 total (0 active), Execution time: mean = 0.01ms, total = 0.01ms, Queueing time: mean = 0.01ms, max = 0.01ms, min = 0.01ms, total = 0.01ms
	GcsHealthCheckManager::MarkNodeHealthy - 1 total (0 active), Execution time: mean = 0.00ms, total = 0.00ms, Queueing time: mean = 0.01ms, max = 0.01ms, min = 0.01ms, total = 0.01ms
	GcsInitData::AsyncLoad - 1 total (0 active), Execution time: mean = 0.01ms, total = 0.01ms, Queueing time: mean = 0.00ms, max = 0.00ms, min = 0.00ms, total = 0.00ms
	InternalKVGcsService.grpc_server.GetInternalConfig - 1 total (0 active), Execution time: mean = 0.65ms, total = 0.65ms, Queueing time: mean = 0.00ms, max = -0.00ms, min = 9223372036854.78ms, total = 0.00ms
	GcsInMemoryStore.GetNextJobID - 1 total (0 active), Execution time: mean = 0.01ms, total = 0.01ms, Queueing time: mean = 0.01ms, max = 0.01ms, min = 0.01ms, total = 0.01ms
	NodeInfoGcsService.grpc_server.RegisterNode - 1 total (0 active), Execution time: mean = 0.64ms, total = 0.64ms, Queueing time: mean = 0.00ms, max = -0.00ms, min = 9223372036854.78ms, total = 0.00ms
	GcsServer.GetOrGenerateClusterId.continuation - 1 total (0 active), Execution time: mean = 1520.34ms, total = 1520.34ms, Queueing time: mean = 0.00ms, max = 0.00ms, min = 0.00ms, total = 0.00ms


[2026-06-04 23:11:10,549 I 512 512] (gcs_server) gcs_server.cc:940: task_io_context Event stats:


Global stats: 778 total (1 active)
Queueing time: mean = 0.15ms, max = 89.27ms, min = -0.00ms, total = 115.79ms
Execution time:  mean = 0.01ms, total = 9.07ms
Event stats:
	GcsTaskManager.GcJobSummary - 517 total (1 active), Execution time: mean = 0.01ms, total = 4.97ms, Queueing time: mean = 0.22ms, max = 89.27ms, min = -0.00ms, total = 112.50ms
	event_loop_lag_probe - 260 total (0 active), Execution time: mean = 0.02ms, total = 4.09ms, Queueing time: mean = 0.01ms, max = 0.50ms, min = 0.00ms, total = 3.28ms
	PeriodicalRunner.RunFnPeriodically - 1 total (0 active), Execution time: mean = 0.02ms, total = 0.02ms, Queueing time: mean = 0.02ms, max = 0.02ms, min = 0.02ms, total = 0.02ms


[2026-06-04 23:11:10,549 I 512 512] (gcs_server) gcs_server.cc:940: pubsub_io_context Event stats:


Global stats: 1414 total (2 active)
Queueing time: mean = 0.24ms, max = 95.93ms, min = 0.00ms, total = 332.73ms
Execution time:  mean = 1687.23ms, total = 2385738.00ms
Event stats:
	InternalPubSubGcsService.grpc_server.GcsPublish - 565 total (0 active), Execution time: mean = 1.61ms, total = 910.76ms, Queueing time: mean = 0.00ms, max = -0.00ms, min = 9223372036854.78ms, total = 0.00ms
	InternalPubSubGcsService.grpc_server.GcsPublish.HandleRequestImpl - 565 total (0 active), Execution time: mean = 0.11ms, total = 62.78ms, Queueing time: mean = 0.54ms, max = 95.93ms, min = 0.01ms, total = 306.95ms
	event_loop_lag_probe - 260 total (0 active), Execution time: mean = 0.02ms, total = 4.32ms, Queueing time: mean = 0.07ms, max = 15.11ms, min = 0.00ms, total = 17.68ms
	Publisher.CheckDeadSubscribers - 9 total (1 active), Execution time: mean = 0.02ms, total = 0.15ms, Queueing time: mean = 0.04ms, max = 0.06ms, min = 0.03ms, total = 0.33ms
	InternalPubSubGcsService.grpc_server.GcsSubscriberPoll - 5 total (1 active), Execution time: mean = 476951.72ms, total = 2384758.59ms, Queueing time: mean = 0.00ms, max = -0.00ms, min = 9223372036854.78ms, total = 0.00ms
	InternalPubSubGcsService.grpc_server.GcsSubscriberPoll.HandleRequestImpl - 5 total (0 active), Execution time: mean = 0.08ms, total = 0.38ms, Queueing time: mean = 0.06ms, max = 0.19ms, min = 0.02ms, total = 0.28ms
	InternalPubSubGcsService.grpc_server.GcsSubscriberCommandBatch - 2 total (0 active), Execution time: mean = 0.37ms, total = 0.74ms, Queueing time: mean = 0.00ms, max = -0.00ms, min = 9223372036854.78ms, total = 0.00ms
	InternalPubSubGcsService.grpc_server.GcsSubscriberCommandBatch.HandleRequestImpl - 2 total (0 active), Execution time: mean = 0.10ms, total = 0.21ms, Queueing time: mean = 0.02ms, max = 0.03ms, min = 0.01ms, total = 0.04ms
	PeriodicalRunner.RunFnPeriodically - 1 total (0 active), Execution time: mean = 0.06ms, total = 0.06ms, Queueing time: mean = 7.44ms, max = 7.44ms, min = 7.44ms, total = 7.44ms


[2026-06-04 23:11:10,549 I 512 512] (gcs_server) gcs_server.cc:940: ray_syncer_io_context Event stats:


Global stats: 264 total (0 active)
Queueing time: mean = 0.01ms, max = 0.61ms, min = 0.00ms, total = 3.44ms
Execution time:  mean = 0.02ms, total = 4.93ms
Event stats:
	event_loop_lag_probe - 260 total (0 active), Execution time: mean = 0.02ms, total = 4.75ms, Queueing time: mean = 0.01ms, max = 0.61ms, min = 0.00ms, total = 3.34ms
	RaySyncerRegister - 2 total (0 active), Execution time: mean = 0.00ms, total = 0.00ms, Queueing time: mean = 0.04ms, max = 0.06ms, min = 0.01ms, total = 0.08ms
	RaySyncer.BroadcastMessage - 1 total (0 active), Execution time: mean = 0.02ms, total = 0.02ms, Queueing time: mean = 0.00ms, max = 0.00ms, min = 0.00ms, total = 0.00ms
	 - 1 total (0 active), Execution time: mean = 0.16ms, total = 0.16ms, Queueing time: mean = 0.02ms, max = 0.02ms, min = 0.02ms, total = 0.02ms


[2026-06-04 23:11:10,549 I 512 512] (gcs_server) gcs_server.cc:940: ray_event_io_context Event stats:


Global stats: 260 total (0 active)
Queueing time: mean = 0.04ms, max = 8.24ms, min = 0.00ms, total = 10.57ms
Execution time:  mean = 0.02ms, total = 4.29ms
Event stats:
	event_loop_lag_probe - 260 total (0 active), Execution time: mean = 0.02ms, total = 4.29ms, Queueing time: mean = 0.04ms, max = 8.24ms, min = 0.00ms, total = 10.57ms


[2026-06-04 23:12:10,550 I 512 512] (gcs_server) gcs_server.cc:922: Gcs Debug state:

GcsNodeManager: 
- RegisterNode request count: 1
- DrainNode request count: 0
- GetAllNodeInfo request count: 3

GcsActorManager: 
- RegisterActor request count: 0
- CreateActor request count: 0
- GetActorInfo request count: 0
- GetNamedActorInfo request count: 0
- GetAllActorInfo request count: 0
- KillActor request count: 0
- ListNamedActors request count: 0
- Registered actors count: 0
- Destroyed actors count: 0
- Named actors count: 0
- Unresolved actors count: 0
- Pending actors count: 0
- Created actors count: 0
- owners_: 0
- actor_to_register_callbacks_: 0
- actor_to_restart_for_lineage_reconstruction_callbacks_: 0
- actor_to_create_callbacks_: 0
- sorted_destroyed_actor_list_: 0

GcsResourceManager: 
- GetAllAvailableResources request count: 0
- GetAllTotalResources request count: 0
- GetAllResourceUsage request count: 525

GcsPlacementGroupManager: 
- CreatePlacementGroup request count: 0
- RemovePlacementGroup request count: 0
- GetPlacementGroup request count: 0
- GetAllPlacementGroup request count: 0
- WaitPlacementGroupUntilReady request count: 0
- GetNamedPlacementGroup request count: 0
- Scheduling pending placement group count: 0
- Registered placement groups count: 0
- Named placement group count: 0
- Pending placement groups count: 0
- Infeasible placement groups count: 0

Publisher:
GCS_NODE_INFO_CHANNEL
- cumulative published messages: 1
- cumulative published bytes: 499
- current buffered bytes: 0
GCS_NODE_ADDRESS_AND_LIVENESS_CHANNEL
- cumulative published messages: 1
- cumulative published bytes: 92
- current buffered bytes: 0
RAY_LOG_CHANNEL
- cumulative published messages: 576
- cumulative published bytes: 493537
- current buffered bytes: 0

[runtime env manager] ID to URIs table:
[runtime env manager] URIs reference table:

GcsTaskManager: 
-Total num task events reported: 0
-Total num status task events dropped: 0
-Total num profile events dropped: 0
-Current num of task events stored: 0
-Total num of actor creation tasks: 0
-Total num of actor tasks: 0
-Total num of normal tasks: 0
-Total num of driver tasks: 0

GcsAutoscalerStateManager: 
- last_seen_autoscaler_state_version_: 0
- last_cluster_resource_state_version_: 525
- pending demands:



[2026-06-04 23:12:10,551 I 512 512] (gcs_server) gcs_server.cc:936: Main service Event stats:


Global stats: 22391 total (5 active)
Queueing time: mean = 1.79ms, max = 1522.53ms, min = 0.00ms, total = 40160.32ms
Execution time:  mean = 0.91ms, total = 20310.21ms
Event stats:
	GcsInMemoryStore.Put - 4232 total (0 active), Execution time: mean = 0.36ms, total = 1535.49ms, Queueing time: mean = 0.43ms, max = 1521.87ms, min = 0.00ms, total = 1809.71ms
	RayletLoadPulled - 2639 total (1 active), Execution time: mean = 0.22ms, total = 592.48ms, Queueing time: mean = 0.53ms, max = 297.72ms, min = 0.01ms, total = 1400.28ms
	NodeManagerService.grpc_client.GetResourceLoad.OnReplyReceived - 2625 total (0 active), Execution time: mean = 0.05ms, total = 122.16ms, Queueing time: mean = 0.25ms, max = 96.21ms, min = 0.01ms, total = 651.97ms
	NodeManagerService.grpc_client.GetResourceLoad - 2625 total (0 active), Execution time: mean = 5.20ms, total = 13646.94ms, Queueing time: mean = 0.00ms, max = -0.00ms, min = 9223372036854.78ms, total = 0.00ms
	InternalKVGcsService.grpc_server.InternalKVPut.HandleRequestImpl - 1060 total (0 active), Execution time: mean = 0.05ms, total = 52.12ms, Queueing time: mean = 0.38ms, max = 96.13ms, min = 0.01ms, total = 401.43ms
	InternalKVGcsService.grpc_server.InternalKVPut - 1060 total (0 active), Execution time: mean = 0.95ms, total = 1008.99ms, Queueing time: mean = 0.00ms, max = -0.00ms, min = 9223372036854.78ms, total = 0.00ms
	ClusterResourceManager.ResetRemoteNodeView - 880 total (1 active), Execution time: mean = 0.01ms, total = 7.61ms, Queueing time: mean = 0.22ms, max = 95.89ms, min = 0.01ms, total = 196.94ms
	HealthCheck - 874 total (0 active), Execution time: mean = 0.00ms, total = 3.76ms, Queueing time: mean = 0.25ms, max = 96.16ms, min = 0.01ms, total = 218.77ms
	GcsInMemoryStore.Get - 641 total (0 active), Execution time: mean = 0.01ms, total = 8.24ms, Queueing time: mean = 0.01ms, max = 0.11ms, min = 0.01ms, total = 9.23ms
	InternalKVGcsService.grpc_server.InternalKVGet.HandleRequestImpl - 640 total (0 active), Execution time: mean = 0.09ms, total = 57.54ms, Queueing time: mean = 0.17ms, max = 95.88ms, min = 0.01ms, total = 108.79ms
	InternalKVGcsService.grpc_server.InternalKVGet - 640 total (0 active), Execution time: mean = 0.84ms, total = 537.81ms, Queueing time: mean = 0.00ms, max = -0.00ms, min = 9223372036854.78ms, total = 0.00ms
	NodeInfoGcsService.grpc_server.CheckAlive - 569 total (0 active), Execution time: mean = 0.56ms, total = 318.79ms, Queueing time: mean = 0.00ms, max = -0.00ms, min = 9223372036854.78ms, total = 0.00ms
	NodeInfoGcsService.grpc_server.CheckAlive.HandleRequestImpl - 569 total (0 active), Execution time: mean = 0.02ms, total = 11.88ms, Queueing time: mean = 0.03ms, max = 0.50ms, min = 0.01ms, total = 17.27ms
	GCSServer.deadline_timer.metrics_report - 528 total (1 active), Execution time: mean = 0.21ms, total = 112.57ms, Queueing time: mean = 0.34ms, max = 95.50ms, min = 0.01ms, total = 177.42ms
	AutoscalerStateService.grpc_server.GetClusterResourceState - 525 total (0 active), Execution time: mean = 0.34ms, total = 177.60ms, Queueing time: mean = 0.00ms, max = -0.00ms, min = 9223372036854.78ms, total = 0.00ms
	AutoscalerStateService.grpc_server.GetClusterResourceState.HandleRequestImpl - 525 total (0 active), Execution time: mean = 0.03ms, total = 18.22ms, Queueing time: mean = 0.02ms, max = 0.70ms, min = 0.01ms, total = 9.89ms
	NodeResourceInfoGcsService.grpc_server.GetAllResourceUsage.HandleRequestImpl - 525 total (0 active), Execution time: mean = 0.06ms, total = 32.02ms, Queueing time: mean = 0.03ms, max = 1.38ms, min = 0.01ms, total = 18.09ms
	NodeResourceInfoGcsService.grpc_server.GetAllResourceUsage - 525 total (0 active), Execution time: mean = 0.64ms, total = 336.84ms, Queueing time: mean = 0.00ms, max = -0.00ms, min = 9223372036854.78ms, total = 0.00ms
	event_loop_lag_probe - 266 total (0 active), Execution time: mean = 0.01ms, total = 3.32ms, Queueing time: mean = 0.06ms, max = 14.25ms, min = 0.00ms, total = 16.56ms
	GCSServer.deadline_timer.gcs_global_gc - 264 total (1 active), Execution time: mean = 0.01ms, total = 1.86ms, Queueing time: mean = 0.48ms, max = 66.72ms, min = 0.01ms, total = 126.06ms
	GCSServer.deadline_timer.debug_state_event_stats_print - 44 total (1 active, 1 running), Execution time: mean = 1.34ms, total = 59.06ms, Queueing time: mean = 1.55ms, max = 67.10ms, min = 0.02ms, total = 68.21ms
	ReporterService.grpc_client.HealthCheck.OnReplyReceived - 31 total (0 active), Execution time: mean = 0.16ms, total = 5.10ms, Queueing time: mean = 52.09ms, max = 1517.54ms, min = 0.02ms, total = 1614.71ms
	ReporterService.grpc_client.HealthCheck - 31 total (0 active), Execution time: mean = 3.62ms, total = 112.34ms, Queueing time: mean = 0.00ms, max = -0.00ms, min = 9223372036854.78ms, total = 0.00ms
	MetricsAgentClient.WaitForServerReadyWithRetry - 30 total (0 active), Execution time: mean = 0.27ms, total = 8.13ms, Queueing time: mean = 1008.67ms, max = 1097.53ms, min = 1000.02ms, total = 30260.04ms
	GcsInMemoryStore.GetAll - 6 total (0 active), Execution time: mean = 0.01ms, total = 0.06ms, Queueing time: mean = 0.06ms, max = 0.07ms, min = 0.01ms, total = 0.34ms
	PeriodicalRunner.RunFnPeriodically - 5 total (0 active), Execution time: mean = 0.11ms, total = 0.54ms, Queueing time: mean = 610.50ms, max = 1522.53ms, min = 2.26ms, total = 3052.48ms
	NodeInfoGcsService.grpc_server.GetClusterId - 4 total (0 active), Execution time: mean = 2.91ms, total = 11.62ms, Queueing time: mean = 0.00ms, max = -0.00ms, min = 9223372036854.78ms, total = 0.00ms
	NodeInfoGcsService.grpc_server.GetClusterId.HandleRequestImpl - 4 total (0 active), Execution time: mean = 0.54ms, total = 2.15ms, Queueing time: mean = 0.45ms, max = 1.73ms, min = 0.02ms, total = 1.81ms
	NodeInfoGcsService.grpc_server.GetAllNodeInfo.HandleRequestImpl - 2 total (0 active), Execution time: mean = 0.04ms, total = 0.08ms, Queueing time: mean = 0.02ms, max = 0.03ms, min = 0.01ms, total = 0.04ms
	NodeInfoGcsService.grpc_server.GetAllNodeInfo - 2 total (0 active), Execution time: mean = 0.36ms, total = 0.71ms, Queueing time: mean = 0.00ms, max = -0.00ms, min = 9223372036854.78ms, total = 0.00ms
	GcsInMemoryStore.Delete - 1 total (0 active), Execution time: mean = 0.01ms, total = 0.01ms, Queueing time: mean = 0.01ms, max = 0.01ms, min = 0.01ms, total = 0.01ms
	NodeManager.AddNodeCallback - 1 total (0 active), Execution time: mean = 0.45ms, total = 0.45ms, Queueing time: mean = 0.13ms, max = 0.13ms, min = 0.13ms, total = 0.13ms
	InternalKVGcsService.grpc_server.InternalKVDel - 1 total (0 active), Execution time: mean = 0.45ms, total = 0.45ms, Queueing time: mean = 0.00ms, max = -0.00ms, min = 9223372036854.78ms, total = 0.00ms
	JobInfoGcsService.grpc_server.GetAllJobInfo - 1 total (0 active), Execution time: mean = 0.35ms, total = 0.35ms, Queueing time: mean = 0.00ms, max = -0.00ms, min = 9223372036854.78ms, total = 0.00ms
	JobInfoGcsService.grpc_server.GetNextJobID.HandleRequestImpl - 1 total (0 active), Execution time: mean = 0.02ms, total = 0.02ms, Queueing time: mean = 0.02ms, max = 0.02ms, min = 0.02ms, total = 0.02ms
	JobInfoGcsService.grpc_server.GetNextJobID - 1 total (0 active), Execution time: mean = 0.35ms, total = 0.35ms, Queueing time: mean = 0.00ms, max = -0.00ms, min = 9223372036854.78ms, total = 0.00ms
	GcsHealthCheckManager::AddNode - 1 total (0 active), Execution time: mean = 0.02ms, total = 0.02ms, Queueing time: mean = 0.00ms, max = 0.00ms, min = 0.00ms, total = 0.00ms
	NodeInfoGcsService.grpc_server.GetAllNodeAddressAndLiveness - 1 total (0 active), Execution time: mean = 0.37ms, total = 0.37ms, Queueing time: mean = 0.00ms, max = -0.00ms, min = 9223372036854.78ms, total = 0.00ms
	JobInfoGcsService.grpc_server.GetAllJobInfo.HandleRequestImpl - 1 total (0 active), Execution time: mean = 0.04ms, total = 0.04ms, Queueing time: mean = 0.02ms, max = 0.02ms, min = 0.02ms, total = 0.02ms
	GcsResourceManager::Update - 1 total (0 active), Execution time: mean = 0.08ms, total = 0.08ms, Queueing time: mean = 0.01ms, max = 0.01ms, min = 0.01ms, total = 0.01ms
	NodeInfoGcsService.grpc_server.RegisterNode.HandleRequestImpl - 1 total (0 active), Execution time: mean = 0.23ms, total = 0.23ms, Queueing time: mean = 0.02ms, max = 0.02ms, min = 0.02ms, total = 0.02ms
	InternalKVGcsService.grpc_server.InternalKVDel.HandleRequestImpl - 1 total (0 active), Execution time: mean = 0.06ms, total = 0.06ms, Queueing time: mean = 0.01ms, max = 0.01ms, min = 0.01ms, total = 0.01ms
	InternalKVGcsService.grpc_server.GetInternalConfig.HandleRequestImpl - 1 total (0 active), Execution time: mean = 0.10ms, total = 0.10ms, Queueing time: mean = 0.02ms, max = 0.02ms, min = 0.02ms, total = 0.02ms
	NodeInfoGcsService.grpc_server.GetAllNodeAddressAndLiveness.HandleRequestImpl - 1 total (0 active), Execution time: mean = 0.01ms, total = 0.01ms, Queueing time: mean = 0.01ms, max = 0.01ms, min = 0.01ms, total = 0.01ms
	GcsHealthCheckManager::MarkNodeHealthy - 1 total (0 active), Execution time: mean = 0.00ms, total = 0.00ms, Queueing time: mean = 0.01ms, max = 0.01ms, min = 0.01ms, total = 0.01ms
	GcsInitData::AsyncLoad - 1 total (0 active), Execution time: mean = 0.01ms, total = 0.01ms, Queueing time: mean = 0.00ms, max = 0.00ms, min = 0.00ms, total = 0.00ms
	InternalKVGcsService.grpc_server.GetInternalConfig - 1 total (0 active), Execution time: mean = 0.65ms, total = 0.65ms, Queueing time: mean = 0.00ms, max = -0.00ms, min = 9223372036854.78ms, total = 0.00ms
	GcsInMemoryStore.GetNextJobID - 1 total (0 active), Execution time: mean = 0.01ms, total = 0.01ms, Queueing time: mean = 0.01ms, max = 0.01ms, min = 0.01ms, total = 0.01ms
	NodeInfoGcsService.grpc_server.RegisterNode - 1 total (0 active), Execution time: mean = 0.64ms, total = 0.64ms, Queueing time: mean = 0.00ms, max = -0.00ms, min = 9223372036854.78ms, total = 0.00ms
	GcsServer.GetOrGenerateClusterId.continuation - 1 total (0 active), Execution time: mean = 1520.34ms, total = 1520.34ms, Queueing time: mean = 0.00ms, max = 0.00ms, min = 0.00ms, total = 0.00ms


[2026-06-04 23:12:10,551 I 512 512] (gcs_server) gcs_server.cc:940: task_io_context Event stats:


Global stats: 796 total (1 active)
Queueing time: mean = 0.15ms, max = 89.27ms, min = -0.00ms, total = 116.39ms
Execution time:  mean = 0.01ms, total = 9.27ms
Event stats:
	GcsTaskManager.GcJobSummary - 529 total (1 active), Execution time: mean = 0.01ms, total = 5.09ms, Queueing time: mean = 0.21ms, max = 89.27ms, min = -0.00ms, total = 113.04ms
	event_loop_lag_probe - 266 total (0 active), Execution time: mean = 0.02ms, total = 4.17ms, Queueing time: mean = 0.01ms, max = 0.50ms, min = 0.00ms, total = 3.34ms
	PeriodicalRunner.RunFnPeriodically - 1 total (0 active), Execution time: mean = 0.02ms, total = 0.02ms, Queueing time: mean = 0.02ms, max = 0.02ms, min = 0.02ms, total = 0.02ms


[2026-06-04 23:12:10,551 I 512 512] (gcs_server) gcs_server.cc:940: pubsub_io_context Event stats:


Global stats: 1442 total (2 active)
Queueing time: mean = 0.23ms, max = 95.93ms, min = 0.00ms, total = 333.16ms
Execution time:  mean = 1654.47ms, total = 2385744.46ms
Event stats:
	InternalPubSubGcsService.grpc_server.GcsPublish - 576 total (0 active), Execution time: mean = 1.59ms, total = 915.89ms, Queueing time: mean = 0.00ms, max = -0.00ms, min = 9223372036854.78ms, total = 0.00ms
	InternalPubSubGcsService.grpc_server.GcsPublish.HandleRequestImpl - 576 total (0 active), Execution time: mean = 0.11ms, total = 64.01ms, Queueing time: mean = 0.53ms, max = 95.93ms, min = 0.01ms, total = 307.33ms
	event_loop_lag_probe - 266 total (0 active), Execution time: mean = 0.02ms, total = 4.43ms, Queueing time: mean = 0.07ms, max = 15.11ms, min = 0.00ms, total = 17.73ms
	Publisher.CheckDeadSubscribers - 9 total (1 active), Execution time: mean = 0.02ms, total = 0.15ms, Queueing time: mean = 0.04ms, max = 0.06ms, min = 0.03ms, total = 0.33ms
	InternalPubSubGcsService.grpc_server.GcsSubscriberPoll - 5 total (1 active), Execution time: mean = 476951.72ms, total = 2384758.59ms, Queueing time: mean = 0.00ms, max = -0.00ms, min = 9223372036854.78ms, total = 0.00ms
	InternalPubSubGcsService.grpc_server.GcsSubscriberPoll.HandleRequestImpl - 5 total (0 active), Execution time: mean = 0.08ms, total = 0.38ms, Queueing time: mean = 0.06ms, max = 0.19ms, min = 0.02ms, total = 0.28ms
	InternalPubSubGcsService.grpc_server.GcsSubscriberCommandBatch - 2 total (0 active), Execution time: mean = 0.37ms, total = 0.74ms, Queueing time: mean = 0.00ms, max = -0.00ms, min = 9223372036854.78ms, total = 0.00ms
	InternalPubSubGcsService.grpc_server.GcsSubscriberCommandBatch.HandleRequestImpl - 2 total (0 active), Execution time: mean = 0.10ms, total = 0.21ms, Queueing time: mean = 0.02ms, max = 0.03ms, min = 0.01ms, total = 0.04ms
	PeriodicalRunner.RunFnPeriodically - 1 total (0 active), Execution time: mean = 0.06ms, total = 0.06ms, Queueing time: mean = 7.44ms, max = 7.44ms, min = 7.44ms, total = 7.44ms


[2026-06-04 23:12:10,551 I 512 512] (gcs_server) gcs_server.cc:940: ray_syncer_io_context Event stats:


Global stats: 270 total (0 active)
Queueing time: mean = 0.01ms, max = 0.61ms, min = 0.00ms, total = 3.50ms
Execution time:  mean = 0.02ms, total = 5.04ms
Event stats:
	event_loop_lag_probe - 266 total (0 active), Execution time: mean = 0.02ms, total = 4.86ms, Queueing time: mean = 0.01ms, max = 0.61ms, min = 0.00ms, total = 3.40ms
	RaySyncerRegister - 2 total (0 active), Execution time: mean = 0.00ms, total = 0.00ms, Queueing time: mean = 0.04ms, max = 0.06ms, min = 0.01ms, total = 0.08ms
	RaySyncer.BroadcastMessage - 1 total (0 active), Execution time: mean = 0.02ms, total = 0.02ms, Queueing time: mean = 0.00ms, max = 0.00ms, min = 0.00ms, total = 0.00ms
	 - 1 total (0 active), Execution time: mean = 0.16ms, total = 0.16ms, Queueing time: mean = 0.02ms, max = 0.02ms, min = 0.02ms, total = 0.02ms


[2026-06-04 23:12:10,551 I 512 512] (gcs_server) gcs_server.cc:940: ray_event_io_context Event stats:


Global stats: 266 total (0 active)
Queueing time: mean = 0.04ms, max = 8.24ms, min = 0.00ms, total = 10.62ms
Execution time:  mean = 0.02ms, total = 4.37ms
Event stats:
	event_loop_lag_probe - 266 total (0 active), Execution time: mean = 0.02ms, total = 4.37ms, Queueing time: mean = 0.04ms, max = 8.24ms, min = 0.00ms, total = 10.62ms


[2026-06-04 23:13:10,551 I 512 512] (gcs_server) gcs_server.cc:922: Gcs Debug state:

GcsNodeManager: 
- RegisterNode request count: 1
- DrainNode request count: 0
- GetAllNodeInfo request count: 3

GcsActorManager: 
- RegisterActor request count: 0
- CreateActor request count: 0
- GetActorInfo request count: 0
- GetNamedActorInfo request count: 0
- GetAllActorInfo request count: 0
- KillActor request count: 0
- ListNamedActors request count: 0
- Registered actors count: 0
- Destroyed actors count: 0
- Named actors count: 0
- Unresolved actors count: 0
- Pending actors count: 0
- Created actors count: 0
- owners_: 0
- actor_to_register_callbacks_: 0
- actor_to_restart_for_lineage_reconstruction_callbacks_: 0
- actor_to_create_callbacks_: 0
- sorted_destroyed_actor_list_: 0

GcsResourceManager: 
- GetAllAvailableResources request count: 0
- GetAllTotalResources request count: 0
- GetAllResourceUsage request count: 537

GcsPlacementGroupManager: 
- CreatePlacementGroup request count: 0
- RemovePlacementGroup request count: 0
- GetPlacementGroup request count: 0
- GetAllPlacementGroup request count: 0
- WaitPlacementGroupUntilReady request count: 0
- GetNamedPlacementGroup request count: 0
- Scheduling pending placement group count: 0
- Registered placement groups count: 0
- Named placement group count: 0
- Pending placement groups count: 0
- Infeasible placement groups count: 0

Publisher:
GCS_NODE_INFO_CHANNEL
- cumulative published messages: 1
- cumulative published bytes: 499
- current buffered bytes: 0
GCS_NODE_ADDRESS_AND_LIVENESS_CHANNEL
- cumulative published messages: 1
- cumulative published bytes: 92
- current buffered bytes: 0
RAY_LOG_CHANNEL
- cumulative published messages: 588
- cumulative published bytes: 503821
- current buffered bytes: 0

[runtime env manager] ID to URIs table:
[runtime env manager] URIs reference table:

GcsTaskManager: 
-Total num task events reported: 0
-Total num status task events dropped: 0
-Total num profile events dropped: 0
-Current num of task events stored: 0
-Total num of actor creation tasks: 0
-Total num of actor tasks: 0
-Total num of normal tasks: 0
-Total num of driver tasks: 0

GcsAutoscalerStateManager: 
- last_seen_autoscaler_state_version_: 0
- last_cluster_resource_state_version_: 537
- pending demands:



[2026-06-04 23:13:10,552 I 512 512] (gcs_server) gcs_server.cc:936: Main service Event stats:


Global stats: 22890 total (5 active)
Queueing time: mean = 1.76ms, max = 1522.53ms, min = 0.00ms, total = 40173.93ms
Execution time:  mean = 0.89ms, total = 20419.17ms
Event stats:
	GcsInMemoryStore.Put - 4328 total (0 active), Execution time: mean = 0.35ms, total = 1535.80ms, Queueing time: mean = 0.42ms, max = 1521.87ms, min = 0.00ms, total = 1815.89ms
	RayletLoadPulled - 2699 total (1 active), Execution time: mean = 0.22ms, total = 603.98ms, Queueing time: mean = 0.52ms, max = 297.72ms, min = 0.01ms, total = 1402.10ms
	NodeManagerService.grpc_client.GetResourceLoad.OnReplyReceived - 2685 total (0 active), Execution time: mean = 0.05ms, total = 124.80ms, Queueing time: mean = 0.24ms, max = 96.21ms, min = 0.01ms, total = 653.39ms
	NodeManagerService.grpc_client.GetResourceLoad - 2685 total (0 active), Execution time: mean = 5.11ms, total = 13709.19ms, Queueing time: mean = 0.00ms, max = -0.00ms, min = 9223372036854.78ms, total = 0.00ms
	InternalKVGcsService.grpc_server.InternalKVPut.HandleRequestImpl - 1084 total (0 active), Execution time: mean = 0.05ms, total = 53.27ms, Queueing time: mean = 0.37ms, max = 96.13ms, min = 0.01ms, total = 401.79ms
	InternalKVGcsService.grpc_server.InternalKVPut - 1084 total (0 active), Execution time: mean = 0.94ms, total = 1015.94ms, Queueing time: mean = 0.00ms, max = -0.00ms, min = 9223372036854.78ms, total = 0.00ms
	ClusterResourceManager.ResetRemoteNodeView - 900 total (1 active), Execution time: mean = 0.01ms, total = 7.75ms, Queueing time: mean = 0.22ms, max = 95.89ms, min = 0.01ms, total = 197.46ms
	HealthCheck - 894 total (0 active), Execution time: mean = 0.00ms, total = 3.86ms, Queueing time: mean = 0.25ms, max = 96.16ms, min = 0.01ms, total = 219.19ms
	GcsInMemoryStore.Get - 653 total (0 active), Execution time: mean = 0.01ms, total = 8.40ms, Queueing time: mean = 0.01ms, max = 0.11ms, min = 0.01ms, total = 9.39ms
	InternalKVGcsService.grpc_server.InternalKVGet.HandleRequestImpl - 652 total (0 active), Execution time: mean = 0.09ms, total = 58.69ms, Queueing time: mean = 0.17ms, max = 95.88ms, min = 0.01ms, total = 108.96ms
	InternalKVGcsService.grpc_server.InternalKVGet - 652 total (0 active), Execution time: mean = 0.83ms, total = 542.04ms, Queueing time: mean = 0.00ms, max = -0.00ms, min = 9223372036854.78ms, total = 0.00ms
	NodeInfoGcsService.grpc_server.CheckAlive - 582 total (0 active), Execution time: mean = 0.56ms, total = 323.18ms, Queueing time: mean = 0.00ms, max = -0.00ms, min = 9223372036854.78ms, total = 0.00ms
	NodeInfoGcsService.grpc_server.CheckAlive.HandleRequestImpl - 582 total (0 active), Execution time: mean = 0.02ms, total = 12.13ms, Queueing time: mean = 0.03ms, max = 0.50ms, min = 0.01ms, total = 17.59ms
	GCSServer.deadline_timer.metrics_report - 540 total (1 active), Execution time: mean = 0.21ms, total = 114.93ms, Queueing time: mean = 0.33ms, max = 95.50ms, min = 0.01ms, total = 177.71ms
	AutoscalerStateService.grpc_server.GetClusterResourceState - 537 total (0 active), Execution time: mean = 0.34ms, total = 181.37ms, Queueing time: mean = 0.00ms, max = -0.00ms, min = 9223372036854.78ms, total = 0.00ms
	AutoscalerStateService.grpc_server.GetClusterResourceState.HandleRequestImpl - 537 total (0 active), Execution time: mean = 0.03ms, total = 18.62ms, Queueing time: mean = 0.02ms, max = 0.70ms, min = 0.01ms, total = 10.08ms
	NodeResourceInfoGcsService.grpc_server.GetAllResourceUsage.HandleRequestImpl - 537 total (0 active), Execution time: mean = 0.06ms, total = 32.64ms, Queueing time: mean = 0.03ms, max = 1.38ms, min = 0.01ms, total = 18.37ms
	NodeResourceInfoGcsService.grpc_server.GetAllResourceUsage - 537 total (0 active), Execution time: mean = 0.64ms, total = 341.90ms, Queueing time: mean = 0.00ms, max = -0.00ms, min = 9223372036854.78ms, total = 0.00ms
	event_loop_lag_probe - 272 total (0 active), Execution time: mean = 0.01ms, total = 3.40ms, Queueing time: mean = 0.06ms, max = 14.25ms, min = 0.00ms, total = 16.60ms
	GCSServer.deadline_timer.gcs_global_gc - 270 total (1 active), Execution time: mean = 0.01ms, total = 1.89ms, Queueing time: mean = 0.47ms, max = 66.72ms, min = 0.01ms, total = 127.47ms
	GCSServer.deadline_timer.debug_state_event_stats_print - 45 total (1 active, 1 running), Execution time: mean = 1.34ms, total = 60.45ms, Queueing time: mean = 1.52ms, max = 67.10ms, min = 0.02ms, total = 68.24ms
	ReporterService.grpc_client.HealthCheck.OnReplyReceived - 31 total (0 active), Execution time: mean = 0.16ms, total = 5.10ms, Queueing time: mean = 52.09ms, max = 1517.54ms, min = 0.02ms, total = 1614.71ms
	ReporterService.grpc_client.HealthCheck - 31 total (0 active), Execution time: mean = 3.62ms, total = 112.34ms, Queueing time: mean = 0.00ms, max = -0.00ms, min = 9223372036854.78ms, total = 0.00ms
	MetricsAgentClient.WaitForServerReadyWithRetry - 30 total (0 active), Execution time: mean = 0.27ms, total = 8.13ms, Queueing time: mean = 1008.67ms, max = 1097.53ms, min = 1000.02ms, total = 30260.04ms
	GcsInMemoryStore.GetAll - 6 total (0 active), Execution time: mean = 0.01ms, total = 0.06ms, Queueing time: mean = 0.06ms, max = 0.07ms, min = 0.01ms, total = 0.34ms
	PeriodicalRunner.RunFnPeriodically - 5 total (0 active), Execution time: mean = 0.11ms, total = 0.54ms, Queueing time: mean = 610.50ms, max = 1522.53ms, min = 2.26ms, total = 3052.48ms
	NodeInfoGcsService.grpc_server.GetClusterId - 4 total (0 active), Execution time: mean = 2.91ms, total = 11.62ms, Queueing time: mean = 0.00ms, max = -0.00ms, min = 9223372036854.78ms, total = 0.00ms
	NodeInfoGcsService.grpc_server.GetClusterId.HandleRequestImpl - 4 total (0 active), Execution time: mean = 0.54ms, total = 2.15ms, Queueing time: mean = 0.45ms, max = 1.73ms, min = 0.02ms, total = 1.81ms
	NodeInfoGcsService.grpc_server.GetAllNodeInfo.HandleRequestImpl - 2 total (0 active), Execution time: mean = 0.04ms, total = 0.08ms, Queueing time: mean = 0.02ms, max = 0.03ms, min = 0.01ms, total = 0.04ms
	NodeInfoGcsService.grpc_server.GetAllNodeInfo - 2 total (0 active), Execution time: mean = 0.36ms, total = 0.71ms, Queueing time: mean = 0.00ms, max = -0.00ms, min = 9223372036854.78ms, total = 0.00ms
	GcsInMemoryStore.Delete - 1 total (0 active), Execution time: mean = 0.01ms, total = 0.01ms, Queueing time: mean = 0.01ms, max = 0.01ms, min = 0.01ms, total = 0.01ms
	NodeManager.AddNodeCallback - 1 total (0 active), Execution time: mean = 0.45ms, total = 0.45ms, Queueing time: mean = 0.13ms, max = 0.13ms, min = 0.13ms, total = 0.13ms
	InternalKVGcsService.grpc_server.InternalKVDel - 1 total (0 active), Execution time: mean = 0.45ms, total = 0.45ms, Queueing time: mean = 0.00ms, max = -0.00ms, min = 9223372036854.78ms, total = 0.00ms
	JobInfoGcsService.grpc_server.GetAllJobInfo - 1 total (0 active), Execution time: mean = 0.35ms, total = 0.35ms, Queueing time: mean = 0.00ms, max = -0.00ms, min = 9223372036854.78ms, total = 0.00ms
	JobInfoGcsService.grpc_server.GetNextJobID.HandleRequestImpl - 1 total (0 active), Execution time: mean = 0.02ms, total = 0.02ms, Queueing time: mean = 0.02ms, max = 0.02ms, min = 0.02ms, total = 0.02ms
	JobInfoGcsService.grpc_server.GetNextJobID - 1 total (0 active), Execution time: mean = 0.35ms, total = 0.35ms, Queueing time: mean = 0.00ms, max = -0.00ms, min = 9223372036854.78ms, total = 0.00ms
	GcsHealthCheckManager::AddNode - 1 total (0 active), Execution time: mean = 0.02ms, total = 0.02ms, Queueing time: mean = 0.00ms, max = 0.00ms, min = 0.00ms, total = 0.00ms
	NodeInfoGcsService.grpc_server.GetAllNodeAddressAndLiveness - 1 total (0 active), Execution time: mean = 0.37ms, total = 0.37ms, Queueing time: mean = 0.00ms, max = -0.00ms, min = 9223372036854.78ms, total = 0.00ms
	JobInfoGcsService.grpc_server.GetAllJobInfo.HandleRequestImpl - 1 total (0 active), Execution time: mean = 0.04ms, total = 0.04ms, Queueing time: mean = 0.02ms, max = 0.02ms, min = 0.02ms, total = 0.02ms
	GcsResourceManager::Update - 1 total (0 active), Execution time: mean = 0.08ms, total = 0.08ms, Queueing time: mean = 0.01ms, max = 0.01ms, min = 0.01ms, total = 0.01ms
	NodeInfoGcsService.grpc_server.RegisterNode.HandleRequestImpl - 1 total (0 active), Execution time: mean = 0.23ms, total = 0.23ms, Queueing time: mean = 0.02ms, max = 0.02ms, min = 0.02ms, total = 0.02ms
	InternalKVGcsService.grpc_server.InternalKVDel.HandleRequestImpl - 1 total (0 active), Execution time: mean = 0.06ms, total = 0.06ms, Queueing time: mean = 0.01ms, max = 0.01ms, min = 0.01ms, total = 0.01ms
	InternalKVGcsService.grpc_server.GetInternalConfig.HandleRequestImpl - 1 total (0 active), Execution time: mean = 0.10ms, total = 0.10ms, Queueing time: mean = 0.02ms, max = 0.02ms, min = 0.02ms, total = 0.02ms
	NodeInfoGcsService.grpc_server.GetAllNodeAddressAndLiveness.HandleRequestImpl - 1 total (0 active), Execution time: mean = 0.01ms, total = 0.01ms, Queueing time: mean = 0.01ms, max = 0.01ms, min = 0.01ms, total = 0.01ms
	GcsHealthCheckManager::MarkNodeHealthy - 1 total (0 active), Execution time: mean = 0.00ms, total = 0.00ms, Queueing time: mean = 0.01ms, max = 0.01ms, min = 0.01ms, total = 0.01ms
	GcsInitData::AsyncLoad - 1 total (0 active), Execution time: mean = 0.01ms, total = 0.01ms, Queueing time: mean = 0.00ms, max = 0.00ms, min = 0.00ms, total = 0.00ms
	InternalKVGcsService.grpc_server.GetInternalConfig - 1 total (0 active), Execution time: mean = 0.65ms, total = 0.65ms, Queueing time: mean = 0.00ms, max = -0.00ms, min = 9223372036854.78ms, total = 0.00ms
	GcsInMemoryStore.GetNextJobID - 1 total (0 active), Execution time: mean = 0.01ms, total = 0.01ms, Queueing time: mean = 0.01ms, max = 0.01ms, min = 0.01ms, total = 0.01ms
	NodeInfoGcsService.grpc_server.RegisterNode - 1 total (0 active), Execution time: mean = 0.64ms, total = 0.64ms, Queueing time: mean = 0.00ms, max = -0.00ms, min = 9223372036854.78ms, total = 0.00ms
	GcsServer.GetOrGenerateClusterId.continuation - 1 total (0 active), Execution time: mean = 1520.34ms, total = 1520.34ms, Queueing time: mean = 0.00ms, max = 0.00ms, min = 0.00ms, total = 0.00ms


[2026-06-04 23:13:10,552 I 512 512] (gcs_server) gcs_server.cc:940: task_io_context Event stats:


Global stats: 814 total (1 active)
Queueing time: mean = 0.14ms, max = 89.27ms, min = -0.00ms, total = 116.96ms
Execution time:  mean = 0.01ms, total = 9.47ms
Event stats:
	GcsTaskManager.GcJobSummary - 541 total (1 active), Execution time: mean = 0.01ms, total = 5.20ms, Queueing time: mean = 0.21ms, max = 89.27ms, min = -0.00ms, total = 113.54ms
	event_loop_lag_probe - 272 total (0 active), Execution time: mean = 0.02ms, total = 4.25ms, Queueing time: mean = 0.01ms, max = 0.50ms, min = 0.00ms, total = 3.40ms
	PeriodicalRunner.RunFnPeriodically - 1 total (0 active), Execution time: mean = 0.02ms, total = 0.02ms, Queueing time: mean = 0.02ms, max = 0.02ms, min = 0.02ms, total = 0.02ms


[2026-06-04 23:13:10,552 I 512 512] (gcs_server) gcs_server.cc:940: pubsub_io_context Event stats:


Global stats: 1473 total (2 active)
Queueing time: mean = 0.23ms, max = 95.93ms, min = 0.00ms, total = 333.69ms
Execution time:  mean = 1619.65ms, total = 2385750.78ms
Event stats:
	InternalPubSubGcsService.grpc_server.GcsPublish - 588 total (0 active), Execution time: mean = 1.57ms, total = 920.85ms, Queueing time: mean = 0.00ms, max = -0.00ms, min = 9223372036854.78ms, total = 0.00ms
	InternalPubSubGcsService.grpc_server.GcsPublish.HandleRequestImpl - 588 total (0 active), Execution time: mean = 0.11ms, total = 65.27ms, Queueing time: mean = 0.52ms, max = 95.93ms, min = 0.01ms, total = 307.69ms
	event_loop_lag_probe - 272 total (0 active), Execution time: mean = 0.02ms, total = 4.52ms, Queueing time: mean = 0.07ms, max = 15.11ms, min = 0.00ms, total = 17.87ms
	Publisher.CheckDeadSubscribers - 10 total (1 active), Execution time: mean = 0.02ms, total = 0.16ms, Queueing time: mean = 0.04ms, max = 0.06ms, min = 0.03ms, total = 0.36ms
	InternalPubSubGcsService.grpc_server.GcsSubscriberPoll - 5 total (1 active), Execution time: mean = 476951.72ms, total = 2384758.59ms, Queueing time: mean = 0.00ms, max = -0.00ms, min = 9223372036854.78ms, total = 0.00ms
	InternalPubSubGcsService.grpc_server.GcsSubscriberPoll.HandleRequestImpl - 5 total (0 active), Execution time: mean = 0.08ms, total = 0.38ms, Queueing time: mean = 0.06ms, max = 0.19ms, min = 0.02ms, total = 0.28ms
	InternalPubSubGcsService.grpc_server.GcsSubscriberCommandBatch - 2 total (0 active), Execution time: mean = 0.37ms, total = 0.74ms, Queueing time: mean = 0.00ms, max = -0.00ms, min = 9223372036854.78ms, total = 0.00ms
	InternalPubSubGcsService.grpc_server.GcsSubscriberCommandBatch.HandleRequestImpl - 2 total (0 active), Execution time: mean = 0.10ms, total = 0.21ms, Queueing time: mean = 0.02ms, max = 0.03ms, min = 0.01ms, total = 0.04ms
	PeriodicalRunner.RunFnPeriodically - 1 total (0 active), Execution time: mean = 0.06ms, total = 0.06ms, Queueing time: mean = 7.44ms, max = 7.44ms, min = 7.44ms, total = 7.44ms


[2026-06-04 23:13:10,552 I 512 512] (gcs_server) gcs_server.cc:940: ray_syncer_io_context Event stats:


Global stats: 276 total (0 active)
Queueing time: mean = 0.01ms, max = 0.61ms, min = 0.00ms, total = 3.56ms
Execution time:  mean = 0.02ms, total = 5.15ms
Event stats:
	event_loop_lag_probe - 272 total (0 active), Execution time: mean = 0.02ms, total = 4.96ms, Queueing time: mean = 0.01ms, max = 0.61ms, min = 0.00ms, total = 3.46ms
	RaySyncerRegister - 2 total (0 active), Execution time: mean = 0.00ms, total = 0.00ms, Queueing time: mean = 0.04ms, max = 0.06ms, min = 0.01ms, total = 0.08ms
	RaySyncer.BroadcastMessage - 1 total (0 active), Execution time: mean = 0.02ms, total = 0.02ms, Queueing time: mean = 0.00ms, max = 0.00ms, min = 0.00ms, total = 0.00ms
	 - 1 total (0 active), Execution time: mean = 0.16ms, total = 0.16ms, Queueing time: mean = 0.02ms, max = 0.02ms, min = 0.02ms, total = 0.02ms


[2026-06-04 23:13:10,552 I 512 512] (gcs_server) gcs_server.cc:940: ray_event_io_context Event stats:


Global stats: 272 total (0 active)
Queueing time: mean = 0.04ms, max = 8.24ms, min = 0.00ms, total = 10.66ms
Execution time:  mean = 0.02ms, total = 4.46ms
Event stats:
	event_loop_lag_probe - 272 total (0 active), Execution time: mean = 0.02ms, total = 4.46ms, Queueing time: mean = 0.04ms, max = 8.24ms, min = 0.00ms, total = 10.66ms


[2026-06-04 23:14:10,552 I 512 512] (gcs_server) gcs_server.cc:922: Gcs Debug state:

GcsNodeManager: 
- RegisterNode request count: 1
- DrainNode request count: 0
- GetAllNodeInfo request count: 3

GcsActorManager: 
- RegisterActor request count: 0
- CreateActor request count: 0
- GetActorInfo request count: 0
- GetNamedActorInfo request count: 0
- GetAllActorInfo request count: 0
- KillActor request count: 0
- ListNamedActors request count: 0
- Registered actors count: 0
- Destroyed actors count: 0
- Named actors count: 0
- Unresolved actors count: 0
- Pending actors count: 0
- Created actors count: 0
- owners_: 0
- actor_to_register_callbacks_: 0
- actor_to_restart_for_lineage_reconstruction_callbacks_: 0
- actor_to_create_callbacks_: 0
- sorted_destroyed_actor_list_: 0

GcsResourceManager: 
- GetAllAvailableResources request count: 0
- GetAllTotalResources request count: 0
- GetAllResourceUsage request count: 549

GcsPlacementGroupManager: 
- CreatePlacementGroup request count: 0
- RemovePlacementGroup request count: 0
- GetPlacementGroup request count: 0
- GetAllPlacementGroup request count: 0
- WaitPlacementGroupUntilReady request count: 0
- GetNamedPlacementGroup request count: 0
- Scheduling pending placement group count: 0
- Registered placement groups count: 0
- Named placement group count: 0
- Pending placement groups count: 0
- Infeasible placement groups count: 0

Publisher:
GCS_NODE_INFO_CHANNEL
- cumulative published messages: 1
- cumulative published bytes: 499
- current buffered bytes: 0
GCS_NODE_ADDRESS_AND_LIVENESS_CHANNEL
- cumulative published messages: 1
- cumulative published bytes: 92
- current buffered bytes: 0
RAY_LOG_CHANNEL
- cumulative published messages: 600
- cumulative published bytes: 514105
- current buffered bytes: 0

[runtime env manager] ID to URIs table:
[runtime env manager] URIs reference table:

GcsTaskManager: 
-Total num task events reported: 0
-Total num status task events dropped: 0
-Total num profile events dropped: 0
-Current num of task events stored: 0
-Total num of actor creation tasks: 0
-Total num of actor tasks: 0
-Total num of normal tasks: 0
-Total num of driver tasks: 0

GcsAutoscalerStateManager: 
- last_seen_autoscaler_state_version_: 0
- last_cluster_resource_state_version_: 549
- pending demands:



[2026-06-04 23:14:10,553 I 512 512] (gcs_server) gcs_server.cc:936: Main service Event stats:


Global stats: 23389 total (5 active)
Queueing time: mean = 1.72ms, max = 1522.53ms, min = 0.00ms, total = 40188.31ms
Execution time:  mean = 0.88ms, total = 20533.98ms
Event stats:
	GcsInMemoryStore.Put - 4424 total (0 active), Execution time: mean = 0.35ms, total = 1536.13ms, Queueing time: mean = 0.41ms, max = 1521.87ms, min = 0.00ms, total = 1822.51ms
	RayletLoadPulled - 2759 total (1 active), Execution time: mean = 0.22ms, total = 615.82ms, Queueing time: mean = 0.51ms, max = 297.72ms, min = 0.01ms, total = 1403.96ms
	NodeManagerService.grpc_client.GetResourceLoad.OnReplyReceived - 2745 total (0 active), Execution time: mean = 0.05ms, total = 127.61ms, Queueing time: mean = 0.24ms, max = 96.21ms, min = 0.01ms, total = 654.93ms
	NodeManagerService.grpc_client.GetResourceLoad - 2745 total (0 active), Execution time: mean = 5.02ms, total = 13775.16ms, Queueing time: mean = 0.00ms, max = -0.00ms, min = 9223372036854.78ms, total = 0.00ms
	InternalKVGcsService.grpc_server.InternalKVPut.HandleRequestImpl - 1108 total (0 active), Execution time: mean = 0.05ms, total = 54.39ms, Queueing time: mean = 0.36ms, max = 96.13ms, min = 0.01ms, total = 402.16ms
	InternalKVGcsService.grpc_server.InternalKVPut - 1108 total (0 active), Execution time: mean = 0.92ms, total = 1023.25ms, Queueing time: mean = 0.00ms, max = -0.00ms, min = 9223372036854.78ms, total = 0.00ms
	ClusterResourceManager.ResetRemoteNodeView - 920 total (1 active), Execution time: mean = 0.01ms, total = 7.89ms, Queueing time: mean = 0.22ms, max = 95.89ms, min = 0.01ms, total = 197.97ms
	HealthCheck - 914 total (0 active), Execution time: mean = 0.00ms, total = 4.00ms, Queueing time: mean = 0.24ms, max = 96.16ms, min = 0.01ms, total = 219.68ms
	GcsInMemoryStore.Get - 665 total (0 active), Execution time: mean = 0.01ms, total = 8.59ms, Queueing time: mean = 0.01ms, max = 0.11ms, min = 0.01ms, total = 9.55ms
	InternalKVGcsService.grpc_server.InternalKVGet.HandleRequestImpl - 664 total (0 active), Execution time: mean = 0.09ms, total = 59.84ms, Queueing time: mean = 0.16ms, max = 95.88ms, min = 0.01ms, total = 109.15ms
	InternalKVGcsService.grpc_server.InternalKVGet - 664 total (0 active), Execution time: mean = 0.82ms, total = 546.48ms, Queueing time: mean = 0.00ms, max = -0.00ms, min = 9223372036854.78ms, total = 0.00ms
	NodeInfoGcsService.grpc_server.CheckAlive - 595 total (0 active), Execution time: mean = 0.55ms, total = 328.12ms, Queueing time: mean = 0.00ms, max = -0.00ms, min = 9223372036854.78ms, total = 0.00ms
	NodeInfoGcsService.grpc_server.CheckAlive.HandleRequestImpl - 595 total (0 active), Execution time: mean = 0.02ms, total = 12.41ms, Queueing time: mean = 0.03ms, max = 0.50ms, min = 0.01ms, total = 17.95ms
	GCSServer.deadline_timer.metrics_report - 552 total (1 active), Execution time: mean = 0.21ms, total = 117.66ms, Queueing time: mean = 0.32ms, max = 95.50ms, min = 0.01ms, total = 178.01ms
	AutoscalerStateService.grpc_server.GetClusterResourceState - 549 total (0 active), Execution time: mean = 0.34ms, total = 185.20ms, Queueing time: mean = 0.00ms, max = -0.00ms, min = 9223372036854.78ms, total = 0.00ms
	AutoscalerStateService.grpc_server.GetClusterResourceState.HandleRequestImpl - 549 total (0 active), Execution time: mean = 0.03ms, total = 19.03ms, Queueing time: mean = 0.02ms, max = 0.70ms, min = 0.01ms, total = 10.27ms
	NodeResourceInfoGcsService.grpc_server.GetAllResourceUsage.HandleRequestImpl - 549 total (0 active), Execution time: mean = 0.06ms, total = 33.28ms, Queueing time: mean = 0.03ms, max = 1.38ms, min = 0.01ms, total = 18.70ms
	NodeResourceInfoGcsService.grpc_server.GetAllResourceUsage - 549 total (0 active), Execution time: mean = 0.63ms, total = 346.96ms, Queueing time: mean = 0.00ms, max = -0.00ms, min = 9223372036854.78ms, total = 0.00ms
	event_loop_lag_probe - 278 total (0 active), Execution time: mean = 0.01ms, total = 3.47ms, Queueing time: mean = 0.06ms, max = 14.25ms, min = 0.00ms, total = 16.64ms
	GCSServer.deadline_timer.gcs_global_gc - 276 total (1 active), Execution time: mean = 0.01ms, total = 1.92ms, Queueing time: mean = 0.47ms, max = 66.72ms, min = 0.01ms, total = 128.86ms
	GCSServer.deadline_timer.debug_state_event_stats_print - 46 total (1 active, 1 running), Execution time: mean = 1.34ms, total = 61.84ms, Queueing time: mean = 1.48ms, max = 67.10ms, min = 0.02ms, total = 68.26ms
	ReporterService.grpc_client.HealthCheck.OnReplyReceived - 31 total (0 active), Execution time: mean = 0.16ms, total = 5.10ms, Queueing time: mean = 52.09ms, max = 1517.54ms, min = 0.02ms, total = 1614.71ms
	ReporterService.grpc_client.HealthCheck - 31 total (0 active), Execution time: mean = 3.62ms, total = 112.34ms, Queueing time: mean = 0.00ms, max = -0.00ms, min = 9223372036854.78ms, total = 0.00ms
	MetricsAgentClient.WaitForServerReadyWithRetry - 30 total (0 active), Execution time: mean = 0.27ms, total = 8.13ms, Queueing time: mean = 1008.67ms, max = 1097.53ms, min = 1000.02ms, total = 30260.04ms
	GcsInMemoryStore.GetAll - 6 total (0 active), Execution time: mean = 0.01ms, total = 0.06ms, Queueing time: mean = 0.06ms, max = 0.07ms, min = 0.01ms, total = 0.34ms
	PeriodicalRunner.RunFnPeriodically - 5 total (0 active), Execution time: mean = 0.11ms, total = 0.54ms, Queueing time: mean = 610.50ms, max = 1522.53ms, min = 2.26ms, total = 3052.48ms
	NodeInfoGcsService.grpc_server.GetClusterId - 4 total (0 active), Execution time: mean = 2.91ms, total = 11.62ms, Queueing time: mean = 0.00ms, max = -0.00ms, min = 9223372036854.78ms, total = 0.00ms
	NodeInfoGcsService.grpc_server.GetClusterId.HandleRequestImpl - 4 total (0 active), Execution time: mean = 0.54ms, total = 2.15ms, Queueing time: mean = 0.45ms, max = 1.73ms, min = 0.02ms, total = 1.81ms
	NodeInfoGcsService.grpc_server.GetAllNodeInfo.HandleRequestImpl - 2 total (0 active), Execution time: mean = 0.04ms, total = 0.08ms, Queueing time: mean = 0.02ms, max = 0.03ms, min = 0.01ms, total = 0.04ms
	NodeInfoGcsService.grpc_server.GetAllNodeInfo - 2 total (0 active), Execution time: mean = 0.36ms, total = 0.71ms, Queueing time: mean = 0.00ms, max = -0.00ms, min = 9223372036854.78ms, total = 0.00ms
	GcsInMemoryStore.Delete - 1 total (0 active), Execution time: mean = 0.01ms, total = 0.01ms, Queueing time: mean = 0.01ms, max = 0.01ms, min = 0.01ms, total = 0.01ms
	NodeManager.AddNodeCallback - 1 total (0 active), Execution time: mean = 0.45ms, total = 0.45ms, Queueing time: mean = 0.13ms, max = 0.13ms, min = 0.13ms, total = 0.13ms
	InternalKVGcsService.grpc_server.InternalKVDel - 1 total (0 active), Execution time: mean = 0.45ms, total = 0.45ms, Queueing time: mean = 0.00ms, max = -0.00ms, min = 9223372036854.78ms, total = 0.00ms
	JobInfoGcsService.grpc_server.GetAllJobInfo - 1 total (0 active), Execution time: mean = 0.35ms, total = 0.35ms, Queueing time: mean = 0.00ms, max = -0.00ms, min = 9223372036854.78ms, total = 0.00ms
	JobInfoGcsService.grpc_server.GetNextJobID.HandleRequestImpl - 1 total (0 active), Execution time: mean = 0.02ms, total = 0.02ms, Queueing time: mean = 0.02ms, max = 0.02ms, min = 0.02ms, total = 0.02ms
	JobInfoGcsService.grpc_server.GetNextJobID - 1 total (0 active), Execution time: mean = 0.35ms, total = 0.35ms, Queueing time: mean = 0.00ms, max = -0.00ms, min = 9223372036854.78ms, total = 0.00ms
	GcsHealthCheckManager::AddNode - 1 total (0 active), Execution time: mean = 0.02ms, total = 0.02ms, Queueing time: mean = 0.00ms, max = 0.00ms, min = 0.00ms, total = 0.00ms
	NodeInfoGcsService.grpc_server.GetAllNodeAddressAndLiveness - 1 total (0 active), Execution time: mean = 0.37ms, total = 0.37ms, Queueing time: mean = 0.00ms, max = -0.00ms, min = 9223372036854.78ms, total = 0.00ms
	JobInfoGcsService.grpc_server.GetAllJobInfo.HandleRequestImpl - 1 total (0 active), Execution time: mean = 0.04ms, total = 0.04ms, Queueing time: mean = 0.02ms, max = 0.02ms, min = 0.02ms, total = 0.02ms
	GcsResourceManager::Update - 1 total (0 active), Execution time: mean = 0.08ms, total = 0.08ms, Queueing time: mean = 0.01ms, max = 0.01ms, min = 0.01ms, total = 0.01ms
	NodeInfoGcsService.grpc_server.RegisterNode.HandleRequestImpl - 1 total (0 active), Execution time: mean = 0.23ms, total = 0.23ms, Queueing time: mean = 0.02ms, max = 0.02ms, min = 0.02ms, total = 0.02ms
	InternalKVGcsService.grpc_server.InternalKVDel.HandleRequestImpl - 1 total (0 active), Execution time: mean = 0.06ms, total = 0.06ms, Queueing time: mean = 0.01ms, max = 0.01ms, min = 0.01ms, total = 0.01ms
	InternalKVGcsService.grpc_server.GetInternalConfig.HandleRequestImpl - 1 total (0 active), Execution time: mean = 0.10ms, total = 0.10ms, Queueing time: mean = 0.02ms, max = 0.02ms, min = 0.02ms, total = 0.02ms
	NodeInfoGcsService.grpc_server.GetAllNodeAddressAndLiveness.HandleRequestImpl - 1 total (0 active), Execution time: mean = 0.01ms, total = 0.01ms, Queueing time: mean = 0.01ms, max = 0.01ms, min = 0.01ms, total = 0.01ms
	GcsHealthCheckManager::MarkNodeHealthy - 1 total (0 active), Execution time: mean = 0.00ms, total = 0.00ms, Queueing time: mean = 0.01ms, max = 0.01ms, min = 0.01ms, total = 0.01ms
	GcsInitData::AsyncLoad - 1 total (0 active), Execution time: mean = 0.01ms, total = 0.01ms, Queueing time: mean = 0.00ms, max = 0.00ms, min = 0.00ms, total = 0.00ms
	InternalKVGcsService.grpc_server.GetInternalConfig - 1 total (0 active), Execution time: mean = 0.65ms, total = 0.65ms, Queueing time: mean = 0.00ms, max = -0.00ms, min = 9223372036854.78ms, total = 0.00ms
	GcsInMemoryStore.GetNextJobID - 1 total (0 active), Execution time: mean = 0.01ms, total = 0.01ms, Queueing time: mean = 0.01ms, max = 0.01ms, min = 0.01ms, total = 0.01ms
	NodeInfoGcsService.grpc_server.RegisterNode - 1 total (0 active), Execution time: mean = 0.64ms, total = 0.64ms, Queueing time: mean = 0.00ms, max = -0.00ms, min = 9223372036854.78ms, total = 0.00ms
	GcsServer.GetOrGenerateClusterId.continuation - 1 total (0 active), Execution time: mean = 1520.34ms, total = 1520.34ms, Queueing time: mean = 0.00ms, max = 0.00ms, min = 0.00ms, total = 0.00ms


[2026-06-04 23:14:10,554 I 512 512] (gcs_server) gcs_server.cc:940: task_io_context Event stats:


Global stats: 832 total (1 active)
Queueing time: mean = 0.14ms, max = 89.27ms, min = -0.00ms, total = 117.61ms
Execution time:  mean = 0.01ms, total = 9.67ms
Event stats:
	GcsTaskManager.GcJobSummary - 553 total (1 active), Execution time: mean = 0.01ms, total = 5.31ms, Queueing time: mean = 0.21ms, max = 89.27ms, min = -0.00ms, total = 114.12ms
	event_loop_lag_probe - 278 total (0 active), Execution time: mean = 0.02ms, total = 4.34ms, Queueing time: mean = 0.01ms, max = 0.50ms, min = 0.00ms, total = 3.48ms
	PeriodicalRunner.RunFnPeriodically - 1 total (0 active), Execution time: mean = 0.02ms, total = 0.02ms, Queueing time: mean = 0.02ms, max = 0.02ms, min = 0.02ms, total = 0.02ms


[2026-06-04 23:14:10,554 I 512 512] (gcs_server) gcs_server.cc:940: pubsub_io_context Event stats:


Global stats: 1503 total (2 active)
Queueing time: mean = 0.22ms, max = 95.93ms, min = 0.00ms, total = 334.15ms
Execution time:  mean = 1587.33ms, total = 2385757.50ms
Event stats:
	InternalPubSubGcsService.grpc_server.GcsPublish - 600 total (0 active), Execution time: mean = 1.54ms, total = 926.20ms, Queueing time: mean = 0.00ms, max = -0.00ms, min = 9223372036854.78ms, total = 0.00ms
	InternalPubSubGcsService.grpc_server.GcsPublish.HandleRequestImpl - 600 total (0 active), Execution time: mean = 0.11ms, total = 66.54ms, Queueing time: mean = 0.51ms, max = 95.93ms, min = 0.01ms, total = 308.10ms
	event_loop_lag_probe - 278 total (0 active), Execution time: mean = 0.02ms, total = 4.61ms, Queueing time: mean = 0.06ms, max = 15.11ms, min = 0.00ms, total = 17.93ms
	Publisher.CheckDeadSubscribers - 10 total (1 active), Execution time: mean = 0.02ms, total = 0.16ms, Queueing time: mean = 0.04ms, max = 0.06ms, min = 0.03ms, total = 0.36ms
	InternalPubSubGcsService.grpc_server.GcsSubscriberPoll - 5 total (1 active), Execution time: mean = 476951.72ms, total = 2384758.59ms, Queueing time: mean = 0.00ms, max = -0.00ms, min = 9223372036854.78ms, total = 0.00ms
	InternalPubSubGcsService.grpc_server.GcsSubscriberPoll.HandleRequestImpl - 5 total (0 active), Execution time: mean = 0.08ms, total = 0.38ms, Queueing time: mean = 0.06ms, max = 0.19ms, min = 0.02ms, total = 0.28ms
	InternalPubSubGcsService.grpc_server.GcsSubscriberCommandBatch - 2 total (0 active), Execution time: mean = 0.37ms, total = 0.74ms, Queueing time: mean = 0.00ms, max = -0.00ms, min = 9223372036854.78ms, total = 0.00ms
	InternalPubSubGcsService.grpc_server.GcsSubscriberCommandBatch.HandleRequestImpl - 2 total (0 active), Execution time: mean = 0.10ms, total = 0.21ms, Queueing time: mean = 0.02ms, max = 0.03ms, min = 0.01ms, total = 0.04ms
	PeriodicalRunner.RunFnPeriodically - 1 total (0 active), Execution time: mean = 0.06ms, total = 0.06ms, Queueing time: mean = 7.44ms, max = 7.44ms, min = 7.44ms, total = 7.44ms


[2026-06-04 23:14:10,554 I 512 512] (gcs_server) gcs_server.cc:940: ray_syncer_io_context Event stats:


Global stats: 282 total (0 active)
Queueing time: mean = 0.01ms, max = 0.61ms, min = 0.00ms, total = 3.62ms
Execution time:  mean = 0.02ms, total = 5.25ms
Event stats:
	event_loop_lag_probe - 278 total (0 active), Execution time: mean = 0.02ms, total = 5.07ms, Queueing time: mean = 0.01ms, max = 0.61ms, min = 0.00ms, total = 3.52ms
	RaySyncerRegister - 2 total (0 active), Execution time: mean = 0.00ms, total = 0.00ms, Queueing time: mean = 0.04ms, max = 0.06ms, min = 0.01ms, total = 0.08ms
	RaySyncer.BroadcastMessage - 1 total (0 active), Execution time: mean = 0.02ms, total = 0.02ms, Queueing time: mean = 0.00ms, max = 0.00ms, min = 0.00ms, total = 0.00ms
	 - 1 total (0 active), Execution time: mean = 0.16ms, total = 0.16ms, Queueing time: mean = 0.02ms, max = 0.02ms, min = 0.02ms, total = 0.02ms


[2026-06-04 23:14:10,554 I 512 512] (gcs_server) gcs_server.cc:940: ray_event_io_context Event stats:


Global stats: 278 total (0 active)
Queueing time: mean = 0.04ms, max = 8.24ms, min = 0.00ms, total = 10.72ms
Execution time:  mean = 0.02ms, total = 4.56ms
Event stats:
	event_loop_lag_probe - 278 total (0 active), Execution time: mean = 0.02ms, total = 4.56ms, Queueing time: mean = 0.04ms, max = 8.24ms, min = 0.00ms, total = 10.72ms


[2026-06-04 23:15:10,554 I 512 512] (gcs_server) gcs_server.cc:922: Gcs Debug state:

GcsNodeManager: 
- RegisterNode request count: 1
- DrainNode request count: 0
- GetAllNodeInfo request count: 3

GcsActorManager: 
- RegisterActor request count: 0
- CreateActor request count: 0
- GetActorInfo request count: 0
- GetNamedActorInfo request count: 0
- GetAllActorInfo request count: 0
- KillActor request count: 0
- ListNamedActors request count: 0
- Registered actors count: 0
- Destroyed actors count: 0
- Named actors count: 0
- Unresolved actors count: 0
- Pending actors count: 0
- Created actors count: 0
- owners_: 0
- actor_to_register_callbacks_: 0
- actor_to_restart_for_lineage_reconstruction_callbacks_: 0
- actor_to_create_callbacks_: 0
- sorted_destroyed_actor_list_: 0

GcsResourceManager: 
- GetAllAvailableResources request count: 0
- GetAllTotalResources request count: 0
- GetAllResourceUsage request count: 561

GcsPlacementGroupManager: 
- CreatePlacementGroup request count: 0
- RemovePlacementGroup request count: 0
- GetPlacementGroup request count: 0
- GetAllPlacementGroup request count: 0
- WaitPlacementGroupUntilReady request count: 0
- GetNamedPlacementGroup request count: 0
- Scheduling pending placement group count: 0
- Registered placement groups count: 0
- Named placement group count: 0
- Pending placement groups count: 0
- Infeasible placement groups count: 0

Publisher:
GCS_NODE_INFO_CHANNEL
- cumulative published messages: 1
- cumulative published bytes: 499
- current buffered bytes: 0
GCS_NODE_ADDRESS_AND_LIVENESS_CHANNEL
- cumulative published messages: 1
- cumulative published bytes: 92
- current buffered bytes: 0
RAY_LOG_CHANNEL
- cumulative published messages: 612
- cumulative published bytes: 524389
- current buffered bytes: 0

[runtime env manager] ID to URIs table:
[runtime env manager] URIs reference table:

GcsTaskManager: 
-Total num task events reported: 0
-Total num status task events dropped: 0
-Total num profile events dropped: 0
-Current num of task events stored: 0
-Total num of actor creation tasks: 0
-Total num of actor tasks: 0
-Total num of normal tasks: 0
-Total num of driver tasks: 0

GcsAutoscalerStateManager: 
- last_seen_autoscaler_state_version_: 0
- last_cluster_resource_state_version_: 561
- pending demands:



[2026-06-04 23:15:10,555 I 512 512] (gcs_server) gcs_server.cc:936: Main service Event stats:


Global stats: 23888 total (5 active)
Queueing time: mean = 1.68ms, max = 1522.53ms, min = 0.00ms, total = 40204.28ms
Execution time:  mean = 0.86ms, total = 20652.39ms
Event stats:
	GcsInMemoryStore.Put - 4520 total (0 active), Execution time: mean = 0.34ms, total = 1536.50ms, Queueing time: mean = 0.40ms, max = 1521.87ms, min = 0.00ms, total = 1830.33ms
	RayletLoadPulled - 2819 total (1 active), Execution time: mean = 0.22ms, total = 628.40ms, Queueing time: mean = 0.50ms, max = 297.72ms, min = 0.01ms, total = 1405.89ms
	NodeManagerService.grpc_client.GetResourceLoad.OnReplyReceived - 2805 total (0 active), Execution time: mean = 0.05ms, total = 130.54ms, Queueing time: mean = 0.23ms, max = 96.21ms, min = 0.01ms, total = 656.53ms
	NodeManagerService.grpc_client.GetResourceLoad - 2805 total (0 active), Execution time: mean = 4.93ms, total = 13841.84ms, Queueing time: mean = 0.00ms, max = -0.00ms, min = 9223372036854.78ms, total = 0.00ms
	InternalKVGcsService.grpc_server.InternalKVPut.HandleRequestImpl - 1132 total (0 active), Execution time: mean = 0.05ms, total = 55.59ms, Queueing time: mean = 0.36ms, max = 96.13ms, min = 0.01ms, total = 402.53ms
	InternalKVGcsService.grpc_server.InternalKVPut - 1132 total (0 active), Execution time: mean = 0.91ms, total = 1031.11ms, Queueing time: mean = 0.00ms, max = -0.00ms, min = 9223372036854.78ms, total = 0.00ms
	ClusterResourceManager.ResetRemoteNodeView - 940 total (1 active), Execution time: mean = 0.01ms, total = 8.05ms, Queueing time: mean = 0.21ms, max = 95.89ms, min = 0.01ms, total = 198.54ms
	HealthCheck - 934 total (0 active), Execution time: mean = 0.00ms, total = 4.12ms, Queueing time: mean = 0.24ms, max = 96.16ms, min = 0.01ms, total = 220.17ms
	GcsInMemoryStore.Get - 677 total (0 active), Execution time: mean = 0.01ms, total = 8.75ms, Queueing time: mean = 0.01ms, max = 0.11ms, min = 0.01ms, total = 9.70ms
	InternalKVGcsService.grpc_server.InternalKVGet.HandleRequestImpl - 676 total (0 active), Execution time: mean = 0.09ms, total = 61.03ms, Queueing time: mean = 0.16ms, max = 95.88ms, min = 0.01ms, total = 109.34ms
	InternalKVGcsService.grpc_server.InternalKVGet - 676 total (0 active), Execution time: mean = 0.82ms, total = 551.02ms, Queueing time: mean = 0.00ms, max = -0.00ms, min = 9223372036854.78ms, total = 0.00ms
	NodeInfoGcsService.grpc_server.CheckAlive - 608 total (0 active), Execution time: mean = 0.55ms, total = 332.86ms, Queueing time: mean = 0.00ms, max = -0.00ms, min = 9223372036854.78ms, total = 0.00ms
	NodeInfoGcsService.grpc_server.CheckAlive.HandleRequestImpl - 608 total (0 active), Execution time: mean = 0.02ms, total = 12.72ms, Queueing time: mean = 0.03ms, max = 0.50ms, min = 0.01ms, total = 18.34ms
	GCSServer.deadline_timer.metrics_report - 564 total (1 active), Execution time: mean = 0.21ms, total = 120.84ms, Queueing time: mean = 0.32ms, max = 95.50ms, min = 0.01ms, total = 178.38ms
	AutoscalerStateService.grpc_server.GetClusterResourceState - 561 total (0 active), Execution time: mean = 0.34ms, total = 189.43ms, Queueing time: mean = 0.00ms, max = -0.00ms, min = 9223372036854.78ms, total = 0.00ms
	AutoscalerStateService.grpc_server.GetClusterResourceState.HandleRequestImpl - 561 total (0 active), Execution time: mean = 0.03ms, total = 19.46ms, Queueing time: mean = 0.02ms, max = 0.70ms, min = 0.01ms, total = 10.48ms
	NodeResourceInfoGcsService.grpc_server.GetAllResourceUsage.HandleRequestImpl - 561 total (0 active), Execution time: mean = 0.06ms, total = 33.99ms, Queueing time: mean = 0.03ms, max = 1.38ms, min = 0.01ms, total = 19.02ms
	NodeResourceInfoGcsService.grpc_server.GetAllResourceUsage - 561 total (0 active), Execution time: mean = 0.63ms, total = 352.37ms, Queueing time: mean = 0.00ms, max = -0.00ms, min = 9223372036854.78ms, total = 0.00ms
	event_loop_lag_probe - 284 total (0 active), Execution time: mean = 0.01ms, total = 3.55ms, Queueing time: mean = 0.06ms, max = 14.25ms, min = 0.00ms, total = 16.68ms
	GCSServer.deadline_timer.gcs_global_gc - 282 total (1 active), Execution time: mean = 0.01ms, total = 1.96ms, Queueing time: mean = 0.46ms, max = 66.72ms, min = 0.01ms, total = 130.37ms
	GCSServer.deadline_timer.debug_state_event_stats_print - 47 total (1 active, 1 running), Execution time: mean = 1.35ms, total = 63.33ms, Queueing time: mean = 1.45ms, max = 67.10ms, min = 0.02ms, total = 68.29ms
	ReporterService.grpc_client.HealthCheck.OnReplyReceived - 31 total (0 active), Execution time: mean = 0.16ms, total = 5.10ms, Queueing time: mean = 52.09ms, max = 1517.54ms, min = 0.02ms, total = 1614.71ms
	ReporterService.grpc_client.HealthCheck - 31 total (0 active), Execution time: mean = 3.62ms, total = 112.34ms, Queueing time: mean = 0.00ms, max = -0.00ms, min = 9223372036854.78ms, total = 0.00ms
	MetricsAgentClient.WaitForServerReadyWithRetry - 30 total (0 active), Execution time: mean = 0.27ms, total = 8.13ms, Queueing time: mean = 1008.67ms, max = 1097.53ms, min = 1000.02ms, total = 30260.04ms
	GcsInMemoryStore.GetAll - 6 total (0 active), Execution time: mean = 0.01ms, total = 0.06ms, Queueing time: mean = 0.06ms, max = 0.07ms, min = 0.01ms, total = 0.34ms
	PeriodicalRunner.RunFnPeriodically - 5 total (0 active), Execution time: mean = 0.11ms, total = 0.54ms, Queueing time: mean = 610.50ms, max = 1522.53ms, min = 2.26ms, total = 3052.48ms
	NodeInfoGcsService.grpc_server.GetClusterId - 4 total (0 active), Execution time: mean = 2.91ms, total = 11.62ms, Queueing time: mean = 0.00ms, max = -0.00ms, min = 9223372036854.78ms, total = 0.00ms
	NodeInfoGcsService.grpc_server.GetClusterId.HandleRequestImpl - 4 total (0 active), Execution time: mean = 0.54ms, total = 2.15ms, Queueing time: mean = 0.45ms, max = 1.73ms, min = 0.02ms, total = 1.81ms
	NodeInfoGcsService.grpc_server.GetAllNodeInfo.HandleRequestImpl - 2 total (0 active), Execution time: mean = 0.04ms, total = 0.08ms, Queueing time: mean = 0.02ms, max = 0.03ms, min = 0.01ms, total = 0.04ms
	NodeInfoGcsService.grpc_server.GetAllNodeInfo - 2 total (0 active), Execution time: mean = 0.36ms, total = 0.71ms, Queueing time: mean = 0.00ms, max = -0.00ms, min = 9223372036854.78ms, total = 0.00ms
	GcsInMemoryStore.Delete - 1 total (0 active), Execution time: mean = 0.01ms, total = 0.01ms, Queueing time: mean = 0.01ms, max = 0.01ms, min = 0.01ms, total = 0.01ms
	NodeManager.AddNodeCallback - 1 total (0 active), Execution time: mean = 0.45ms, total = 0.45ms, Queueing time: mean = 0.13ms, max = 0.13ms, min = 0.13ms, total = 0.13ms
	InternalKVGcsService.grpc_server.InternalKVDel - 1 total (0 active), Execution time: mean = 0.45ms, total = 0.45ms, Queueing time: mean = 0.00ms, max = -0.00ms, min = 9223372036854.78ms, total = 0.00ms
	JobInfoGcsService.grpc_server.GetAllJobInfo - 1 total (0 active), Execution time: mean = 0.35ms, total = 0.35ms, Queueing time: mean = 0.00ms, max = -0.00ms, min = 9223372036854.78ms, total = 0.00ms
	JobInfoGcsService.grpc_server.GetNextJobID.HandleRequestImpl - 1 total (0 active), Execution time: mean = 0.02ms, total = 0.02ms, Queueing time: mean = 0.02ms, max = 0.02ms, min = 0.02ms, total = 0.02ms
	JobInfoGcsService.grpc_server.GetNextJobID - 1 total (0 active), Execution time: mean = 0.35ms, total = 0.35ms, Queueing time: mean = 0.00ms, max = -0.00ms, min = 9223372036854.78ms, total = 0.00ms
	GcsHealthCheckManager::AddNode - 1 total (0 active), Execution time: mean = 0.02ms, total = 0.02ms, Queueing time: mean = 0.00ms, max = 0.00ms, min = 0.00ms, total = 0.00ms
	NodeInfoGcsService.grpc_server.GetAllNodeAddressAndLiveness - 1 total (0 active), Execution time: mean = 0.37ms, total = 0.37ms, Queueing time: mean = 0.00ms, max = -0.00ms, min = 9223372036854.78ms, total = 0.00ms
	JobInfoGcsService.grpc_server.GetAllJobInfo.HandleRequestImpl - 1 total (0 active), Execution time: mean = 0.04ms, total = 0.04ms, Queueing time: mean = 0.02ms, max = 0.02ms, min = 0.02ms, total = 0.02ms
	GcsResourceManager::Update - 1 total (0 active), Execution time: mean = 0.08ms, total = 0.08ms, Queueing time: mean = 0.01ms, max = 0.01ms, min = 0.01ms, total = 0.01ms
	NodeInfoGcsService.grpc_server.RegisterNode.HandleRequestImpl - 1 total (0 active), Execution time: mean = 0.23ms, total = 0.23ms, Queueing time: mean = 0.02ms, max = 0.02ms, min = 0.02ms, total = 0.02ms
	InternalKVGcsService.grpc_server.InternalKVDel.HandleRequestImpl - 1 total (0 active), Execution time: mean = 0.06ms, total = 0.06ms, Queueing time: mean = 0.01ms, max = 0.01ms, min = 0.01ms, total = 0.01ms
	InternalKVGcsService.grpc_server.GetInternalConfig.HandleRequestImpl - 1 total (0 active), Execution time: mean = 0.10ms, total = 0.10ms, Queueing time: mean = 0.02ms, max = 0.02ms, min = 0.02ms, total = 0.02ms
	NodeInfoGcsService.grpc_server.GetAllNodeAddressAndLiveness.HandleRequestImpl - 1 total (0 active), Execution time: mean = 0.01ms, total = 0.01ms, Queueing time: mean = 0.01ms, max = 0.01ms, min = 0.01ms, total = 0.01ms
	GcsHealthCheckManager::MarkNodeHealthy - 1 total (0 active), Execution time: mean = 0.00ms, total = 0.00ms, Queueing time: mean = 0.01ms, max = 0.01ms, min = 0.01ms, total = 0.01ms
	GcsInitData::AsyncLoad - 1 total (0 active), Execution time: mean = 0.01ms, total = 0.01ms, Queueing time: mean = 0.00ms, max = 0.00ms, min = 0.00ms, total = 0.00ms
	InternalKVGcsService.grpc_server.GetInternalConfig - 1 total (0 active), Execution time: mean = 0.65ms, total = 0.65ms, Queueing time: mean = 0.00ms, max = -0.00ms, min = 9223372036854.78ms, total = 0.00ms
	GcsInMemoryStore.GetNextJobID - 1 total (0 active), Execution time: mean = 0.01ms, total = 0.01ms, Queueing time: mean = 0.01ms, max = 0.01ms, min = 0.01ms, total = 0.01ms
	NodeInfoGcsService.grpc_server.RegisterNode - 1 total (0 active), Execution time: mean = 0.64ms, total = 0.64ms, Queueing time: mean = 0.00ms, max = -0.00ms, min = 9223372036854.78ms, total = 0.00ms
	GcsServer.GetOrGenerateClusterId.continuation - 1 total (0 active), Execution time: mean = 1520.34ms, total = 1520.34ms, Queueing time: mean = 0.00ms, max = 0.00ms, min = 0.00ms, total = 0.00ms


[2026-06-04 23:15:10,555 I 512 512] (gcs_server) gcs_server.cc:940: task_io_context Event stats:


Global stats: 850 total (1 active)
Queueing time: mean = 0.14ms, max = 89.27ms, min = -0.00ms, total = 118.27ms
Execution time:  mean = 0.01ms, total = 9.87ms
Event stats:
	GcsTaskManager.GcJobSummary - 565 total (1 active), Execution time: mean = 0.01ms, total = 5.42ms, Queueing time: mean = 0.20ms, max = 89.27ms, min = -0.00ms, total = 114.70ms
	event_loop_lag_probe - 284 total (0 active), Execution time: mean = 0.02ms, total = 4.43ms, Queueing time: mean = 0.01ms, max = 0.50ms, min = 0.00ms, total = 3.55ms
	PeriodicalRunner.RunFnPeriodically - 1 total (0 active), Execution time: mean = 0.02ms, total = 0.02ms, Queueing time: mean = 0.02ms, max = 0.02ms, min = 0.02ms, total = 0.02ms


[2026-06-04 23:15:10,555 I 512 512] (gcs_server) gcs_server.cc:940: pubsub_io_context Event stats:


Global stats: 1533 total (2 active)
Queueing time: mean = 0.22ms, max = 95.93ms, min = 0.00ms, total = 334.62ms
Execution time:  mean = 1556.27ms, total = 2385764.24ms
Event stats:
	InternalPubSubGcsService.grpc_server.GcsPublish - 612 total (0 active), Execution time: mean = 1.52ms, total = 931.50ms, Queueing time: mean = 0.00ms, max = -0.00ms, min = 9223372036854.78ms, total = 0.00ms
	InternalPubSubGcsService.grpc_server.GcsPublish.HandleRequestImpl - 612 total (0 active), Execution time: mean = 0.11ms, total = 67.89ms, Queueing time: mean = 0.50ms, max = 95.93ms, min = 0.01ms, total = 308.51ms
	event_loop_lag_probe - 284 total (0 active), Execution time: mean = 0.02ms, total = 4.71ms, Queueing time: mean = 0.06ms, max = 15.11ms, min = 0.00ms, total = 17.99ms
	Publisher.CheckDeadSubscribers - 10 total (1 active), Execution time: mean = 0.02ms, total = 0.16ms, Queueing time: mean = 0.04ms, max = 0.06ms, min = 0.03ms, total = 0.36ms
	InternalPubSubGcsService.grpc_server.GcsSubscriberPoll - 5 total (1 active), Execution time: mean = 476951.72ms, total = 2384758.59ms, Queueing time: mean = 0.00ms, max = -0.00ms, min = 9223372036854.78ms, total = 0.00ms
	InternalPubSubGcsService.grpc_server.GcsSubscriberPoll.HandleRequestImpl - 5 total (0 active), Execution time: mean = 0.08ms, total = 0.38ms, Queueing time: mean = 0.06ms, max = 0.19ms, min = 0.02ms, total = 0.28ms
	InternalPubSubGcsService.grpc_server.GcsSubscriberCommandBatch - 2 total (0 active), Execution time: mean = 0.37ms, total = 0.74ms, Queueing time: mean = 0.00ms, max = -0.00ms, min = 9223372036854.78ms, total = 0.00ms
	InternalPubSubGcsService.grpc_server.GcsSubscriberCommandBatch.HandleRequestImpl - 2 total (0 active), Execution time: mean = 0.10ms, total = 0.21ms, Queueing time: mean = 0.02ms, max = 0.03ms, min = 0.01ms, total = 0.04ms
	PeriodicalRunner.RunFnPeriodically - 1 total (0 active), Execution time: mean = 0.06ms, total = 0.06ms, Queueing time: mean = 7.44ms, max = 7.44ms, min = 7.44ms, total = 7.44ms


[2026-06-04 23:15:10,555 I 512 512] (gcs_server) gcs_server.cc:940: ray_syncer_io_context Event stats:


Global stats: 288 total (0 active)
Queueing time: mean = 0.01ms, max = 0.61ms, min = 0.00ms, total = 3.68ms
Execution time:  mean = 0.02ms, total = 5.36ms
Event stats:
	event_loop_lag_probe - 284 total (0 active), Execution time: mean = 0.02ms, total = 5.18ms, Queueing time: mean = 0.01ms, max = 0.61ms, min = 0.00ms, total = 3.58ms
	RaySyncerRegister - 2 total (0 active), Execution time: mean = 0.00ms, total = 0.00ms, Queueing time: mean = 0.04ms, max = 0.06ms, min = 0.01ms, total = 0.08ms
	RaySyncer.BroadcastMessage - 1 total (0 active), Execution time: mean = 0.02ms, total = 0.02ms, Queueing time: mean = 0.00ms, max = 0.00ms, min = 0.00ms, total = 0.00ms
	 - 1 total (0 active), Execution time: mean = 0.16ms, total = 0.16ms, Queueing time: mean = 0.02ms, max = 0.02ms, min = 0.02ms, total = 0.02ms


[2026-06-04 23:15:10,555 I 512 512] (gcs_server) gcs_server.cc:940: ray_event_io_context Event stats:


Global stats: 284 total (0 active)
Queueing time: mean = 0.04ms, max = 8.24ms, min = 0.00ms, total = 10.77ms
Execution time:  mean = 0.02ms, total = 4.65ms
Event stats:
	event_loop_lag_probe - 284 total (0 active), Execution time: mean = 0.02ms, total = 4.65ms, Queueing time: mean = 0.04ms, max = 8.24ms, min = 0.00ms, total = 10.77ms


[2026-06-04 23:16:10,555 I 512 512] (gcs_server) gcs_server.cc:922: Gcs Debug state:

GcsNodeManager: 
- RegisterNode request count: 1
- DrainNode request count: 0
- GetAllNodeInfo request count: 3

GcsActorManager: 
- RegisterActor request count: 0
- CreateActor request count: 0
- GetActorInfo request count: 0
- GetNamedActorInfo request count: 0
- GetAllActorInfo request count: 0
- KillActor request count: 0
- ListNamedActors request count: 0
- Registered actors count: 0
- Destroyed actors count: 0
- Named actors count: 0
- Unresolved actors count: 0
- Pending actors count: 0
- Created actors count: 0
- owners_: 0
- actor_to_register_callbacks_: 0
- actor_to_restart_for_lineage_reconstruction_callbacks_: 0
- actor_to_create_callbacks_: 0
- sorted_destroyed_actor_list_: 0

GcsResourceManager: 
- GetAllAvailableResources request count: 0
- GetAllTotalResources request count: 0
- GetAllResourceUsage request count: 573

GcsPlacementGroupManager: 
- CreatePlacementGroup request count: 0
- RemovePlacementGroup request count: 0
- GetPlacementGroup request count: 0
- GetAllPlacementGroup request count: 0
- WaitPlacementGroupUntilReady request count: 0
- GetNamedPlacementGroup request count: 0
- Scheduling pending placement group count: 0
- Registered placement groups count: 0
- Named placement group count: 0
- Pending placement groups count: 0
- Infeasible placement groups count: 0

Publisher:
GCS_NODE_INFO_CHANNEL
- cumulative published messages: 1
- cumulative published bytes: 499
- current buffered bytes: 0
GCS_NODE_ADDRESS_AND_LIVENESS_CHANNEL
- cumulative published messages: 1
- cumulative published bytes: 92
- current buffered bytes: 0
RAY_LOG_CHANNEL
- cumulative published messages: 625
- cumulative published bytes: 534709
- current buffered bytes: 0

[runtime env manager] ID to URIs table:
[runtime env manager] URIs reference table:

GcsTaskManager: 
-Total num task events reported: 0
-Total num status task events dropped: 0
-Total num profile events dropped: 0
-Current num of task events stored: 0
-Total num of actor creation tasks: 0
-Total num of actor tasks: 0
-Total num of normal tasks: 0
-Total num of driver tasks: 0

GcsAutoscalerStateManager: 
- last_seen_autoscaler_state_version_: 0
- last_cluster_resource_state_version_: 573
- pending demands:



[2026-06-04 23:16:10,556 I 512 512] (gcs_server) gcs_server.cc:936: Main service Event stats:


Global stats: 24387 total (5 active)
Queueing time: mean = 1.65ms, max = 1522.53ms, min = 0.00ms, total = 40239.20ms
Execution time:  mean = 0.85ms, total = 20775.64ms
Event stats:
	GcsInMemoryStore.Put - 4616 total (0 active), Execution time: mean = 0.33ms, total = 1536.82ms, Queueing time: mean = 0.40ms, max = 1521.87ms, min = 0.00ms, total = 1837.10ms
	RayletLoadPulled - 2879 total (1 active), Execution time: mean = 0.22ms, total = 641.12ms, Queueing time: mean = 0.50ms, max = 297.72ms, min = 0.01ms, total = 1427.77ms
	NodeManagerService.grpc_client.GetResourceLoad.OnReplyReceived - 2865 total (0 active), Execution time: mean = 0.05ms, total = 133.44ms, Queueing time: mean = 0.23ms, max = 96.21ms, min = 0.01ms, total = 658.26ms
	NodeManagerService.grpc_client.GetResourceLoad - 2865 total (0 active), Execution time: mean = 4.86ms, total = 13914.28ms, Queueing time: mean = 0.00ms, max = -0.00ms, min = 9223372036854.78ms, total = 0.00ms
	InternalKVGcsService.grpc_server.InternalKVPut.HandleRequestImpl - 1156 total (0 active), Execution time: mean = 0.05ms, total = 56.70ms, Queueing time: mean = 0.35ms, max = 96.13ms, min = 0.01ms, total = 402.88ms
	InternalKVGcsService.grpc_server.InternalKVPut - 1156 total (0 active), Execution time: mean = 0.90ms, total = 1038.04ms, Queueing time: mean = 0.00ms, max = -0.00ms, min = 9223372036854.78ms, total = 0.00ms
	ClusterResourceManager.ResetRemoteNodeView - 960 total (1 active), Execution time: mean = 0.01ms, total = 8.21ms, Queueing time: mean = 0.21ms, max = 95.89ms, min = 0.01ms, total = 199.09ms
	HealthCheck - 954 total (0 active), Execution time: mean = 0.00ms, total = 4.23ms, Queueing time: mean = 0.23ms, max = 96.16ms, min = 0.01ms, total = 220.63ms
	GcsInMemoryStore.Get - 689 total (0 active), Execution time: mean = 0.01ms, total = 8.97ms, Queueing time: mean = 0.01ms, max = 0.11ms, min = 0.01ms, total = 9.88ms
	InternalKVGcsService.grpc_server.InternalKVGet.HandleRequestImpl - 688 total (0 active), Execution time: mean = 0.09ms, total = 62.28ms, Queueing time: mean = 0.16ms, max = 95.88ms, min = 0.01ms, total = 109.54ms
	InternalKVGcsService.grpc_server.InternalKVGet - 688 total (0 active), Execution time: mean = 0.81ms, total = 555.71ms, Queueing time: mean = 0.00ms, max = -0.00ms, min = 9223372036854.78ms, total = 0.00ms
	NodeInfoGcsService.grpc_server.CheckAlive - 621 total (0 active), Execution time: mean = 0.54ms, total = 338.09ms, Queueing time: mean = 0.00ms, max = -0.00ms, min = 9223372036854.78ms, total = 0.00ms
	NodeInfoGcsService.grpc_server.CheckAlive.HandleRequestImpl - 621 total (0 active), Execution time: mean = 0.02ms, total = 13.05ms, Queueing time: mean = 0.03ms, max = 0.50ms, min = 0.01ms, total = 18.76ms
	GCSServer.deadline_timer.metrics_report - 576 total (1 active), Execution time: mean = 0.21ms, total = 123.69ms, Queueing time: mean = 0.31ms, max = 95.50ms, min = 0.01ms, total = 178.71ms
	AutoscalerStateService.grpc_server.GetClusterResourceState - 573 total (0 active), Execution time: mean = 0.34ms, total = 193.43ms, Queueing time: mean = 0.00ms, max = -0.00ms, min = 9223372036854.78ms, total = 0.00ms
	AutoscalerStateService.grpc_server.GetClusterResourceState.HandleRequestImpl - 573 total (0 active), Execution time: mean = 0.03ms, total = 19.98ms, Queueing time: mean = 0.02ms, max = 0.70ms, min = 0.01ms, total = 10.72ms
	NodeResourceInfoGcsService.grpc_server.GetAllResourceUsage.HandleRequestImpl - 573 total (0 active), Execution time: mean = 0.06ms, total = 34.72ms, Queueing time: mean = 0.03ms, max = 1.38ms, min = 0.01ms, total = 19.38ms
	NodeResourceInfoGcsService.grpc_server.GetAllResourceUsage - 573 total (0 active), Execution time: mean = 0.62ms, total = 357.66ms, Queueing time: mean = 0.00ms, max = -0.00ms, min = 9223372036854.78ms, total = 0.00ms
	event_loop_lag_probe - 290 total (0 active), Execution time: mean = 0.01ms, total = 3.62ms, Queueing time: mean = 0.06ms, max = 14.25ms, min = 0.00ms, total = 16.72ms
	GCSServer.deadline_timer.gcs_global_gc - 288 total (1 active), Execution time: mean = 0.01ms, total = 1.99ms, Queueing time: mean = 0.46ms, max = 66.72ms, min = 0.01ms, total = 131.74ms
	GCSServer.deadline_timer.debug_state_event_stats_print - 48 total (1 active, 1 running), Execution time: mean = 1.35ms, total = 64.70ms, Queueing time: mean = 1.42ms, max = 67.10ms, min = 0.02ms, total = 68.31ms
	ReporterService.grpc_client.HealthCheck.OnReplyReceived - 31 total (0 active), Execution time: mean = 0.16ms, total = 5.10ms, Queueing time: mean = 52.09ms, max = 1517.54ms, min = 0.02ms, total = 1614.71ms
	ReporterService.grpc_client.HealthCheck - 31 total (0 active), Execution time: mean = 3.62ms, total = 112.34ms, Queueing time: mean = 0.00ms, max = -0.00ms, min = 9223372036854.78ms, total = 0.00ms
	MetricsAgentClient.WaitForServerReadyWithRetry - 30 total (0 active), Execution time: mean = 0.27ms, total = 8.13ms, Queueing time: mean = 1008.67ms, max = 1097.53ms, min = 1000.02ms, total = 30260.04ms
	GcsInMemoryStore.GetAll - 6 total (0 active), Execution time: mean = 0.01ms, total = 0.06ms, Queueing time: mean = 0.06ms, max = 0.07ms, min = 0.01ms, total = 0.34ms
	PeriodicalRunner.RunFnPeriodically - 5 total (0 active), Execution time: mean = 0.11ms, total = 0.54ms, Queueing time: mean = 610.50ms, max = 1522.53ms, min = 2.26ms, total = 3052.48ms
	NodeInfoGcsService.grpc_server.GetClusterId - 4 total (0 active), Execution time: mean = 2.91ms, total = 11.62ms, Queueing time: mean = 0.00ms, max = -0.00ms, min = 9223372036854.78ms, total = 0.00ms
	NodeInfoGcsService.grpc_server.GetClusterId.HandleRequestImpl - 4 total (0 active), Execution time: mean = 0.54ms, total = 2.15ms, Queueing time: mean = 0.45ms, max = 1.73ms, min = 0.02ms, total = 1.81ms
	NodeInfoGcsService.grpc_server.GetAllNodeInfo.HandleRequestImpl - 2 total (0 active), Execution time: mean = 0.04ms, total = 0.08ms, Queueing time: mean = 0.02ms, max = 0.03ms, min = 0.01ms, total = 0.04ms
	NodeInfoGcsService.grpc_server.GetAllNodeInfo - 2 total (0 active), Execution time: mean = 0.36ms, total = 0.71ms, Queueing time: mean = 0.00ms, max = -0.00ms, min = 9223372036854.78ms, total = 0.00ms
	GcsInMemoryStore.Delete - 1 total (0 active), Execution time: mean = 0.01ms, total = 0.01ms, Queueing time: mean = 0.01ms, max = 0.01ms, min = 0.01ms, total = 0.01ms
	NodeManager.AddNodeCallback - 1 total (0 active), Execution time: mean = 0.45ms, total = 0.45ms, Queueing time: mean = 0.13ms, max = 0.13ms, min = 0.13ms, total = 0.13ms
	InternalKVGcsService.grpc_server.InternalKVDel - 1 total (0 active), Execution time: mean = 0.45ms, total = 0.45ms, Queueing time: mean = 0.00ms, max = -0.00ms, min = 9223372036854.78ms, total = 0.00ms
	JobInfoGcsService.grpc_server.GetAllJobInfo - 1 total (0 active), Execution time: mean = 0.35ms, total = 0.35ms, Queueing time: mean = 0.00ms, max = -0.00ms, min = 9223372036854.78ms, total = 0.00ms
	JobInfoGcsService.grpc_server.GetNextJobID.HandleRequestImpl - 1 total (0 active), Execution time: mean = 0.02ms, total = 0.02ms, Queueing time: mean = 0.02ms, max = 0.02ms, min = 0.02ms, total = 0.02ms
	JobInfoGcsService.grpc_server.GetNextJobID - 1 total (0 active), Execution time: mean = 0.35ms, total = 0.35ms, Queueing time: mean = 0.00ms, max = -0.00ms, min = 9223372036854.78ms, total = 0.00ms
	GcsHealthCheckManager::AddNode - 1 total (0 active), Execution time: mean = 0.02ms, total = 0.02ms, Queueing time: mean = 0.00ms, max = 0.00ms, min = 0.00ms, total = 0.00ms
	NodeInfoGcsService.grpc_server.GetAllNodeAddressAndLiveness - 1 total (0 active), Execution time: mean = 0.37ms, total = 0.37ms, Queueing time: mean = 0.00ms, max = -0.00ms, min = 9223372036854.78ms, total = 0.00ms
	JobInfoGcsService.grpc_server.GetAllJobInfo.HandleRequestImpl - 1 total (0 active), Execution time: mean = 0.04ms, total = 0.04ms, Queueing time: mean = 0.02ms, max = 0.02ms, min = 0.02ms, total = 0.02ms
	GcsResourceManager::Update - 1 total (0 active), Execution time: mean = 0.08ms, total = 0.08ms, Queueing time: mean = 0.01ms, max = 0.01ms, min = 0.01ms, total = 0.01ms
	NodeInfoGcsService.grpc_server.RegisterNode.HandleRequestImpl - 1 total (0 active), Execution time: mean = 0.23ms, total = 0.23ms, Queueing time: mean = 0.02ms, max = 0.02ms, min = 0.02ms, total = 0.02ms
	InternalKVGcsService.grpc_server.InternalKVDel.HandleRequestImpl - 1 total (0 active), Execution time: mean = 0.06ms, total = 0.06ms, Queueing time: mean = 0.01ms, max = 0.01ms, min = 0.01ms, total = 0.01ms
	InternalKVGcsService.grpc_server.GetInternalConfig.HandleRequestImpl - 1 total (0 active), Execution time: mean = 0.10ms, total = 0.10ms, Queueing time: mean = 0.02ms, max = 0.02ms, min = 0.02ms, total = 0.02ms
	NodeInfoGcsService.grpc_server.GetAllNodeAddressAndLiveness.HandleRequestImpl - 1 total (0 active), Execution time: mean = 0.01ms, total = 0.01ms, Queueing time: mean = 0.01ms, max = 0.01ms, min = 0.01ms, total = 0.01ms
	GcsHealthCheckManager::MarkNodeHealthy - 1 total (0 active), Execution time: mean = 0.00ms, total = 0.00ms, Queueing time: mean = 0.01ms, max = 0.01ms, min = 0.01ms, total = 0.01ms
	GcsInitData::AsyncLoad - 1 total (0 active), Execution time: mean = 0.01ms, total = 0.01ms, Queueing time: mean = 0.00ms, max = 0.00ms, min = 0.00ms, total = 0.00ms
	InternalKVGcsService.grpc_server.GetInternalConfig - 1 total (0 active), Execution time: mean = 0.65ms, total = 0.65ms, Queueing time: mean = 0.00ms, max = -0.00ms, min = 9223372036854.78ms, total = 0.00ms
	GcsInMemoryStore.GetNextJobID - 1 total (0 active), Execution time: mean = 0.01ms, total = 0.01ms, Queueing time: mean = 0.01ms, max = 0.01ms, min = 0.01ms, total = 0.01ms
	NodeInfoGcsService.grpc_server.RegisterNode - 1 total (0 active), Execution time: mean = 0.64ms, total = 0.64ms, Queueing time: mean = 0.00ms, max = -0.00ms, min = 9223372036854.78ms, total = 0.00ms
	GcsServer.GetOrGenerateClusterId.continuation - 1 total (0 active), Execution time: mean = 1520.34ms, total = 1520.34ms, Queueing time: mean = 0.00ms, max = 0.00ms, min = 0.00ms, total = 0.00ms


[2026-06-04 23:16:10,556 I 512 512] (gcs_server) gcs_server.cc:940: task_io_context Event stats:


Global stats: 868 total (1 active)
Queueing time: mean = 0.14ms, max = 89.27ms, min = -0.00ms, total = 118.94ms
Execution time:  mean = 0.01ms, total = 10.07ms
Event stats:
	GcsTaskManager.GcJobSummary - 577 total (1 active), Execution time: mean = 0.01ms, total = 5.54ms, Queueing time: mean = 0.20ms, max = 89.27ms, min = -0.00ms, total = 115.31ms
	event_loop_lag_probe - 290 total (0 active), Execution time: mean = 0.02ms, total = 4.51ms, Queueing time: mean = 0.01ms, max = 0.50ms, min = 0.00ms, total = 3.62ms
	PeriodicalRunner.RunFnPeriodically - 1 total (0 active), Execution time: mean = 0.02ms, total = 0.02ms, Queueing time: mean = 0.02ms, max = 0.02ms, min = 0.02ms, total = 0.02ms


[2026-06-04 23:16:10,557 I 512 512] (gcs_server) gcs_server.cc:940: pubsub_io_context Event stats:


Global stats: 1565 total (2 active)
Queueing time: mean = 0.21ms, max = 95.93ms, min = 0.00ms, total = 335.10ms
Execution time:  mean = 1524.45ms, total = 2385771.24ms
Event stats:
	InternalPubSubGcsService.grpc_server.GcsPublish - 625 total (0 active), Execution time: mean = 1.50ms, total = 936.90ms, Queueing time: mean = 0.00ms, max = -0.00ms, min = 9223372036854.78ms, total = 0.00ms
	InternalPubSubGcsService.grpc_server.GcsPublish.HandleRequestImpl - 625 total (0 active), Execution time: mean = 0.11ms, total = 69.38ms, Queueing time: mean = 0.49ms, max = 95.93ms, min = 0.01ms, total = 308.93ms
	event_loop_lag_probe - 290 total (0 active), Execution time: mean = 0.02ms, total = 4.81ms, Queueing time: mean = 0.06ms, max = 15.11ms, min = 0.00ms, total = 18.05ms
	Publisher.CheckDeadSubscribers - 10 total (1 active), Execution time: mean = 0.02ms, total = 0.16ms, Queueing time: mean = 0.04ms, max = 0.06ms, min = 0.03ms, total = 0.36ms
	InternalPubSubGcsService.grpc_server.GcsSubscriberPoll - 5 total (1 active), Execution time: mean = 476951.72ms, total = 2384758.59ms, Queueing time: mean = 0.00ms, max = -0.00ms, min = 9223372036854.78ms, total = 0.00ms
	InternalPubSubGcsService.grpc_server.GcsSubscriberPoll.HandleRequestImpl - 5 total (0 active), Execution time: mean = 0.08ms, total = 0.38ms, Queueing time: mean = 0.06ms, max = 0.19ms, min = 0.02ms, total = 0.28ms
	InternalPubSubGcsService.grpc_server.GcsSubscriberCommandBatch - 2 total (0 active), Execution time: mean = 0.37ms, total = 0.74ms, Queueing time: mean = 0.00ms, max = -0.00ms, min = 9223372036854.78ms, total = 0.00ms
	InternalPubSubGcsService.grpc_server.GcsSubscriberCommandBatch.HandleRequestImpl - 2 total (0 active), Execution time: mean = 0.10ms, total = 0.21ms, Queueing time: mean = 0.02ms, max = 0.03ms, min = 0.01ms, total = 0.04ms
	PeriodicalRunner.RunFnPeriodically - 1 total (0 active), Execution time: mean = 0.06ms, total = 0.06ms, Queueing time: mean = 7.44ms, max = 7.44ms, min = 7.44ms, total = 7.44ms


[2026-06-04 23:16:10,557 I 512 512] (gcs_server) gcs_server.cc:940: ray_syncer_io_context Event stats:


Global stats: 294 total (0 active)
Queueing time: mean = 0.01ms, max = 0.61ms, min = 0.00ms, total = 3.74ms
Execution time:  mean = 0.02ms, total = 5.47ms
Event stats:
	event_loop_lag_probe - 290 total (0 active), Execution time: mean = 0.02ms, total = 5.28ms, Queueing time: mean = 0.01ms, max = 0.61ms, min = 0.00ms, total = 3.64ms
	RaySyncerRegister - 2 total (0 active), Execution time: mean = 0.00ms, total = 0.00ms, Queueing time: mean = 0.04ms, max = 0.06ms, min = 0.01ms, total = 0.08ms
	RaySyncer.BroadcastMessage - 1 total (0 active), Execution time: mean = 0.02ms, total = 0.02ms, Queueing time: mean = 0.00ms, max = 0.00ms, min = 0.00ms, total = 0.00ms
	 - 1 total (0 active), Execution time: mean = 0.16ms, total = 0.16ms, Queueing time: mean = 0.02ms, max = 0.02ms, min = 0.02ms, total = 0.02ms


[2026-06-04 23:16:10,557 I 512 512] (gcs_server) gcs_server.cc:940: ray_event_io_context Event stats:


Global stats: 290 total (0 active)
Queueing time: mean = 0.04ms, max = 8.24ms, min = 0.00ms, total = 10.82ms
Execution time:  mean = 0.02ms, total = 4.74ms
Event stats:
	event_loop_lag_probe - 290 total (0 active), Execution time: mean = 0.02ms, total = 4.74ms, Queueing time: mean = 0.04ms, max = 8.24ms, min = 0.00ms, total = 10.82ms


[2026-06-04 23:17:10,557 I 512 512] (gcs_server) gcs_server.cc:922: Gcs Debug state:

GcsNodeManager: 
- RegisterNode request count: 1
- DrainNode request count: 0
- GetAllNodeInfo request count: 3

GcsActorManager: 
- RegisterActor request count: 0
- CreateActor request count: 0
- GetActorInfo request count: 0
- GetNamedActorInfo request count: 0
- GetAllActorInfo request count: 0
- KillActor request count: 0
- ListNamedActors request count: 0
- Registered actors count: 0
- Destroyed actors count: 0
- Named actors count: 0
- Unresolved actors count: 0
- Pending actors count: 0
- Created actors count: 0
- owners_: 0
- actor_to_register_callbacks_: 0
- actor_to_restart_for_lineage_reconstruction_callbacks_: 0
- actor_to_create_callbacks_: 0
- sorted_destroyed_actor_list_: 0

GcsResourceManager: 
- GetAllAvailableResources request count: 0
- GetAllTotalResources request count: 0
- GetAllResourceUsage request count: 585

GcsPlacementGroupManager: 
- CreatePlacementGroup request count: 0
- RemovePlacementGroup request count: 0
- GetPlacementGroup request count: 0
- GetAllPlacementGroup request count: 0
- WaitPlacementGroupUntilReady request count: 0
- GetNamedPlacementGroup request count: 0
- Scheduling pending placement group count: 0
- Registered placement groups count: 0
- Named placement group count: 0
- Pending placement groups count: 0
- Infeasible placement groups count: 0

Publisher:
GCS_NODE_INFO_CHANNEL
- cumulative published messages: 1
- cumulative published bytes: 499
- current buffered bytes: 0
GCS_NODE_ADDRESS_AND_LIVENESS_CHANNEL
- cumulative published messages: 1
- cumulative published bytes: 92
- current buffered bytes: 0
RAY_LOG_CHANNEL
- cumulative published messages: 637
- cumulative published bytes: 544993
- current buffered bytes: 0

[runtime env manager] ID to URIs table:
[runtime env manager] URIs reference table:

GcsTaskManager: 
-Total num task events reported: 0
-Total num status task events dropped: 0
-Total num profile events dropped: 0
-Current num of task events stored: 0
-Total num of actor creation tasks: 0
-Total num of actor tasks: 0
-Total num of normal tasks: 0
-Total num of driver tasks: 0

GcsAutoscalerStateManager: 
- last_seen_autoscaler_state_version_: 0
- last_cluster_resource_state_version_: 585
- pending demands:



[2026-06-04 23:17:10,558 I 512 512] (gcs_server) gcs_server.cc:936: Main service Event stats:


Global stats: 24886 total (5 active)
Queueing time: mean = 1.62ms, max = 1522.53ms, min = 0.00ms, total = 40254.69ms
Execution time:  mean = 0.84ms, total = 20899.04ms
Event stats:
	GcsInMemoryStore.Put - 4712 total (0 active), Execution time: mean = 0.33ms, total = 1537.16ms, Queueing time: mean = 0.39ms, max = 1521.87ms, min = 0.00ms, total = 1843.92ms
	RayletLoadPulled - 2939 total (1 active), Execution time: mean = 0.22ms, total = 655.44ms, Queueing time: mean = 0.49ms, max = 297.72ms, min = 0.01ms, total = 1430.03ms
	NodeManagerService.grpc_client.GetResourceLoad.OnReplyReceived - 2925 total (0 active), Execution time: mean = 0.05ms, total = 136.42ms, Queueing time: mean = 0.23ms, max = 96.21ms, min = 0.01ms, total = 660.13ms
	NodeManagerService.grpc_client.GetResourceLoad - 2925 total (0 active), Execution time: mean = 4.78ms, total = 13985.60ms, Queueing time: mean = 0.00ms, max = -0.00ms, min = 9223372036854.78ms, total = 0.00ms
	InternalKVGcsService.grpc_server.InternalKVPut.HandleRequestImpl - 1180 total (0 active), Execution time: mean = 0.05ms, total = 57.76ms, Queueing time: mean = 0.34ms, max = 96.13ms, min = 0.01ms, total = 403.22ms
	InternalKVGcsService.grpc_server.InternalKVPut - 1180 total (0 active), Execution time: mean = 0.89ms, total = 1044.98ms, Queueing time: mean = 0.00ms, max = -0.00ms, min = 9223372036854.78ms, total = 0.00ms
	ClusterResourceManager.ResetRemoteNodeView - 980 total (1 active), Execution time: mean = 0.01ms, total = 8.34ms, Queueing time: mean = 0.20ms, max = 95.89ms, min = 0.01ms, total = 199.59ms
	HealthCheck - 974 total (0 active), Execution time: mean = 0.00ms, total = 4.30ms, Queueing time: mean = 0.23ms, max = 96.16ms, min = 0.01ms, total = 221.26ms
	GcsInMemoryStore.Get - 701 total (0 active), Execution time: mean = 0.01ms, total = 9.12ms, Queueing time: mean = 0.01ms, max = 0.11ms, min = 0.01ms, total = 10.06ms
	InternalKVGcsService.grpc_server.InternalKVGet.HandleRequestImpl - 700 total (0 active), Execution time: mean = 0.09ms, total = 63.55ms, Queueing time: mean = 0.16ms, max = 95.88ms, min = 0.01ms, total = 109.74ms
	InternalKVGcsService.grpc_server.InternalKVGet - 700 total (0 active), Execution time: mean = 0.80ms, total = 560.39ms, Queueing time: mean = 0.00ms, max = -0.00ms, min = 9223372036854.78ms, total = 0.00ms
	NodeInfoGcsService.grpc_server.CheckAlive - 634 total (0 active), Execution time: mean = 0.54ms, total = 343.05ms, Queueing time: mean = 0.00ms, max = -0.00ms, min = 9223372036854.78ms, total = 0.00ms
	NodeInfoGcsService.grpc_server.CheckAlive.HandleRequestImpl - 634 total (0 active), Execution time: mean = 0.02ms, total = 13.37ms, Queueing time: mean = 0.03ms, max = 0.50ms, min = 0.01ms, total = 19.14ms
	GCSServer.deadline_timer.metrics_report - 588 total (1 active), Execution time: mean = 0.22ms, total = 126.52ms, Queueing time: mean = 0.30ms, max = 95.50ms, min = 0.01ms, total = 179.00ms
	AutoscalerStateService.grpc_server.GetClusterResourceState - 585 total (0 active), Execution time: mean = 0.34ms, total = 197.49ms, Queueing time: mean = 0.00ms, max = -0.00ms, min = 9223372036854.78ms, total = 0.00ms
	AutoscalerStateService.grpc_server.GetClusterResourceState.HandleRequestImpl - 585 total (0 active), Execution time: mean = 0.03ms, total = 20.45ms, Queueing time: mean = 0.02ms, max = 0.70ms, min = 0.01ms, total = 10.95ms
	NodeResourceInfoGcsService.grpc_server.GetAllResourceUsage.HandleRequestImpl - 585 total (0 active), Execution time: mean = 0.06ms, total = 35.42ms, Queueing time: mean = 0.03ms, max = 1.38ms, min = 0.01ms, total = 19.72ms
	NodeResourceInfoGcsService.grpc_server.GetAllResourceUsage - 585 total (0 active), Execution time: mean = 0.62ms, total = 362.89ms, Queueing time: mean = 0.00ms, max = -0.00ms, min = 9223372036854.78ms, total = 0.00ms
	event_loop_lag_probe - 296 total (0 active), Execution time: mean = 0.01ms, total = 3.70ms, Queueing time: mean = 0.06ms, max = 14.25ms, min = 0.00ms, total = 16.77ms
	GCSServer.deadline_timer.gcs_global_gc - 294 total (1 active), Execution time: mean = 0.01ms, total = 2.05ms, Queueing time: mean = 0.45ms, max = 66.72ms, min = 0.01ms, total = 133.13ms
	GCSServer.deadline_timer.debug_state_event_stats_print - 49 total (1 active, 1 running), Execution time: mean = 1.35ms, total = 66.11ms, Queueing time: mean = 1.39ms, max = 67.10ms, min = 0.02ms, total = 68.33ms
	ReporterService.grpc_client.HealthCheck.OnReplyReceived - 31 total (0 active), Execution time: mean = 0.16ms, total = 5.10ms, Queueing time: mean = 52.09ms, max = 1517.54ms, min = 0.02ms, total = 1614.71ms
	ReporterService.grpc_client.HealthCheck - 31 total (0 active), Execution time: mean = 3.62ms, total = 112.34ms, Queueing time: mean = 0.00ms, max = -0.00ms, min = 9223372036854.78ms, total = 0.00ms
	MetricsAgentClient.WaitForServerReadyWithRetry - 30 total (0 active), Execution time: mean = 0.27ms, total = 8.13ms, Queueing time: mean = 1008.67ms, max = 1097.53ms, min = 1000.02ms, total = 30260.04ms
	GcsInMemoryStore.GetAll - 6 total (0 active), Execution time: mean = 0.01ms, total = 0.06ms, Queueing time: mean = 0.06ms, max = 0.07ms, min = 0.01ms, total = 0.34ms
	PeriodicalRunner.RunFnPeriodically - 5 total (0 active), Execution time: mean = 0.11ms, total = 0.54ms, Queueing time: mean = 610.50ms, max = 1522.53ms, min = 2.26ms, total = 3052.48ms
	NodeInfoGcsService.grpc_server.GetClusterId - 4 total (0 active), Execution time: mean = 2.91ms, total = 11.62ms, Queueing time: mean = 0.00ms, max = -0.00ms, min = 9223372036854.78ms, total = 0.00ms
	NodeInfoGcsService.grpc_server.GetClusterId.HandleRequestImpl - 4 total (0 active), Execution time: mean = 0.54ms, total = 2.15ms, Queueing time: mean = 0.45ms, max = 1.73ms, min = 0.02ms, total = 1.81ms
	NodeInfoGcsService.grpc_server.GetAllNodeInfo.HandleRequestImpl - 2 total (0 active), Execution time: mean = 0.04ms, total = 0.08ms, Queueing time: mean = 0.02ms, max = 0.03ms, min = 0.01ms, total = 0.04ms
	NodeInfoGcsService.grpc_server.GetAllNodeInfo - 2 total (0 active), Execution time: mean = 0.36ms, total = 0.71ms, Queueing time: mean = 0.00ms, max = -0.00ms, min = 9223372036854.78ms, total = 0.00ms
	GcsInMemoryStore.Delete - 1 total (0 active), Execution time: mean = 0.01ms, total = 0.01ms, Queueing time: mean = 0.01ms, max = 0.01ms, min = 0.01ms, total = 0.01ms
	NodeManager.AddNodeCallback - 1 total (0 active), Execution time: mean = 0.45ms, total = 0.45ms, Queueing time: mean = 0.13ms, max = 0.13ms, min = 0.13ms, total = 0.13ms
	InternalKVGcsService.grpc_server.InternalKVDel - 1 total (0 active), Execution time: mean = 0.45ms, total = 0.45ms, Queueing time: mean = 0.00ms, max = -0.00ms, min = 9223372036854.78ms, total = 0.00ms
	JobInfoGcsService.grpc_server.GetAllJobInfo - 1 total (0 active), Execution time: mean = 0.35ms, total = 0.35ms, Queueing time: mean = 0.00ms, max = -0.00ms, min = 9223372036854.78ms, total = 0.00ms
	JobInfoGcsService.grpc_server.GetNextJobID.HandleRequestImpl - 1 total (0 active), Execution time: mean = 0.02ms, total = 0.02ms, Queueing time: mean = 0.02ms, max = 0.02ms, min = 0.02ms, total = 0.02ms
	JobInfoGcsService.grpc_server.GetNextJobID - 1 total (0 active), Execution time: mean = 0.35ms, total = 0.35ms, Queueing time: mean = 0.00ms, max = -0.00ms, min = 9223372036854.78ms, total = 0.00ms
	GcsHealthCheckManager::AddNode - 1 total (0 active), Execution time: mean = 0.02ms, total = 0.02ms, Queueing time: mean = 0.00ms, max = 0.00ms, min = 0.00ms, total = 0.00ms
	NodeInfoGcsService.grpc_server.GetAllNodeAddressAndLiveness - 1 total (0 active), Execution time: mean = 0.37ms, total = 0.37ms, Queueing time: mean = 0.00ms, max = -0.00ms, min = 9223372036854.78ms, total = 0.00ms
	JobInfoGcsService.grpc_server.GetAllJobInfo.HandleRequestImpl - 1 total (0 active), Execution time: mean = 0.04ms, total = 0.04ms, Queueing time: mean = 0.02ms, max = 0.02ms, min = 0.02ms, total = 0.02ms
	GcsResourceManager::Update - 1 total (0 active), Execution time: mean = 0.08ms, total = 0.08ms, Queueing time: mean = 0.01ms, max = 0.01ms, min = 0.01ms, total = 0.01ms
	NodeInfoGcsService.grpc_server.RegisterNode.HandleRequestImpl - 1 total (0 active), Execution time: mean = 0.23ms, total = 0.23ms, Queueing time: mean = 0.02ms, max = 0.02ms, min = 0.02ms, total = 0.02ms
	InternalKVGcsService.grpc_server.InternalKVDel.HandleRequestImpl - 1 total (0 active), Execution time: mean = 0.06ms, total = 0.06ms, Queueing time: mean = 0.01ms, max = 0.01ms, min = 0.01ms, total = 0.01ms
	InternalKVGcsService.grpc_server.GetInternalConfig.HandleRequestImpl - 1 total (0 active), Execution time: mean = 0.10ms, total = 0.10ms, Queueing time: mean = 0.02ms, max = 0.02ms, min = 0.02ms, total = 0.02ms
	NodeInfoGcsService.grpc_server.GetAllNodeAddressAndLiveness.HandleRequestImpl - 1 total (0 active), Execution time: mean = 0.01ms, total = 0.01ms, Queueing time: mean = 0.01ms, max = 0.01ms, min = 0.01ms, total = 0.01ms
	GcsHealthCheckManager::MarkNodeHealthy - 1 total (0 active), Execution time: mean = 0.00ms, total = 0.00ms, Queueing time: mean = 0.01ms, max = 0.01ms, min = 0.01ms, total = 0.01ms
	GcsInitData::AsyncLoad - 1 total (0 active), Execution time: mean = 0.01ms, total = 0.01ms, Queueing time: mean = 0.00ms, max = 0.00ms, min = 0.00ms, total = 0.00ms
	InternalKVGcsService.grpc_server.GetInternalConfig - 1 total (0 active), Execution time: mean = 0.65ms, total = 0.65ms, Queueing time: mean = 0.00ms, max = -0.00ms, min = 9223372036854.78ms, total = 0.00ms
	GcsInMemoryStore.GetNextJobID - 1 total (0 active), Execution time: mean = 0.01ms, total = 0.01ms, Queueing time: mean = 0.01ms, max = 0.01ms, min = 0.01ms, total = 0.01ms
	NodeInfoGcsService.grpc_server.RegisterNode - 1 total (0 active), Execution time: mean = 0.64ms, total = 0.64ms, Queueing time: mean = 0.00ms, max = -0.00ms, min = 9223372036854.78ms, total = 0.00ms
	GcsServer.GetOrGenerateClusterId.continuation - 1 total (0 active), Execution time: mean = 1520.34ms, total = 1520.34ms, Queueing time: mean = 0.00ms, max = 0.00ms, min = 0.00ms, total = 0.00ms


[2026-06-04 23:17:10,558 I 512 512] (gcs_server) gcs_server.cc:940: task_io_context Event stats:


Global stats: 886 total (1 active)
Queueing time: mean = 0.14ms, max = 89.27ms, min = -0.00ms, total = 119.64ms
Execution time:  mean = 0.01ms, total = 10.28ms
Event stats:
	GcsTaskManager.GcJobSummary - 589 total (1 active), Execution time: mean = 0.01ms, total = 5.66ms, Queueing time: mean = 0.20ms, max = 89.27ms, min = -0.00ms, total = 115.94ms
	event_loop_lag_probe - 296 total (0 active), Execution time: mean = 0.02ms, total = 4.61ms, Queueing time: mean = 0.01ms, max = 0.50ms, min = 0.00ms, total = 3.69ms
	PeriodicalRunner.RunFnPeriodically - 1 total (0 active), Execution time: mean = 0.02ms, total = 0.02ms, Queueing time: mean = 0.02ms, max = 0.02ms, min = 0.02ms, total = 0.02ms


[2026-06-04 23:17:10,558 I 512 512] (gcs_server) gcs_server.cc:940: pubsub_io_context Event stats:


Global stats: 1595 total (2 active)
Queueing time: mean = 0.21ms, max = 95.93ms, min = 0.00ms, total = 335.56ms
Execution time:  mean = 1495.79ms, total = 2385778.10ms
Event stats:
	InternalPubSubGcsService.grpc_server.GcsPublish - 637 total (0 active), Execution time: mean = 1.48ms, total = 942.27ms, Queueing time: mean = 0.00ms, max = -0.00ms, min = 9223372036854.78ms, total = 0.00ms
	InternalPubSubGcsService.grpc_server.GcsPublish.HandleRequestImpl - 637 total (0 active), Execution time: mean = 0.11ms, total = 70.78ms, Queueing time: mean = 0.49ms, max = 95.93ms, min = 0.01ms, total = 309.32ms
	event_loop_lag_probe - 296 total (0 active), Execution time: mean = 0.02ms, total = 4.91ms, Queueing time: mean = 0.06ms, max = 15.11ms, min = 0.00ms, total = 18.11ms
	Publisher.CheckDeadSubscribers - 10 total (1 active), Execution time: mean = 0.02ms, total = 0.16ms, Queueing time: mean = 0.04ms, max = 0.06ms, min = 0.03ms, total = 0.36ms
	InternalPubSubGcsService.grpc_server.GcsSubscriberPoll - 5 total (1 active), Execution time: mean = 476951.72ms, total = 2384758.59ms, Queueing time: mean = 0.00ms, max = -0.00ms, min = 9223372036854.78ms, total = 0.00ms
	InternalPubSubGcsService.grpc_server.GcsSubscriberPoll.HandleRequestImpl - 5 total (0 active), Execution time: mean = 0.08ms, total = 0.38ms, Queueing time: mean = 0.06ms, max = 0.19ms, min = 0.02ms, total = 0.28ms
	InternalPubSubGcsService.grpc_server.GcsSubscriberCommandBatch - 2 total (0 active), Execution time: mean = 0.37ms, total = 0.74ms, Queueing time: mean = 0.00ms, max = -0.00ms, min = 9223372036854.78ms, total = 0.00ms
	InternalPubSubGcsService.grpc_server.GcsSubscriberCommandBatch.HandleRequestImpl - 2 total (0 active), Execution time: mean = 0.10ms, total = 0.21ms, Queueing time: mean = 0.02ms, max = 0.03ms, min = 0.01ms, total = 0.04ms
	PeriodicalRunner.RunFnPeriodically - 1 total (0 active), Execution time: mean = 0.06ms, total = 0.06ms, Queueing time: mean = 7.44ms, max = 7.44ms, min = 7.44ms, total = 7.44ms


[2026-06-04 23:17:10,558 I 512 512] (gcs_server) gcs_server.cc:940: ray_syncer_io_context Event stats:


Global stats: 300 total (0 active)
Queueing time: mean = 0.01ms, max = 0.61ms, min = 0.00ms, total = 3.80ms
Execution time:  mean = 0.02ms, total = 5.56ms
Event stats:
	event_loop_lag_probe - 296 total (0 active), Execution time: mean = 0.02ms, total = 5.38ms, Queueing time: mean = 0.01ms, max = 0.61ms, min = 0.00ms, total = 3.71ms
	RaySyncerRegister - 2 total (0 active), Execution time: mean = 0.00ms, total = 0.00ms, Queueing time: mean = 0.04ms, max = 0.06ms, min = 0.01ms, total = 0.08ms
	RaySyncer.BroadcastMessage - 1 total (0 active), Execution time: mean = 0.02ms, total = 0.02ms, Queueing time: mean = 0.00ms, max = 0.00ms, min = 0.00ms, total = 0.00ms
	 - 1 total (0 active), Execution time: mean = 0.16ms, total = 0.16ms, Queueing time: mean = 0.02ms, max = 0.02ms, min = 0.02ms, total = 0.02ms


[2026-06-04 23:17:10,558 I 512 512] (gcs_server) gcs_server.cc:940: ray_event_io_context Event stats:


Global stats: 296 total (0 active)
Queueing time: mean = 0.04ms, max = 8.24ms, min = 0.00ms, total = 10.88ms
Execution time:  mean = 0.02ms, total = 4.84ms
Event stats:
	event_loop_lag_probe - 296 total (0 active), Execution time: mean = 0.02ms, total = 4.84ms, Queueing time: mean = 0.04ms, max = 8.24ms, min = 0.00ms, total = 10.88ms


[2026-06-04 23:18:10,558 I 512 512] (gcs_server) gcs_server.cc:922: Gcs Debug state:

GcsNodeManager: 
- RegisterNode request count: 1
- DrainNode request count: 0
- GetAllNodeInfo request count: 3

GcsActorManager: 
- RegisterActor request count: 0
- CreateActor request count: 0
- GetActorInfo request count: 0
- GetNamedActorInfo request count: 0
- GetAllActorInfo request count: 0
- KillActor request count: 0
- ListNamedActors request count: 0
- Registered actors count: 0
- Destroyed actors count: 0
- Named actors count: 0
- Unresolved actors count: 0
- Pending actors count: 0
- Created actors count: 0
- owners_: 0
- actor_to_register_callbacks_: 0
- actor_to_restart_for_lineage_reconstruction_callbacks_: 0
- actor_to_create_callbacks_: 0
- sorted_destroyed_actor_list_: 0

GcsResourceManager: 
- GetAllAvailableResources request count: 0
- GetAllTotalResources request count: 0
- GetAllResourceUsage request count: 597

GcsPlacementGroupManager: 
- CreatePlacementGroup request count: 0
- RemovePlacementGroup request count: 0
- GetPlacementGroup request count: 0
- GetAllPlacementGroup request count: 0
- WaitPlacementGroupUntilReady request count: 0
- GetNamedPlacementGroup request count: 0
- Scheduling pending placement group count: 0
- Registered placement groups count: 0
- Named placement group count: 0
- Pending placement groups count: 0
- Infeasible placement groups count: 0

Publisher:
GCS_NODE_INFO_CHANNEL
- cumulative published messages: 1
- cumulative published bytes: 499
- current buffered bytes: 0
GCS_NODE_ADDRESS_AND_LIVENESS_CHANNEL
- cumulative published messages: 1
- cumulative published bytes: 92
- current buffered bytes: 0
RAY_LOG_CHANNEL
- cumulative published messages: 649
- cumulative published bytes: 555277
- current buffered bytes: 0

[runtime env manager] ID to URIs table:
[runtime env manager] URIs reference table:

GcsTaskManager: 
-Total num task events reported: 0
-Total num status task events dropped: 0
-Total num profile events dropped: 0
-Current num of task events stored: 0
-Total num of actor creation tasks: 0
-Total num of actor tasks: 0
-Total num of normal tasks: 0
-Total num of driver tasks: 0

GcsAutoscalerStateManager: 
- last_seen_autoscaler_state_version_: 0
- last_cluster_resource_state_version_: 597
- pending demands:



[2026-06-04 23:18:10,559 I 512 512] (gcs_server) gcs_server.cc:936: Main service Event stats:


Global stats: 25385 total (5 active)
Queueing time: mean = 1.59ms, max = 1522.53ms, min = 0.00ms, total = 40268.85ms
Execution time:  mean = 0.83ms, total = 21007.97ms
Event stats:
	GcsInMemoryStore.Put - 4808 total (0 active), Execution time: mean = 0.32ms, total = 1537.48ms, Queueing time: mean = 0.38ms, max = 1521.87ms, min = 0.00ms, total = 1850.37ms
	RayletLoadPulled - 2999 total (1 active), Execution time: mean = 0.22ms, total = 667.89ms, Queueing time: mean = 0.48ms, max = 297.72ms, min = 0.01ms, total = 1431.95ms
	NodeManagerService.grpc_client.GetResourceLoad.OnReplyReceived - 2985 total (0 active), Execution time: mean = 0.05ms, total = 139.05ms, Queueing time: mean = 0.22ms, max = 96.21ms, min = 0.01ms, total = 661.58ms
	NodeManagerService.grpc_client.GetResourceLoad - 2985 total (0 active), Execution time: mean = 4.71ms, total = 14046.27ms, Queueing time: mean = 0.00ms, max = -0.00ms, min = 9223372036854.78ms, total = 0.00ms
	InternalKVGcsService.grpc_server.InternalKVPut.HandleRequestImpl - 1204 total (0 active), Execution time: mean = 0.05ms, total = 58.91ms, Queueing time: mean = 0.34ms, max = 96.13ms, min = 0.01ms, total = 403.58ms
	InternalKVGcsService.grpc_server.InternalKVPut - 1204 total (0 active), Execution time: mean = 0.87ms, total = 1051.93ms, Queueing time: mean = 0.00ms, max = -0.00ms, min = 9223372036854.78ms, total = 0.00ms
	ClusterResourceManager.ResetRemoteNodeView - 1000 total (1 active), Execution time: mean = 0.01ms, total = 8.47ms, Queueing time: mean = 0.20ms, max = 95.89ms, min = 0.01ms, total = 200.08ms
	HealthCheck - 994 total (0 active), Execution time: mean = 0.00ms, total = 4.38ms, Queueing time: mean = 0.22ms, max = 96.16ms, min = 0.01ms, total = 221.68ms
	GcsInMemoryStore.Get - 713 total (0 active), Execution time: mean = 0.01ms, total = 9.28ms, Queueing time: mean = 0.01ms, max = 0.11ms, min = 0.01ms, total = 10.27ms
	InternalKVGcsService.grpc_server.InternalKVGet.HandleRequestImpl - 712 total (0 active), Execution time: mean = 0.09ms, total = 64.71ms, Queueing time: mean = 0.15ms, max = 95.88ms, min = 0.01ms, total = 109.94ms
	InternalKVGcsService.grpc_server.InternalKVGet - 712 total (0 active), Execution time: mean = 0.79ms, total = 564.76ms, Queueing time: mean = 0.00ms, max = -0.00ms, min = 9223372036854.78ms, total = 0.00ms
	NodeInfoGcsService.grpc_server.CheckAlive - 647 total (0 active), Execution time: mean = 0.54ms, total = 347.63ms, Queueing time: mean = 0.00ms, max = -0.00ms, min = 9223372036854.78ms, total = 0.00ms
	NodeInfoGcsService.grpc_server.CheckAlive.HandleRequestImpl - 647 total (0 active), Execution time: mean = 0.02ms, total = 13.63ms, Queueing time: mean = 0.03ms, max = 0.50ms, min = 0.01ms, total = 19.51ms
	GCSServer.deadline_timer.metrics_report - 600 total (1 active), Execution time: mean = 0.22ms, total = 129.09ms, Queueing time: mean = 0.30ms, max = 95.50ms, min = 0.01ms, total = 179.29ms
	AutoscalerStateService.grpc_server.GetClusterResourceState - 597 total (0 active), Execution time: mean = 0.34ms, total = 201.19ms, Queueing time: mean = 0.00ms, max = -0.00ms, min = 9223372036854.78ms, total = 0.00ms
	AutoscalerStateService.grpc_server.GetClusterResourceState.HandleRequestImpl - 597 total (0 active), Execution time: mean = 0.03ms, total = 20.85ms, Queueing time: mean = 0.02ms, max = 0.70ms, min = 0.01ms, total = 11.13ms
	NodeResourceInfoGcsService.grpc_server.GetAllResourceUsage.HandleRequestImpl - 597 total (0 active), Execution time: mean = 0.06ms, total = 36.17ms, Queueing time: mean = 0.03ms, max = 1.38ms, min = 0.01ms, total = 20.09ms
	NodeResourceInfoGcsService.grpc_server.GetAllResourceUsage - 597 total (0 active), Execution time: mean = 0.62ms, total = 367.97ms, Queueing time: mean = 0.00ms, max = -0.00ms, min = 9223372036854.78ms, total = 0.00ms
	event_loop_lag_probe - 302 total (0 active), Execution time: mean = 0.01ms, total = 3.78ms, Queueing time: mean = 0.06ms, max = 14.25ms, min = 0.00ms, total = 16.82ms
	GCSServer.deadline_timer.gcs_global_gc - 300 total (1 active), Execution time: mean = 0.01ms, total = 2.07ms, Queueing time: mean = 0.45ms, max = 66.72ms, min = 0.01ms, total = 134.52ms
	GCSServer.deadline_timer.debug_state_event_stats_print - 50 total (1 active, 1 running), Execution time: mean = 1.35ms, total = 67.56ms, Queueing time: mean = 1.37ms, max = 67.10ms, min = 0.02ms, total = 68.35ms
	ReporterService.grpc_client.HealthCheck.OnReplyReceived - 31 total (0 active), Execution time: mean = 0.16ms, total = 5.10ms, Queueing time: mean = 52.09ms, max = 1517.54ms, min = 0.02ms, total = 1614.71ms
	ReporterService.grpc_client.HealthCheck - 31 total (0 active), Execution time: mean = 3.62ms, total = 112.34ms, Queueing time: mean = 0.00ms, max = -0.00ms, min = 9223372036854.78ms, total = 0.00ms
	MetricsAgentClient.WaitForServerReadyWithRetry - 30 total (0 active), Execution time: mean = 0.27ms, total = 8.13ms, Queueing time: mean = 1008.67ms, max = 1097.53ms, min = 1000.02ms, total = 30260.04ms
	GcsInMemoryStore.GetAll - 6 total (0 active), Execution time: mean = 0.01ms, total = 0.06ms, Queueing time: mean = 0.06ms, max = 0.07ms, min = 0.01ms, total = 0.34ms
	PeriodicalRunner.RunFnPeriodically - 5 total (0 active), Execution time: mean = 0.11ms, total = 0.54ms, Queueing time: mean = 610.50ms, max = 1522.53ms, min = 2.26ms, total = 3052.48ms
	NodeInfoGcsService.grpc_server.GetClusterId - 4 total (0 active), Execution time: mean = 2.91ms, total = 11.62ms, Queueing time: mean = 0.00ms, max = -0.00ms, min = 9223372036854.78ms, total = 0.00ms
	NodeInfoGcsService.grpc_server.GetClusterId.HandleRequestImpl - 4 total (0 active), Execution time: mean = 0.54ms, total = 2.15ms, Queueing time: mean = 0.45ms, max = 1.73ms, min = 0.02ms, total = 1.81ms
	NodeInfoGcsService.grpc_server.GetAllNodeInfo.HandleRequestImpl - 2 total (0 active), Execution time: mean = 0.04ms, total = 0.08ms, Queueing time: mean = 0.02ms, max = 0.03ms, min = 0.01ms, total = 0.04ms
	NodeInfoGcsService.grpc_server.GetAllNodeInfo - 2 total (0 active), Execution time: mean = 0.36ms, total = 0.71ms, Queueing time: mean = 0.00ms, max = -0.00ms, min = 9223372036854.78ms, total = 0.00ms
	GcsInMemoryStore.Delete - 1 total (0 active), Execution time: mean = 0.01ms, total = 0.01ms, Queueing time: mean = 0.01ms, max = 0.01ms, min = 0.01ms, total = 0.01ms
	NodeManager.AddNodeCallback - 1 total (0 active), Execution time: mean = 0.45ms, total = 0.45ms, Queueing time: mean = 0.13ms, max = 0.13ms, min = 0.13ms, total = 0.13ms
	InternalKVGcsService.grpc_server.InternalKVDel - 1 total (0 active), Execution time: mean = 0.45ms, total = 0.45ms, Queueing time: mean = 0.00ms, max = -0.00ms, min = 9223372036854.78ms, total = 0.00ms
	JobInfoGcsService.grpc_server.GetAllJobInfo - 1 total (0 active), Execution time: mean = 0.35ms, total = 0.35ms, Queueing time: mean = 0.00ms, max = -0.00ms, min = 9223372036854.78ms, total = 0.00ms
	JobInfoGcsService.grpc_server.GetNextJobID.HandleRequestImpl - 1 total (0 active), Execution time: mean = 0.02ms, total = 0.02ms, Queueing time: mean = 0.02ms, max = 0.02ms, min = 0.02ms, total = 0.02ms
	JobInfoGcsService.grpc_server.GetNextJobID - 1 total (0 active), Execution time: mean = 0.35ms, total = 0.35ms, Queueing time: mean = 0.00ms, max = -0.00ms, min = 9223372036854.78ms, total = 0.00ms
	GcsHealthCheckManager::AddNode - 1 total (0 active), Execution time: mean = 0.02ms, total = 0.02ms, Queueing time: mean = 0.00ms, max = 0.00ms, min = 0.00ms, total = 0.00ms
	NodeInfoGcsService.grpc_server.GetAllNodeAddressAndLiveness - 1 total (0 active), Execution time: mean = 0.37ms, total = 0.37ms, Queueing time: mean = 0.00ms, max = -0.00ms, min = 9223372036854.78ms, total = 0.00ms
	JobInfoGcsService.grpc_server.GetAllJobInfo.HandleRequestImpl - 1 total (0 active), Execution time: mean = 0.04ms, total = 0.04ms, Queueing time: mean = 0.02ms, max = 0.02ms, min = 0.02ms, total = 0.02ms
	GcsResourceManager::Update - 1 total (0 active), Execution time: mean = 0.08ms, total = 0.08ms, Queueing time: mean = 0.01ms, max = 0.01ms, min = 0.01ms, total = 0.01ms
	NodeInfoGcsService.grpc_server.RegisterNode.HandleRequestImpl - 1 total (0 active), Execution time: mean = 0.23ms, total = 0.23ms, Queueing time: mean = 0.02ms, max = 0.02ms, min = 0.02ms, total = 0.02ms
	InternalKVGcsService.grpc_server.InternalKVDel.HandleRequestImpl - 1 total (0 active), Execution time: mean = 0.06ms, total = 0.06ms, Queueing time: mean = 0.01ms, max = 0.01ms, min = 0.01ms, total = 0.01ms
	InternalKVGcsService.grpc_server.GetInternalConfig.HandleRequestImpl - 1 total (0 active), Execution time: mean = 0.10ms, total = 0.10ms, Queueing time: mean = 0.02ms, max = 0.02ms, min = 0.02ms, total = 0.02ms
	NodeInfoGcsService.grpc_server.GetAllNodeAddressAndLiveness.HandleRequestImpl - 1 total (0 active), Execution time: mean = 0.01ms, total = 0.01ms, Queueing time: mean = 0.01ms, max = 0.01ms, min = 0.01ms, total = 0.01ms
	GcsHealthCheckManager::MarkNodeHealthy - 1 total (0 active), Execution time: mean = 0.00ms, total = 0.00ms, Queueing time: mean = 0.01ms, max = 0.01ms, min = 0.01ms, total = 0.01ms
	GcsInitData::AsyncLoad - 1 total (0 active), Execution time: mean = 0.01ms, total = 0.01ms, Queueing time: mean = 0.00ms, max = 0.00ms, min = 0.00ms, total = 0.00ms
	InternalKVGcsService.grpc_server.GetInternalConfig - 1 total (0 active), Execution time: mean = 0.65ms, total = 0.65ms, Queueing time: mean = 0.00ms, max = -0.00ms, min = 9223372036854.78ms, total = 0.00ms
	GcsInMemoryStore.GetNextJobID - 1 total (0 active), Execution time: mean = 0.01ms, total = 0.01ms, Queueing time: mean = 0.01ms, max = 0.01ms, min = 0.01ms, total = 0.01ms
	NodeInfoGcsService.grpc_server.RegisterNode - 1 total (0 active), Execution time: mean = 0.64ms, total = 0.64ms, Queueing time: mean = 0.00ms, max = -0.00ms, min = 9223372036854.78ms, total = 0.00ms
	GcsServer.GetOrGenerateClusterId.continuation - 1 total (0 active), Execution time: mean = 1520.34ms, total = 1520.34ms, Queueing time: mean = 0.00ms, max = 0.00ms, min = 0.00ms, total = 0.00ms


[2026-06-04 23:18:10,559 I 512 512] (gcs_server) gcs_server.cc:940: task_io_context Event stats:


Global stats: 904 total (1 active)
Queueing time: mean = 0.13ms, max = 89.27ms, min = -0.00ms, total = 120.27ms
Execution time:  mean = 0.01ms, total = 10.47ms
Event stats:
	GcsTaskManager.GcJobSummary - 601 total (1 active), Execution time: mean = 0.01ms, total = 5.77ms, Queueing time: mean = 0.19ms, max = 89.27ms, min = -0.00ms, total = 116.50ms
	event_loop_lag_probe - 302 total (0 active), Execution time: mean = 0.02ms, total = 4.69ms, Queueing time: mean = 0.01ms, max = 0.50ms, min = 0.00ms, total = 3.75ms
	PeriodicalRunner.RunFnPeriodically - 1 total (0 active), Execution time: mean = 0.02ms, total = 0.02ms, Queueing time: mean = 0.02ms, max = 0.02ms, min = 0.02ms, total = 0.02ms


[2026-06-04 23:18:10,559 I 512 512] (gcs_server) gcs_server.cc:940: pubsub_io_context Event stats:


Global stats: 1628 total (2 active)
Queueing time: mean = 0.21ms, max = 95.93ms, min = 0.00ms, total = 336.02ms
Execution time:  mean = 1834.02ms, total = 2985783.31ms
Event stats:
	InternalPubSubGcsService.grpc_server.GcsPublish - 649 total (0 active), Execution time: mean = 1.46ms, total = 946.93ms, Queueing time: mean = 0.00ms, max = -0.00ms, min = 9223372036854.78ms, total = 0.00ms
	InternalPubSubGcsService.grpc_server.GcsPublish.HandleRequestImpl - 649 total (0 active), Execution time: mean = 0.11ms, total = 71.87ms, Queueing time: mean = 0.48ms, max = 95.93ms, min = 0.01ms, total = 309.68ms
	event_loop_lag_probe - 302 total (0 active), Execution time: mean = 0.02ms, total = 5.00ms, Queueing time: mean = 0.06ms, max = 15.11ms, min = 0.00ms, total = 18.16ms
	Publisher.CheckDeadSubscribers - 11 total (1 active), Execution time: mean = 0.02ms, total = 0.18ms, Queueing time: mean = 0.04ms, max = 0.06ms, min = 0.03ms, total = 0.40ms
	InternalPubSubGcsService.grpc_server.GcsSubscriberPoll - 6 total (1 active), Execution time: mean = 497459.64ms, total = 2984757.85ms, Queueing time: mean = 0.00ms, max = -0.00ms, min = 9223372036854.78ms, total = 0.00ms
	InternalPubSubGcsService.grpc_server.GcsSubscriberPoll.HandleRequestImpl - 6 total (0 active), Execution time: mean = 0.08ms, total = 0.46ms, Queueing time: mean = 0.05ms, max = 0.19ms, min = 0.02ms, total = 0.30ms
	InternalPubSubGcsService.grpc_server.GcsSubscriberCommandBatch - 2 total (0 active), Execution time: mean = 0.37ms, total = 0.74ms, Queueing time: mean = 0.00ms, max = -0.00ms, min = 9223372036854.78ms, total = 0.00ms
	InternalPubSubGcsService.grpc_server.GcsSubscriberCommandBatch.HandleRequestImpl - 2 total (0 active), Execution time: mean = 0.10ms, total = 0.21ms, Queueing time: mean = 0.02ms, max = 0.03ms, min = 0.01ms, total = 0.04ms
	PeriodicalRunner.RunFnPeriodically - 1 total (0 active), Execution time: mean = 0.06ms, total = 0.06ms, Queueing time: mean = 7.44ms, max = 7.44ms, min = 7.44ms, total = 7.44ms


[2026-06-04 23:18:10,559 I 512 512] (gcs_server) gcs_server.cc:940: ray_syncer_io_context Event stats:


Global stats: 306 total (0 active)
Queueing time: mean = 0.01ms, max = 0.61ms, min = 0.00ms, total = 3.86ms
Execution time:  mean = 0.02ms, total = 5.66ms
Event stats:
	event_loop_lag_probe - 302 total (0 active), Execution time: mean = 0.02ms, total = 5.48ms, Queueing time: mean = 0.01ms, max = 0.61ms, min = 0.00ms, total = 3.76ms
	RaySyncerRegister - 2 total (0 active), Execution time: mean = 0.00ms, total = 0.00ms, Queueing time: mean = 0.04ms, max = 0.06ms, min = 0.01ms, total = 0.08ms
	RaySyncer.BroadcastMessage - 1 total (0 active), Execution time: mean = 0.02ms, total = 0.02ms, Queueing time: mean = 0.00ms, max = 0.00ms, min = 0.00ms, total = 0.00ms
	 - 1 total (0 active), Execution time: mean = 0.16ms, total = 0.16ms, Queueing time: mean = 0.02ms, max = 0.02ms, min = 0.02ms, total = 0.02ms


[2026-06-04 23:18:10,559 I 512 512] (gcs_server) gcs_server.cc:940: ray_event_io_context Event stats:


Global stats: 302 total (0 active)
Queueing time: mean = 0.04ms, max = 8.24ms, min = 0.00ms, total = 10.93ms
Execution time:  mean = 0.02ms, total = 4.92ms
Event stats:
	event_loop_lag_probe - 302 total (0 active), Execution time: mean = 0.02ms, total = 4.92ms, Queueing time: mean = 0.04ms, max = 8.24ms, min = 0.00ms, total = 10.93ms


[2026-06-04 23:19:10,560 I 512 512] (gcs_server) gcs_server.cc:922: Gcs Debug state:

GcsNodeManager: 
- RegisterNode request count: 1
- DrainNode request count: 0
- GetAllNodeInfo request count: 3

GcsActorManager: 
- RegisterActor request count: 0
- CreateActor request count: 0
- GetActorInfo request count: 0
- GetNamedActorInfo request count: 0
- GetAllActorInfo request count: 0
- KillActor request count: 0
- ListNamedActors request count: 0
- Registered actors count: 0
- Destroyed actors count: 0
- Named actors count: 0
- Unresolved actors count: 0
- Pending actors count: 0
- Created actors count: 0
- owners_: 0
- actor_to_register_callbacks_: 0
- actor_to_restart_for_lineage_reconstruction_callbacks_: 0
- actor_to_create_callbacks_: 0
- sorted_destroyed_actor_list_: 0

GcsResourceManager: 
- GetAllAvailableResources request count: 0
- GetAllTotalResources request count: 0
- GetAllResourceUsage request count: 609

GcsPlacementGroupManager: 
- CreatePlacementGroup request count: 0
- RemovePlacementGroup request count: 0
- GetPlacementGroup request count: 0
- GetAllPlacementGroup request count: 0
- WaitPlacementGroupUntilReady request count: 0
- GetNamedPlacementGroup request count: 0
- Scheduling pending placement group count: 0
- Registered placement groups count: 0
- Named placement group count: 0
- Pending placement groups count: 0
- Infeasible placement groups count: 0

Publisher:
GCS_NODE_INFO_CHANNEL
- cumulative published messages: 1
- cumulative published bytes: 499
- current buffered bytes: 0
GCS_NODE_ADDRESS_AND_LIVENESS_CHANNEL
- cumulative published messages: 1
- cumulative published bytes: 92
- current buffered bytes: 0
RAY_LOG_CHANNEL
- cumulative published messages: 661
- cumulative published bytes: 565561
- current buffered bytes: 0

[runtime env manager] ID to URIs table:
[runtime env manager] URIs reference table:

GcsTaskManager: 
-Total num task events reported: 0
-Total num status task events dropped: 0
-Total num profile events dropped: 0
-Current num of task events stored: 0
-Total num of actor creation tasks: 0
-Total num of actor tasks: 0
-Total num of normal tasks: 0
-Total num of driver tasks: 0

GcsAutoscalerStateManager: 
- last_seen_autoscaler_state_version_: 0
- last_cluster_resource_state_version_: 609
- pending demands:



[2026-06-04 23:19:10,560 I 512 512] (gcs_server) gcs_server.cc:936: Main service Event stats:


Global stats: 25884 total (5 active)
Queueing time: mean = 1.56ms, max = 1522.53ms, min = 0.00ms, total = 40282.36ms
Execution time:  mean = 0.82ms, total = 21112.24ms
Event stats:
	GcsInMemoryStore.Put - 4904 total (0 active), Execution time: mean = 0.31ms, total = 1537.79ms, Queueing time: mean = 0.38ms, max = 1521.87ms, min = 0.00ms, total = 1856.57ms
	RayletLoadPulled - 3059 total (1 active), Execution time: mean = 0.22ms, total = 680.16ms, Queueing time: mean = 0.47ms, max = 297.72ms, min = 0.01ms, total = 1433.77ms
	NodeManagerService.grpc_client.GetResourceLoad.OnReplyReceived - 3045 total (0 active), Execution time: mean = 0.05ms, total = 141.58ms, Queueing time: mean = 0.22ms, max = 96.21ms, min = 0.01ms, total = 663.06ms
	NodeManagerService.grpc_client.GetResourceLoad - 3045 total (0 active), Execution time: mean = 4.63ms, total = 14105.26ms, Queueing time: mean = 0.00ms, max = -0.00ms, min = 9223372036854.78ms, total = 0.00ms
	InternalKVGcsService.grpc_server.InternalKVPut.HandleRequestImpl - 1228 total (0 active), Execution time: mean = 0.05ms, total = 59.96ms, Queueing time: mean = 0.33ms, max = 96.13ms, min = 0.01ms, total = 403.95ms
	InternalKVGcsService.grpc_server.InternalKVPut - 1228 total (0 active), Execution time: mean = 0.86ms, total = 1058.48ms, Queueing time: mean = 0.00ms, max = -0.00ms, min = 9223372036854.78ms, total = 0.00ms
	ClusterResourceManager.ResetRemoteNodeView - 1020 total (1 active), Execution time: mean = 0.01ms, total = 8.57ms, Queueing time: mean = 0.20ms, max = 95.89ms, min = 0.01ms, total = 200.51ms
	HealthCheck - 1014 total (0 active), Execution time: mean = 0.00ms, total = 4.45ms, Queueing time: mean = 0.22ms, max = 96.16ms, min = 0.01ms, total = 222.07ms
	GcsInMemoryStore.Get - 725 total (0 active), Execution time: mean = 0.01ms, total = 9.42ms, Queueing time: mean = 0.01ms, max = 0.11ms, min = 0.01ms, total = 10.43ms
	InternalKVGcsService.grpc_server.InternalKVGet.HandleRequestImpl - 724 total (0 active), Execution time: mean = 0.09ms, total = 65.77ms, Queueing time: mean = 0.15ms, max = 95.88ms, min = 0.01ms, total = 110.10ms
	InternalKVGcsService.grpc_server.InternalKVGet - 724 total (0 active), Execution time: mean = 0.79ms, total = 568.85ms, Queueing time: mean = 0.00ms, max = -0.00ms, min = 9223372036854.78ms, total = 0.00ms
	NodeInfoGcsService.grpc_server.CheckAlive - 660 total (0 active), Execution time: mean = 0.53ms, total = 351.89ms, Queueing time: mean = 0.00ms, max = -0.00ms, min = 9223372036854.78ms, total = 0.00ms
	NodeInfoGcsService.grpc_server.CheckAlive.HandleRequestImpl - 660 total (0 active), Execution time: mean = 0.02ms, total = 13.88ms, Queueing time: mean = 0.03ms, max = 0.50ms, min = 0.01ms, total = 19.86ms
	GCSServer.deadline_timer.metrics_report - 612 total (1 active), Execution time: mean = 0.21ms, total = 131.48ms, Queueing time: mean = 0.29ms, max = 95.50ms, min = 0.01ms, total = 179.56ms
	AutoscalerStateService.grpc_server.GetClusterResourceState - 609 total (0 active), Execution time: mean = 0.34ms, total = 204.56ms, Queueing time: mean = 0.00ms, max = -0.00ms, min = 9223372036854.78ms, total = 0.00ms
	AutoscalerStateService.grpc_server.GetClusterResourceState.HandleRequestImpl - 609 total (0 active), Execution time: mean = 0.03ms, total = 21.20ms, Queueing time: mean = 0.02ms, max = 0.70ms, min = 0.01ms, total = 11.30ms
	NodeResourceInfoGcsService.grpc_server.GetAllResourceUsage.HandleRequestImpl - 609 total (0 active), Execution time: mean = 0.06ms, total = 36.76ms, Queueing time: mean = 0.03ms, max = 1.38ms, min = 0.01ms, total = 20.37ms
	NodeResourceInfoGcsService.grpc_server.GetAllResourceUsage - 609 total (0 active), Execution time: mean = 0.61ms, total = 372.38ms, Queueing time: mean = 0.00ms, max = -0.00ms, min = 9223372036854.78ms, total = 0.00ms
	event_loop_lag_probe - 308 total (0 active), Execution time: mean = 0.01ms, total = 3.85ms, Queueing time: mean = 0.05ms, max = 14.25ms, min = 0.00ms, total = 16.86ms
	GCSServer.deadline_timer.gcs_global_gc - 306 total (1 active), Execution time: mean = 0.01ms, total = 2.10ms, Queueing time: mean = 0.44ms, max = 66.72ms, min = 0.01ms, total = 135.87ms
	GCSServer.deadline_timer.debug_state_event_stats_print - 51 total (1 active, 1 running), Execution time: mean = 1.35ms, total = 68.92ms, Queueing time: mean = 1.34ms, max = 67.10ms, min = 0.02ms, total = 68.37ms
	ReporterService.grpc_client.HealthCheck.OnReplyReceived - 31 total (0 active), Execution time: mean = 0.16ms, total = 5.10ms, Queueing time: mean = 52.09ms, max = 1517.54ms, min = 0.02ms, total = 1614.71ms
	ReporterService.grpc_client.HealthCheck - 31 total (0 active), Execution time: mean = 3.62ms, total = 112.34ms, Queueing time: mean = 0.00ms, max = -0.00ms, min = 9223372036854.78ms, total = 0.00ms
	MetricsAgentClient.WaitForServerReadyWithRetry - 30 total (0 active), Execution time: mean = 0.27ms, total = 8.13ms, Queueing time: mean = 1008.67ms, max = 1097.53ms, min = 1000.02ms, total = 30260.04ms
	GcsInMemoryStore.GetAll - 6 total (0 active), Execution time: mean = 0.01ms, total = 0.06ms, Queueing time: mean = 0.06ms, max = 0.07ms, min = 0.01ms, total = 0.34ms
	PeriodicalRunner.RunFnPeriodically - 5 total (0 active), Execution time: mean = 0.11ms, total = 0.54ms, Queueing time: mean = 610.50ms, max = 1522.53ms, min = 2.26ms, total = 3052.48ms
	NodeInfoGcsService.grpc_server.GetClusterId - 4 total (0 active), Execution time: mean = 2.91ms, total = 11.62ms, Queueing time: mean = 0.00ms, max = -0.00ms, min = 9223372036854.78ms, total = 0.00ms
	NodeInfoGcsService.grpc_server.GetClusterId.HandleRequestImpl - 4 total (0 active), Execution time: mean = 0.54ms, total = 2.15ms, Queueing time: mean = 0.45ms, max = 1.73ms, min = 0.02ms, total = 1.81ms
	NodeInfoGcsService.grpc_server.GetAllNodeInfo.HandleRequestImpl - 2 total (0 active), Execution time: mean = 0.04ms, total = 0.08ms, Queueing time: mean = 0.02ms, max = 0.03ms, min = 0.01ms, total = 0.04ms
	NodeInfoGcsService.grpc_server.GetAllNodeInfo - 2 total (0 active), Execution time: mean = 0.36ms, total = 0.71ms, Queueing time: mean = 0.00ms, max = -0.00ms, min = 9223372036854.78ms, total = 0.00ms
	GcsInMemoryStore.Delete - 1 total (0 active), Execution time: mean = 0.01ms, total = 0.01ms, Queueing time: mean = 0.01ms, max = 0.01ms, min = 0.01ms, total = 0.01ms
	NodeManager.AddNodeCallback - 1 total (0 active), Execution time: mean = 0.45ms, total = 0.45ms, Queueing time: mean = 0.13ms, max = 0.13ms, min = 0.13ms, total = 0.13ms
	InternalKVGcsService.grpc_server.InternalKVDel - 1 total (0 active), Execution time: mean = 0.45ms, total = 0.45ms, Queueing time: mean = 0.00ms, max = -0.00ms, min = 9223372036854.78ms, total = 0.00ms
	JobInfoGcsService.grpc_server.GetAllJobInfo - 1 total (0 active), Execution time: mean = 0.35ms, total = 0.35ms, Queueing time: mean = 0.00ms, max = -0.00ms, min = 9223372036854.78ms, total = 0.00ms
	JobInfoGcsService.grpc_server.GetNextJobID.HandleRequestImpl - 1 total (0 active), Execution time: mean = 0.02ms, total = 0.02ms, Queueing time: mean = 0.02ms, max = 0.02ms, min = 0.02ms, total = 0.02ms
	JobInfoGcsService.grpc_server.GetNextJobID - 1 total (0 active), Execution time: mean = 0.35ms, total = 0.35ms, Queueing time: mean = 0.00ms, max = -0.00ms, min = 9223372036854.78ms, total = 0.00ms
	GcsHealthCheckManager::AddNode - 1 total (0 active), Execution time: mean = 0.02ms, total = 0.02ms, Queueing time: mean = 0.00ms, max = 0.00ms, min = 0.00ms, total = 0.00ms
	NodeInfoGcsService.grpc_server.GetAllNodeAddressAndLiveness - 1 total (0 active), Execution time: mean = 0.37ms, total = 0.37ms, Queueing time: mean = 0.00ms, max = -0.00ms, min = 9223372036854.78ms, total = 0.00ms
	JobInfoGcsService.grpc_server.GetAllJobInfo.HandleRequestImpl - 1 total (0 active), Execution time: mean = 0.04ms, total = 0.04ms, Queueing time: mean = 0.02ms, max = 0.02ms, min = 0.02ms, total = 0.02ms
	GcsResourceManager::Update - 1 total (0 active), Execution time: mean = 0.08ms, total = 0.08ms, Queueing time: mean = 0.01ms, max = 0.01ms, min = 0.01ms, total = 0.01ms
	NodeInfoGcsService.grpc_server.RegisterNode.HandleRequestImpl - 1 total (0 active), Execution time: mean = 0.23ms, total = 0.23ms, Queueing time: mean = 0.02ms, max = 0.02ms, min = 0.02ms, total = 0.02ms
	InternalKVGcsService.grpc_server.InternalKVDel.HandleRequestImpl - 1 total (0 active), Execution time: mean = 0.06ms, total = 0.06ms, Queueing time: mean = 0.01ms, max = 0.01ms, min = 0.01ms, total = 0.01ms
	InternalKVGcsService.grpc_server.GetInternalConfig.HandleRequestImpl - 1 total (0 active), Execution time: mean = 0.10ms, total = 0.10ms, Queueing time: mean = 0.02ms, max = 0.02ms, min = 0.02ms, total = 0.02ms
	NodeInfoGcsService.grpc_server.GetAllNodeAddressAndLiveness.HandleRequestImpl - 1 total (0 active), Execution time: mean = 0.01ms, total = 0.01ms, Queueing time: mean = 0.01ms, max = 0.01ms, min = 0.01ms, total = 0.01ms
	GcsHealthCheckManager::MarkNodeHealthy - 1 total (0 active), Execution time: mean = 0.00ms, total = 0.00ms, Queueing time: mean = 0.01ms, max = 0.01ms, min = 0.01ms, total = 0.01ms
	GcsInitData::AsyncLoad - 1 total (0 active), Execution time: mean = 0.01ms, total = 0.01ms, Queueing time: mean = 0.00ms, max = 0.00ms, min = 0.00ms, total = 0.00ms
	InternalKVGcsService.grpc_server.GetInternalConfig - 1 total (0 active), Execution time: mean = 0.65ms, total = 0.65ms, Queueing time: mean = 0.00ms, max = -0.00ms, min = 9223372036854.78ms, total = 0.00ms
	GcsInMemoryStore.GetNextJobID - 1 total (0 active), Execution time: mean = 0.01ms, total = 0.01ms, Queueing time: mean = 0.01ms, max = 0.01ms, min = 0.01ms, total = 0.01ms
	NodeInfoGcsService.grpc_server.RegisterNode - 1 total (0 active), Execution time: mean = 0.64ms, total = 0.64ms, Queueing time: mean = 0.00ms, max = -0.00ms, min = 9223372036854.78ms, total = 0.00ms
	GcsServer.GetOrGenerateClusterId.continuation - 1 total (0 active), Execution time: mean = 1520.34ms, total = 1520.34ms, Queueing time: mean = 0.00ms, max = 0.00ms, min = 0.00ms, total = 0.00ms


[2026-06-04 23:19:10,561 I 512 512] (gcs_server) gcs_server.cc:940: task_io_context Event stats:


Global stats: 922 total (1 active)
Queueing time: mean = 0.13ms, max = 89.27ms, min = -0.00ms, total = 120.91ms
Execution time:  mean = 0.01ms, total = 10.66ms
Event stats:
	GcsTaskManager.GcJobSummary - 613 total (1 active), Execution time: mean = 0.01ms, total = 5.87ms, Queueing time: mean = 0.19ms, max = 89.27ms, min = -0.00ms, total = 117.07ms
	event_loop_lag_probe - 308 total (0 active), Execution time: mean = 0.02ms, total = 4.78ms, Queueing time: mean = 0.01ms, max = 0.50ms, min = 0.00ms, total = 3.83ms
	PeriodicalRunner.RunFnPeriodically - 1 total (0 active), Execution time: mean = 0.02ms, total = 0.02ms, Queueing time: mean = 0.02ms, max = 0.02ms, min = 0.02ms, total = 0.02ms


[2026-06-04 23:19:10,561 I 512 512] (gcs_server) gcs_server.cc:940: pubsub_io_context Event stats:


Global stats: 1658 total (2 active)
Queueing time: mean = 0.20ms, max = 95.93ms, min = 0.00ms, total = 336.40ms
Execution time:  mean = 1800.84ms, total = 2985789.23ms
Event stats:
	InternalPubSubGcsService.grpc_server.GcsPublish - 661 total (0 active), Execution time: mean = 1.44ms, total = 951.58ms, Queueing time: mean = 0.00ms, max = -0.00ms, min = 9223372036854.78ms, total = 0.00ms
	InternalPubSubGcsService.grpc_server.GcsPublish.HandleRequestImpl - 661 total (0 active), Execution time: mean = 0.11ms, total = 73.05ms, Queueing time: mean = 0.47ms, max = 95.93ms, min = 0.01ms, total = 310.00ms
	event_loop_lag_probe - 308 total (0 active), Execution time: mean = 0.02ms, total = 5.09ms, Queueing time: mean = 0.06ms, max = 15.11ms, min = 0.00ms, total = 18.21ms
	Publisher.CheckDeadSubscribers - 11 total (1 active), Execution time: mean = 0.02ms, total = 0.18ms, Queueing time: mean = 0.04ms, max = 0.06ms, min = 0.03ms, total = 0.40ms
	InternalPubSubGcsService.grpc_server.GcsSubscriberPoll - 6 total (1 active), Execution time: mean = 497459.64ms, total = 2984757.85ms, Queueing time: mean = 0.00ms, max = -0.00ms, min = 9223372036854.78ms, total = 0.00ms
	InternalPubSubGcsService.grpc_server.GcsSubscriberPoll.HandleRequestImpl - 6 total (0 active), Execution time: mean = 0.08ms, total = 0.46ms, Queueing time: mean = 0.05ms, max = 0.19ms, min = 0.02ms, total = 0.30ms
	InternalPubSubGcsService.grpc_server.GcsSubscriberCommandBatch - 2 total (0 active), Execution time: mean = 0.37ms, total = 0.74ms, Queueing time: mean = 0.00ms, max = -0.00ms, min = 9223372036854.78ms, total = 0.00ms
	InternalPubSubGcsService.grpc_server.GcsSubscriberCommandBatch.HandleRequestImpl - 2 total (0 active), Execution time: mean = 0.10ms, total = 0.21ms, Queueing time: mean = 0.02ms, max = 0.03ms, min = 0.01ms, total = 0.04ms
	PeriodicalRunner.RunFnPeriodically - 1 total (0 active), Execution time: mean = 0.06ms, total = 0.06ms, Queueing time: mean = 7.44ms, max = 7.44ms, min = 7.44ms, total = 7.44ms


[2026-06-04 23:19:10,561 I 512 512] (gcs_server) gcs_server.cc:940: ray_syncer_io_context Event stats:


Global stats: 312 total (0 active)
Queueing time: mean = 0.01ms, max = 0.61ms, min = 0.00ms, total = 3.93ms
Execution time:  mean = 0.02ms, total = 5.76ms
Event stats:
	event_loop_lag_probe - 308 total (0 active), Execution time: mean = 0.02ms, total = 5.57ms, Queueing time: mean = 0.01ms, max = 0.61ms, min = 0.00ms, total = 3.83ms
	RaySyncerRegister - 2 total (0 active), Execution time: mean = 0.00ms, total = 0.00ms, Queueing time: mean = 0.04ms, max = 0.06ms, min = 0.01ms, total = 0.08ms
	RaySyncer.BroadcastMessage - 1 total (0 active), Execution time: mean = 0.02ms, total = 0.02ms, Queueing time: mean = 0.00ms, max = 0.00ms, min = 0.00ms, total = 0.00ms
	 - 1 total (0 active), Execution time: mean = 0.16ms, total = 0.16ms, Queueing time: mean = 0.02ms, max = 0.02ms, min = 0.02ms, total = 0.02ms


[2026-06-04 23:19:10,561 I 512 512] (gcs_server) gcs_server.cc:940: ray_event_io_context Event stats:


Global stats: 308 total (0 active)
Queueing time: mean = 0.04ms, max = 8.24ms, min = 0.00ms, total = 10.98ms
Execution time:  mean = 0.02ms, total = 5.01ms
Event stats:
	event_loop_lag_probe - 308 total (0 active), Execution time: mean = 0.02ms, total = 5.01ms, Queueing time: mean = 0.04ms, max = 8.24ms, min = 0.00ms, total = 10.98ms


[2026-06-04 23:20:10,561 I 512 512] (gcs_server) gcs_server.cc:922: Gcs Debug state:

GcsNodeManager: 
- RegisterNode request count: 1
- DrainNode request count: 0
- GetAllNodeInfo request count: 3

GcsActorManager: 
- RegisterActor request count: 0
- CreateActor request count: 0
- GetActorInfo request count: 0
- GetNamedActorInfo request count: 0
- GetAllActorInfo request count: 0
- KillActor request count: 0
- ListNamedActors request count: 0
- Registered actors count: 0
- Destroyed actors count: 0
- Named actors count: 0
- Unresolved actors count: 0
- Pending actors count: 0
- Created actors count: 0
- owners_: 0
- actor_to_register_callbacks_: 0
- actor_to_restart_for_lineage_reconstruction_callbacks_: 0
- actor_to_create_callbacks_: 0
- sorted_destroyed_actor_list_: 0

GcsResourceManager: 
- GetAllAvailableResources request count: 0
- GetAllTotalResources request count: 0
- GetAllResourceUsage request count: 621

GcsPlacementGroupManager: 
- CreatePlacementGroup request count: 0
- RemovePlacementGroup request count: 0
- GetPlacementGroup request count: 0
- GetAllPlacementGroup request count: 0
- WaitPlacementGroupUntilReady request count: 0
- GetNamedPlacementGroup request count: 0
- Scheduling pending placement group count: 0
- Registered placement groups count: 0
- Named placement group count: 0
- Pending placement groups count: 0
- Infeasible placement groups count: 0

Publisher:
GCS_NODE_INFO_CHANNEL
- cumulative published messages: 1
- cumulative published bytes: 499
- current buffered bytes: 0
GCS_NODE_ADDRESS_AND_LIVENESS_CHANNEL
- cumulative published messages: 1
- cumulative published bytes: 92
- current buffered bytes: 0
RAY_LOG_CHANNEL
- cumulative published messages: 673
- cumulative published bytes: 575845
- current buffered bytes: 0

[runtime env manager] ID to URIs table:
[runtime env manager] URIs reference table:

GcsTaskManager: 
-Total num task events reported: 0
-Total num status task events dropped: 0
-Total num profile events dropped: 0
-Current num of task events stored: 0
-Total num of actor creation tasks: 0
-Total num of actor tasks: 0
-Total num of normal tasks: 0
-Total num of driver tasks: 0

GcsAutoscalerStateManager: 
- last_seen_autoscaler_state_version_: 0
- last_cluster_resource_state_version_: 621
- pending demands:



[2026-06-04 23:20:10,562 I 512 512] (gcs_server) gcs_server.cc:936: Main service Event stats:


Global stats: 26383 total (5 active)
Queueing time: mean = 1.53ms, max = 1522.53ms, min = 0.00ms, total = 40295.75ms
Execution time:  mean = 0.80ms, total = 21218.95ms
Event stats:
	GcsInMemoryStore.Put - 5000 total (0 active), Execution time: mean = 0.31ms, total = 1538.09ms, Queueing time: mean = 0.37ms, max = 1521.87ms, min = 0.00ms, total = 1862.97ms
	RayletLoadPulled - 3119 total (1 active), Execution time: mean = 0.22ms, total = 691.93ms, Queueing time: mean = 0.46ms, max = 297.72ms, min = 0.01ms, total = 1435.56ms
	NodeManagerService.grpc_client.GetResourceLoad.OnReplyReceived - 3105 total (0 active), Execution time: mean = 0.05ms, total = 143.95ms, Queueing time: mean = 0.21ms, max = 96.21ms, min = 0.01ms, total = 664.39ms
	NodeManagerService.grpc_client.GetResourceLoad - 3105 total (0 active), Execution time: mean = 4.56ms, total = 14167.20ms, Queueing time: mean = 0.00ms, max = -0.00ms, min = 9223372036854.78ms, total = 0.00ms
	InternalKVGcsService.grpc_server.InternalKVPut.HandleRequestImpl - 1252 total (0 active), Execution time: mean = 0.05ms, total = 60.93ms, Queueing time: mean = 0.32ms, max = 96.13ms, min = 0.01ms, total = 404.26ms
	InternalKVGcsService.grpc_server.InternalKVPut - 1252 total (0 active), Execution time: mean = 0.85ms, total = 1065.00ms, Queueing time: mean = 0.00ms, max = -0.00ms, min = 9223372036854.78ms, total = 0.00ms
	ClusterResourceManager.ResetRemoteNodeView - 1040 total (1 active), Execution time: mean = 0.01ms, total = 8.66ms, Queueing time: mean = 0.19ms, max = 95.89ms, min = 0.01ms, total = 200.98ms
	HealthCheck - 1034 total (0 active), Execution time: mean = 0.00ms, total = 4.52ms, Queueing time: mean = 0.22ms, max = 96.16ms, min = 0.01ms, total = 222.43ms
	GcsInMemoryStore.Get - 737 total (0 active), Execution time: mean = 0.01ms, total = 9.56ms, Queueing time: mean = 0.01ms, max = 0.11ms, min = 0.01ms, total = 10.60ms
	InternalKVGcsService.grpc_server.InternalKVGet.HandleRequestImpl - 736 total (0 active), Execution time: mean = 0.09ms, total = 66.84ms, Queueing time: mean = 0.15ms, max = 95.88ms, min = 0.01ms, total = 110.25ms
	InternalKVGcsService.grpc_server.InternalKVGet - 736 total (0 active), Execution time: mean = 0.78ms, total = 572.99ms, Queueing time: mean = 0.00ms, max = -0.00ms, min = 9223372036854.78ms, total = 0.00ms
	NodeInfoGcsService.grpc_server.CheckAlive - 673 total (0 active), Execution time: mean = 0.53ms, total = 356.23ms, Queueing time: mean = 0.00ms, max = -0.00ms, min = 9223372036854.78ms, total = 0.00ms
	NodeInfoGcsService.grpc_server.CheckAlive.HandleRequestImpl - 673 total (0 active), Execution time: mean = 0.02ms, total = 14.13ms, Queueing time: mean = 0.03ms, max = 0.50ms, min = 0.01ms, total = 20.19ms
	GCSServer.deadline_timer.metrics_report - 624 total (1 active), Execution time: mean = 0.21ms, total = 133.91ms, Queueing time: mean = 0.29ms, max = 95.50ms, min = 0.01ms, total = 179.81ms
	AutoscalerStateService.grpc_server.GetClusterResourceState - 621 total (0 active), Execution time: mean = 0.33ms, total = 208.00ms, Queueing time: mean = 0.00ms, max = -0.00ms, min = 9223372036854.78ms, total = 0.00ms
	AutoscalerStateService.grpc_server.GetClusterResourceState.HandleRequestImpl - 621 total (0 active), Execution time: mean = 0.03ms, total = 21.54ms, Queueing time: mean = 0.02ms, max = 0.70ms, min = 0.01ms, total = 11.48ms
	NodeResourceInfoGcsService.grpc_server.GetAllResourceUsage.HandleRequestImpl - 621 total (0 active), Execution time: mean = 0.06ms, total = 37.36ms, Queueing time: mean = 0.03ms, max = 1.38ms, min = 0.01ms, total = 20.65ms
	NodeResourceInfoGcsService.grpc_server.GetAllResourceUsage - 621 total (0 active), Execution time: mean = 0.61ms, total = 376.89ms, Queueing time: mean = 0.00ms, max = -0.00ms, min = 9223372036854.78ms, total = 0.00ms
	event_loop_lag_probe - 314 total (0 active), Execution time: mean = 0.01ms, total = 3.92ms, Queueing time: mean = 0.05ms, max = 14.25ms, min = 0.00ms, total = 16.90ms
	GCSServer.deadline_timer.gcs_global_gc - 312 total (1 active), Execution time: mean = 0.01ms, total = 2.12ms, Queueing time: mean = 0.44ms, max = 66.72ms, min = 0.01ms, total = 137.19ms
	GCSServer.deadline_timer.debug_state_event_stats_print - 52 total (1 active, 1 running), Execution time: mean = 1.35ms, total = 70.24ms, Queueing time: mean = 1.32ms, max = 67.10ms, min = 0.02ms, total = 68.39ms
	ReporterService.grpc_client.HealthCheck.OnReplyReceived - 31 total (0 active), Execution time: mean = 0.16ms, total = 5.10ms, Queueing time: mean = 52.09ms, max = 1517.54ms, min = 0.02ms, total = 1614.71ms
	ReporterService.grpc_client.HealthCheck - 31 total (0 active), Execution time: mean = 3.62ms, total = 112.34ms, Queueing time: mean = 0.00ms, max = -0.00ms, min = 9223372036854.78ms, total = 0.00ms
	MetricsAgentClient.WaitForServerReadyWithRetry - 30 total (0 active), Execution time: mean = 0.27ms, total = 8.13ms, Queueing time: mean = 1008.67ms, max = 1097.53ms, min = 1000.02ms, total = 30260.04ms
	GcsInMemoryStore.GetAll - 6 total (0 active), Execution time: mean = 0.01ms, total = 0.06ms, Queueing time: mean = 0.06ms, max = 0.07ms, min = 0.01ms, total = 0.34ms
	PeriodicalRunner.RunFnPeriodically - 5 total (0 active), Execution time: mean = 0.11ms, total = 0.54ms, Queueing time: mean = 610.50ms, max = 1522.53ms, min = 2.26ms, total = 3052.48ms
	NodeInfoGcsService.grpc_server.GetClusterId - 4 total (0 active), Execution time: mean = 2.91ms, total = 11.62ms, Queueing time: mean = 0.00ms, max = -0.00ms, min = 9223372036854.78ms, total = 0.00ms
	NodeInfoGcsService.grpc_server.GetClusterId.HandleRequestImpl - 4 total (0 active), Execution time: mean = 0.54ms, total = 2.15ms, Queueing time: mean = 0.45ms, max = 1.73ms, min = 0.02ms, total = 1.81ms
	NodeInfoGcsService.grpc_server.GetAllNodeInfo.HandleRequestImpl - 2 total (0 active), Execution time: mean = 0.04ms, total = 0.08ms, Queueing time: mean = 0.02ms, max = 0.03ms, min = 0.01ms, total = 0.04ms
	NodeInfoGcsService.grpc_server.GetAllNodeInfo - 2 total (0 active), Execution time: mean = 0.36ms, total = 0.71ms, Queueing time: mean = 0.00ms, max = -0.00ms, min = 9223372036854.78ms, total = 0.00ms
	GcsInMemoryStore.Delete - 1 total (0 active), Execution time: mean = 0.01ms, total = 0.01ms, Queueing time: mean = 0.01ms, max = 0.01ms, min = 0.01ms, total = 0.01ms
	NodeManager.AddNodeCallback - 1 total (0 active), Execution time: mean = 0.45ms, total = 0.45ms, Queueing time: mean = 0.13ms, max = 0.13ms, min = 0.13ms, total = 0.13ms
	InternalKVGcsService.grpc_server.InternalKVDel - 1 total (0 active), Execution time: mean = 0.45ms, total = 0.45ms, Queueing time: mean = 0.00ms, max = -0.00ms, min = 9223372036854.78ms, total = 0.00ms
	JobInfoGcsService.grpc_server.GetAllJobInfo - 1 total (0 active), Execution time: mean = 0.35ms, total = 0.35ms, Queueing time: mean = 0.00ms, max = -0.00ms, min = 9223372036854.78ms, total = 0.00ms
	JobInfoGcsService.grpc_server.GetNextJobID.HandleRequestImpl - 1 total (0 active), Execution time: mean = 0.02ms, total = 0.02ms, Queueing time: mean = 0.02ms, max = 0.02ms, min = 0.02ms, total = 0.02ms
	JobInfoGcsService.grpc_server.GetNextJobID - 1 total (0 active), Execution time: mean = 0.35ms, total = 0.35ms, Queueing time: mean = 0.00ms, max = -0.00ms, min = 9223372036854.78ms, total = 0.00ms
	GcsHealthCheckManager::AddNode - 1 total (0 active), Execution time: mean = 0.02ms, total = 0.02ms, Queueing time: mean = 0.00ms, max = 0.00ms, min = 0.00ms, total = 0.00ms
	NodeInfoGcsService.grpc_server.GetAllNodeAddressAndLiveness - 1 total (0 active), Execution time: mean = 0.37ms, total = 0.37ms, Queueing time: mean = 0.00ms, max = -0.00ms, min = 9223372036854.78ms, total = 0.00ms
	JobInfoGcsService.grpc_server.GetAllJobInfo.HandleRequestImpl - 1 total (0 active), Execution time: mean = 0.04ms, total = 0.04ms, Queueing time: mean = 0.02ms, max = 0.02ms, min = 0.02ms, total = 0.02ms
	GcsResourceManager::Update - 1 total (0 active), Execution time: mean = 0.08ms, total = 0.08ms, Queueing time: mean = 0.01ms, max = 0.01ms, min = 0.01ms, total = 0.01ms
	NodeInfoGcsService.grpc_server.RegisterNode.HandleRequestImpl - 1 total (0 active), Execution time: mean = 0.23ms, total = 0.23ms, Queueing time: mean = 0.02ms, max = 0.02ms, min = 0.02ms, total = 0.02ms
	InternalKVGcsService.grpc_server.InternalKVDel.HandleRequestImpl - 1 total (0 active), Execution time: mean = 0.06ms, total = 0.06ms, Queueing time: mean = 0.01ms, max = 0.01ms, min = 0.01ms, total = 0.01ms
	InternalKVGcsService.grpc_server.GetInternalConfig.HandleRequestImpl - 1 total (0 active), Execution time: mean = 0.10ms, total = 0.10ms, Queueing time: mean = 0.02ms, max = 0.02ms, min = 0.02ms, total = 0.02ms
	NodeInfoGcsService.grpc_server.GetAllNodeAddressAndLiveness.HandleRequestImpl - 1 total (0 active), Execution time: mean = 0.01ms, total = 0.01ms, Queueing time: mean = 0.01ms, max = 0.01ms, min = 0.01ms, total = 0.01ms
	GcsHealthCheckManager::MarkNodeHealthy - 1 total (0 active), Execution time: mean = 0.00ms, total = 0.00ms, Queueing time: mean = 0.01ms, max = 0.01ms, min = 0.01ms, total = 0.01ms
	GcsInitData::AsyncLoad - 1 total (0 active), Execution time: mean = 0.01ms, total = 0.01ms, Queueing time: mean = 0.00ms, max = 0.00ms, min = 0.00ms, total = 0.00ms
	InternalKVGcsService.grpc_server.GetInternalConfig - 1 total (0 active), Execution time: mean = 0.65ms, total = 0.65ms, Queueing time: mean = 0.00ms, max = -0.00ms, min = 9223372036854.78ms, total = 0.00ms
	GcsInMemoryStore.GetNextJobID - 1 total (0 active), Execution time: mean = 0.01ms, total = 0.01ms, Queueing time: mean = 0.01ms, max = 0.01ms, min = 0.01ms, total = 0.01ms
	NodeInfoGcsService.grpc_server.RegisterNode - 1 total (0 active), Execution time: mean = 0.64ms, total = 0.64ms, Queueing time: mean = 0.00ms, max = -0.00ms, min = 9223372036854.78ms, total = 0.00ms
	GcsServer.GetOrGenerateClusterId.continuation - 1 total (0 active), Execution time: mean = 1520.34ms, total = 1520.34ms, Queueing time: mean = 0.00ms, max = 0.00ms, min = 0.00ms, total = 0.00ms


[2026-06-04 23:20:10,562 I 512 512] (gcs_server) gcs_server.cc:940: task_io_context Event stats:


Global stats: 940 total (1 active)
Queueing time: mean = 0.13ms, max = 89.27ms, min = -0.00ms, total = 121.49ms
Execution time:  mean = 0.01ms, total = 10.85ms
Event stats:
	GcsTaskManager.GcJobSummary - 625 total (1 active), Execution time: mean = 0.01ms, total = 5.97ms, Queueing time: mean = 0.19ms, max = 89.27ms, min = -0.00ms, total = 117.58ms
	event_loop_lag_probe - 314 total (0 active), Execution time: mean = 0.02ms, total = 4.86ms, Queueing time: mean = 0.01ms, max = 0.50ms, min = 0.00ms, total = 3.90ms
	PeriodicalRunner.RunFnPeriodically - 1 total (0 active), Execution time: mean = 0.02ms, total = 0.02ms, Queueing time: mean = 0.02ms, max = 0.02ms, min = 0.02ms, total = 0.02ms


[2026-06-04 23:20:10,562 I 512 512] (gcs_server) gcs_server.cc:940: pubsub_io_context Event stats:


Global stats: 1688 total (2 active)
Queueing time: mean = 0.20ms, max = 95.93ms, min = 0.00ms, total = 336.78ms
Execution time:  mean = 1768.84ms, total = 2985794.73ms
Event stats:
	InternalPubSubGcsService.grpc_server.GcsPublish - 673 total (0 active), Execution time: mean = 1.42ms, total = 955.79ms, Queueing time: mean = 0.00ms, max = -0.00ms, min = 9223372036854.78ms, total = 0.00ms
	InternalPubSubGcsService.grpc_server.GcsPublish.HandleRequestImpl - 673 total (0 active), Execution time: mean = 0.11ms, total = 74.25ms, Queueing time: mean = 0.46ms, max = 95.93ms, min = 0.01ms, total = 310.33ms
	event_loop_lag_probe - 314 total (0 active), Execution time: mean = 0.02ms, total = 5.18ms, Queueing time: mean = 0.06ms, max = 15.11ms, min = 0.00ms, total = 18.26ms
	Publisher.CheckDeadSubscribers - 11 total (1 active), Execution time: mean = 0.02ms, total = 0.18ms, Queueing time: mean = 0.04ms, max = 0.06ms, min = 0.03ms, total = 0.40ms
	InternalPubSubGcsService.grpc_server.GcsSubscriberPoll - 6 total (1 active), Execution time: mean = 497459.64ms, total = 2984757.85ms, Queueing time: mean = 0.00ms, max = -0.00ms, min = 9223372036854.78ms, total = 0.00ms
	InternalPubSubGcsService.grpc_server.GcsSubscriberPoll.HandleRequestImpl - 6 total (0 active), Execution time: mean = 0.08ms, total = 0.46ms, Queueing time: mean = 0.05ms, max = 0.19ms, min = 0.02ms, total = 0.30ms
	InternalPubSubGcsService.grpc_server.GcsSubscriberCommandBatch - 2 total (0 active), Execution time: mean = 0.37ms, total = 0.74ms, Queueing time: mean = 0.00ms, max = -0.00ms, min = 9223372036854.78ms, total = 0.00ms
	InternalPubSubGcsService.grpc_server.GcsSubscriberCommandBatch.HandleRequestImpl - 2 total (0 active), Execution time: mean = 0.10ms, total = 0.21ms, Queueing time: mean = 0.02ms, max = 0.03ms, min = 0.01ms, total = 0.04ms
	PeriodicalRunner.RunFnPeriodically - 1 total (0 active), Execution time: mean = 0.06ms, total = 0.06ms, Queueing time: mean = 7.44ms, max = 7.44ms, min = 7.44ms, total = 7.44ms


[2026-06-04 23:20:10,562 I 512 512] (gcs_server) gcs_server.cc:940: ray_syncer_io_context Event stats:


Global stats: 318 total (0 active)
Queueing time: mean = 0.01ms, max = 0.61ms, min = 0.00ms, total = 3.98ms
Execution time:  mean = 0.02ms, total = 5.85ms
Event stats:
	event_loop_lag_probe - 314 total (0 active), Execution time: mean = 0.02ms, total = 5.67ms, Queueing time: mean = 0.01ms, max = 0.61ms, min = 0.00ms, total = 3.89ms
	RaySyncerRegister - 2 total (0 active), Execution time: mean = 0.00ms, total = 0.00ms, Queueing time: mean = 0.04ms, max = 0.06ms, min = 0.01ms, total = 0.08ms
	RaySyncer.BroadcastMessage - 1 total (0 active), Execution time: mean = 0.02ms, total = 0.02ms, Queueing time: mean = 0.00ms, max = 0.00ms, min = 0.00ms, total = 0.00ms
	 - 1 total (0 active), Execution time: mean = 0.16ms, total = 0.16ms, Queueing time: mean = 0.02ms, max = 0.02ms, min = 0.02ms, total = 0.02ms


[2026-06-04 23:20:10,562 I 512 512] (gcs_server) gcs_server.cc:940: ray_event_io_context Event stats:


Global stats: 314 total (0 active)
Queueing time: mean = 0.04ms, max = 8.24ms, min = 0.00ms, total = 11.03ms
Execution time:  mean = 0.02ms, total = 5.10ms
Event stats:
	event_loop_lag_probe - 314 total (0 active), Execution time: mean = 0.02ms, total = 5.10ms, Queueing time: mean = 0.04ms, max = 8.24ms, min = 0.00ms, total = 11.03ms


