[2026-06-04 22:28:24,112 I 859 859] (raylet) main.cc:270: Setting cluster ID to: 892bf32569bbf8ad6f6b730225761a8ceb3acb325e8b88ec32f84d06
[2026-06-04 22:28:24,121 I 859 859] (raylet) main.cc:458: Per-worker process group cleanup is DISABLED, subreaper is DISABLED
[2026-06-04 22:28:24,121 I 859 859] (raylet) main.cc:592: Setting node ID node_id=11e184b7641b47dd66e5366c42f7fe51cb28f4bab1ca7ef8847590e4
[2026-06-04 22:28:24,121 I 859 859] (raylet) store_runner.cc:50: Allowing the Plasma store to use up to 20.0817GB of memory.
[2026-06-04 22:28:24,121 I 859 859] (raylet) store_runner.cc:66: Starting object store with directory /dev/shm, fallback /tmp/ray/session_2026-06-04_22-28-07_893565_84, and huge page support disabled
[2026-06-04 22:28:24,122 I 859 892] (raylet) dlmalloc.cc:324: Setting dlmalloc config: plasma_directory=/dev/shm, fallback_directory=/tmp/ray/session_2026-06-04_22-28-07_893565_84, hugepage_enabled=0, fallback_enabled=1
[2026-06-04 22:28:24,122 I 859 892] (raylet) dlmalloc.cc:153: create_and_mmap_buffer(20081803272, /dev/shm/plasmaXXXXXX)
[2026-06-04 22:28:24,123 I 859 892] (raylet) store.cc:573: Plasma store debug dump: 
Current usage: 0 / 20.0817 GB
- num bytes created total: 0
0 pending objects of total size 0MB
- objects spillable: 0
- bytes spillable: 0
- objects unsealed: 0
- bytes unsealed: 0
- objects in use: 0
- bytes in use: 0
- objects evictable: 0
- bytes evictable: 0

- objects created by worker: 0
- bytes created by worker: 0
- objects restored: 0
- bytes restored: 0
- objects received: 0
- bytes received: 0
- objects errored: 0
- bytes errored: 0

[2026-06-04 22:28:24,126 I 859 859] (raylet) grpc_server.cc:142: ObjectManager server started, listening on port 33427.
[2026-06-04 22:28:24,133 I 859 859] (raylet) memory_monitor.cc:47: MemoryMonitor initialized with usage threshold at 65283502080 bytes (0.95 system memory), total system memory bytes: 68719476736
[2026-06-04 22:28:24,133 I 859 859] (raylet) node_manager.cc:241: Initializing NodeManager node_id=11e184b7641b47dd66e5366c42f7fe51cb28f4bab1ca7ef8847590e4
[2026-06-04 22:28:24,134 I 859 859] (raylet) grpc_server.cc:142: NodeManager server started, listening on port 33581.
[2026-06-04 22:28:24,143 I 859 938] (raylet) agent_manager.cc:81: Monitor agent process with name dashboard_agent
[2026-06-04 22:28:24,143 I 859 859] (raylet) io_service_pool.cc:37: IOServicePool is running with 1 io_service.
[2026-06-04 22:28:24,143 I 859 940] (raylet) agent_manager.cc:81: Monitor agent process with name runtime_env_agent
[2026-06-04 22:28:24,144 I 859 859] (raylet) metrics_agent_client.cc:42: Initializing exporter ...
[2026-06-04 22:28:24,144 I 859 859] (raylet) event.cc:499: Ray Event initialized for RAYLET
[2026-06-04 22:28:24,144 I 859 859] (raylet) event.cc:332: Set ray event level to warning
[2026-06-04 22:28:24,146 I 859 859] (raylet) node_manager.cc:291: Raylet of id, 11e184b7641b47dd66e5366c42f7fe51cb28f4bab1ca7ef8847590e4 started. Raylet consists of node_manager and object_manager. node_manager address: 172.16.254.232:0 object_manager address: 172.16.254.232:33427 hostname: shell-hkztdv27qdj1z3ku
[2026-06-04 22:28:24,149 I 859 859] (raylet) node_manager.cc:424: [state-dump] NodeManager:
[state-dump] Node ID: 11e184b7641b47dd66e5366c42f7fe51cb28f4bab1ca7ef8847590e4
[state-dump] Node name: 172.16.254.232
[state-dump] InitialConfigResources: {node:__internal_head__: 1, CPU: 192, node:172.16.254.232: 1, object_store_memory: 2.00817e+10, memory: 4.68574e+10}
[state-dump] ClusterLeaseManager:
[state-dump] ========== Node: 11e184b7641b47dd66e5366c42f7fe51cb28f4bab1ca7ef8847590e4 =================
[state-dump] Infeasible queue length: 0
[state-dump] Schedule queue length: 0
[state-dump] Grant queue length: 0
[state-dump] num_waiting_for_resource: 0
[state-dump] num_waiting_for_plasma_memory: 0
[state-dump] num_waiting_for_remote_node_resources: 0
[state-dump] num_worker_not_started_by_job_config_not_exist: 0
[state-dump] num_worker_not_started_by_registration_timeout: 0
[state-dump] num_tasks_waiting_for_workers: 0
[state-dump] num_cancelled_leases: 0
[state-dump] cluster_resource_scheduler state: 
[state-dump] Local id: 1457234449467745066 Local resources: {"total":{object_store_memory: [200817303550000], node:__internal_head__: [10000], memory: [468573708290000], CPU: [1920000], node:172.16.254.232: [10000]}}, "available": {memory: [468573708290000], CPU: [1920000], node:172.16.254.232: [10000], object_store_memory: [200817303550000], node:__internal_head__: [10000]}}, "labels":{"ray.io/node-id":"11e184b7641b47dd66e5366c42f7fe51cb28f4bab1ca7ef8847590e4",} is_draining: 0 is_idle: 1 Cluster resources (at most 20 nodes are shown): node id: 1457234449467745066{"total":{node:__internal_head__: 10000, object_store_memory: 200817303550000, CPU: 1920000, node:172.16.254.232: 10000, memory: 468573708290000}}, "available": {node:__internal_head__: 10000, object_store_memory: 200817303550000, CPU: 1920000, node:172.16.254.232: 10000, memory: 468573708290000}}, "labels":{"ray.io/node-id":"11e184b7641b47dd66e5366c42f7fe51cb28f4bab1ca7ef8847590e4",}, "is_draining": 0, "draining_deadline_timestamp_ms": -1} { "placement group locations": [], "node to bundles": []}
[state-dump] Waiting leases size: 0
[state-dump] Number of granted lease arguments: 0
[state-dump] Number of pinned lease arguments: 0
[state-dump] Number of total spilled leases: 0
[state-dump] Number of spilled waiting leases: 0
[state-dump] Number of spilled unschedulable leases: 0
[state-dump] Resource usage {
[state-dump] }
[state-dump] Backlog Size per scheduling descriptor :{workerId: num backlogs}:
[state-dump] 
[state-dump] Granted leases by scheduling class:
[state-dump] ==================================================
[state-dump] 
[state-dump] ClusterResources:
[state-dump] LocalObjectManager:
[state-dump] - num pinned objects: 0
[state-dump] - pinned objects size: 0
[state-dump] - num objects pending restore: 0
[state-dump] - num objects pending spill: 0
[state-dump] - num bytes pending spill: 0
[state-dump] - num bytes currently spilled: 0
[state-dump] - cumulative spill requests: 0
[state-dump] - cumulative restore requests: 0
[state-dump] - spilled objects pending delete: 0
[state-dump] 
[state-dump] ObjectManager:
[state-dump] - num local objects: 0
[state-dump] - num unfulfilled push requests: 0
[state-dump] - num object pull requests: 0
[state-dump] - num chunks received total: 0
[state-dump] - num chunks received failed (all): 0
[state-dump] - num chunks received failed / cancelled: 0
[state-dump] - num chunks received failed / plasma error: 0
[state-dump] Event stats:
[state-dump] Global stats: 0 total (0 active)
[state-dump] Queueing time: mean = -nanms, max = -0.00ms, min = 9223372036854.78ms, total = 0.00ms
[state-dump] Execution time:  mean = -nanms, total = 0.00ms
[state-dump] Event stats:
[state-dump] PushManager:
[state-dump] - num pushes remaining: 0
[state-dump] - num chunks in flight: 0
[state-dump] - num chunks remaining: 0
[state-dump] - max chunks allowed: 409
[state-dump] OwnershipBasedObjectDirectory:
[state-dump] - num listeners: 0
[state-dump] - cumulative location updates: 0
[state-dump] - num location updates per second: 0.000
[state-dump] - num location lookups per second: 0.000
[state-dump] - num locations added per second: 0.000
[state-dump] - num locations removed per second: 0.000
[state-dump] BufferPool:
[state-dump] - create buffer state map size: 0
[state-dump] PullManager:
[state-dump] - num bytes available for pulled objects: 20081730355
[state-dump] - num bytes being pulled (all): 0
[state-dump] - num bytes being pulled / pinned: 0
[state-dump] - get request bundles: BundlePullRequestQueue{0 total, 0 active, 0 inactive, 0 unpullable}
[state-dump] - wait request bundles: BundlePullRequestQueue{0 total, 0 active, 0 inactive, 0 unpullable}
[state-dump] - task request bundles: BundlePullRequestQueue{0 total, 0 active, 0 inactive, 0 unpullable}
[state-dump] - first get request bundle: N/A
[state-dump] - first wait request bundle: N/A
[state-dump] - first task request bundle: N/A
[state-dump] - num objects queued: 0
[state-dump] - num objects actively pulled (all): 0
[state-dump] - num objects actively pulled / pinned: 0
[state-dump] - num bundles being pulled: 0
[state-dump] - num pull retries: 0
[state-dump] - max timeout seconds: 0
[state-dump] - max timeout request is already processed. No entry.
[state-dump] 
[state-dump] WorkerPool:
[state-dump] - registered jobs: 0
[state-dump] - process_failed_job_config_missing: 0
[state-dump] - process_failed_rate_limited: 0
[state-dump] - process_failed_pending_registration: 0
[state-dump] - process_failed_runtime_env_setup_failed: 0
[state-dump] - num JAVA workers: 0
[state-dump] - num JAVA drivers: 0
[state-dump] - num JAVA pending start requests: 0
[state-dump] - num JAVA pending registration requests: 0
[state-dump] - num object spill callbacks queued: 0
[state-dump] - num object restore queued: 0
[state-dump] - num util functions queued: 0
[state-dump] - num PYTHON workers: 0
[state-dump] - num PYTHON drivers: 0
[state-dump] - num PYTHON pending start requests: 0
[state-dump] - num PYTHON pending registration requests: 0
[state-dump] - num object spill callbacks queued: 0
[state-dump] - num object restore queued: 0
[state-dump] - num util functions queued: 0
[state-dump] - num idle workers: 0
[state-dump] LeaseDependencyManager:
[state-dump] - lease deps map size: 0
[state-dump] - get req map size: 0
[state-dump] - wait req map size: 0
[state-dump] - local objects map size: 0
[state-dump] WaitManager:
[state-dump] - num active wait requests: 0
[state-dump] Subscriber:
[state-dump] Channel WORKER_OBJECT_LOCATIONS_CHANNEL
[state-dump] - cumulative subscribe requests: 0
[state-dump] - cumulative unsubscribe requests: 0
[state-dump] - active subscribed publishers: 0
[state-dump] - cumulative published messages: 0
[state-dump] - cumulative processed messages: 0
[state-dump] Channel WORKER_OBJECT_EVICTION
[state-dump] - cumulative subscribe requests: 0
[state-dump] - cumulative unsubscribe requests: 0
[state-dump] - active subscribed publishers: 0
[state-dump] - cumulative published messages: 0
[state-dump] - cumulative processed messages: 0
[state-dump] Channel WORKER_REF_REMOVED_CHANNEL
[state-dump] - cumulative subscribe requests: 0
[state-dump] - cumulative unsubscribe requests: 0
[state-dump] - active subscribed publishers: 0
[state-dump] - cumulative published messages: 0
[state-dump] - cumulative processed messages: 0
[state-dump] num async plasma notifications: 0
[state-dump] Event stats:
[state-dump] Global stats: 34 total (15 active)
[state-dump] Queueing time: mean = 1.92ms, max = 12.98ms, min = 0.01ms, total = 65.31ms
[state-dump] Execution time:  mean = 0.98ms, total = 33.40ms
[state-dump] Event stats:
[state-dump] 	PeriodicalRunner.RunFnPeriodically - 12 total (2 active, 1 running), Execution time: mean = 0.21ms, total = 2.51ms, Queueing time: mean = 4.90ms, max = 12.98ms, min = 0.09ms, total = 58.76ms
[state-dump] 	event_loop_lag_probe - 2 total (0 active), Execution time: mean = 0.01ms, total = 0.02ms, Queueing time: mean = 3.23ms, max = 6.45ms, min = 0.01ms, total = 6.46ms
[state-dump] 	NodeManager.GCTaskFailureReason - 1 total (1 active), Execution time: mean = 0.00ms, total = 0.00ms, Queueing time: mean = 0.00ms, max = -0.00ms, min = 9223372036854.78ms, total = 0.00ms
[state-dump] 	ClusterResourceManager.ResetRemoteNodeView - 1 total (1 active), Execution time: mean = 0.00ms, total = 0.00ms, Queueing time: mean = 0.00ms, max = -0.00ms, min = 9223372036854.78ms, total = 0.00ms
[state-dump] 	NodeManager.ScheduleAndGrantLeases - 1 total (1 active), Execution time: mean = 0.00ms, total = 0.00ms, Queueing time: mean = 0.00ms, max = -0.00ms, min = 9223372036854.78ms, total = 0.00ms
[state-dump] 	NodeManager.deadline_timer.debug_state_dump - 1 total (1 active), Execution time: mean = 0.00ms, total = 0.00ms, Queueing time: mean = 0.00ms, max = -0.00ms, min = 9223372036854.78ms, total = 0.00ms
[state-dump] 	NodeManager.deadline_timer.record_metrics - 1 total (1 active), Execution time: mean = 0.00ms, total = 0.00ms, Queueing time: mean = 0.00ms, max = -0.00ms, min = 9223372036854.78ms, total = 0.00ms
[state-dump] 	ray::rpc::InternalPubSubGcsService.grpc_client.GcsSubscriberCommandBatch.OnReplyReceived - 1 total (1 active), Execution time: mean = 0.00ms, total = 0.00ms, Queueing time: mean = 0.00ms, max = -0.00ms, min = 9223372036854.78ms, total = 0.00ms
[state-dump] 	RayletWorkerPool.deadline_timer.kill_idle_workers - 1 total (1 active), Execution time: mean = 0.00ms, total = 0.00ms, Queueing time: mean = 0.00ms, max = -0.00ms, min = 9223372036854.78ms, total = 0.00ms
[state-dump] 	NodeManager.deadline_timer.flush_free_objects - 1 total (1 active), Execution time: mean = 0.00ms, total = 0.00ms, Queueing time: mean = 0.00ms, max = -0.00ms, min = 9223372036854.78ms, total = 0.00ms
[state-dump] 	ray::rpc::InternalPubSubGcsService.grpc_client.GcsSubscriberPoll - 1 total (1 active), Execution time: mean = 0.00ms, total = 0.00ms, Queueing time: mean = 0.00ms, max = -0.00ms, min = 9223372036854.78ms, total = 0.00ms
[state-dump] 	ray::rpc::InternalPubSubGcsService.grpc_client.GcsSubscriberCommandBatch - 1 total (0 active), Execution time: mean = 1.05ms, total = 1.05ms, Queueing time: mean = 0.00ms, max = -0.00ms, min = 9223372036854.78ms, total = 0.00ms
[state-dump] 	MetricsAgentClient.WaitForServerReadyWithRetry - 1 total (1 active), Execution time: mean = 0.00ms, total = 0.00ms, Queueing time: mean = 0.00ms, max = -0.00ms, min = 9223372036854.78ms, total = 0.00ms
[state-dump] 	NodeManager.CheckForUnexpectedWorkerDisconnects - 1 total (1 active), Execution time: mean = 0.00ms, total = 0.00ms, Queueing time: mean = 0.00ms, max = -0.00ms, min = 9223372036854.78ms, total = 0.00ms
[state-dump] 	ReporterService.grpc_client.HealthCheck.OnReplyReceived - 1 total (0 active), Execution time: mean = 0.17ms, total = 0.17ms, Queueing time: mean = 0.02ms, max = 0.02ms, min = 0.02ms, total = 0.02ms
[state-dump] 	ray::rpc::NodeInfoGcsService.grpc_client.RegisterNode.OnReplyReceived - 1 total (0 active), Execution time: mean = 0.68ms, total = 0.68ms, Queueing time: mean = 0.05ms, max = 0.05ms, min = 0.05ms, total = 0.05ms
[state-dump] 	MemoryMonitor.CheckIsMemoryUsageAboveThreshold - 1 total (1 active), Execution time: mean = 0.00ms, total = 0.00ms, Queueing time: mean = 0.00ms, max = -0.00ms, min = 9223372036854.78ms, total = 0.00ms
[state-dump] 	ray::rpc::InternalKVGcsService.grpc_client.GetInternalConfig.OnReplyReceived - 1 total (0 active), Execution time: mean = 24.53ms, total = 24.53ms, Queueing time: mean = 0.03ms, max = 0.03ms, min = 0.03ms, total = 0.03ms
[state-dump] 	ray::rpc::NodeInfoGcsService.grpc_client.RegisterNode - 1 total (0 active), Execution time: mean = 1.29ms, total = 1.29ms, Queueing time: mean = 0.00ms, max = -0.00ms, min = 9223372036854.78ms, total = 0.00ms
[state-dump] 	ReporterService.grpc_client.HealthCheck - 1 total (0 active), Execution time: mean = 1.78ms, total = 1.78ms, Queueing time: mean = 0.00ms, max = -0.00ms, min = 9223372036854.78ms, total = 0.00ms
[state-dump] 	ray::rpc::InternalKVGcsService.grpc_client.GetInternalConfig - 1 total (0 active), Execution time: mean = 1.38ms, total = 1.38ms, Queueing time: mean = 0.00ms, max = -0.00ms, min = 9223372036854.78ms, total = 0.00ms
[state-dump] 	NodeManager.deadline_timer.spill_objects_when_over_threshold - 1 total (1 active), Execution time: mean = 0.00ms, total = 0.00ms, Queueing time: mean = 0.00ms, max = -0.00ms, min = 9223372036854.78ms, total = 0.00ms
[state-dump] DebugString() time ms: 0
[state-dump] 
[state-dump] 
[2026-06-04 22:28:24,150 I 859 859] (raylet) accessor.cc:847: Received address and liveness notification for node, IsAlive = 1 node_id=11e184b7641b47dd66e5366c42f7fe51cb28f4bab1ca7ef8847590e4
[2026-06-04 22:28:25,159 I 859 859] (raylet) worker_pool.cc:530: Started worker process with pid 1003, the token is 0
[2026-06-04 22:28:25,161 I 859 859] (raylet) worker_pool.cc:530: Started worker process with pid 1004, the token is 1
[2026-06-04 22:28:25,163 I 859 859] (raylet) worker_pool.cc:530: Started worker process with pid 1005, the token is 2
[2026-06-04 22:28:25,165 I 859 859] (raylet) worker_pool.cc:530: Started worker process with pid 1006, the token is 3
[2026-06-04 22:28:25,166 I 859 859] (raylet) worker_pool.cc:530: Started worker process with pid 1007, the token is 4
[2026-06-04 22:28:25,168 I 859 859] (raylet) worker_pool.cc:530: Started worker process with pid 1008, the token is 5
[2026-06-04 22:28:25,170 I 859 859] (raylet) worker_pool.cc:530: Started worker process with pid 1009, the token is 6
[2026-06-04 22:28:25,172 I 859 859] (raylet) worker_pool.cc:530: Started worker process with pid 1010, the token is 7
[2026-06-04 22:28:25,173 I 859 859] (raylet) worker_pool.cc:530: Started worker process with pid 1011, the token is 8
[2026-06-04 22:28:25,175 I 859 859] (raylet) worker_pool.cc:530: Started worker process with pid 1012, the token is 9
[2026-06-04 22:28:25,177 I 859 859] (raylet) worker_pool.cc:530: Started worker process with pid 1013, the token is 10
[2026-06-04 22:28:25,179 I 859 859] (raylet) worker_pool.cc:530: Started worker process with pid 1014, the token is 11
[2026-06-04 22:28:25,180 I 859 859] (raylet) worker_pool.cc:530: Started worker process with pid 1015, the token is 12
[2026-06-04 22:28:25,182 I 859 859] (raylet) worker_pool.cc:530: Started worker process with pid 1016, the token is 13
[2026-06-04 22:28:25,184 I 859 859] (raylet) worker_pool.cc:530: Started worker process with pid 1017, the token is 14
[2026-06-04 22:28:25,186 I 859 859] (raylet) worker_pool.cc:530: Started worker process with pid 1018, the token is 15
[2026-06-04 22:28:25,187 I 859 859] (raylet) worker_pool.cc:530: Started worker process with pid 1019, the token is 16
[2026-06-04 22:28:25,189 I 859 859] (raylet) worker_pool.cc:530: Started worker process with pid 1020, the token is 17
[2026-06-04 22:28:25,216 I 859 859] (raylet) worker_pool.cc:530: Started worker process with pid 1021, the token is 18
[2026-06-04 22:28:25,218 I 859 859] (raylet) worker_pool.cc:530: Started worker process with pid 1022, the token is 19
[2026-06-04 22:28:25,220 I 859 859] (raylet) worker_pool.cc:530: Started worker process with pid 1023, the token is 20
[2026-06-04 22:28:25,222 I 859 859] (raylet) worker_pool.cc:530: Started worker process with pid 1024, the token is 21
[2026-06-04 22:28:25,223 I 859 859] (raylet) worker_pool.cc:530: Started worker process with pid 1025, the token is 22
[2026-06-04 22:28:25,225 I 859 859] (raylet) worker_pool.cc:530: Started worker process with pid 1026, the token is 23
[2026-06-04 22:28:25,228 I 859 859] (raylet) worker_pool.cc:530: Started worker process with pid 1027, the token is 24
[2026-06-04 22:28:25,229 I 859 859] (raylet) worker_pool.cc:530: Started worker process with pid 1028, the token is 25
[2026-06-04 22:28:25,231 I 859 859] (raylet) worker_pool.cc:530: Started worker process with pid 1029, the token is 26
[2026-06-04 22:28:25,233 I 859 859] (raylet) worker_pool.cc:530: Started worker process with pid 1030, the token is 27
[2026-06-04 22:28:25,235 I 859 859] (raylet) worker_pool.cc:530: Started worker process with pid 1031, the token is 28
[2026-06-04 22:28:25,237 I 859 859] (raylet) worker_pool.cc:530: Started worker process with pid 1032, the token is 29
[2026-06-04 22:28:25,239 I 859 859] (raylet) worker_pool.cc:530: Started worker process with pid 1033, the token is 30
[2026-06-04 22:28:25,241 I 859 859] (raylet) worker_pool.cc:530: Started worker process with pid 1034, the token is 31
[2026-06-04 22:28:25,243 I 859 859] (raylet) worker_pool.cc:530: Started worker process with pid 1035, the token is 32
[2026-06-04 22:28:25,245 I 859 859] (raylet) worker_pool.cc:530: Started worker process with pid 1036, the token is 33
[2026-06-04 22:28:25,246 I 859 859] (raylet) worker_pool.cc:530: Started worker process with pid 1037, the token is 34
[2026-06-04 22:28:25,248 I 859 859] (raylet) worker_pool.cc:530: Started worker process with pid 1038, the token is 35
[2026-06-04 22:28:25,250 I 859 859] (raylet) worker_pool.cc:530: Started worker process with pid 1039, the token is 36
[2026-06-04 22:28:25,252 I 859 859] (raylet) worker_pool.cc:530: Started worker process with pid 1040, the token is 37
[2026-06-04 22:28:25,254 I 859 859] (raylet) worker_pool.cc:530: Started worker process with pid 1041, the token is 38
[2026-06-04 22:28:25,256 I 859 859] (raylet) worker_pool.cc:530: Started worker process with pid 1042, the token is 39
[2026-06-04 22:28:25,258 I 859 859] (raylet) worker_pool.cc:530: Started worker process with pid 1043, the token is 40
[2026-06-04 22:28:25,260 I 859 859] (raylet) worker_pool.cc:530: Started worker process with pid 1044, the token is 41
[2026-06-04 22:28:25,290 I 859 859] (raylet) worker_pool.cc:530: Started worker process with pid 1045, the token is 42
[2026-06-04 22:28:25,293 I 859 859] (raylet) worker_pool.cc:530: Started worker process with pid 1046, the token is 43
[2026-06-04 22:28:25,295 I 859 859] (raylet) worker_pool.cc:530: Started worker process with pid 1047, the token is 44
[2026-06-04 22:28:25,297 I 859 859] (raylet) worker_pool.cc:530: Started worker process with pid 1048, the token is 45
[2026-06-04 22:28:25,299 I 859 859] (raylet) worker_pool.cc:530: Started worker process with pid 1049, the token is 46
[2026-06-04 22:28:25,301 I 859 859] (raylet) worker_pool.cc:530: Started worker process with pid 1050, the token is 47
[2026-06-04 22:28:25,303 I 859 859] (raylet) worker_pool.cc:530: Started worker process with pid 1051, the token is 48
[2026-06-04 22:28:25,304 I 859 859] (raylet) worker_pool.cc:530: Started worker process with pid 1052, the token is 49
[2026-06-04 22:28:25,306 I 859 859] (raylet) worker_pool.cc:530: Started worker process with pid 1053, the token is 50
[2026-06-04 22:28:25,309 I 859 859] (raylet) worker_pool.cc:530: Started worker process with pid 1054, the token is 51
[2026-06-04 22:28:25,310 I 859 859] (raylet) worker_pool.cc:530: Started worker process with pid 1055, the token is 52
[2026-06-04 22:28:25,312 I 859 859] (raylet) worker_pool.cc:530: Started worker process with pid 1056, the token is 53
[2026-06-04 22:28:25,314 I 859 859] (raylet) worker_pool.cc:530: Started worker process with pid 1057, the token is 54
[2026-06-04 22:28:25,316 I 859 859] (raylet) worker_pool.cc:530: Started worker process with pid 1058, the token is 55
[2026-06-04 22:28:25,318 I 859 859] (raylet) worker_pool.cc:530: Started worker process with pid 1059, the token is 56
[2026-06-04 22:28:25,320 I 859 859] (raylet) worker_pool.cc:530: Started worker process with pid 1060, the token is 57
[2026-06-04 22:28:25,390 I 859 859] (raylet) worker_pool.cc:530: Started worker process with pid 1061, the token is 58
[2026-06-04 22:28:25,394 I 859 859] (raylet) worker_pool.cc:530: Started worker process with pid 1062, the token is 59
[2026-06-04 22:28:25,395 I 859 859] (raylet) worker_pool.cc:530: Started worker process with pid 1063, the token is 60
[2026-06-04 22:28:25,397 I 859 859] (raylet) worker_pool.cc:530: Started worker process with pid 1064, the token is 61
[2026-06-04 22:28:25,399 I 859 859] (raylet) worker_pool.cc:530: Started worker process with pid 1065, the token is 62
[2026-06-04 22:28:25,401 I 859 859] (raylet) worker_pool.cc:530: Started worker process with pid 1066, the token is 63
[2026-06-04 22:28:25,403 I 859 859] (raylet) worker_pool.cc:530: Started worker process with pid 1067, the token is 64
[2026-06-04 22:28:25,405 I 859 859] (raylet) worker_pool.cc:530: Started worker process with pid 1068, the token is 65
[2026-06-04 22:28:25,406 I 859 859] (raylet) worker_pool.cc:530: Started worker process with pid 1069, the token is 66
[2026-06-04 22:28:25,408 I 859 859] (raylet) worker_pool.cc:530: Started worker process with pid 1070, the token is 67
[2026-06-04 22:28:25,492 I 859 859] (raylet) worker_pool.cc:530: Started worker process with pid 1071, the token is 68
[2026-06-04 22:28:25,494 I 859 859] (raylet) worker_pool.cc:530: Started worker process with pid 1072, the token is 69
[2026-06-04 22:28:25,496 I 859 859] (raylet) worker_pool.cc:530: Started worker process with pid 1073, the token is 70
[2026-06-04 22:28:25,498 I 859 859] (raylet) worker_pool.cc:530: Started worker process with pid 1074, the token is 71
[2026-06-04 22:28:25,500 I 859 859] (raylet) worker_pool.cc:530: Started worker process with pid 1075, the token is 72
[2026-06-04 22:28:25,501 I 859 859] (raylet) worker_pool.cc:530: Started worker process with pid 1076, the token is 73
[2026-06-04 22:28:25,503 I 859 859] (raylet) worker_pool.cc:530: Started worker process with pid 1077, the token is 74
[2026-06-04 22:28:25,505 I 859 859] (raylet) worker_pool.cc:530: Started worker process with pid 1078, the token is 75
[2026-06-04 22:28:25,507 I 859 859] (raylet) worker_pool.cc:530: Started worker process with pid 1079, the token is 76
[2026-06-04 22:28:25,509 I 859 859] (raylet) worker_pool.cc:530: Started worker process with pid 1080, the token is 77
[2026-06-04 22:28:25,591 I 859 859] (raylet) worker_pool.cc:530: Started worker process with pid 1081, the token is 78
[2026-06-04 22:28:25,593 I 859 859] (raylet) worker_pool.cc:530: Started worker process with pid 1082, the token is 79
[2026-06-04 22:28:25,595 I 859 859] (raylet) worker_pool.cc:530: Started worker process with pid 1083, the token is 80
[2026-06-04 22:28:25,597 I 859 859] (raylet) worker_pool.cc:530: Started worker process with pid 1084, the token is 81
[2026-06-04 22:28:25,690 I 859 859] (raylet) worker_pool.cc:530: Started worker process with pid 1085, the token is 82
[2026-06-04 22:28:25,693 I 859 859] (raylet) worker_pool.cc:530: Started worker process with pid 1086, the token is 83
[2026-06-04 22:28:25,694 I 859 859] (raylet) worker_pool.cc:530: Started worker process with pid 1087, the token is 84
[2026-06-04 22:28:25,696 I 859 859] (raylet) worker_pool.cc:530: Started worker process with pid 1088, the token is 85
[2026-06-04 22:28:25,698 I 859 859] (raylet) worker_pool.cc:530: Started worker process with pid 1089, the token is 86
[2026-06-04 22:28:25,700 I 859 859] (raylet) worker_pool.cc:530: Started worker process with pid 1090, the token is 87
[2026-06-04 22:28:25,702 I 859 859] (raylet) worker_pool.cc:530: Started worker process with pid 1091, the token is 88
[2026-06-04 22:28:25,703 I 859 859] (raylet) worker_pool.cc:530: Started worker process with pid 1092, the token is 89
[2026-06-04 22:28:25,790 I 859 859] (raylet) worker_pool.cc:530: Started worker process with pid 1093, the token is 90
[2026-06-04 22:28:25,793 I 859 859] (raylet) worker_pool.cc:530: Started worker process with pid 1094, the token is 91
[2026-06-04 22:28:25,795 I 859 859] (raylet) worker_pool.cc:530: Started worker process with pid 1095, the token is 92
[2026-06-04 22:28:25,796 I 859 859] (raylet) worker_pool.cc:530: Started worker process with pid 1096, the token is 93
[2026-06-04 22:28:25,798 I 859 859] (raylet) worker_pool.cc:530: Started worker process with pid 1097, the token is 94
[2026-06-04 22:28:25,800 I 859 859] (raylet) worker_pool.cc:530: Started worker process with pid 1098, the token is 95
[2026-06-04 22:28:25,802 I 859 859] (raylet) worker_pool.cc:530: Started worker process with pid 1099, the token is 96
[2026-06-04 22:28:25,804 I 859 859] (raylet) worker_pool.cc:530: Started worker process with pid 1100, the token is 97
[2026-06-04 22:28:25,891 I 859 859] (raylet) worker_pool.cc:530: Started worker process with pid 1101, the token is 98
[2026-06-04 22:28:25,895 I 859 859] (raylet) worker_pool.cc:530: Started worker process with pid 1102, the token is 99
[2026-06-04 22:28:25,897 I 859 859] (raylet) worker_pool.cc:530: Started worker process with pid 1103, the token is 100
[2026-06-04 22:28:25,899 I 859 859] (raylet) worker_pool.cc:530: Started worker process with pid 1104, the token is 101
[2026-06-04 22:28:25,901 I 859 859] (raylet) worker_pool.cc:530: Started worker process with pid 1105, the token is 102
[2026-06-04 22:28:25,903 I 859 859] (raylet) worker_pool.cc:530: Started worker process with pid 1106, the token is 103
[2026-06-04 22:28:25,991 I 859 859] (raylet) worker_pool.cc:530: Started worker process with pid 1107, the token is 104
[2026-06-04 22:28:25,994 I 859 859] (raylet) worker_pool.cc:530: Started worker process with pid 1108, the token is 105
[2026-06-04 22:28:25,996 I 859 859] (raylet) worker_pool.cc:530: Started worker process with pid 1109, the token is 106
[2026-06-04 22:28:25,998 I 859 859] (raylet) worker_pool.cc:530: Started worker process with pid 1110, the token is 107
[2026-06-04 22:28:26,000 I 859 859] (raylet) worker_pool.cc:530: Started worker process with pid 1111, the token is 108
[2026-06-04 22:28:26,002 I 859 859] (raylet) worker_pool.cc:530: Started worker process with pid 1112, the token is 109
[2026-06-04 22:28:26,004 I 859 859] (raylet) worker_pool.cc:530: Started worker process with pid 1113, the token is 110
[2026-06-04 22:28:26,092 I 859 859] (raylet) worker_pool.cc:530: Started worker process with pid 1114, the token is 111
[2026-06-04 22:28:26,095 I 859 859] (raylet) worker_pool.cc:530: Started worker process with pid 1115, the token is 112
[2026-06-04 22:28:26,098 I 859 859] (raylet) worker_pool.cc:530: Started worker process with pid 1116, the token is 113
[2026-06-04 22:28:26,099 I 859 859] (raylet) worker_pool.cc:530: Started worker process with pid 1117, the token is 114
[2026-06-04 22:28:26,101 I 859 859] (raylet) worker_pool.cc:530: Started worker process with pid 1118, the token is 115
[2026-06-04 22:28:26,103 I 859 859] (raylet) worker_pool.cc:530: Started worker process with pid 1119, the token is 116
[2026-06-04 22:28:26,105 I 859 859] (raylet) worker_pool.cc:530: Started worker process with pid 1120, the token is 117
[2026-06-04 22:28:26,192 I 859 859] (raylet) worker_pool.cc:530: Started worker process with pid 1121, the token is 118
[2026-06-04 22:28:26,195 I 859 859] (raylet) worker_pool.cc:530: Started worker process with pid 1122, the token is 119
[2026-06-04 22:28:26,197 I 859 859] (raylet) worker_pool.cc:530: Started worker process with pid 1123, the token is 120
[2026-06-04 22:28:26,199 I 859 859] (raylet) worker_pool.cc:530: Started worker process with pid 1124, the token is 121
[2026-06-04 22:28:26,201 I 859 859] (raylet) worker_pool.cc:530: Started worker process with pid 1125, the token is 122
[2026-06-04 22:28:26,203 I 859 859] (raylet) worker_pool.cc:530: Started worker process with pid 1126, the token is 123
[2026-06-04 22:28:26,290 I 859 859] (raylet) worker_pool.cc:530: Started worker process with pid 1127, the token is 124
[2026-06-04 22:28:26,294 I 859 859] (raylet) worker_pool.cc:530: Started worker process with pid 1128, the token is 125
[2026-06-04 22:28:26,296 I 859 859] (raylet) worker_pool.cc:530: Started worker process with pid 1129, the token is 126
[2026-06-04 22:28:26,298 I 859 859] (raylet) worker_pool.cc:530: Started worker process with pid 1130, the token is 127
[2026-06-04 22:28:26,300 I 859 859] (raylet) worker_pool.cc:530: Started worker process with pid 1131, the token is 128
[2026-06-04 22:28:26,393 I 859 859] (raylet) worker_pool.cc:530: Started worker process with pid 1132, the token is 129
[2026-06-04 22:28:26,395 I 859 859] (raylet) worker_pool.cc:530: Started worker process with pid 1133, the token is 130
[2026-06-04 22:28:26,397 I 859 859] (raylet) worker_pool.cc:530: Started worker process with pid 1134, the token is 131
[2026-06-04 22:28:26,399 I 859 859] (raylet) worker_pool.cc:530: Started worker process with pid 1135, the token is 132
[2026-06-04 22:28:26,401 I 859 859] (raylet) worker_pool.cc:530: Started worker process with pid 1136, the token is 133
[2026-06-04 22:28:26,492 I 859 859] (raylet) worker_pool.cc:530: Started worker process with pid 1137, the token is 134
[2026-06-04 22:28:26,494 I 859 859] (raylet) worker_pool.cc:530: Started worker process with pid 1138, the token is 135
[2026-06-04 22:28:26,497 I 859 859] (raylet) worker_pool.cc:530: Started worker process with pid 1139, the token is 136
[2026-06-04 22:28:26,498 I 859 859] (raylet) worker_pool.cc:530: Started worker process with pid 1140, the token is 137
[2026-06-04 22:28:26,500 I 859 859] (raylet) worker_pool.cc:530: Started worker process with pid 1141, the token is 138
[2026-06-04 22:28:26,592 I 859 859] (raylet) worker_pool.cc:530: Started worker process with pid 1142, the token is 139
[2026-06-04 22:28:26,594 I 859 859] (raylet) worker_pool.cc:530: Started worker process with pid 1143, the token is 140
[2026-06-04 22:28:26,597 I 859 859] (raylet) worker_pool.cc:530: Started worker process with pid 1144, the token is 141
[2026-06-04 22:28:26,599 I 859 859] (raylet) worker_pool.cc:530: Started worker process with pid 1145, the token is 142
[2026-06-04 22:28:26,601 I 859 859] (raylet) worker_pool.cc:530: Started worker process with pid 1146, the token is 143
[2026-06-04 22:28:26,693 I 859 859] (raylet) worker_pool.cc:530: Started worker process with pid 1147, the token is 144
[2026-06-04 22:28:26,695 I 859 859] (raylet) worker_pool.cc:530: Started worker process with pid 1148, the token is 145
[2026-06-04 22:28:26,697 I 859 859] (raylet) worker_pool.cc:530: Started worker process with pid 1149, the token is 146
[2026-06-04 22:28:26,700 I 859 859] (raylet) worker_pool.cc:530: Started worker process with pid 1150, the token is 147
[2026-06-04 22:28:26,792 I 859 859] (raylet) worker_pool.cc:530: Started worker process with pid 1151, the token is 148
[2026-06-04 22:28:26,795 I 859 859] (raylet) worker_pool.cc:530: Started worker process with pid 1152, the token is 149
[2026-06-04 22:28:26,798 I 859 859] (raylet) worker_pool.cc:530: Started worker process with pid 1153, the token is 150
[2026-06-04 22:28:26,892 I 859 859] (raylet) worker_pool.cc:530: Started worker process with pid 1154, the token is 151
[2026-06-04 22:28:27,093 I 859 859] (raylet) worker_pool.cc:530: Started worker process with pid 1155, the token is 152
[2026-06-04 22:28:27,095 I 859 859] (raylet) worker_pool.cc:530: Started worker process with pid 1156, the token is 153
[2026-06-04 22:28:27,192 I 859 859] (raylet) worker_pool.cc:530: Started worker process with pid 1157, the token is 154
[2026-06-04 22:28:27,194 I 859 859] (raylet) worker_pool.cc:530: Started worker process with pid 1158, the token is 155
[2026-06-04 22:28:27,197 I 859 859] (raylet) worker_pool.cc:530: Started worker process with pid 1159, the token is 156
[2026-06-04 22:28:27,199 I 859 859] (raylet) worker_pool.cc:530: Started worker process with pid 1160, the token is 157
[2026-06-04 22:28:27,292 I 859 859] (raylet) worker_pool.cc:530: Started worker process with pid 1161, the token is 158
[2026-06-04 22:28:27,295 I 859 859] (raylet) worker_pool.cc:530: Started worker process with pid 1162, the token is 159
[2026-06-04 22:28:27,389 I 859 859] (raylet) worker_pool.cc:530: Started worker process with pid 1163, the token is 160
[2026-06-04 22:28:27,392 I 859 859] (raylet) worker_pool.cc:530: Started worker process with pid 1164, the token is 161
[2026-06-04 22:28:27,394 I 859 859] (raylet) worker_pool.cc:530: Started worker process with pid 1165, the token is 162
[2026-06-04 22:28:27,396 I 859 859] (raylet) worker_pool.cc:530: Started worker process with pid 1166, the token is 163
[2026-06-04 22:28:27,399 I 859 859] (raylet) worker_pool.cc:530: Started worker process with pid 1167, the token is 164
[2026-06-04 22:28:27,492 I 859 859] (raylet) worker_pool.cc:530: Started worker process with pid 1168, the token is 165
[2026-06-04 22:28:27,593 I 859 859] (raylet) worker_pool.cc:530: Started worker process with pid 1169, the token is 166
[2026-06-04 22:28:27,595 I 859 859] (raylet) worker_pool.cc:530: Started worker process with pid 1170, the token is 167
[2026-06-04 22:28:27,690 I 859 859] (raylet) worker_pool.cc:530: Started worker process with pid 1171, the token is 168
[2026-06-04 22:28:27,694 I 859 859] (raylet) worker_pool.cc:530: Started worker process with pid 1172, the token is 169
[2026-06-04 22:28:27,696 I 859 859] (raylet) worker_pool.cc:530: Started worker process with pid 1173, the token is 170
[2026-06-04 22:28:27,698 I 859 859] (raylet) worker_pool.cc:530: Started worker process with pid 1174, the token is 171
[2026-06-04 22:28:27,792 I 859 859] (raylet) worker_pool.cc:530: Started worker process with pid 1175, the token is 172
[2026-06-04 22:28:27,892 I 859 859] (raylet) worker_pool.cc:530: Started worker process with pid 1176, the token is 173
[2026-06-04 22:28:27,894 I 859 859] (raylet) worker_pool.cc:530: Started worker process with pid 1177, the token is 174
[2026-06-04 22:28:27,993 I 859 859] (raylet) worker_pool.cc:530: Started worker process with pid 1178, the token is 175
[2026-06-04 22:28:28,093 I 859 859] (raylet) worker_pool.cc:530: Started worker process with pid 1179, the token is 176
[2026-06-04 22:28:28,095 I 859 859] (raylet) worker_pool.cc:530: Started worker process with pid 1180, the token is 177
[2026-06-04 22:28:28,192 I 859 859] (raylet) worker_pool.cc:530: Started worker process with pid 1181, the token is 178
[2026-06-04 22:28:28,195 I 859 859] (raylet) worker_pool.cc:530: Started worker process with pid 1182, the token is 179
[2026-06-04 22:28:28,197 I 859 859] (raylet) worker_pool.cc:530: Started worker process with pid 1183, the token is 180
[2026-06-04 22:28:28,292 I 859 859] (raylet) worker_pool.cc:530: Started worker process with pid 1184, the token is 181
[2026-06-04 22:28:28,294 I 859 859] (raylet) worker_pool.cc:530: Started worker process with pid 1185, the token is 182
[2026-06-04 22:28:28,296 I 859 859] (raylet) worker_pool.cc:530: Started worker process with pid 1186, the token is 183
[2026-06-04 22:28:28,299 I 859 859] (raylet) worker_pool.cc:530: Started worker process with pid 1187, the token is 184
[2026-06-04 22:28:28,392 I 859 859] (raylet) worker_pool.cc:530: Started worker process with pid 1188, the token is 185
[2026-06-04 22:28:28,493 I 859 859] (raylet) worker_pool.cc:530: Started worker process with pid 1189, the token is 186
[2026-06-04 22:28:28,495 I 859 859] (raylet) worker_pool.cc:530: Started worker process with pid 1190, the token is 187
[2026-06-04 22:28:28,592 I 859 859] (raylet) worker_pool.cc:530: Started worker process with pid 1191, the token is 188
[2026-06-04 22:28:28,595 I 859 859] (raylet) worker_pool.cc:530: Started worker process with pid 1192, the token is 189
[2026-06-04 22:28:28,693 I 859 859] (raylet) worker_pool.cc:530: Started worker process with pid 1193, the token is 190
[2026-06-04 22:28:28,695 I 859 859] (raylet) worker_pool.cc:530: Started worker process with pid 1194, the token is 191
[2026-06-04 22:28:28,695 W 859 859] (raylet) client_connection.cc:503: [worker]ProcessMessage with type RegisterClientRequest took 3538 ms.
[2026-06-04 22:28:40,292 W 859 941] (raylet) metric_exporter.cc:107: [1] Export metrics to agent failed: RpcError: RPC Error message: failed to connect to all addresses; last error: UNKNOWN: ipv4:127.0.0.1:64614: Failed to connect to remote host: Connection refused; RPC Error details:  rpc_code: 14. This won't affect Ray, but you can lose metrics from the cluster.
[2026-06-04 22:28:57,791 E 859 859] (raylet) main.cc:975: Failed to establish connection to the metrics exporter agent. Metrics will not be exported. Exporter agent status: RpcError: Running out of retries to initialize the metrics agent. rpc_code: 14
[2026-06-04 22:29:24,123 I 859 892] (raylet) store.cc:573: Plasma store debug dump: 
Current usage: 0 / 20.0817 GB
- num bytes created total: 0
0 pending objects of total size 0MB
- objects spillable: 0
- bytes spillable: 0
- objects unsealed: 0
- bytes unsealed: 0
- objects in use: 0
- bytes in use: 0
- objects evictable: 0
- bytes evictable: 0

- objects created by worker: 0
- bytes created by worker: 0
- objects restored: 0
- bytes restored: 0
- objects received: 0
- bytes received: 0
- objects errored: 0
- bytes errored: 0

[2026-06-04 22:29:24,150 I 859 859] (raylet) node_manager.cc:424: [state-dump] NodeManager:
[state-dump] Node ID: 11e184b7641b47dd66e5366c42f7fe51cb28f4bab1ca7ef8847590e4
[state-dump] Node name: 172.16.254.232
[state-dump] InitialConfigResources: {node:__internal_head__: 1, CPU: 192, node:172.16.254.232: 1, object_store_memory: 2.00817e+10, memory: 4.68574e+10}
[state-dump] ClusterLeaseManager:
[state-dump] ========== Node: 11e184b7641b47dd66e5366c42f7fe51cb28f4bab1ca7ef8847590e4 =================
[state-dump] Infeasible queue length: 0
[state-dump] Schedule queue length: 0
[state-dump] Grant queue length: 0
[state-dump] num_waiting_for_resource: 0
[state-dump] num_waiting_for_plasma_memory: 0
[state-dump] num_waiting_for_remote_node_resources: 0
[state-dump] num_worker_not_started_by_job_config_not_exist: 0
[state-dump] num_worker_not_started_by_registration_timeout: 0
[state-dump] num_tasks_waiting_for_workers: 0
[state-dump] num_cancelled_leases: 0
[state-dump] cluster_resource_scheduler state: 
[state-dump] Local id: 1457234449467745066 Local resources: {"total":{object_store_memory: [200817303550000], node:__internal_head__: [10000], memory: [468573708290000], CPU: [1920000], node:172.16.254.232: [10000]}}, "available": {memory: [468573708290000], CPU: [1920000], node:172.16.254.232: [10000], object_store_memory: [200817303550000], node:__internal_head__: [10000]}}, "labels":{"ray.io/node-id":"11e184b7641b47dd66e5366c42f7fe51cb28f4bab1ca7ef8847590e4",} is_draining: 0 is_idle: 1 Cluster resources (at most 20 nodes are shown): node id: 1457234449467745066{"total":{node:172.16.254.232: 10000, node:__internal_head__: 10000, memory: 468573708290000, object_store_memory: 200817303550000, CPU: 1920000}}, "available": {node:172.16.254.232: 10000, node:__internal_head__: 10000, memory: 468573708290000, CPU: 1920000, object_store_memory: 200817303550000}}, "labels":{"ray.io/node-id":"11e184b7641b47dd66e5366c42f7fe51cb28f4bab1ca7ef8847590e4",}, "is_draining": 0, "draining_deadline_timestamp_ms": -1} { "placement group locations": [], "node to bundles": []}
[state-dump] Waiting leases size: 0
[state-dump] Number of granted lease arguments: 0
[state-dump] Number of pinned lease arguments: 0
[state-dump] Number of total spilled leases: 0
[state-dump] Number of spilled waiting leases: 0
[state-dump] Number of spilled unschedulable leases: 0
[state-dump] Resource usage {
[state-dump] }
[state-dump] Backlog Size per scheduling descriptor :{workerId: num backlogs}:
[state-dump] 
[state-dump] Granted leases by scheduling class:
[state-dump] ==================================================
[state-dump] 
[state-dump] ClusterResources:
[state-dump] LocalObjectManager:
[state-dump] - num pinned objects: 0
[state-dump] - pinned objects size: 0
[state-dump] - num objects pending restore: 0
[state-dump] - num objects pending spill: 0
[state-dump] - num bytes pending spill: 0
[state-dump] - num bytes currently spilled: 0
[state-dump] - cumulative spill requests: 0
[state-dump] - cumulative restore requests: 0
[state-dump] - spilled objects pending delete: 0
[state-dump] 
[state-dump] ObjectManager:
[state-dump] - num local objects: 0
[state-dump] - num unfulfilled push requests: 0
[state-dump] - num object pull requests: 0
[state-dump] - num chunks received total: 0
[state-dump] - num chunks received failed (all): 0
[state-dump] - num chunks received failed / cancelled: 0
[state-dump] - num chunks received failed / plasma error: 0
[state-dump] Event stats:
[state-dump] Global stats: 0 total (0 active)
[state-dump] Queueing time: mean = -nanms, max = -0.00ms, min = 9223372036854.78ms, total = 0.00ms
[state-dump] Execution time:  mean = -nanms, total = 0.00ms
[state-dump] Event stats:
[state-dump] PushManager:
[state-dump] - num pushes remaining: 0
[state-dump] - num chunks in flight: 0
[state-dump] - num chunks remaining: 0
[state-dump] - max chunks allowed: 409
[state-dump] OwnershipBasedObjectDirectory:
[state-dump] - num listeners: 0
[state-dump] - cumulative location updates: 0
[state-dump] - num location updates per second: 0.000
[state-dump] - num location lookups per second: 0.000
[state-dump] - num locations added per second: 0.000
[state-dump] - num locations removed per second: 0.000
[state-dump] BufferPool:
[state-dump] - create buffer state map size: 0
[state-dump] PullManager:
[state-dump] - num bytes available for pulled objects: 20081730355
[state-dump] - num bytes being pulled (all): 0
[state-dump] - num bytes being pulled / pinned: 0
[state-dump] - get request bundles: BundlePullRequestQueue{0 total, 0 active, 0 inactive, 0 unpullable}
[state-dump] - wait request bundles: BundlePullRequestQueue{0 total, 0 active, 0 inactive, 0 unpullable}
[state-dump] - task request bundles: BundlePullRequestQueue{0 total, 0 active, 0 inactive, 0 unpullable}
[state-dump] - first get request bundle: N/A
[state-dump] - first wait request bundle: N/A
[state-dump] - first task request bundle: N/A
[state-dump] - num objects queued: 0
[state-dump] - num objects actively pulled (all): 0
[state-dump] - num objects actively pulled / pinned: 0
[state-dump] - num bundles being pulled: 0
[state-dump] - num pull retries: 0
[state-dump] - max timeout seconds: 0
[state-dump] - max timeout request is already processed. No entry.
[state-dump] 
[state-dump] WorkerPool:
[state-dump] - registered jobs: 1
[state-dump] - process_failed_job_config_missing: 0
[state-dump] - process_failed_rate_limited: 0
[state-dump] - process_failed_pending_registration: 0
[state-dump] - process_failed_runtime_env_setup_failed: 0
[state-dump] - num JAVA workers: 0
[state-dump] - num JAVA drivers: 0
[state-dump] - num JAVA pending start requests: 0
[state-dump] - num JAVA pending registration requests: 0
[state-dump] - num object spill callbacks queued: 0
[state-dump] - num object restore queued: 0
[state-dump] - num util functions queued: 0
[state-dump] - num PYTHON workers: 0
[state-dump] - num PYTHON drivers: 1
[state-dump] - num PYTHON pending start requests: 0
[state-dump] - num PYTHON pending registration requests: 0
[state-dump] - num object spill callbacks queued: 0
[state-dump] - num object restore queued: 0
[state-dump] - num util functions queued: 0
[state-dump] - num idle workers: 0
[state-dump] LeaseDependencyManager:
[state-dump] - lease deps map size: 0
[state-dump] - get req map size: 0
[state-dump] - wait req map size: 0
[state-dump] - local objects map size: 0
[state-dump] WaitManager:
[state-dump] - num active wait requests: 0
[state-dump] Subscriber:
[state-dump] Channel WORKER_OBJECT_LOCATIONS_CHANNEL
[state-dump] - cumulative subscribe requests: 0
[state-dump] - cumulative unsubscribe requests: 0
[state-dump] - active subscribed publishers: 0
[state-dump] - cumulative published messages: 0
[state-dump] - cumulative processed messages: 0
[state-dump] Channel WORKER_OBJECT_EVICTION
[state-dump] - cumulative subscribe requests: 0
[state-dump] - cumulative unsubscribe requests: 0
[state-dump] - active subscribed publishers: 0
[state-dump] - cumulative published messages: 0
[state-dump] - cumulative processed messages: 0
[state-dump] Channel WORKER_REF_REMOVED_CHANNEL
[state-dump] - cumulative subscribe requests: 0
[state-dump] - cumulative unsubscribe requests: 0
[state-dump] - active subscribed publishers: 0
[state-dump] - cumulative published messages: 0
[state-dump] - cumulative processed messages: 0
[state-dump] num async plasma notifications: 0
[state-dump] Event stats:
[state-dump] Global stats: 2387 total (16 active)
[state-dump] Queueing time: mean = 42.33ms, max = 3643.96ms, min = -95.24ms, total = 101048.21ms
[state-dump] Execution time:  mean = 8.37ms, total = 19986.63ms
[state-dump] Event stats:
[state-dump] 	RaySyncer.OnDemandBroadcasting - 475 total (1 active), Execution time: mean = 0.21ms, total = 100.27ms, Queueing time: mean = 26.19ms, max = 3444.73ms, min = 0.00ms, total = 12440.69ms
[state-dump] 	NodeManager.CheckGC - 475 total (1 active), Execution time: mean = 0.21ms, total = 98.33ms, Queueing time: mean = 26.19ms, max = 3444.74ms, min = -95.24ms, total = 12442.35ms
[state-dump] 	ObjectManager.UpdateAvailableMemory - 474 total (0 active), Execution time: mean = 0.00ms, total = 2.01ms, Queueing time: mean = 3.50ms, max = 100.68ms, min = 0.01ms, total = 1659.20ms
[state-dump] 	RayletWorkerPool.deadline_timer.kill_idle_workers - 263 total (1 active), Execution time: mean = 0.01ms, total = 2.23ms, Queueing time: mean = 28.69ms, max = 3350.40ms, min = 0.00ms, total = 7545.17ms
[state-dump] 	MemoryMonitor.CheckIsMemoryUsageAboveThreshold - 176 total (1 active), Execution time: mean = 37.86ms, total = 6662.91ms, Queueing time: mean = 54.16ms, max = 3291.29ms, min = -0.02ms, total = 9532.79ms
[state-dump] 	NodeManagerService.grpc_server.GetResourceLoad.HandleRequestImpl - 59 total (0 active), Execution time: mean = 0.22ms, total = 13.22ms, Queueing time: mean = 132.06ms, max = 3203.58ms, min = 0.01ms, total = 7791.32ms
[state-dump] 	NodeManagerService.grpc_server.GetResourceLoad - 59 total (0 active), Execution time: mean = 147.84ms, total = 8722.60ms, Queueing time: mean = 0.00ms, max = -0.00ms, min = 9223372036854.78ms, total = 0.00ms
[state-dump] 	NodeManager.deadline_timer.flush_free_objects - 57 total (1 active), Execution time: mean = 0.00ms, total = 0.26ms, Queueing time: mean = 62.14ms, max = 2642.08ms, min = 0.01ms, total = 3541.82ms
[state-dump] 	NodeManager.ScheduleAndGrantLeases - 57 total (1 active), Execution time: mean = 0.01ms, total = 0.76ms, Queueing time: mean = 62.18ms, max = 2644.57ms, min = 0.01ms, total = 3544.34ms
[state-dump] 	NodeManager.CheckForUnexpectedWorkerDisconnects - 57 total (1 active), Execution time: mean = 1.64ms, total = 93.61ms, Queueing time: mean = 60.55ms, max = 2644.57ms, min = 0.00ms, total = 3451.45ms
[state-dump] 	NodeManager.deadline_timer.spill_objects_when_over_threshold - 57 total (1 active), Execution time: mean = 0.00ms, total = 0.17ms, Queueing time: mean = 62.14ms, max = 2642.10ms, min = 0.01ms, total = 3541.91ms
[state-dump] 	ReporterService.grpc_client.HealthCheck.OnReplyReceived - 31 total (0 active), Execution time: mean = 0.12ms, total = 3.62ms, Queueing time: mean = 0.17ms, max = 1.08ms, min = 0.01ms, total = 5.28ms
[state-dump] 	ReporterService.grpc_client.HealthCheck - 31 total (0 active), Execution time: mean = 19.15ms, total = 593.71ms, Queueing time: mean = 0.00ms, max = -0.00ms, min = 9223372036854.78ms, total = 0.00ms
[state-dump] 	MetricsAgentClient.WaitForServerReadyWithRetry - 30 total (0 active), Execution time: mean = 0.31ms, total = 9.18ms, Queueing time: mean = 1101.58ms, max = 3643.96ms, min = 1000.02ms, total = 33047.26ms
[state-dump] 	ClusterResourceManager.ResetRemoteNodeView - 20 total (1 active), Execution time: mean = 0.01ms, total = 0.11ms, Queueing time: mean = 92.42ms, max = 1645.70ms, min = 0.02ms, total = 1848.34ms
[state-dump] 	PeriodicalRunner.RunFnPeriodically - 14 total (0 active), Execution time: mean = 0.23ms, total = 3.29ms, Queueing time: mean = 4.55ms, max = 12.98ms, min = 0.09ms, total = 63.65ms
[state-dump] 	NodeManager.deadline_timer.record_metrics - 12 total (1 active), Execution time: mean = 0.51ms, total = 6.08ms, Queueing time: mean = 36.40ms, max = 99.31ms, min = 0.02ms, total = 436.86ms
[state-dump] 	event_loop_lag_probe - 7 total (0 active), Execution time: mean = 0.02ms, total = 0.14ms, Queueing time: mean = 1.72ms, max = 6.45ms, min = 0.00ms, total = 12.04ms
[state-dump] 	NodeManager.deadline_timer.debug_state_dump - 6 total (1 active), Execution time: mean = 17.10ms, total = 102.58ms, Queueing time: mean = 23.57ms, max = 96.66ms, min = 0.04ms, total = 141.41ms
[state-dump] 	ray::rpc::InternalPubSubGcsService.grpc_client.GcsSubscriberCommandBatch - 2 total (0 active), Execution time: mean = 0.92ms, total = 1.84ms, Queueing time: mean = 0.00ms, max = -0.00ms, min = 9223372036854.78ms, total = 0.00ms
[state-dump] 	ClientConnection.async_read.ProcessMessageHeader - 2 total (1 active), Execution time: mean = 0.00ms, total = 0.01ms, Queueing time: mean = 0.01ms, max = 0.02ms, min = 0.02ms, total = 0.02ms
[state-dump] 	RaySyncerRegister - 2 total (0 active), Execution time: mean = 0.00ms, total = 0.01ms, Queueing time: mean = 0.00ms, max = 0.00ms, min = 0.00ms, total = 0.00ms
[state-dump] 	ray::rpc::InternalPubSubGcsService.grpc_client.GcsSubscriberCommandBatch.OnReplyReceived - 2 total (0 active), Execution time: mean = 0.10ms, total = 0.20ms, Queueing time: mean = 1.08ms, max = 2.01ms, min = 0.15ms, total = 2.16ms
[state-dump] 	ray::rpc::InternalKVGcsService.grpc_client.GetInternalConfig - 1 total (0 active), Execution time: mean = 1.38ms, total = 1.38ms, Queueing time: mean = 0.00ms, max = -0.00ms, min = 9223372036854.78ms, total = 0.00ms
[state-dump] 	ray::rpc::NodeInfoGcsService.grpc_client.GetAllNodeAddressAndLiveness.OnReplyReceived - 1 total (0 active), Execution time: mean = 0.15ms, total = 0.15ms, Queueing time: mean = 0.01ms, max = 0.01ms, min = 0.01ms, total = 0.01ms
[state-dump] 	NodeManager.GCTaskFailureReason - 1 total (1 active), Execution time: mean = 0.00ms, total = 0.00ms, Queueing time: mean = 0.00ms, max = -0.00ms, min = 9223372036854.78ms, total = 0.00ms
[state-dump] 	NodeManagerService.grpc_server.GetSystemConfig.HandleRequestImpl - 1 total (0 active), Execution time: mean = 0.09ms, total = 0.09ms, Queueing time: mean = 0.02ms, max = 0.02ms, min = 0.02ms, total = 0.02ms
[state-dump] 	NodeManager.GcsCheckAlive - 1 total (1 active), Execution time: mean = 0.00ms, total = 0.00ms, Queueing time: mean = 0.00ms, max = -0.00ms, min = 9223372036854.78ms, total = 0.00ms
[state-dump] 	ray::rpc::InternalKVGcsService.grpc_client.GetInternalConfig.OnReplyReceived - 1 total (0 active), Execution time: mean = 24.53ms, total = 24.53ms, Queueing time: mean = 0.03ms, max = 0.03ms, min = 0.03ms, total = 0.03ms
[state-dump] 	ray::rpc::InternalPubSubGcsService.grpc_client.GcsSubscriberPoll - 1 total (1 active), Execution time: mean = 0.00ms, total = 0.00ms, Queueing time: mean = 0.00ms, max = -0.00ms, min = 9223372036854.78ms, total = 0.00ms
[state-dump] 	ray::rpc::NodeInfoGcsService.grpc_client.RegisterNode - 1 total (0 active), Execution time: mean = 1.29ms, total = 1.29ms, Queueing time: mean = 0.00ms, max = -0.00ms, min = 9223372036854.78ms, total = 0.00ms
[state-dump] 	ray::rpc::NodeInfoGcsService.grpc_client.CheckAlive.OnReplyReceived - 1 total (0 active), Execution time: mean = 0.02ms, total = 0.02ms, Queueing time: mean = 0.02ms, max = 0.02ms, min = 0.02ms, total = 0.02ms
[state-dump] 	ClientConnection.async_read.ProcessMessage - 1 total (0 active), Execution time: mean = 3538.24ms, total = 3538.24ms, Queueing time: mean = 0.01ms, max = 0.01ms, min = 0.01ms, total = 0.01ms
[state-dump] 	NodeManager.deadline_timer.print_event_loop_stats - 1 total (1 active, 1 running), Execution time: mean = 0.00ms, total = 0.00ms, Queueing time: mean = 0.00ms, max = -0.00ms, min = 9223372036854.78ms, total = 0.00ms
[state-dump] 	ray::rpc::NodeInfoGcsService.grpc_client.RegisterNode.OnReplyReceived - 1 total (0 active), Execution time: mean = 0.68ms, total = 0.68ms, Queueing time: mean = 0.05ms, max = 0.05ms, min = 0.05ms, total = 0.05ms
[state-dump] 	NodeManagerService.grpc_server.GetSystemConfig - 1 total (0 active), Execution time: mean = 0.65ms, total = 0.65ms, Queueing time: mean = 0.00ms, max = -0.00ms, min = 9223372036854.78ms, total = 0.00ms
[state-dump] 	ray::rpc::JobInfoGcsService.grpc_client.GetAllJobInfo - 1 total (0 active), Execution time: mean = 0.76ms, total = 0.76ms, Queueing time: mean = 0.00ms, max = -0.00ms, min = 9223372036854.78ms, total = 0.00ms
[state-dump] 	ray::rpc::NodeInfoGcsService.grpc_client.CheckAlive - 1 total (0 active), Execution time: mean = 0.77ms, total = 0.77ms, Queueing time: mean = 0.00ms, max = -0.00ms, min = 9223372036854.78ms, total = 0.00ms
[state-dump] 	ray::rpc::JobInfoGcsService.grpc_client.GetAllJobInfo.OnReplyReceived - 1 total (0 active), Execution time: mean = 0.03ms, total = 0.03ms, Queueing time: mean = 0.01ms, max = 0.01ms, min = 0.01ms, total = 0.01ms
[state-dump] 	 - 1 total (0 active), Execution time: mean = 0.00ms, total = 0.00ms, Queueing time: mean = 0.02ms, max = 0.02ms, min = 0.02ms, total = 0.02ms
[state-dump] 	RaySyncer.BroadcastMessage - 1 total (0 active), Execution time: mean = 0.09ms, total = 0.09ms, Queueing time: mean = 0.00ms, max = 0.00ms, min = 0.00ms, total = 0.00ms
[state-dump] 	ray::rpc::NodeInfoGcsService.grpc_client.GetAllNodeAddressAndLiveness - 1 total (0 active), Execution time: mean = 0.85ms, total = 0.85ms, Queueing time: mean = 0.00ms, max = -0.00ms, min = 9223372036854.78ms, total = 0.00ms
[state-dump] DebugString() time ms: 1
[state-dump] 
[state-dump] 
[2026-06-04 22:29:25,190 E 859 859] (raylet) worker_pool.cc:589: Some workers of the worker process(1003) have not registered within the timeout. The process is still alive, probably it's hanging during start.
[2026-06-04 22:29:25,190 E 859 859] (raylet) worker_pool.cc:589: Some workers of the worker process(1004) have not registered within the timeout. The process is still alive, probably it's hanging during start.
[2026-06-04 22:29:25,190 E 859 859] (raylet) worker_pool.cc:589: Some workers of the worker process(1005) have not registered within the timeout. The process is still alive, probably it's hanging during start.
[2026-06-04 22:29:25,190 E 859 859] (raylet) worker_pool.cc:589: Some workers of the worker process(1006) have not registered within the timeout. The process is still alive, probably it's hanging during start.
[2026-06-04 22:29:25,190 E 859 859] (raylet) worker_pool.cc:589: Some workers of the worker process(1007) have not registered within the timeout. The process is still alive, probably it's hanging during start.
[2026-06-04 22:29:25,190 E 859 859] (raylet) worker_pool.cc:589: Some workers of the worker process(1008) have not registered within the timeout. The process is still alive, probably it's hanging during start.
[2026-06-04 22:29:25,190 E 859 859] (raylet) worker_pool.cc:589: Some workers of the worker process(1009) have not registered within the timeout. The process is still alive, probably it's hanging during start.
[2026-06-04 22:29:25,190 E 859 859] (raylet) worker_pool.cc:589: Some workers of the worker process(1010) have not registered within the timeout. The process is still alive, probably it's hanging during start.
[2026-06-04 22:29:25,190 E 859 859] (raylet) worker_pool.cc:589: Some workers of the worker process(1011) have not registered within the timeout. The process is still alive, probably it's hanging during start.
[2026-06-04 22:29:25,190 E 859 859] (raylet) worker_pool.cc:589: Some workers of the worker process(1012) have not registered within the timeout. The process is still alive, probably it's hanging during start.
[2026-06-04 22:29:25,190 E 859 859] (raylet) worker_pool.cc:589: Some workers of the worker process(1013) have not registered within the timeout. The process is still alive, probably it's hanging during start.
[2026-06-04 22:29:25,190 E 859 859] (raylet) worker_pool.cc:589: Some workers of the worker process(1014) have not registered within the timeout. The process is still alive, probably it's hanging during start.
[2026-06-04 22:29:25,190 E 859 859] (raylet) worker_pool.cc:589: Some workers of the worker process(1015) have not registered within the timeout. The process is still alive, probably it's hanging during start.
[2026-06-04 22:29:25,190 E 859 859] (raylet) worker_pool.cc:589: Some workers of the worker process(1016) have not registered within the timeout. The process is still alive, probably it's hanging during start.
[2026-06-04 22:29:25,190 E 859 859] (raylet) worker_pool.cc:589: Some workers of the worker process(1017) have not registered within the timeout. The process is still alive, probably it's hanging during start.
[2026-06-04 22:29:25,190 E 859 859] (raylet) worker_pool.cc:589: Some workers of the worker process(1018) have not registered within the timeout. The process is still alive, probably it's hanging during start.
[2026-06-04 22:29:25,190 E 859 859] (raylet) worker_pool.cc:589: Some workers of the worker process(1019) have not registered within the timeout. The process is still alive, probably it's hanging during start.
[2026-06-04 22:29:25,190 E 859 859] (raylet) worker_pool.cc:589: Some workers of the worker process(1020) have not registered within the timeout. The process is still alive, probably it's hanging during start.
[2026-06-04 22:29:25,216 E 859 859] (raylet) worker_pool.cc:589: Some workers of the worker process(1021) have not registered within the timeout. The process is still alive, probably it's hanging during start.
[2026-06-04 22:29:25,218 E 859 859] (raylet) worker_pool.cc:589: Some workers of the worker process(1022) have not registered within the timeout. The process is still alive, probably it's hanging during start.
[2026-06-04 22:29:25,220 E 859 859] (raylet) worker_pool.cc:589: Some workers of the worker process(1023) have not registered within the timeout. The process is still alive, probably it's hanging during start.
[2026-06-04 22:29:25,222 E 859 859] (raylet) worker_pool.cc:589: Some workers of the worker process(1024) have not registered within the timeout. The process is still alive, probably it's hanging during start.
[2026-06-04 22:29:25,290 E 859 859] (raylet) worker_pool.cc:589: Some workers of the worker process(1025) have not registered within the timeout. The process is still alive, probably it's hanging during start.
[2026-06-04 22:29:25,290 E 859 859] (raylet) worker_pool.cc:589: Some workers of the worker process(1026) have not registered within the timeout. The process is still alive, probably it's hanging during start.
[2026-06-04 22:29:25,290 E 859 859] (raylet) worker_pool.cc:589: Some workers of the worker process(1027) have not registered within the timeout. The process is still alive, probably it's hanging during start.
[2026-06-04 22:29:25,290 E 859 859] (raylet) worker_pool.cc:589: Some workers of the worker process(1028) have not registered within the timeout. The process is still alive, probably it's hanging during start.
[2026-06-04 22:29:25,290 E 859 859] (raylet) worker_pool.cc:589: Some workers of the worker process(1029) have not registered within the timeout. The process is still alive, probably it's hanging during start.
[2026-06-04 22:29:25,290 E 859 859] (raylet) worker_pool.cc:589: Some workers of the worker process(1030) have not registered within the timeout. The process is still alive, probably it's hanging during start.
[2026-06-04 22:29:25,290 E 859 859] (raylet) worker_pool.cc:589: Some workers of the worker process(1031) have not registered within the timeout. The process is still alive, probably it's hanging during start.
[2026-06-04 22:29:25,290 E 859 859] (raylet) worker_pool.cc:589: Some workers of the worker process(1032) have not registered within the timeout. The process is still alive, probably it's hanging during start.
[2026-06-04 22:29:25,290 E 859 859] (raylet) worker_pool.cc:589: Some workers of the worker process(1033) have not registered within the timeout. The process is still alive, probably it's hanging during start.
[2026-06-04 22:29:25,290 E 859 859] (raylet) worker_pool.cc:589: Some workers of the worker process(1034) have not registered within the timeout. The process is still alive, probably it's hanging during start.
[2026-06-04 22:29:25,291 E 859 859] (raylet) worker_pool.cc:589: Some workers of the worker process(1035) have not registered within the timeout. The process is still alive, probably it's hanging during start.
[2026-06-04 22:29:25,291 E 859 859] (raylet) worker_pool.cc:589: Some workers of the worker process(1036) have not registered within the timeout. The process is still alive, probably it's hanging during start.
[2026-06-04 22:29:25,291 E 859 859] (raylet) worker_pool.cc:589: Some workers of the worker process(1037) have not registered within the timeout. The process is still alive, probably it's hanging during start.
[2026-06-04 22:29:25,291 E 859 859] (raylet) worker_pool.cc:589: Some workers of the worker process(1038) have not registered within the timeout. The process is still alive, probably it's hanging during start.
[2026-06-04 22:29:25,291 E 859 859] (raylet) worker_pool.cc:589: Some workers of the worker process(1039) have not registered within the timeout. The process is still alive, probably it's hanging during start.
[2026-06-04 22:29:25,291 E 859 859] (raylet) worker_pool.cc:589: Some workers of the worker process(1040) have not registered within the timeout. The process is still alive, probably it's hanging during start.
[2026-06-04 22:29:25,291 E 859 859] (raylet) worker_pool.cc:589: Some workers of the worker process(1041) have not registered within the timeout. The process is still alive, probably it's hanging during start.
[2026-06-04 22:29:25,291 E 859 859] (raylet) worker_pool.cc:589: Some workers of the worker process(1042) have not registered within the timeout. The process is still alive, probably it's hanging during start.
[2026-06-04 22:29:25,291 E 859 859] (raylet) worker_pool.cc:589: Some workers of the worker process(1043) have not registered within the timeout. The process is still alive, probably it's hanging during start.
[2026-06-04 22:29:25,291 E 859 859] (raylet) worker_pool.cc:589: Some workers of the worker process(1044) have not registered within the timeout. The process is still alive, probably it's hanging during start.
[2026-06-04 22:29:25,291 E 859 859] (raylet) worker_pool.cc:589: Some workers of the worker process(1045) have not registered within the timeout. The process is still alive, probably it's hanging during start.
[2026-06-04 22:29:25,293 E 859 859] (raylet) worker_pool.cc:589: Some workers of the worker process(1046) have not registered within the timeout. The process is still alive, probably it's hanging during start.
[2026-06-04 22:29:25,295 E 859 859] (raylet) worker_pool.cc:589: Some workers of the worker process(1047) have not registered within the timeout. The process is still alive, probably it's hanging during start.
[2026-06-04 22:29:25,297 E 859 859] (raylet) worker_pool.cc:589: Some workers of the worker process(1048) have not registered within the timeout. The process is still alive, probably it's hanging during start.
[2026-06-04 22:29:25,299 E 859 859] (raylet) worker_pool.cc:589: Some workers of the worker process(1049) have not registered within the timeout. The process is still alive, probably it's hanging during start.
[2026-06-04 22:29:25,390 E 859 859] (raylet) worker_pool.cc:589: Some workers of the worker process(1050) have not registered within the timeout. The process is still alive, probably it's hanging during start.
[2026-06-04 22:29:25,390 E 859 859] (raylet) worker_pool.cc:589: Some workers of the worker process(1051) have not registered within the timeout. The process is still alive, probably it's hanging during start.
[2026-06-04 22:29:25,390 E 859 859] (raylet) worker_pool.cc:589: Some workers of the worker process(1052) have not registered within the timeout. The process is still alive, probably it's hanging during start.
[2026-06-04 22:29:25,390 E 859 859] (raylet) worker_pool.cc:589: Some workers of the worker process(1053) have not registered within the timeout. The process is still alive, probably it's hanging during start.
[2026-06-04 22:29:25,391 E 859 859] (raylet) worker_pool.cc:589: Some workers of the worker process(1054) have not registered within the timeout. The process is still alive, probably it's hanging during start.
[2026-06-04 22:29:25,391 E 859 859] (raylet) worker_pool.cc:589: Some workers of the worker process(1055) have not registered within the timeout. The process is still alive, probably it's hanging during start.
[2026-06-04 22:29:25,391 E 859 859] (raylet) worker_pool.cc:589: Some workers of the worker process(1056) have not registered within the timeout. The process is still alive, probably it's hanging during start.
[2026-06-04 22:29:25,391 E 859 859] (raylet) worker_pool.cc:589: Some workers of the worker process(1057) have not registered within the timeout. The process is still alive, probably it's hanging during start.
[2026-06-04 22:29:25,391 E 859 859] (raylet) worker_pool.cc:589: Some workers of the worker process(1058) have not registered within the timeout. The process is still alive, probably it's hanging during start.
[2026-06-04 22:29:25,391 E 859 859] (raylet) worker_pool.cc:589: Some workers of the worker process(1059) have not registered within the timeout. The process is still alive, probably it's hanging during start.
[2026-06-04 22:29:25,391 E 859 859] (raylet) worker_pool.cc:589: Some workers of the worker process(1060) have not registered within the timeout. The process is still alive, probably it's hanging during start.
[2026-06-04 22:29:25,394 E 859 859] (raylet) worker_pool.cc:589: Some workers of the worker process(1061) have not registered within the timeout. The process is still alive, probably it's hanging during start.
[2026-06-04 22:29:25,394 E 859 859] (raylet) worker_pool.cc:589: Some workers of the worker process(1062) have not registered within the timeout. The process is still alive, probably it's hanging during start.
[2026-06-04 22:29:25,490 E 859 859] (raylet) worker_pool.cc:589: Some workers of the worker process(1063) have not registered within the timeout. The process is still alive, probably it's hanging during start.
[2026-06-04 22:29:25,490 E 859 859] (raylet) worker_pool.cc:589: Some workers of the worker process(1064) have not registered within the timeout. The process is still alive, probably it's hanging during start.
[2026-06-04 22:29:25,490 E 859 859] (raylet) worker_pool.cc:589: Some workers of the worker process(1065) have not registered within the timeout. The process is still alive, probably it's hanging during start.
[2026-06-04 22:29:25,490 E 859 859] (raylet) worker_pool.cc:589: Some workers of the worker process(1066) have not registered within the timeout. The process is still alive, probably it's hanging during start.
[2026-06-04 22:29:25,490 E 859 859] (raylet) worker_pool.cc:589: Some workers of the worker process(1067) have not registered within the timeout. The process is still alive, probably it's hanging during start.
[2026-06-04 22:29:25,490 E 859 859] (raylet) worker_pool.cc:589: Some workers of the worker process(1068) have not registered within the timeout. The process is still alive, probably it's hanging during start.
[2026-06-04 22:29:25,490 E 859 859] (raylet) worker_pool.cc:589: Some workers of the worker process(1069) have not registered within the timeout. The process is still alive, probably it's hanging during start.
[2026-06-04 22:29:25,490 E 859 859] (raylet) worker_pool.cc:589: Some workers of the worker process(1070) have not registered within the timeout. The process is still alive, probably it's hanging during start.
[2026-06-04 22:29:25,492 E 859 859] (raylet) worker_pool.cc:589: Some workers of the worker process(1071) have not registered within the timeout. The process is still alive, probably it's hanging during start.
[2026-06-04 22:29:25,494 E 859 859] (raylet) worker_pool.cc:589: Some workers of the worker process(1072) have not registered within the timeout. The process is still alive, probably it's hanging during start.
[2026-06-04 22:29:25,496 E 859 859] (raylet) worker_pool.cc:589: Some workers of the worker process(1073) have not registered within the timeout. The process is still alive, probably it's hanging during start.
[2026-06-04 22:29:25,498 E 859 859] (raylet) worker_pool.cc:589: Some workers of the worker process(1074) have not registered within the timeout. The process is still alive, probably it's hanging during start.
[2026-06-04 22:29:25,500 E 859 859] (raylet) worker_pool.cc:589: Some workers of the worker process(1075) have not registered within the timeout. The process is still alive, probably it's hanging during start.
[2026-06-04 22:29:25,501 E 859 859] (raylet) worker_pool.cc:589: Some workers of the worker process(1076) have not registered within the timeout. The process is still alive, probably it's hanging during start.
[2026-06-04 22:29:25,503 E 859 859] (raylet) worker_pool.cc:589: Some workers of the worker process(1077) have not registered within the timeout. The process is still alive, probably it's hanging during start.
[2026-06-04 22:29:25,505 E 859 859] (raylet) worker_pool.cc:589: Some workers of the worker process(1078) have not registered within the timeout. The process is still alive, probably it's hanging during start.
[2026-06-04 22:29:25,507 E 859 859] (raylet) worker_pool.cc:589: Some workers of the worker process(1079) have not registered within the timeout. The process is still alive, probably it's hanging during start.
[2026-06-04 22:29:25,509 E 859 859] (raylet) worker_pool.cc:589: Some workers of the worker process(1080) have not registered within the timeout. The process is still alive, probably it's hanging during start.
[2026-06-04 22:29:25,592 E 859 859] (raylet) worker_pool.cc:589: Some workers of the worker process(1081) have not registered within the timeout. The process is still alive, probably it's hanging during start.
[2026-06-04 22:29:25,594 E 859 859] (raylet) worker_pool.cc:589: Some workers of the worker process(1082) have not registered within the timeout. The process is still alive, probably it's hanging during start.
[2026-06-04 22:29:25,595 E 859 859] (raylet) worker_pool.cc:589: Some workers of the worker process(1083) have not registered within the timeout. The process is still alive, probably it's hanging during start.
[2026-06-04 22:29:25,597 E 859 859] (raylet) worker_pool.cc:589: Some workers of the worker process(1084) have not registered within the timeout. The process is still alive, probably it's hanging during start.
[2026-06-04 22:29:25,691 E 859 859] (raylet) worker_pool.cc:589: Some workers of the worker process(1085) have not registered within the timeout. The process is still alive, probably it's hanging during start.
[2026-06-04 22:29:25,693 E 859 859] (raylet) worker_pool.cc:589: Some workers of the worker process(1086) have not registered within the timeout. The process is still alive, probably it's hanging during start.
[2026-06-04 22:29:25,695 E 859 859] (raylet) worker_pool.cc:589: Some workers of the worker process(1087) have not registered within the timeout. The process is still alive, probably it's hanging during start.
[2026-06-04 22:29:25,696 E 859 859] (raylet) worker_pool.cc:589: Some workers of the worker process(1088) have not registered within the timeout. The process is still alive, probably it's hanging during start.
[2026-06-04 22:29:25,698 E 859 859] (raylet) worker_pool.cc:589: Some workers of the worker process(1089) have not registered within the timeout. The process is still alive, probably it's hanging during start.
[2026-06-04 22:29:25,700 E 859 859] (raylet) worker_pool.cc:589: Some workers of the worker process(1090) have not registered within the timeout. The process is still alive, probably it's hanging during start.
[2026-06-04 22:29:25,702 E 859 859] (raylet) worker_pool.cc:589: Some workers of the worker process(1091) have not registered within the timeout. The process is still alive, probably it's hanging during start.
[2026-06-04 22:29:25,703 E 859 859] (raylet) worker_pool.cc:589: Some workers of the worker process(1092) have not registered within the timeout. The process is still alive, probably it's hanging during start.
[2026-06-04 22:29:25,790 E 859 859] (raylet) worker_pool.cc:589: Some workers of the worker process(1093) have not registered within the timeout. The process is still alive, probably it's hanging during start.
[2026-06-04 22:29:25,793 E 859 859] (raylet) worker_pool.cc:589: Some workers of the worker process(1094) have not registered within the timeout. The process is still alive, probably it's hanging during start.
[2026-06-04 22:29:25,795 E 859 859] (raylet) worker_pool.cc:589: Some workers of the worker process(1095) have not registered within the timeout. The process is still alive, probably it's hanging during start.
[2026-06-04 22:29:25,796 E 859 859] (raylet) worker_pool.cc:589: Some workers of the worker process(1096) have not registered within the timeout. The process is still alive, probably it's hanging during start.
[2026-06-04 22:29:25,798 E 859 859] (raylet) worker_pool.cc:589: Some workers of the worker process(1097) have not registered within the timeout. The process is still alive, probably it's hanging during start.
[2026-06-04 22:29:25,800 E 859 859] (raylet) worker_pool.cc:589: Some workers of the worker process(1098) have not registered within the timeout. The process is still alive, probably it's hanging during start.
[2026-06-04 22:29:25,802 E 859 859] (raylet) worker_pool.cc:589: Some workers of the worker process(1099) have not registered within the timeout. The process is still alive, probably it's hanging during start.
[2026-06-04 22:29:25,804 E 859 859] (raylet) worker_pool.cc:589: Some workers of the worker process(1100) have not registered within the timeout. The process is still alive, probably it's hanging during start.
[2026-06-04 22:29:25,892 E 859 859] (raylet) worker_pool.cc:589: Some workers of the worker process(1101) have not registered within the timeout. The process is still alive, probably it's hanging during start.
[2026-06-04 22:29:25,895 E 859 859] (raylet) worker_pool.cc:589: Some workers of the worker process(1102) have not registered within the timeout. The process is still alive, probably it's hanging during start.
[2026-06-04 22:29:25,897 E 859 859] (raylet) worker_pool.cc:589: Some workers of the worker process(1103) have not registered within the timeout. The process is still alive, probably it's hanging during start.
[2026-06-04 22:29:25,899 E 859 859] (raylet) worker_pool.cc:589: Some workers of the worker process(1104) have not registered within the timeout. The process is still alive, probably it's hanging during start.
[2026-06-04 22:29:25,901 E 859 859] (raylet) worker_pool.cc:589: Some workers of the worker process(1105) have not registered within the timeout. The process is still alive, probably it's hanging during start.
[2026-06-04 22:29:25,903 E 859 859] (raylet) worker_pool.cc:589: Some workers of the worker process(1106) have not registered within the timeout. The process is still alive, probably it's hanging during start.
[2026-06-04 22:29:25,991 E 859 859] (raylet) worker_pool.cc:589: Some workers of the worker process(1107) have not registered within the timeout. The process is still alive, probably it's hanging during start.
[2026-06-04 22:29:25,994 E 859 859] (raylet) worker_pool.cc:589: Some workers of the worker process(1108) have not registered within the timeout. The process is still alive, probably it's hanging during start.
[2026-06-04 22:29:25,996 E 859 859] (raylet) worker_pool.cc:589: Some workers of the worker process(1109) have not registered within the timeout. The process is still alive, probably it's hanging during start.
[2026-06-04 22:29:25,999 E 859 859] (raylet) worker_pool.cc:589: Some workers of the worker process(1110) have not registered within the timeout. The process is still alive, probably it's hanging during start.
[2026-06-04 22:29:26,000 E 859 859] (raylet) worker_pool.cc:589: Some workers of the worker process(1111) have not registered within the timeout. The process is still alive, probably it's hanging during start.
[2026-06-04 22:29:26,002 E 859 859] (raylet) worker_pool.cc:589: Some workers of the worker process(1112) have not registered within the timeout. The process is still alive, probably it's hanging during start.
[2026-06-04 22:29:26,004 E 859 859] (raylet) worker_pool.cc:589: Some workers of the worker process(1113) have not registered within the timeout. The process is still alive, probably it's hanging during start.
[2026-06-04 22:29:26,092 E 859 859] (raylet) worker_pool.cc:589: Some workers of the worker process(1114) have not registered within the timeout. The process is still alive, probably it's hanging during start.
[2026-06-04 22:29:26,096 E 859 859] (raylet) worker_pool.cc:589: Some workers of the worker process(1115) have not registered within the timeout. The process is still alive, probably it's hanging during start.
[2026-06-04 22:29:26,098 E 859 859] (raylet) worker_pool.cc:589: Some workers of the worker process(1116) have not registered within the timeout. The process is still alive, probably it's hanging during start.
[2026-06-04 22:29:26,100 E 859 859] (raylet) worker_pool.cc:589: Some workers of the worker process(1117) have not registered within the timeout. The process is still alive, probably it's hanging during start.
[2026-06-04 22:29:26,101 E 859 859] (raylet) worker_pool.cc:589: Some workers of the worker process(1118) have not registered within the timeout. The process is still alive, probably it's hanging during start.
[2026-06-04 22:29:26,103 E 859 859] (raylet) worker_pool.cc:589: Some workers of the worker process(1119) have not registered within the timeout. The process is still alive, probably it's hanging during start.
[2026-06-04 22:29:26,105 E 859 859] (raylet) worker_pool.cc:589: Some workers of the worker process(1120) have not registered within the timeout. The process is still alive, probably it's hanging during start.
[2026-06-04 22:29:26,192 E 859 859] (raylet) worker_pool.cc:589: Some workers of the worker process(1121) have not registered within the timeout. The process is still alive, probably it's hanging during start.
[2026-06-04 22:29:26,195 E 859 859] (raylet) worker_pool.cc:589: Some workers of the worker process(1122) have not registered within the timeout. The process is still alive, probably it's hanging during start.
[2026-06-04 22:29:26,197 E 859 859] (raylet) worker_pool.cc:589: Some workers of the worker process(1123) have not registered within the timeout. The process is still alive, probably it's hanging during start.
[2026-06-04 22:29:26,199 E 859 859] (raylet) worker_pool.cc:589: Some workers of the worker process(1124) have not registered within the timeout. The process is still alive, probably it's hanging during start.
[2026-06-04 22:29:26,201 E 859 859] (raylet) worker_pool.cc:589: Some workers of the worker process(1125) have not registered within the timeout. The process is still alive, probably it's hanging during start.
[2026-06-04 22:29:26,203 E 859 859] (raylet) worker_pool.cc:589: Some workers of the worker process(1126) have not registered within the timeout. The process is still alive, probably it's hanging during start.
[2026-06-04 22:29:26,291 E 859 859] (raylet) worker_pool.cc:589: Some workers of the worker process(1127) have not registered within the timeout. The process is still alive, probably it's hanging during start.
[2026-06-04 22:29:26,294 E 859 859] (raylet) worker_pool.cc:589: Some workers of the worker process(1128) have not registered within the timeout. The process is still alive, probably it's hanging during start.
[2026-06-04 22:29:26,296 E 859 859] (raylet) worker_pool.cc:589: Some workers of the worker process(1129) have not registered within the timeout. The process is still alive, probably it's hanging during start.
[2026-06-04 22:29:26,298 E 859 859] (raylet) worker_pool.cc:589: Some workers of the worker process(1130) have not registered within the timeout. The process is still alive, probably it's hanging during start.
[2026-06-04 22:29:26,300 E 859 859] (raylet) worker_pool.cc:589: Some workers of the worker process(1131) have not registered within the timeout. The process is still alive, probably it's hanging during start.
[2026-06-04 22:29:26,393 E 859 859] (raylet) worker_pool.cc:589: Some workers of the worker process(1132) have not registered within the timeout. The process is still alive, probably it's hanging during start.
[2026-06-04 22:29:26,395 E 859 859] (raylet) worker_pool.cc:589: Some workers of the worker process(1133) have not registered within the timeout. The process is still alive, probably it's hanging during start.
[2026-06-04 22:29:26,397 E 859 859] (raylet) worker_pool.cc:589: Some workers of the worker process(1134) have not registered within the timeout. The process is still alive, probably it's hanging during start.
[2026-06-04 22:29:26,399 E 859 859] (raylet) worker_pool.cc:589: Some workers of the worker process(1135) have not registered within the timeout. The process is still alive, probably it's hanging during start.
[2026-06-04 22:29:26,401 E 859 859] (raylet) worker_pool.cc:589: Some workers of the worker process(1136) have not registered within the timeout. The process is still alive, probably it's hanging during start.
[2026-06-04 22:29:26,492 E 859 859] (raylet) worker_pool.cc:589: Some workers of the worker process(1137) have not registered within the timeout. The process is still alive, probably it's hanging during start.
[2026-06-04 22:29:26,495 E 859 859] (raylet) worker_pool.cc:589: Some workers of the worker process(1138) have not registered within the timeout. The process is still alive, probably it's hanging during start.
[2026-06-04 22:29:26,497 E 859 859] (raylet) worker_pool.cc:589: Some workers of the worker process(1139) have not registered within the timeout. The process is still alive, probably it's hanging during start.
[2026-06-04 22:29:26,499 E 859 859] (raylet) worker_pool.cc:589: Some workers of the worker process(1140) have not registered within the timeout. The process is still alive, probably it's hanging during start.
[2026-06-04 22:29:26,500 E 859 859] (raylet) worker_pool.cc:589: Some workers of the worker process(1141) have not registered within the timeout. The process is still alive, probably it's hanging during start.
[2026-06-04 22:29:26,592 E 859 859] (raylet) worker_pool.cc:589: Some workers of the worker process(1142) have not registered within the timeout. The process is still alive, probably it's hanging during start.
[2026-06-04 22:29:26,594 E 859 859] (raylet) worker_pool.cc:589: Some workers of the worker process(1143) have not registered within the timeout. The process is still alive, probably it's hanging during start.
[2026-06-04 22:29:26,597 E 859 859] (raylet) worker_pool.cc:589: Some workers of the worker process(1144) have not registered within the timeout. The process is still alive, probably it's hanging during start.
[2026-06-04 22:29:26,599 E 859 859] (raylet) worker_pool.cc:589: Some workers of the worker process(1145) have not registered within the timeout. The process is still alive, probably it's hanging during start.
[2026-06-04 22:29:26,689 E 859 859] (raylet) worker_pool.cc:589: Some workers of the worker process(1146) have not registered within the timeout. The process is still alive, probably it's hanging during start.
[2026-06-04 22:29:26,693 E 859 859] (raylet) worker_pool.cc:589: Some workers of the worker process(1147) have not registered within the timeout. The process is still alive, probably it's hanging during start.
[2026-06-04 22:29:26,695 E 859 859] (raylet) worker_pool.cc:589: Some workers of the worker process(1148) have not registered within the timeout. The process is still alive, probably it's hanging during start.
[2026-06-04 22:29:26,697 E 859 859] (raylet) worker_pool.cc:589: Some workers of the worker process(1149) have not registered within the timeout. The process is still alive, probably it's hanging during start.
[2026-06-04 22:29:26,700 E 859 859] (raylet) worker_pool.cc:589: Some workers of the worker process(1150) have not registered within the timeout. The process is still alive, probably it's hanging during start.
[2026-06-04 22:29:26,792 E 859 859] (raylet) worker_pool.cc:589: Some workers of the worker process(1151) have not registered within the timeout. The process is still alive, probably it's hanging during start.
[2026-06-04 22:29:26,796 E 859 859] (raylet) worker_pool.cc:589: Some workers of the worker process(1152) have not registered within the timeout. The process is still alive, probably it's hanging during start.
[2026-06-04 22:29:26,798 E 859 859] (raylet) worker_pool.cc:589: Some workers of the worker process(1153) have not registered within the timeout. The process is still alive, probably it's hanging during start.
[2026-06-04 22:29:26,892 E 859 859] (raylet) worker_pool.cc:589: Some workers of the worker process(1154) have not registered within the timeout. The process is still alive, probably it's hanging during start.
[2026-06-04 22:29:27,093 E 859 859] (raylet) worker_pool.cc:589: Some workers of the worker process(1155) have not registered within the timeout. The process is still alive, probably it's hanging during start.
[2026-06-04 22:29:27,096 E 859 859] (raylet) worker_pool.cc:589: Some workers of the worker process(1156) have not registered within the timeout. The process is still alive, probably it's hanging during start.
[2026-06-04 22:29:27,192 E 859 859] (raylet) worker_pool.cc:589: Some workers of the worker process(1157) have not registered within the timeout. The process is still alive, probably it's hanging during start.
[2026-06-04 22:29:27,195 E 859 859] (raylet) worker_pool.cc:589: Some workers of the worker process(1158) have not registered within the timeout. The process is still alive, probably it's hanging during start.
[2026-06-04 22:29:27,197 E 859 859] (raylet) worker_pool.cc:589: Some workers of the worker process(1159) have not registered within the timeout. The process is still alive, probably it's hanging during start.
[2026-06-04 22:29:27,199 E 859 859] (raylet) worker_pool.cc:589: Some workers of the worker process(1160) have not registered within the timeout. The process is still alive, probably it's hanging during start.
[2026-06-04 22:29:27,292 E 859 859] (raylet) worker_pool.cc:589: Some workers of the worker process(1161) have not registered within the timeout. The process is still alive, probably it's hanging during start.
[2026-06-04 22:29:27,295 E 859 859] (raylet) worker_pool.cc:589: Some workers of the worker process(1162) have not registered within the timeout. The process is still alive, probably it's hanging during start.
[2026-06-04 22:29:27,389 E 859 859] (raylet) worker_pool.cc:589: Some workers of the worker process(1163) have not registered within the timeout. The process is still alive, probably it's hanging during start.
[2026-06-04 22:29:27,392 E 859 859] (raylet) worker_pool.cc:589: Some workers of the worker process(1164) have not registered within the timeout. The process is still alive, probably it's hanging during start.
[2026-06-04 22:29:27,394 E 859 859] (raylet) worker_pool.cc:589: Some workers of the worker process(1165) have not registered within the timeout. The process is still alive, probably it's hanging during start.
[2026-06-04 22:29:27,397 E 859 859] (raylet) worker_pool.cc:589: Some workers of the worker process(1166) have not registered within the timeout. The process is still alive, probably it's hanging during start.
[2026-06-04 22:29:27,399 E 859 859] (raylet) worker_pool.cc:589: Some workers of the worker process(1167) have not registered within the timeout. The process is still alive, probably it's hanging during start.
[2026-06-04 22:29:27,492 E 859 859] (raylet) worker_pool.cc:589: Some workers of the worker process(1168) have not registered within the timeout. The process is still alive, probably it's hanging during start.
[2026-06-04 22:29:27,593 E 859 859] (raylet) worker_pool.cc:589: Some workers of the worker process(1169) have not registered within the timeout. The process is still alive, probably it's hanging during start.
[2026-06-04 22:29:27,595 E 859 859] (raylet) worker_pool.cc:589: Some workers of the worker process(1170) have not registered within the timeout. The process is still alive, probably it's hanging during start.
[2026-06-04 22:29:27,690 E 859 859] (raylet) worker_pool.cc:589: Some workers of the worker process(1171) have not registered within the timeout. The process is still alive, probably it's hanging during start.
[2026-06-04 22:29:27,694 E 859 859] (raylet) worker_pool.cc:589: Some workers of the worker process(1172) have not registered within the timeout. The process is still alive, probably it's hanging during start.
[2026-06-04 22:29:27,696 E 859 859] (raylet) worker_pool.cc:589: Some workers of the worker process(1173) have not registered within the timeout. The process is still alive, probably it's hanging during start.
[2026-06-04 22:29:27,698 E 859 859] (raylet) worker_pool.cc:589: Some workers of the worker process(1174) have not registered within the timeout. The process is still alive, probably it's hanging during start.
[2026-06-04 22:29:27,792 E 859 859] (raylet) worker_pool.cc:589: Some workers of the worker process(1175) have not registered within the timeout. The process is still alive, probably it's hanging during start.
[2026-06-04 22:29:27,892 E 859 859] (raylet) worker_pool.cc:589: Some workers of the worker process(1176) have not registered within the timeout. The process is still alive, probably it's hanging during start.
[2026-06-04 22:29:27,894 E 859 859] (raylet) worker_pool.cc:589: Some workers of the worker process(1177) have not registered within the timeout. The process is still alive, probably it's hanging during start.
[2026-06-04 22:29:27,996 E 859 859] (raylet) worker_pool.cc:589: Some workers of the worker process(1178) have not registered within the timeout. The process is still alive, probably it's hanging during start.
[2026-06-04 22:29:28,093 E 859 859] (raylet) worker_pool.cc:589: Some workers of the worker process(1179) have not registered within the timeout. The process is still alive, probably it's hanging during start.
[2026-06-04 22:29:28,095 E 859 859] (raylet) worker_pool.cc:589: Some workers of the worker process(1180) have not registered within the timeout. The process is still alive, probably it's hanging during start.
[2026-06-04 22:29:28,192 E 859 859] (raylet) worker_pool.cc:589: Some workers of the worker process(1181) have not registered within the timeout. The process is still alive, probably it's hanging during start.
[2026-06-04 22:29:28,195 E 859 859] (raylet) worker_pool.cc:589: Some workers of the worker process(1182) have not registered within the timeout. The process is still alive, probably it's hanging during start.
[2026-06-04 22:29:28,197 E 859 859] (raylet) worker_pool.cc:589: Some workers of the worker process(1183) have not registered within the timeout. The process is still alive, probably it's hanging during start.
[2026-06-04 22:29:28,292 E 859 859] (raylet) worker_pool.cc:589: Some workers of the worker process(1184) have not registered within the timeout. The process is still alive, probably it's hanging during start.
[2026-06-04 22:29:28,294 E 859 859] (raylet) worker_pool.cc:589: Some workers of the worker process(1185) have not registered within the timeout. The process is still alive, probably it's hanging during start.
[2026-06-04 22:29:28,297 E 859 859] (raylet) worker_pool.cc:589: Some workers of the worker process(1186) have not registered within the timeout. The process is still alive, probably it's hanging during start.
[2026-06-04 22:29:28,299 E 859 859] (raylet) worker_pool.cc:589: Some workers of the worker process(1187) have not registered within the timeout. The process is still alive, probably it's hanging during start.
[2026-06-04 22:29:28,392 E 859 859] (raylet) worker_pool.cc:589: Some workers of the worker process(1188) have not registered within the timeout. The process is still alive, probably it's hanging during start.
[2026-06-04 22:29:28,493 E 859 859] (raylet) worker_pool.cc:589: Some workers of the worker process(1189) have not registered within the timeout. The process is still alive, probably it's hanging during start.
[2026-06-04 22:29:28,496 E 859 859] (raylet) worker_pool.cc:589: Some workers of the worker process(1190) have not registered within the timeout. The process is still alive, probably it's hanging during start.
[2026-06-04 22:29:28,592 E 859 859] (raylet) worker_pool.cc:589: Some workers of the worker process(1191) have not registered within the timeout. The process is still alive, probably it's hanging during start.
[2026-06-04 22:29:28,595 E 859 859] (raylet) worker_pool.cc:589: Some workers of the worker process(1192) have not registered within the timeout. The process is still alive, probably it's hanging during start.
[2026-06-04 22:29:28,693 E 859 859] (raylet) worker_pool.cc:589: Some workers of the worker process(1193) have not registered within the timeout. The process is still alive, probably it's hanging during start.
[2026-06-04 22:29:28,695 E 859 859] (raylet) worker_pool.cc:589: Some workers of the worker process(1194) have not registered within the timeout. The process is still alive, probably it's hanging during start.
[2026-06-04 22:30:24,123 I 859 892] (raylet) store.cc:573: Plasma store debug dump: 
Current usage: 0 / 20.0817 GB
- num bytes created total: 0
0 pending objects of total size 0MB
- objects spillable: 0
- bytes spillable: 0
- objects unsealed: 0
- bytes unsealed: 0
- objects in use: 0
- bytes in use: 0
- objects evictable: 0
- bytes evictable: 0

- objects created by worker: 0
- bytes created by worker: 0
- objects restored: 0
- bytes restored: 0
- objects received: 0
- bytes received: 0
- objects errored: 0
- bytes errored: 0

[2026-06-04 22:30:24,152 I 859 859] (raylet) node_manager.cc:424: [state-dump] NodeManager:
[state-dump] Node ID: 11e184b7641b47dd66e5366c42f7fe51cb28f4bab1ca7ef8847590e4
[state-dump] Node name: 172.16.254.232
[state-dump] InitialConfigResources: {node:__internal_head__: 1, CPU: 192, node:172.16.254.232: 1, object_store_memory: 2.00817e+10, memory: 4.68574e+10}
[state-dump] ClusterLeaseManager:
[state-dump] ========== Node: 11e184b7641b47dd66e5366c42f7fe51cb28f4bab1ca7ef8847590e4 =================
[state-dump] Infeasible queue length: 0
[state-dump] Schedule queue length: 0
[state-dump] Grant queue length: 0
[state-dump] num_waiting_for_resource: 0
[state-dump] num_waiting_for_plasma_memory: 0
[state-dump] num_waiting_for_remote_node_resources: 0
[state-dump] num_worker_not_started_by_job_config_not_exist: 0
[state-dump] num_worker_not_started_by_registration_timeout: 0
[state-dump] num_tasks_waiting_for_workers: 0
[state-dump] num_cancelled_leases: 0
[state-dump] cluster_resource_scheduler state: 
[state-dump] Local id: 1457234449467745066 Local resources: {"total":{object_store_memory: [200817303550000], node:__internal_head__: [10000], memory: [468573708290000], CPU: [1920000], node:172.16.254.232: [10000]}}, "available": {memory: [468573708290000], CPU: [1920000], node:172.16.254.232: [10000], object_store_memory: [200817303550000], node:__internal_head__: [10000]}}, "labels":{"ray.io/node-id":"11e184b7641b47dd66e5366c42f7fe51cb28f4bab1ca7ef8847590e4",} is_draining: 0 is_idle: 1 Cluster resources (at most 20 nodes are shown): node id: 1457234449467745066{"total":{node:172.16.254.232: 10000, node:__internal_head__: 10000, memory: 468573708290000, object_store_memory: 200817303550000, CPU: 1920000}}, "available": {node:172.16.254.232: 10000, node:__internal_head__: 10000, memory: 468573708290000, CPU: 1920000, object_store_memory: 200817303550000}}, "labels":{"ray.io/node-id":"11e184b7641b47dd66e5366c42f7fe51cb28f4bab1ca7ef8847590e4",}, "is_draining": 0, "draining_deadline_timestamp_ms": -1} { "placement group locations": [], "node to bundles": []}
[state-dump] Waiting leases size: 0
[state-dump] Number of granted lease arguments: 0
[state-dump] Number of pinned lease arguments: 0
[state-dump] Number of total spilled leases: 0
[state-dump] Number of spilled waiting leases: 0
[state-dump] Number of spilled unschedulable leases: 0
[state-dump] Resource usage {
[state-dump] }
[state-dump] Backlog Size per scheduling descriptor :{workerId: num backlogs}:
[state-dump] 
[state-dump] Granted leases by scheduling class:
[state-dump] ==================================================
[state-dump] 
[state-dump] ClusterResources:
[state-dump] LocalObjectManager:
[state-dump] - num pinned objects: 0
[state-dump] - pinned objects size: 0
[state-dump] - num objects pending restore: 0
[state-dump] - num objects pending spill: 0
[state-dump] - num bytes pending spill: 0
[state-dump] - num bytes currently spilled: 0
[state-dump] - cumulative spill requests: 0
[state-dump] - cumulative restore requests: 0
[state-dump] - spilled objects pending delete: 0
[state-dump] 
[state-dump] ObjectManager:
[state-dump] - num local objects: 0
[state-dump] - num unfulfilled push requests: 0
[state-dump] - num object pull requests: 0
[state-dump] - num chunks received total: 0
[state-dump] - num chunks received failed (all): 0
[state-dump] - num chunks received failed / cancelled: 0
[state-dump] - num chunks received failed / plasma error: 0
[state-dump] Event stats:
[state-dump] Global stats: 0 total (0 active)
[state-dump] Queueing time: mean = -nanms, max = -0.00ms, min = 9223372036854.78ms, total = 0.00ms
[state-dump] Execution time:  mean = -nanms, total = 0.00ms
[state-dump] Event stats:
[state-dump] PushManager:
[state-dump] - num pushes remaining: 0
[state-dump] - num chunks in flight: 0
[state-dump] - num chunks remaining: 0
[state-dump] - max chunks allowed: 409
[state-dump] OwnershipBasedObjectDirectory:
[state-dump] - num listeners: 0
[state-dump] - cumulative location updates: 0
[state-dump] - num location updates per second: 0.000
[state-dump] - num location lookups per second: 0.000
[state-dump] - num locations added per second: 0.000
[state-dump] - num locations removed per second: 0.000
[state-dump] BufferPool:
[state-dump] - create buffer state map size: 0
[state-dump] PullManager:
[state-dump] - num bytes available for pulled objects: 20081730355
[state-dump] - num bytes being pulled (all): 0
[state-dump] - num bytes being pulled / pinned: 0
[state-dump] - get request bundles: BundlePullRequestQueue{0 total, 0 active, 0 inactive, 0 unpullable}
[state-dump] - wait request bundles: BundlePullRequestQueue{0 total, 0 active, 0 inactive, 0 unpullable}
[state-dump] - task request bundles: BundlePullRequestQueue{0 total, 0 active, 0 inactive, 0 unpullable}
[state-dump] - first get request bundle: N/A
[state-dump] - first wait request bundle: N/A
[state-dump] - first task request bundle: N/A
[state-dump] - num objects queued: 0
[state-dump] - num objects actively pulled (all): 0
[state-dump] - num objects actively pulled / pinned: 0
[state-dump] - num bundles being pulled: 0
[state-dump] - num pull retries: 0
[state-dump] - max timeout seconds: 0
[state-dump] - max timeout request is already processed. No entry.
[state-dump] 
[state-dump] WorkerPool:
[state-dump] - registered jobs: 1
[state-dump] - process_failed_job_config_missing: 0
[state-dump] - process_failed_rate_limited: 0
[state-dump] - process_failed_pending_registration: 192
[state-dump] - process_failed_runtime_env_setup_failed: 0
[state-dump] - num JAVA workers: 0
[state-dump] - num JAVA drivers: 0
[state-dump] - num JAVA pending start requests: 0
[state-dump] - num JAVA pending registration requests: 0
[state-dump] - num object spill callbacks queued: 0
[state-dump] - num object restore queued: 0
[state-dump] - num util functions queued: 0
[state-dump] - num PYTHON workers: 0
[state-dump] - num PYTHON drivers: 1
[state-dump] - num PYTHON pending start requests: 0
[state-dump] - num PYTHON pending registration requests: 0
[state-dump] - num object spill callbacks queued: 0
[state-dump] - num object restore queued: 0
[state-dump] - num util functions queued: 0
[state-dump] - num idle workers: 0
[state-dump] LeaseDependencyManager:
[state-dump] - lease deps map size: 0
[state-dump] - get req map size: 0
[state-dump] - wait req map size: 0
[state-dump] - local objects map size: 0
[state-dump] WaitManager:
[state-dump] - num active wait requests: 0
[state-dump] Subscriber:
[state-dump] Channel WORKER_OBJECT_LOCATIONS_CHANNEL
[state-dump] - cumulative subscribe requests: 0
[state-dump] - cumulative unsubscribe requests: 0
[state-dump] - active subscribed publishers: 0
[state-dump] - cumulative published messages: 0
[state-dump] - cumulative processed messages: 0
[state-dump] Channel WORKER_OBJECT_EVICTION
[state-dump] - cumulative subscribe requests: 0
[state-dump] - cumulative unsubscribe requests: 0
[state-dump] - active subscribed publishers: 0
[state-dump] - cumulative published messages: 0
[state-dump] - cumulative processed messages: 0
[state-dump] Channel WORKER_REF_REMOVED_CHANNEL
[state-dump] - cumulative subscribe requests: 0
[state-dump] - cumulative unsubscribe requests: 0
[state-dump] - active subscribed publishers: 0
[state-dump] - cumulative published messages: 0
[state-dump] - cumulative processed messages: 0
[state-dump] num async plasma notifications: 0
[state-dump] Event stats:
[state-dump] Global stats: 5120 total (16 active)
[state-dump] Queueing time: mean = 20.04ms, max = 3643.96ms, min = -95.24ms, total = 102583.47ms
[state-dump] Execution time:  mean = 4.14ms, total = 21202.40ms
[state-dump] Event stats:
[state-dump] 	NodeManager.CheckGC - 1072 total (1 active), Execution time: mean = 0.09ms, total = 99.52ms, Queueing time: mean = 11.91ms, max = 3444.74ms, min = -95.24ms, total = 12765.01ms
[state-dump] 	RaySyncer.OnDemandBroadcasting - 1072 total (1 active), Execution time: mean = 0.10ms, total = 102.41ms, Queueing time: mean = 11.91ms, max = 3444.73ms, min = -0.01ms, total = 12762.52ms
[state-dump] 	ObjectManager.UpdateAvailableMemory - 1071 total (0 active), Execution time: mean = 0.00ms, total = 2.90ms, Queueing time: mean = 1.56ms, max = 100.68ms, min = 0.01ms, total = 1673.96ms
[state-dump] 	RayletWorkerPool.deadline_timer.kill_idle_workers - 562 total (1 active), Execution time: mean = 0.01ms, total = 3.30ms, Queueing time: mean = 13.63ms, max = 3350.40ms, min = 0.00ms, total = 7661.01ms
[state-dump] 	MemoryMonitor.CheckIsMemoryUsageAboveThreshold - 411 total (1 active), Execution time: mean = 18.67ms, total = 7672.76ms, Queueing time: mean = 23.78ms, max = 3291.29ms, min = -0.02ms, total = 9772.41ms
[state-dump] 	NodeManagerService.grpc_server.GetResourceLoad - 119 total (0 active), Execution time: mean = 74.41ms, total = 8855.21ms, Queueing time: mean = 0.00ms, max = -0.00ms, min = 9223372036854.78ms, total = 0.00ms
[state-dump] 	NodeManagerService.grpc_server.GetResourceLoad.HandleRequestImpl - 119 total (0 active), Execution time: mean = 0.19ms, total = 22.19ms, Queueing time: mean = 66.32ms, max = 3203.58ms, min = 0.01ms, total = 7892.23ms
[state-dump] 	NodeManager.deadline_timer.flush_free_objects - 117 total (1 active), Execution time: mean = 0.00ms, total = 0.56ms, Queueing time: mean = 31.16ms, max = 2642.08ms, min = 0.01ms, total = 3645.18ms
[state-dump] 	NodeManager.CheckForUnexpectedWorkerDisconnects - 117 total (1 active), Execution time: mean = 0.81ms, total = 94.26ms, Queueing time: mean = 30.38ms, max = 2644.57ms, min = 0.00ms, total = 3554.47ms
[state-dump] 	NodeManager.deadline_timer.spill_objects_when_over_threshold - 117 total (1 active), Execution time: mean = 0.00ms, total = 0.37ms, Queueing time: mean = 31.16ms, max = 2642.10ms, min = 0.01ms, total = 3645.38ms
[state-dump] 	NodeManager.ScheduleAndGrantLeases - 117 total (1 active), Execution time: mean = 0.01ms, total = 1.32ms, Queueing time: mean = 31.17ms, max = 2644.57ms, min = 0.01ms, total = 3647.46ms
[state-dump] 	ClusterResourceManager.ResetRemoteNodeView - 40 total (1 active), Execution time: mean = 0.00ms, total = 0.20ms, Queueing time: mean = 46.22ms, max = 1645.70ms, min = 0.01ms, total = 1848.74ms
[state-dump] 	ReporterService.grpc_client.HealthCheck.OnReplyReceived - 31 total (0 active), Execution time: mean = 0.12ms, total = 3.62ms, Queueing time: mean = 0.17ms, max = 1.08ms, min = 0.01ms, total = 5.28ms
[state-dump] 	ReporterService.grpc_client.HealthCheck - 31 total (0 active), Execution time: mean = 19.15ms, total = 593.71ms, Queueing time: mean = 0.00ms, max = -0.00ms, min = 9223372036854.78ms, total = 0.00ms
[state-dump] 	MetricsAgentClient.WaitForServerReadyWithRetry - 30 total (0 active), Execution time: mean = 0.31ms, total = 9.18ms, Queueing time: mean = 1101.58ms, max = 3643.96ms, min = 1000.02ms, total = 33047.26ms
[state-dump] 	NodeManager.deadline_timer.record_metrics - 24 total (1 active), Execution time: mean = 0.53ms, total = 12.77ms, Queueing time: mean = 18.25ms, max = 99.31ms, min = 0.02ms, total = 438.04ms
[state-dump] 	PeriodicalRunner.RunFnPeriodically - 14 total (0 active), Execution time: mean = 0.23ms, total = 3.29ms, Queueing time: mean = 4.55ms, max = 12.98ms, min = 0.09ms, total = 63.65ms
[state-dump] 	event_loop_lag_probe - 13 total (0 active), Execution time: mean = 0.02ms, total = 0.25ms, Queueing time: mean = 0.93ms, max = 6.45ms, min = 0.00ms, total = 12.10ms
[state-dump] 	NodeManager.deadline_timer.debug_state_dump - 12 total (1 active), Execution time: mean = 9.14ms, total = 109.63ms, Queueing time: mean = 12.06ms, max = 96.66ms, min = 0.01ms, total = 144.67ms
[state-dump] 	ray::rpc::NodeInfoGcsService.grpc_client.CheckAlive.OnReplyReceived - 2 total (0 active), Execution time: mean = 0.06ms, total = 0.11ms, Queueing time: mean = 0.08ms, max = 0.14ms, min = 0.02ms, total = 0.15ms
[state-dump] 	ray::rpc::InternalPubSubGcsService.grpc_client.GcsSubscriberCommandBatch.OnReplyReceived - 2 total (0 active), Execution time: mean = 0.10ms, total = 0.20ms, Queueing time: mean = 1.08ms, max = 2.01ms, min = 0.15ms, total = 2.16ms
[state-dump] 	NodeManager.GcsCheckAlive - 2 total (1 active), Execution time: mean = 0.15ms, total = 0.30ms, Queueing time: mean = 0.80ms, max = 1.61ms, min = 1.61ms, total = 1.61ms
[state-dump] 	RaySyncerRegister - 2 total (0 active), Execution time: mean = 0.00ms, total = 0.01ms, Queueing time: mean = 0.00ms, max = 0.00ms, min = 0.00ms, total = 0.00ms
[state-dump] 	ray::rpc::NodeInfoGcsService.grpc_client.CheckAlive - 2 total (0 active), Execution time: mean = 21.02ms, total = 42.03ms, Queueing time: mean = 0.00ms, max = -0.00ms, min = 9223372036854.78ms, total = 0.00ms
[state-dump] 	NodeManager.deadline_timer.print_event_loop_stats - 2 total (1 active, 1 running), Execution time: mean = 0.86ms, total = 1.72ms, Queueing time: mean = 0.01ms, max = 0.03ms, min = 0.03ms, total = 0.03ms
[state-dump] 	ray::rpc::InternalPubSubGcsService.grpc_client.GcsSubscriberCommandBatch - 2 total (0 active), Execution time: mean = 0.92ms, total = 1.84ms, Queueing time: mean = 0.00ms, max = -0.00ms, min = 9223372036854.78ms, total = 0.00ms
[state-dump] 	ClientConnection.async_read.ProcessMessageHeader - 2 total (1 active), Execution time: mean = 0.00ms, total = 0.01ms, Queueing time: mean = 0.01ms, max = 0.02ms, min = 0.02ms, total = 0.02ms
[state-dump] 	ray::rpc::NodeInfoGcsService.grpc_client.GetAllNodeAddressAndLiveness.OnReplyReceived - 1 total (0 active), Execution time: mean = 0.15ms, total = 0.15ms, Queueing time: mean = 0.01ms, max = 0.01ms, min = 0.01ms, total = 0.01ms
[state-dump] 	ray::rpc::InternalKVGcsService.grpc_client.GetInternalConfig - 1 total (0 active), Execution time: mean = 1.38ms, total = 1.38ms, Queueing time: mean = 0.00ms, max = -0.00ms, min = 9223372036854.78ms, total = 0.00ms
[state-dump] 	NodeManager.GCTaskFailureReason - 1 total (1 active), Execution time: mean = 0.00ms, total = 0.00ms, Queueing time: mean = 0.00ms, max = -0.00ms, min = 9223372036854.78ms, total = 0.00ms
[state-dump] 	ray::rpc::InternalKVGcsService.grpc_client.GetInternalConfig.OnReplyReceived - 1 total (0 active), Execution time: mean = 24.53ms, total = 24.53ms, Queueing time: mean = 0.03ms, max = 0.03ms, min = 0.03ms, total = 0.03ms
[state-dump] 	NodeManagerService.grpc_server.GetSystemConfig.HandleRequestImpl - 1 total (0 active), Execution time: mean = 0.09ms, total = 0.09ms, Queueing time: mean = 0.02ms, max = 0.02ms, min = 0.02ms, total = 0.02ms
[state-dump] 	ray::rpc::InternalPubSubGcsService.grpc_client.GcsSubscriberPoll - 1 total (1 active), Execution time: mean = 0.00ms, total = 0.00ms, Queueing time: mean = 0.00ms, max = -0.00ms, min = 9223372036854.78ms, total = 0.00ms
[state-dump] 	ray::rpc::NodeInfoGcsService.grpc_client.RegisterNode - 1 total (0 active), Execution time: mean = 1.29ms, total = 1.29ms, Queueing time: mean = 0.00ms, max = -0.00ms, min = 9223372036854.78ms, total = 0.00ms
[state-dump] 	ClientConnection.async_read.ProcessMessage - 1 total (0 active), Execution time: mean = 3538.24ms, total = 3538.24ms, Queueing time: mean = 0.01ms, max = 0.01ms, min = 0.01ms, total = 0.01ms
[state-dump] 	ray::rpc::NodeInfoGcsService.grpc_client.RegisterNode.OnReplyReceived - 1 total (0 active), Execution time: mean = 0.68ms, total = 0.68ms, Queueing time: mean = 0.05ms, max = 0.05ms, min = 0.05ms, total = 0.05ms
[state-dump] 	NodeManagerService.grpc_server.GetSystemConfig - 1 total (0 active), Execution time: mean = 0.65ms, total = 0.65ms, Queueing time: mean = 0.00ms, max = -0.00ms, min = 9223372036854.78ms, total = 0.00ms
[state-dump] 	ray::rpc::JobInfoGcsService.grpc_client.GetAllJobInfo - 1 total (0 active), Execution time: mean = 0.76ms, total = 0.76ms, Queueing time: mean = 0.00ms, max = -0.00ms, min = 9223372036854.78ms, total = 0.00ms
[state-dump] 	ray::rpc::JobInfoGcsService.grpc_client.GetAllJobInfo.OnReplyReceived - 1 total (0 active), Execution time: mean = 0.03ms, total = 0.03ms, Queueing time: mean = 0.01ms, max = 0.01ms, min = 0.01ms, total = 0.01ms
[state-dump] 	 - 1 total (0 active), Execution time: mean = 0.00ms, total = 0.00ms, Queueing time: mean = 0.02ms, max = 0.02ms, min = 0.02ms, total = 0.02ms
[state-dump] 	RaySyncer.BroadcastMessage - 1 total (0 active), Execution time: mean = 0.09ms, total = 0.09ms, Queueing time: mean = 0.00ms, max = 0.00ms, min = 0.00ms, total = 0.00ms
[state-dump] 	ray::rpc::NodeInfoGcsService.grpc_client.GetAllNodeAddressAndLiveness - 1 total (0 active), Execution time: mean = 0.85ms, total = 0.85ms, Queueing time: mean = 0.00ms, max = -0.00ms, min = 9223372036854.78ms, total = 0.00ms
[state-dump] DebugString() time ms: 1
[state-dump] 
[state-dump] 
[2026-06-04 22:31:24,124 I 859 892] (raylet) store.cc:573: Plasma store debug dump: 
Current usage: 0 / 20.0817 GB
- num bytes created total: 0
0 pending objects of total size 0MB
- objects spillable: 0
- bytes spillable: 0
- objects unsealed: 0
- bytes unsealed: 0
- objects in use: 0
- bytes in use: 0
- objects evictable: 0
- bytes evictable: 0

- objects created by worker: 0
- bytes created by worker: 0
- objects restored: 0
- bytes restored: 0
- objects received: 0
- bytes received: 0
- objects errored: 0
- bytes errored: 0

[2026-06-04 22:31:24,153 I 859 859] (raylet) node_manager.cc:424: [state-dump] NodeManager:
[state-dump] Node ID: 11e184b7641b47dd66e5366c42f7fe51cb28f4bab1ca7ef8847590e4
[state-dump] Node name: 172.16.254.232
[state-dump] InitialConfigResources: {node:__internal_head__: 1, CPU: 192, node:172.16.254.232: 1, object_store_memory: 2.00817e+10, memory: 4.68574e+10}
[state-dump] ClusterLeaseManager:
[state-dump] ========== Node: 11e184b7641b47dd66e5366c42f7fe51cb28f4bab1ca7ef8847590e4 =================
[state-dump] Infeasible queue length: 0
[state-dump] Schedule queue length: 0
[state-dump] Grant queue length: 0
[state-dump] num_waiting_for_resource: 0
[state-dump] num_waiting_for_plasma_memory: 0
[state-dump] num_waiting_for_remote_node_resources: 0
[state-dump] num_worker_not_started_by_job_config_not_exist: 0
[state-dump] num_worker_not_started_by_registration_timeout: 0
[state-dump] num_tasks_waiting_for_workers: 0
[state-dump] num_cancelled_leases: 0
[state-dump] cluster_resource_scheduler state: 
[state-dump] Local id: 1457234449467745066 Local resources: {"total":{object_store_memory: [200817303550000], node:__internal_head__: [10000], memory: [468573708290000], CPU: [1920000], node:172.16.254.232: [10000]}}, "available": {memory: [468573708290000], CPU: [1920000], node:172.16.254.232: [10000], object_store_memory: [200817303550000], node:__internal_head__: [10000]}}, "labels":{"ray.io/node-id":"11e184b7641b47dd66e5366c42f7fe51cb28f4bab1ca7ef8847590e4",} is_draining: 0 is_idle: 1 Cluster resources (at most 20 nodes are shown): node id: 1457234449467745066{"total":{node:172.16.254.232: 10000, node:__internal_head__: 10000, memory: 468573708290000, object_store_memory: 200817303550000, CPU: 1920000}}, "available": {node:172.16.254.232: 10000, node:__internal_head__: 10000, memory: 468573708290000, CPU: 1920000, object_store_memory: 200817303550000}}, "labels":{"ray.io/node-id":"11e184b7641b47dd66e5366c42f7fe51cb28f4bab1ca7ef8847590e4",}, "is_draining": 0, "draining_deadline_timestamp_ms": -1} { "placement group locations": [], "node to bundles": []}
[state-dump] Waiting leases size: 0
[state-dump] Number of granted lease arguments: 0
[state-dump] Number of pinned lease arguments: 0
[state-dump] Number of total spilled leases: 0
[state-dump] Number of spilled waiting leases: 0
[state-dump] Number of spilled unschedulable leases: 0
[state-dump] Resource usage {
[state-dump] }
[state-dump] Backlog Size per scheduling descriptor :{workerId: num backlogs}:
[state-dump] 
[state-dump] Granted leases by scheduling class:
[state-dump] ==================================================
[state-dump] 
[state-dump] ClusterResources:
[state-dump] LocalObjectManager:
[state-dump] - num pinned objects: 0
[state-dump] - pinned objects size: 0
[state-dump] - num objects pending restore: 0
[state-dump] - num objects pending spill: 0
[state-dump] - num bytes pending spill: 0
[state-dump] - num bytes currently spilled: 0
[state-dump] - cumulative spill requests: 0
[state-dump] - cumulative restore requests: 0
[state-dump] - spilled objects pending delete: 0
[state-dump] 
[state-dump] ObjectManager:
[state-dump] - num local objects: 0
[state-dump] - num unfulfilled push requests: 0
[state-dump] - num object pull requests: 0
[state-dump] - num chunks received total: 0
[state-dump] - num chunks received failed (all): 0
[state-dump] - num chunks received failed / cancelled: 0
[state-dump] - num chunks received failed / plasma error: 0
[state-dump] Event stats:
[state-dump] Global stats: 0 total (0 active)
[state-dump] Queueing time: mean = -nanms, max = -0.00ms, min = 9223372036854.78ms, total = 0.00ms
[state-dump] Execution time:  mean = -nanms, total = 0.00ms
[state-dump] Event stats:
[state-dump] PushManager:
[state-dump] - num pushes remaining: 0
[state-dump] - num chunks in flight: 0
[state-dump] - num chunks remaining: 0
[state-dump] - max chunks allowed: 409
[state-dump] OwnershipBasedObjectDirectory:
[state-dump] - num listeners: 0
[state-dump] - cumulative location updates: 0
[state-dump] - num location updates per second: 0.000
[state-dump] - num location lookups per second: 0.000
[state-dump] - num locations added per second: 0.000
[state-dump] - num locations removed per second: 0.000
[state-dump] BufferPool:
[state-dump] - create buffer state map size: 0
[state-dump] PullManager:
[state-dump] - num bytes available for pulled objects: 20081730355
[state-dump] - num bytes being pulled (all): 0
[state-dump] - num bytes being pulled / pinned: 0
[state-dump] - get request bundles: BundlePullRequestQueue{0 total, 0 active, 0 inactive, 0 unpullable}
[state-dump] - wait request bundles: BundlePullRequestQueue{0 total, 0 active, 0 inactive, 0 unpullable}
[state-dump] - task request bundles: BundlePullRequestQueue{0 total, 0 active, 0 inactive, 0 unpullable}
[state-dump] - first get request bundle: N/A
[state-dump] - first wait request bundle: N/A
[state-dump] - first task request bundle: N/A
[state-dump] - num objects queued: 0
[state-dump] - num objects actively pulled (all): 0
[state-dump] - num objects actively pulled / pinned: 0
[state-dump] - num bundles being pulled: 0
[state-dump] - num pull retries: 0
[state-dump] - max timeout seconds: 0
[state-dump] - max timeout request is already processed. No entry.
[state-dump] 
[state-dump] WorkerPool:
[state-dump] - registered jobs: 1
[state-dump] - process_failed_job_config_missing: 0
[state-dump] - process_failed_rate_limited: 0
[state-dump] - process_failed_pending_registration: 192
[state-dump] - process_failed_runtime_env_setup_failed: 0
[state-dump] - num JAVA workers: 0
[state-dump] - num JAVA drivers: 0
[state-dump] - num JAVA pending start requests: 0
[state-dump] - num JAVA pending registration requests: 0
[state-dump] - num object spill callbacks queued: 0
[state-dump] - num object restore queued: 0
[state-dump] - num util functions queued: 0
[state-dump] - num PYTHON workers: 0
[state-dump] - num PYTHON drivers: 1
[state-dump] - num PYTHON pending start requests: 0
[state-dump] - num PYTHON pending registration requests: 0
[state-dump] - num object spill callbacks queued: 0
[state-dump] - num object restore queued: 0
[state-dump] - num util functions queued: 0
[state-dump] - num idle workers: 0
[state-dump] LeaseDependencyManager:
[state-dump] - lease deps map size: 0
[state-dump] - get req map size: 0
[state-dump] - wait req map size: 0
[state-dump] - local objects map size: 0
[state-dump] WaitManager:
[state-dump] - num active wait requests: 0
[state-dump] Subscriber:
[state-dump] Channel WORKER_OBJECT_LOCATIONS_CHANNEL
[state-dump] - cumulative subscribe requests: 0
[state-dump] - cumulative unsubscribe requests: 0
[state-dump] - active subscribed publishers: 0
[state-dump] - cumulative published messages: 0
[state-dump] - cumulative processed messages: 0
[state-dump] Channel WORKER_OBJECT_EVICTION
[state-dump] - cumulative subscribe requests: 0
[state-dump] - cumulative unsubscribe requests: 0
[state-dump] - active subscribed publishers: 0
[state-dump] - cumulative published messages: 0
[state-dump] - cumulative processed messages: 0
[state-dump] Channel WORKER_REF_REMOVED_CHANNEL
[state-dump] - cumulative subscribe requests: 0
[state-dump] - cumulative unsubscribe requests: 0
[state-dump] - active subscribed publishers: 0
[state-dump] - cumulative published messages: 0
[state-dump] - cumulative processed messages: 0
[state-dump] num async plasma notifications: 0
[state-dump] Event stats:
[state-dump] Global stats: 7866 total (16 active)
[state-dump] Queueing time: mean = 13.05ms, max = 3643.96ms, min = -95.24ms, total = 102675.35ms
[state-dump] Execution time:  mean = 2.77ms, total = 21817.68ms
[state-dump] Event stats:
[state-dump] 	NodeManager.CheckGC - 1672 total (1 active), Execution time: mean = 0.06ms, total = 100.64ms, Queueing time: mean = 7.65ms, max = 3444.74ms, min = -95.24ms, total = 12789.65ms
[state-dump] 	RaySyncer.OnDemandBroadcasting - 1672 total (1 active), Execution time: mean = 0.06ms, total = 104.28ms, Queueing time: mean = 7.65ms, max = 3444.73ms, min = -0.01ms, total = 12786.48ms
[state-dump] 	ObjectManager.UpdateAvailableMemory - 1671 total (0 active), Execution time: mean = 0.00ms, total = 3.88ms, Queueing time: mean = 1.01ms, max = 100.68ms, min = 0.01ms, total = 1689.18ms
[state-dump] 	RayletWorkerPool.deadline_timer.kill_idle_workers - 862 total (1 active), Execution time: mean = 0.01ms, total = 4.35ms, Queueing time: mean = 8.90ms, max = 3350.40ms, min = 0.00ms, total = 7671.69ms
[state-dump] 	MemoryMonitor.CheckIsMemoryUsageAboveThreshold - 649 total (1 active), Execution time: mean = 12.68ms, total = 8226.66ms, Queueing time: mean = 15.06ms, max = 3291.29ms, min = -0.02ms, total = 9777.18ms
[state-dump] 	NodeManagerService.grpc_server.GetResourceLoad - 179 total (0 active), Execution time: mean = 49.64ms, total = 8885.76ms, Queueing time: mean = 0.00ms, max = -0.00ms, min = 9223372036854.78ms, total = 0.00ms
[state-dump] 	NodeManagerService.grpc_server.GetResourceLoad.HandleRequestImpl - 179 total (0 active), Execution time: mean = 0.17ms, total = 29.66ms, Queueing time: mean = 44.10ms, max = 3203.58ms, min = 0.01ms, total = 7894.11ms
[state-dump] 	NodeManager.deadline_timer.flush_free_objects - 177 total (1 active), Execution time: mean = 0.00ms, total = 0.74ms, Queueing time: mean = 20.61ms, max = 2642.08ms, min = 0.01ms, total = 3647.38ms
[state-dump] 	NodeManager.CheckForUnexpectedWorkerDisconnects - 177 total (1 active), Execution time: mean = 0.54ms, total = 94.74ms, Queueing time: mean = 20.09ms, max = 2644.57ms, min = 0.00ms, total = 3556.40ms
[state-dump] 	NodeManager.deadline_timer.spill_objects_when_over_threshold - 177 total (1 active), Execution time: mean = 0.00ms, total = 0.51ms, Queueing time: mean = 20.61ms, max = 2642.10ms, min = 0.01ms, total = 3647.63ms
[state-dump] 	NodeManager.ScheduleAndGrantLeases - 177 total (1 active), Execution time: mean = 0.01ms, total = 1.77ms, Queueing time: mean = 20.62ms, max = 2644.57ms, min = 0.01ms, total = 3649.43ms
[state-dump] 	ClusterResourceManager.ResetRemoteNodeView - 60 total (1 active), Execution time: mean = 0.00ms, total = 0.27ms, Queueing time: mean = 30.82ms, max = 1645.70ms, min = 0.01ms, total = 1849.18ms
[state-dump] 	NodeManager.deadline_timer.record_metrics - 36 total (1 active), Execution time: mean = 0.51ms, total = 18.52ms, Queueing time: mean = 12.17ms, max = 99.31ms, min = 0.01ms, total = 438.27ms
[state-dump] 	ReporterService.grpc_client.HealthCheck.OnReplyReceived - 31 total (0 active), Execution time: mean = 0.12ms, total = 3.62ms, Queueing time: mean = 0.17ms, max = 1.08ms, min = 0.01ms, total = 5.28ms
[state-dump] 	ReporterService.grpc_client.HealthCheck - 31 total (0 active), Execution time: mean = 19.15ms, total = 593.71ms, Queueing time: mean = 0.00ms, max = -0.00ms, min = 9223372036854.78ms, total = 0.00ms
[state-dump] 	MetricsAgentClient.WaitForServerReadyWithRetry - 30 total (0 active), Execution time: mean = 0.31ms, total = 9.18ms, Queueing time: mean = 1101.58ms, max = 3643.96ms, min = 1000.02ms, total = 33047.26ms
[state-dump] 	event_loop_lag_probe - 19 total (0 active), Execution time: mean = 0.02ms, total = 0.34ms, Queueing time: mean = 0.64ms, max = 6.45ms, min = 0.00ms, total = 12.14ms
[state-dump] 	NodeManager.deadline_timer.debug_state_dump - 18 total (1 active), Execution time: mean = 6.53ms, total = 117.51ms, Queueing time: mean = 8.04ms, max = 96.66ms, min = 0.01ms, total = 144.78ms
[state-dump] 	PeriodicalRunner.RunFnPeriodically - 14 total (0 active), Execution time: mean = 0.23ms, total = 3.29ms, Queueing time: mean = 4.55ms, max = 12.98ms, min = 0.09ms, total = 63.65ms
[state-dump] 	ray::rpc::NodeInfoGcsService.grpc_client.CheckAlive.OnReplyReceived - 3 total (0 active), Execution time: mean = 0.06ms, total = 0.17ms, Queueing time: mean = 0.06ms, max = 0.14ms, min = 0.02ms, total = 0.18ms
[state-dump] 	NodeManager.GcsCheckAlive - 3 total (1 active), Execution time: mean = 0.21ms, total = 0.63ms, Queueing time: mean = 1.03ms, max = 1.61ms, min = 1.48ms, total = 3.08ms
[state-dump] 	ray::rpc::NodeInfoGcsService.grpc_client.CheckAlive - 3 total (0 active), Execution time: mean = 14.40ms, total = 43.19ms, Queueing time: mean = 0.00ms, max = -0.00ms, min = 9223372036854.78ms, total = 0.00ms
[state-dump] 	NodeManager.deadline_timer.print_event_loop_stats - 3 total (1 active, 1 running), Execution time: mean = 1.16ms, total = 3.48ms, Queueing time: mean = 0.02ms, max = 0.03ms, min = 0.02ms, total = 0.05ms
[state-dump] 	RaySyncerRegister - 2 total (0 active), Execution time: mean = 0.00ms, total = 0.01ms, Queueing time: mean = 0.00ms, max = 0.00ms, min = 0.00ms, total = 0.00ms
[state-dump] 	ray::rpc::InternalPubSubGcsService.grpc_client.GcsSubscriberCommandBatch - 2 total (0 active), Execution time: mean = 0.92ms, total = 1.84ms, Queueing time: mean = 0.00ms, max = -0.00ms, min = 9223372036854.78ms, total = 0.00ms
[state-dump] 	ClientConnection.async_read.ProcessMessageHeader - 2 total (1 active), Execution time: mean = 0.00ms, total = 0.01ms, Queueing time: mean = 0.01ms, max = 0.02ms, min = 0.02ms, total = 0.02ms
[state-dump] 	ray::rpc::InternalPubSubGcsService.grpc_client.GcsSubscriberCommandBatch.OnReplyReceived - 2 total (0 active), Execution time: mean = 0.10ms, total = 0.20ms, Queueing time: mean = 1.08ms, max = 2.01ms, min = 0.15ms, total = 2.16ms
[state-dump] 	ray::rpc::InternalKVGcsService.grpc_client.GetInternalConfig - 1 total (0 active), Execution time: mean = 1.38ms, total = 1.38ms, Queueing time: mean = 0.00ms, max = -0.00ms, min = 9223372036854.78ms, total = 0.00ms
[state-dump] 	ray::rpc::NodeInfoGcsService.grpc_client.GetAllNodeAddressAndLiveness.OnReplyReceived - 1 total (0 active), Execution time: mean = 0.15ms, total = 0.15ms, Queueing time: mean = 0.01ms, max = 0.01ms, min = 0.01ms, total = 0.01ms
[state-dump] 	NodeManager.GCTaskFailureReason - 1 total (1 active), Execution time: mean = 0.00ms, total = 0.00ms, Queueing time: mean = 0.00ms, max = -0.00ms, min = 9223372036854.78ms, total = 0.00ms
[state-dump] 	ray::rpc::InternalKVGcsService.grpc_client.GetInternalConfig.OnReplyReceived - 1 total (0 active), Execution time: mean = 24.53ms, total = 24.53ms, Queueing time: mean = 0.03ms, max = 0.03ms, min = 0.03ms, total = 0.03ms
[state-dump] 	NodeManagerService.grpc_server.GetSystemConfig.HandleRequestImpl - 1 total (0 active), Execution time: mean = 0.09ms, total = 0.09ms, Queueing time: mean = 0.02ms, max = 0.02ms, min = 0.02ms, total = 0.02ms
[state-dump] 	ray::rpc::InternalPubSubGcsService.grpc_client.GcsSubscriberPoll - 1 total (1 active), Execution time: mean = 0.00ms, total = 0.00ms, Queueing time: mean = 0.00ms, max = -0.00ms, min = 9223372036854.78ms, total = 0.00ms
[state-dump] 	ray::rpc::NodeInfoGcsService.grpc_client.RegisterNode - 1 total (0 active), Execution time: mean = 1.29ms, total = 1.29ms, Queueing time: mean = 0.00ms, max = -0.00ms, min = 9223372036854.78ms, total = 0.00ms
[state-dump] 	ClientConnection.async_read.ProcessMessage - 1 total (0 active), Execution time: mean = 3538.24ms, total = 3538.24ms, Queueing time: mean = 0.01ms, max = 0.01ms, min = 0.01ms, total = 0.01ms
[state-dump] 	ray::rpc::NodeInfoGcsService.grpc_client.RegisterNode.OnReplyReceived - 1 total (0 active), Execution time: mean = 0.68ms, total = 0.68ms, Queueing time: mean = 0.05ms, max = 0.05ms, min = 0.05ms, total = 0.05ms
[state-dump] 	NodeManagerService.grpc_server.GetSystemConfig - 1 total (0 active), Execution time: mean = 0.65ms, total = 0.65ms, Queueing time: mean = 0.00ms, max = -0.00ms, min = 9223372036854.78ms, total = 0.00ms
[state-dump] 	ray::rpc::JobInfoGcsService.grpc_client.GetAllJobInfo - 1 total (0 active), Execution time: mean = 0.76ms, total = 0.76ms, Queueing time: mean = 0.00ms, max = -0.00ms, min = 9223372036854.78ms, total = 0.00ms
[state-dump] 	ray::rpc::JobInfoGcsService.grpc_client.GetAllJobInfo.OnReplyReceived - 1 total (0 active), Execution time: mean = 0.03ms, total = 0.03ms, Queueing time: mean = 0.01ms, max = 0.01ms, min = 0.01ms, total = 0.01ms
[state-dump] 	 - 1 total (0 active), Execution time: mean = 0.00ms, total = 0.00ms, Queueing time: mean = 0.02ms, max = 0.02ms, min = 0.02ms, total = 0.02ms
[state-dump] 	RaySyncer.BroadcastMessage - 1 total (0 active), Execution time: mean = 0.09ms, total = 0.09ms, Queueing time: mean = 0.00ms, max = 0.00ms, min = 0.00ms, total = 0.00ms
[state-dump] 	ray::rpc::NodeInfoGcsService.grpc_client.GetAllNodeAddressAndLiveness - 1 total (0 active), Execution time: mean = 0.85ms, total = 0.85ms, Queueing time: mean = 0.00ms, max = -0.00ms, min = 9223372036854.78ms, total = 0.00ms
[state-dump] DebugString() time ms: 1
[state-dump] 
[state-dump] 
[2026-06-04 22:32:24,124 I 859 892] (raylet) store.cc:573: Plasma store debug dump: 
Current usage: 0 / 20.0817 GB
- num bytes created total: 0
0 pending objects of total size 0MB
- objects spillable: 0
- bytes spillable: 0
- objects unsealed: 0
- bytes unsealed: 0
- objects in use: 0
- bytes in use: 0
- objects evictable: 0
- bytes evictable: 0

- objects created by worker: 0
- bytes created by worker: 0
- objects restored: 0
- bytes restored: 0
- objects received: 0
- bytes received: 0
- objects errored: 0
- bytes errored: 0

[2026-06-04 22:32:24,154 I 859 859] (raylet) node_manager.cc:424: [state-dump] NodeManager:
[state-dump] Node ID: 11e184b7641b47dd66e5366c42f7fe51cb28f4bab1ca7ef8847590e4
[state-dump] Node name: 172.16.254.232
[state-dump] InitialConfigResources: {node:__internal_head__: 1, CPU: 192, node:172.16.254.232: 1, object_store_memory: 2.00817e+10, memory: 4.68574e+10}
[state-dump] ClusterLeaseManager:
[state-dump] ========== Node: 11e184b7641b47dd66e5366c42f7fe51cb28f4bab1ca7ef8847590e4 =================
[state-dump] Infeasible queue length: 0
[state-dump] Schedule queue length: 0
[state-dump] Grant queue length: 0
[state-dump] num_waiting_for_resource: 0
[state-dump] num_waiting_for_plasma_memory: 0
[state-dump] num_waiting_for_remote_node_resources: 0
[state-dump] num_worker_not_started_by_job_config_not_exist: 0
[state-dump] num_worker_not_started_by_registration_timeout: 0
[state-dump] num_tasks_waiting_for_workers: 0
[state-dump] num_cancelled_leases: 0
[state-dump] cluster_resource_scheduler state: 
[state-dump] Local id: 1457234449467745066 Local resources: {"total":{object_store_memory: [200817303550000], node:__internal_head__: [10000], memory: [468573708290000], CPU: [1920000], node:172.16.254.232: [10000]}}, "available": {memory: [468573708290000], CPU: [1920000], node:172.16.254.232: [10000], object_store_memory: [200817303550000], node:__internal_head__: [10000]}}, "labels":{"ray.io/node-id":"11e184b7641b47dd66e5366c42f7fe51cb28f4bab1ca7ef8847590e4",} is_draining: 0 is_idle: 1 Cluster resources (at most 20 nodes are shown): node id: 1457234449467745066{"total":{node:172.16.254.232: 10000, node:__internal_head__: 10000, memory: 468573708290000, object_store_memory: 200817303550000, CPU: 1920000}}, "available": {node:172.16.254.232: 10000, node:__internal_head__: 10000, memory: 468573708290000, CPU: 1920000, object_store_memory: 200817303550000}}, "labels":{"ray.io/node-id":"11e184b7641b47dd66e5366c42f7fe51cb28f4bab1ca7ef8847590e4",}, "is_draining": 0, "draining_deadline_timestamp_ms": -1} { "placement group locations": [], "node to bundles": []}
[state-dump] Waiting leases size: 0
[state-dump] Number of granted lease arguments: 0
[state-dump] Number of pinned lease arguments: 0
[state-dump] Number of total spilled leases: 0
[state-dump] Number of spilled waiting leases: 0
[state-dump] Number of spilled unschedulable leases: 0
[state-dump] Resource usage {
[state-dump] }
[state-dump] Backlog Size per scheduling descriptor :{workerId: num backlogs}:
[state-dump] 
[state-dump] Granted leases by scheduling class:
[state-dump] ==================================================
[state-dump] 
[state-dump] ClusterResources:
[state-dump] LocalObjectManager:
[state-dump] - num pinned objects: 0
[state-dump] - pinned objects size: 0
[state-dump] - num objects pending restore: 0
[state-dump] - num objects pending spill: 0
[state-dump] - num bytes pending spill: 0
[state-dump] - num bytes currently spilled: 0
[state-dump] - cumulative spill requests: 0
[state-dump] - cumulative restore requests: 0
[state-dump] - spilled objects pending delete: 0
[state-dump] 
[state-dump] ObjectManager:
[state-dump] - num local objects: 0
[state-dump] - num unfulfilled push requests: 0
[state-dump] - num object pull requests: 0
[state-dump] - num chunks received total: 0
[state-dump] - num chunks received failed (all): 0
[state-dump] - num chunks received failed / cancelled: 0
[state-dump] - num chunks received failed / plasma error: 0
[state-dump] Event stats:
[state-dump] Global stats: 0 total (0 active)
[state-dump] Queueing time: mean = -nanms, max = -0.00ms, min = 9223372036854.78ms, total = 0.00ms
[state-dump] Execution time:  mean = -nanms, total = 0.00ms
[state-dump] Event stats:
[state-dump] PushManager:
[state-dump] - num pushes remaining: 0
[state-dump] - num chunks in flight: 0
[state-dump] - num chunks remaining: 0
[state-dump] - max chunks allowed: 409
[state-dump] OwnershipBasedObjectDirectory:
[state-dump] - num listeners: 0
[state-dump] - cumulative location updates: 0
[state-dump] - num location updates per second: 0.000
[state-dump] - num location lookups per second: 0.000
[state-dump] - num locations added per second: 0.000
[state-dump] - num locations removed per second: 0.000
[state-dump] BufferPool:
[state-dump] - create buffer state map size: 0
[state-dump] PullManager:
[state-dump] - num bytes available for pulled objects: 20081730355
[state-dump] - num bytes being pulled (all): 0
[state-dump] - num bytes being pulled / pinned: 0
[state-dump] - get request bundles: BundlePullRequestQueue{0 total, 0 active, 0 inactive, 0 unpullable}
[state-dump] - wait request bundles: BundlePullRequestQueue{0 total, 0 active, 0 inactive, 0 unpullable}
[state-dump] - task request bundles: BundlePullRequestQueue{0 total, 0 active, 0 inactive, 0 unpullable}
[state-dump] - first get request bundle: N/A
[state-dump] - first wait request bundle: N/A
[state-dump] - first task request bundle: N/A
[state-dump] - num objects queued: 0
[state-dump] - num objects actively pulled (all): 0
[state-dump] - num objects actively pulled / pinned: 0
[state-dump] - num bundles being pulled: 0
[state-dump] - num pull retries: 0
[state-dump] - max timeout seconds: 0
[state-dump] - max timeout request is already processed. No entry.
[state-dump] 
[state-dump] WorkerPool:
[state-dump] - registered jobs: 1
[state-dump] - process_failed_job_config_missing: 0
[state-dump] - process_failed_rate_limited: 0
[state-dump] - process_failed_pending_registration: 192
[state-dump] - process_failed_runtime_env_setup_failed: 0
[state-dump] - num JAVA workers: 0
[state-dump] - num JAVA drivers: 0
[state-dump] - num JAVA pending start requests: 0
[state-dump] - num JAVA pending registration requests: 0
[state-dump] - num object spill callbacks queued: 0
[state-dump] - num object restore queued: 0
[state-dump] - num util functions queued: 0
[state-dump] - num PYTHON workers: 0
[state-dump] - num PYTHON drivers: 1
[state-dump] - num PYTHON pending start requests: 0
[state-dump] - num PYTHON pending registration requests: 0
[state-dump] - num object spill callbacks queued: 0
[state-dump] - num object restore queued: 0
[state-dump] - num util functions queued: 0
[state-dump] - num idle workers: 0
[state-dump] LeaseDependencyManager:
[state-dump] - lease deps map size: 0
[state-dump] - get req map size: 0
[state-dump] - wait req map size: 0
[state-dump] - local objects map size: 0
[state-dump] WaitManager:
[state-dump] - num active wait requests: 0
[state-dump] Subscriber:
[state-dump] Channel WORKER_OBJECT_LOCATIONS_CHANNEL
[state-dump] - cumulative subscribe requests: 0
[state-dump] - cumulative unsubscribe requests: 0
[state-dump] - active subscribed publishers: 0
[state-dump] - cumulative published messages: 0
[state-dump] - cumulative processed messages: 0
[state-dump] Channel WORKER_OBJECT_EVICTION
[state-dump] - cumulative subscribe requests: 0
[state-dump] - cumulative unsubscribe requests: 0
[state-dump] - active subscribed publishers: 0
[state-dump] - cumulative published messages: 0
[state-dump] - cumulative processed messages: 0
[state-dump] Channel WORKER_REF_REMOVED_CHANNEL
[state-dump] - cumulative subscribe requests: 0
[state-dump] - cumulative unsubscribe requests: 0
[state-dump] - active subscribed publishers: 0
[state-dump] - cumulative published messages: 0
[state-dump] - cumulative processed messages: 0
[state-dump] num async plasma notifications: 0
[state-dump] Event stats:
[state-dump] Global stats: 10608 total (16 active)
[state-dump] Queueing time: mean = 9.69ms, max = 3643.96ms, min = -95.24ms, total = 102764.45ms
[state-dump] Execution time:  mean = 2.12ms, total = 22499.33ms
[state-dump] Event stats:
[state-dump] 	NodeManager.CheckGC - 2271 total (1 active), Execution time: mean = 0.04ms, total = 101.91ms, Queueing time: mean = 5.64ms, max = 3444.74ms, min = -95.24ms, total = 12815.32ms
[state-dump] 	RaySyncer.OnDemandBroadcasting - 2271 total (1 active), Execution time: mean = 0.05ms, total = 106.51ms, Queueing time: mean = 5.64ms, max = 3444.73ms, min = -0.01ms, total = 12811.31ms
[state-dump] 	ObjectManager.UpdateAvailableMemory - 2270 total (0 active), Execution time: mean = 0.00ms, total = 5.06ms, Queueing time: mean = 0.75ms, max = 100.68ms, min = 0.01ms, total = 1704.15ms
[state-dump] 	RayletWorkerPool.deadline_timer.kill_idle_workers - 1162 total (1 active), Execution time: mean = 0.00ms, total = 5.60ms, Queueing time: mean = 6.61ms, max = 3350.40ms, min = 0.00ms, total = 7678.96ms
[state-dump] 	MemoryMonitor.CheckIsMemoryUsageAboveThreshold - 886 total (1 active), Execution time: mean = 9.98ms, total = 8840.91ms, Queueing time: mean = 11.04ms, max = 3291.29ms, min = -0.02ms, total = 9782.65ms
[state-dump] 	NodeManagerService.grpc_server.GetResourceLoad - 239 total (0 active), Execution time: mean = 37.33ms, total = 8920.83ms, Queueing time: mean = 0.00ms, max = -0.00ms, min = 9223372036854.78ms, total = 0.00ms
[state-dump] 	NodeManagerService.grpc_server.GetResourceLoad.HandleRequestImpl - 239 total (0 active), Execution time: mean = 0.16ms, total = 38.14ms, Queueing time: mean = 33.04ms, max = 3203.58ms, min = 0.01ms, total = 7895.91ms
[state-dump] 	NodeManager.deadline_timer.flush_free_objects - 237 total (1 active), Execution time: mean = 0.00ms, total = 0.95ms, Queueing time: mean = 15.40ms, max = 2642.08ms, min = 0.01ms, total = 3649.34ms
[state-dump] 	NodeManager.CheckForUnexpectedWorkerDisconnects - 237 total (1 active), Execution time: mean = 0.40ms, total = 95.31ms, Queueing time: mean = 15.01ms, max = 2644.57ms, min = 0.00ms, total = 3558.00ms
[state-dump] 	NodeManager.deadline_timer.spill_objects_when_over_threshold - 237 total (1 active), Execution time: mean = 0.00ms, total = 0.67ms, Queueing time: mean = 15.40ms, max = 2642.10ms, min = 0.01ms, total = 3649.64ms
[state-dump] 	NodeManager.ScheduleAndGrantLeases - 237 total (1 active), Execution time: mean = 0.01ms, total = 2.34ms, Queueing time: mean = 15.41ms, max = 2644.57ms, min = 0.01ms, total = 3651.04ms
[state-dump] 	ClusterResourceManager.ResetRemoteNodeView - 80 total (1 active), Execution time: mean = 0.00ms, total = 0.36ms, Queueing time: mean = 23.12ms, max = 1645.70ms, min = 0.01ms, total = 1849.70ms
[state-dump] 	NodeManager.deadline_timer.record_metrics - 48 total (1 active), Execution time: mean = 0.52ms, total = 24.93ms, Queueing time: mean = 9.14ms, max = 99.31ms, min = 0.01ms, total = 438.53ms
[state-dump] 	ReporterService.grpc_client.HealthCheck.OnReplyReceived - 31 total (0 active), Execution time: mean = 0.12ms, total = 3.62ms, Queueing time: mean = 0.17ms, max = 1.08ms, min = 0.01ms, total = 5.28ms
[state-dump] 	ReporterService.grpc_client.HealthCheck - 31 total (0 active), Execution time: mean = 19.15ms, total = 593.71ms, Queueing time: mean = 0.00ms, max = -0.00ms, min = 9223372036854.78ms, total = 0.00ms
[state-dump] 	MetricsAgentClient.WaitForServerReadyWithRetry - 30 total (0 active), Execution time: mean = 0.31ms, total = 9.18ms, Queueing time: mean = 1101.58ms, max = 3643.96ms, min = 1000.02ms, total = 33047.26ms
[state-dump] 	event_loop_lag_probe - 25 total (0 active), Execution time: mean = 0.02ms, total = 0.44ms, Queueing time: mean = 0.49ms, max = 6.45ms, min = 0.00ms, total = 12.18ms
[state-dump] 	NodeManager.deadline_timer.debug_state_dump - 24 total (1 active), Execution time: mean = 5.19ms, total = 124.53ms, Queueing time: mean = 6.04ms, max = 96.66ms, min = 0.01ms, total = 145.00ms
[state-dump] 	PeriodicalRunner.RunFnPeriodically - 14 total (0 active), Execution time: mean = 0.23ms, total = 3.29ms, Queueing time: mean = 4.55ms, max = 12.98ms, min = 0.09ms, total = 63.65ms
[state-dump] 	ray::rpc::NodeInfoGcsService.grpc_client.CheckAlive.OnReplyReceived - 4 total (0 active), Execution time: mean = 0.05ms, total = 0.21ms, Queueing time: mean = 0.05ms, max = 0.14ms, min = 0.02ms, total = 0.21ms
[state-dump] 	NodeManager.GcsCheckAlive - 4 total (1 active), Execution time: mean = 0.23ms, total = 0.91ms, Queueing time: mean = 0.99ms, max = 1.61ms, min = 0.88ms, total = 3.97ms
[state-dump] 	ray::rpc::NodeInfoGcsService.grpc_client.CheckAlive - 4 total (0 active), Execution time: mean = 11.11ms, total = 44.46ms, Queueing time: mean = 0.00ms, max = -0.00ms, min = 9223372036854.78ms, total = 0.00ms
[state-dump] 	NodeManager.deadline_timer.print_event_loop_stats - 4 total (1 active, 1 running), Execution time: mean = 1.17ms, total = 4.69ms, Queueing time: mean = 0.02ms, max = 0.03ms, min = 0.01ms, total = 0.06ms
[state-dump] 	RaySyncerRegister - 2 total (0 active), Execution time: mean = 0.00ms, total = 0.01ms, Queueing time: mean = 0.00ms, max = 0.00ms, min = 0.00ms, total = 0.00ms
[state-dump] 	ray::rpc::InternalPubSubGcsService.grpc_client.GcsSubscriberCommandBatch - 2 total (0 active), Execution time: mean = 0.92ms, total = 1.84ms, Queueing time: mean = 0.00ms, max = -0.00ms, min = 9223372036854.78ms, total = 0.00ms
[state-dump] 	ClientConnection.async_read.ProcessMessageHeader - 2 total (1 active), Execution time: mean = 0.00ms, total = 0.01ms, Queueing time: mean = 0.01ms, max = 0.02ms, min = 0.02ms, total = 0.02ms
[state-dump] 	ray::rpc::InternalPubSubGcsService.grpc_client.GcsSubscriberCommandBatch.OnReplyReceived - 2 total (0 active), Execution time: mean = 0.10ms, total = 0.20ms, Queueing time: mean = 1.08ms, max = 2.01ms, min = 0.15ms, total = 2.16ms
[state-dump] 	ray::rpc::InternalKVGcsService.grpc_client.GetInternalConfig - 1 total (0 active), Execution time: mean = 1.38ms, total = 1.38ms, Queueing time: mean = 0.00ms, max = -0.00ms, min = 9223372036854.78ms, total = 0.00ms
[state-dump] 	ray::rpc::NodeInfoGcsService.grpc_client.GetAllNodeAddressAndLiveness.OnReplyReceived - 1 total (0 active), Execution time: mean = 0.15ms, total = 0.15ms, Queueing time: mean = 0.01ms, max = 0.01ms, min = 0.01ms, total = 0.01ms
[state-dump] 	NodeManager.GCTaskFailureReason - 1 total (1 active), Execution time: mean = 0.00ms, total = 0.00ms, Queueing time: mean = 0.00ms, max = -0.00ms, min = 9223372036854.78ms, total = 0.00ms
[state-dump] 	ray::rpc::InternalKVGcsService.grpc_client.GetInternalConfig.OnReplyReceived - 1 total (0 active), Execution time: mean = 24.53ms, total = 24.53ms, Queueing time: mean = 0.03ms, max = 0.03ms, min = 0.03ms, total = 0.03ms
[state-dump] 	NodeManagerService.grpc_server.GetSystemConfig.HandleRequestImpl - 1 total (0 active), Execution time: mean = 0.09ms, total = 0.09ms, Queueing time: mean = 0.02ms, max = 0.02ms, min = 0.02ms, total = 0.02ms
[state-dump] 	ray::rpc::InternalPubSubGcsService.grpc_client.GcsSubscriberPoll - 1 total (1 active), Execution time: mean = 0.00ms, total = 0.00ms, Queueing time: mean = 0.00ms, max = -0.00ms, min = 9223372036854.78ms, total = 0.00ms
[state-dump] 	ray::rpc::NodeInfoGcsService.grpc_client.RegisterNode - 1 total (0 active), Execution time: mean = 1.29ms, total = 1.29ms, Queueing time: mean = 0.00ms, max = -0.00ms, min = 9223372036854.78ms, total = 0.00ms
[state-dump] 	ClientConnection.async_read.ProcessMessage - 1 total (0 active), Execution time: mean = 3538.24ms, total = 3538.24ms, Queueing time: mean = 0.01ms, max = 0.01ms, min = 0.01ms, total = 0.01ms
[state-dump] 	ray::rpc::NodeInfoGcsService.grpc_client.RegisterNode.OnReplyReceived - 1 total (0 active), Execution time: mean = 0.68ms, total = 0.68ms, Queueing time: mean = 0.05ms, max = 0.05ms, min = 0.05ms, total = 0.05ms
[state-dump] 	NodeManagerService.grpc_server.GetSystemConfig - 1 total (0 active), Execution time: mean = 0.65ms, total = 0.65ms, Queueing time: mean = 0.00ms, max = -0.00ms, min = 9223372036854.78ms, total = 0.00ms
[state-dump] 	ray::rpc::JobInfoGcsService.grpc_client.GetAllJobInfo - 1 total (0 active), Execution time: mean = 0.76ms, total = 0.76ms, Queueing time: mean = 0.00ms, max = -0.00ms, min = 9223372036854.78ms, total = 0.00ms
[state-dump] 	ray::rpc::JobInfoGcsService.grpc_client.GetAllJobInfo.OnReplyReceived - 1 total (0 active), Execution time: mean = 0.03ms, total = 0.03ms, Queueing time: mean = 0.01ms, max = 0.01ms, min = 0.01ms, total = 0.01ms
[state-dump] 	 - 1 total (0 active), Execution time: mean = 0.00ms, total = 0.00ms, Queueing time: mean = 0.02ms, max = 0.02ms, min = 0.02ms, total = 0.02ms
[state-dump] 	RaySyncer.BroadcastMessage - 1 total (0 active), Execution time: mean = 0.09ms, total = 0.09ms, Queueing time: mean = 0.00ms, max = 0.00ms, min = 0.00ms, total = 0.00ms
[state-dump] 	ray::rpc::NodeInfoGcsService.grpc_client.GetAllNodeAddressAndLiveness - 1 total (0 active), Execution time: mean = 0.85ms, total = 0.85ms, Queueing time: mean = 0.00ms, max = -0.00ms, min = 9223372036854.78ms, total = 0.00ms
[state-dump] DebugString() time ms: 1
[state-dump] 
[state-dump] 
[2026-06-04 22:33:24,124 I 859 892] (raylet) store.cc:573: Plasma store debug dump: 
Current usage: 0 / 20.0817 GB
- num bytes created total: 0
0 pending objects of total size 0MB
- objects spillable: 0
- bytes spillable: 0
- objects unsealed: 0
- bytes unsealed: 0
- objects in use: 0
- bytes in use: 0
- objects evictable: 0
- bytes evictable: 0

- objects created by worker: 0
- bytes created by worker: 0
- objects restored: 0
- bytes restored: 0
- objects received: 0
- bytes received: 0
- objects errored: 0
- bytes errored: 0

[2026-06-04 22:33:24,156 I 859 859] (raylet) node_manager.cc:424: [state-dump] NodeManager:
[state-dump] Node ID: 11e184b7641b47dd66e5366c42f7fe51cb28f4bab1ca7ef8847590e4
[state-dump] Node name: 172.16.254.232
[state-dump] InitialConfigResources: {node:__internal_head__: 1, CPU: 192, node:172.16.254.232: 1, object_store_memory: 2.00817e+10, memory: 4.68574e+10}
[state-dump] ClusterLeaseManager:
[state-dump] ========== Node: 11e184b7641b47dd66e5366c42f7fe51cb28f4bab1ca7ef8847590e4 =================
[state-dump] Infeasible queue length: 0
[state-dump] Schedule queue length: 0
[state-dump] Grant queue length: 0
[state-dump] num_waiting_for_resource: 0
[state-dump] num_waiting_for_plasma_memory: 0
[state-dump] num_waiting_for_remote_node_resources: 0
[state-dump] num_worker_not_started_by_job_config_not_exist: 0
[state-dump] num_worker_not_started_by_registration_timeout: 0
[state-dump] num_tasks_waiting_for_workers: 0
[state-dump] num_cancelled_leases: 0
[state-dump] cluster_resource_scheduler state: 
[state-dump] Local id: 1457234449467745066 Local resources: {"total":{object_store_memory: [200817303550000], node:__internal_head__: [10000], memory: [468573708290000], CPU: [1920000], node:172.16.254.232: [10000]}}, "available": {memory: [468573708290000], CPU: [1920000], node:172.16.254.232: [10000], object_store_memory: [200817303550000], node:__internal_head__: [10000]}}, "labels":{"ray.io/node-id":"11e184b7641b47dd66e5366c42f7fe51cb28f4bab1ca7ef8847590e4",} is_draining: 0 is_idle: 1 Cluster resources (at most 20 nodes are shown): node id: 1457234449467745066{"total":{node:172.16.254.232: 10000, node:__internal_head__: 10000, memory: 468573708290000, object_store_memory: 200817303550000, CPU: 1920000}}, "available": {node:172.16.254.232: 10000, node:__internal_head__: 10000, memory: 468573708290000, CPU: 1920000, object_store_memory: 200817303550000}}, "labels":{"ray.io/node-id":"11e184b7641b47dd66e5366c42f7fe51cb28f4bab1ca7ef8847590e4",}, "is_draining": 0, "draining_deadline_timestamp_ms": -1} { "placement group locations": [], "node to bundles": []}
[state-dump] Waiting leases size: 0
[state-dump] Number of granted lease arguments: 0
[state-dump] Number of pinned lease arguments: 0
[state-dump] Number of total spilled leases: 0
[state-dump] Number of spilled waiting leases: 0
[state-dump] Number of spilled unschedulable leases: 0
[state-dump] Resource usage {
[state-dump] }
[state-dump] Backlog Size per scheduling descriptor :{workerId: num backlogs}:
[state-dump] 
[state-dump] Granted leases by scheduling class:
[state-dump] ==================================================
[state-dump] 
[state-dump] ClusterResources:
[state-dump] LocalObjectManager:
[state-dump] - num pinned objects: 0
[state-dump] - pinned objects size: 0
[state-dump] - num objects pending restore: 0
[state-dump] - num objects pending spill: 0
[state-dump] - num bytes pending spill: 0
[state-dump] - num bytes currently spilled: 0
[state-dump] - cumulative spill requests: 0
[state-dump] - cumulative restore requests: 0
[state-dump] - spilled objects pending delete: 0
[state-dump] 
[state-dump] ObjectManager:
[state-dump] - num local objects: 0
[state-dump] - num unfulfilled push requests: 0
[state-dump] - num object pull requests: 0
[state-dump] - num chunks received total: 0
[state-dump] - num chunks received failed (all): 0
[state-dump] - num chunks received failed / cancelled: 0
[state-dump] - num chunks received failed / plasma error: 0
[state-dump] Event stats:
[state-dump] Global stats: 0 total (0 active)
[state-dump] Queueing time: mean = -nanms, max = -0.00ms, min = 9223372036854.78ms, total = 0.00ms
[state-dump] Execution time:  mean = -nanms, total = 0.00ms
[state-dump] Event stats:
[state-dump] PushManager:
[state-dump] - num pushes remaining: 0
[state-dump] - num chunks in flight: 0
[state-dump] - num chunks remaining: 0
[state-dump] - max chunks allowed: 409
[state-dump] OwnershipBasedObjectDirectory:
[state-dump] - num listeners: 0
[state-dump] - cumulative location updates: 0
[state-dump] - num location updates per second: 0.000
[state-dump] - num location lookups per second: 0.000
[state-dump] - num locations added per second: 0.000
[state-dump] - num locations removed per second: 0.000
[state-dump] BufferPool:
[state-dump] - create buffer state map size: 0
[state-dump] PullManager:
[state-dump] - num bytes available for pulled objects: 20081730355
[state-dump] - num bytes being pulled (all): 0
[state-dump] - num bytes being pulled / pinned: 0
[state-dump] - get request bundles: BundlePullRequestQueue{0 total, 0 active, 0 inactive, 0 unpullable}
[state-dump] - wait request bundles: BundlePullRequestQueue{0 total, 0 active, 0 inactive, 0 unpullable}
[state-dump] - task request bundles: BundlePullRequestQueue{0 total, 0 active, 0 inactive, 0 unpullable}
[state-dump] - first get request bundle: N/A
[state-dump] - first wait request bundle: N/A
[state-dump] - first task request bundle: N/A
[state-dump] - num objects queued: 0
[state-dump] - num objects actively pulled (all): 0
[state-dump] - num objects actively pulled / pinned: 0
[state-dump] - num bundles being pulled: 0
[state-dump] - num pull retries: 0
[state-dump] - max timeout seconds: 0
[state-dump] - max timeout request is already processed. No entry.
[state-dump] 
[state-dump] WorkerPool:
[state-dump] - registered jobs: 1
[state-dump] - process_failed_job_config_missing: 0
[state-dump] - process_failed_rate_limited: 0
[state-dump] - process_failed_pending_registration: 192
[state-dump] - process_failed_runtime_env_setup_failed: 0
[state-dump] - num JAVA workers: 0
[state-dump] - num JAVA drivers: 0
[state-dump] - num JAVA pending start requests: 0
[state-dump] - num JAVA pending registration requests: 0
[state-dump] - num object spill callbacks queued: 0
[state-dump] - num object restore queued: 0
[state-dump] - num util functions queued: 0
[state-dump] - num PYTHON workers: 0
[state-dump] - num PYTHON drivers: 1
[state-dump] - num PYTHON pending start requests: 0
[state-dump] - num PYTHON pending registration requests: 0
[state-dump] - num object spill callbacks queued: 0
[state-dump] - num object restore queued: 0
[state-dump] - num util functions queued: 0
[state-dump] - num idle workers: 0
[state-dump] LeaseDependencyManager:
[state-dump] - lease deps map size: 0
[state-dump] - get req map size: 0
[state-dump] - wait req map size: 0
[state-dump] - local objects map size: 0
[state-dump] WaitManager:
[state-dump] - num active wait requests: 0
[state-dump] Subscriber:
[state-dump] Channel WORKER_OBJECT_LOCATIONS_CHANNEL
[state-dump] - cumulative subscribe requests: 0
[state-dump] - cumulative unsubscribe requests: 0
[state-dump] - active subscribed publishers: 0
[state-dump] - cumulative published messages: 0
[state-dump] - cumulative processed messages: 0
[state-dump] Channel WORKER_OBJECT_EVICTION
[state-dump] - cumulative subscribe requests: 0
[state-dump] - cumulative unsubscribe requests: 0
[state-dump] - active subscribed publishers: 0
[state-dump] - cumulative published messages: 0
[state-dump] - cumulative processed messages: 0
[state-dump] Channel WORKER_REF_REMOVED_CHANNEL
[state-dump] - cumulative subscribe requests: 0
[state-dump] - cumulative unsubscribe requests: 0
[state-dump] - active subscribed publishers: 0
[state-dump] - cumulative published messages: 0
[state-dump] - cumulative processed messages: 0
[state-dump] num async plasma notifications: 0
[state-dump] Event stats:
[state-dump] Global stats: 13354 total (16 active)
[state-dump] Queueing time: mean = 7.70ms, max = 3643.96ms, min = -95.24ms, total = 102874.40ms
[state-dump] Execution time:  mean = 1.73ms, total = 23141.98ms
[state-dump] Event stats:
[state-dump] 	NodeManager.CheckGC - 2871 total (1 active), Execution time: mean = 0.04ms, total = 103.15ms, Queueing time: mean = 4.47ms, max = 3444.74ms, min = -95.24ms, total = 12845.74ms
[state-dump] 	RaySyncer.OnDemandBroadcasting - 2871 total (1 active), Execution time: mean = 0.04ms, total = 108.68ms, Queueing time: mean = 4.47ms, max = 3444.73ms, min = -0.01ms, total = 12840.90ms
[state-dump] 	ObjectManager.UpdateAvailableMemory - 2870 total (0 active), Execution time: mean = 0.00ms, total = 6.06ms, Queueing time: mean = 0.60ms, max = 100.68ms, min = 0.00ms, total = 1714.22ms
[state-dump] 	RayletWorkerPool.deadline_timer.kill_idle_workers - 1462 total (1 active), Execution time: mean = 0.00ms, total = 6.85ms, Queueing time: mean = 5.26ms, max = 3350.40ms, min = 0.00ms, total = 7692.26ms
[state-dump] 	MemoryMonitor.CheckIsMemoryUsageAboveThreshold - 1124 total (1 active), Execution time: mean = 8.38ms, total = 9416.57ms, Queueing time: mean = 8.71ms, max = 3291.29ms, min = -0.02ms, total = 9787.43ms
[state-dump] 	NodeManagerService.grpc_server.GetResourceLoad - 299 total (0 active), Execution time: mean = 29.96ms, total = 8956.86ms, Queueing time: mean = 0.00ms, max = -0.00ms, min = 9223372036854.78ms, total = 0.00ms
[state-dump] 	NodeManagerService.grpc_server.GetResourceLoad.HandleRequestImpl - 299 total (0 active), Execution time: mean = 0.15ms, total = 46.04ms, Queueing time: mean = 26.42ms, max = 3203.58ms, min = 0.01ms, total = 7901.05ms
[state-dump] 	NodeManager.deadline_timer.flush_free_objects - 297 total (1 active), Execution time: mean = 0.00ms, total = 1.16ms, Queueing time: mean = 12.30ms, max = 2642.08ms, min = 0.01ms, total = 3652.57ms
[state-dump] 	NodeManager.CheckForUnexpectedWorkerDisconnects - 297 total (1 active), Execution time: mean = 0.32ms, total = 95.84ms, Queueing time: mean = 11.99ms, max = 2644.57ms, min = -0.01ms, total = 3560.91ms
[state-dump] 	NodeManager.deadline_timer.spill_objects_when_over_threshold - 297 total (1 active), Execution time: mean = 0.00ms, total = 0.83ms, Queueing time: mean = 12.30ms, max = 2642.10ms, min = 0.01ms, total = 3652.93ms
[state-dump] 	NodeManager.ScheduleAndGrantLeases - 297 total (1 active), Execution time: mean = 0.01ms, total = 2.86ms, Queueing time: mean = 12.30ms, max = 2644.57ms, min = 0.00ms, total = 3653.97ms
[state-dump] 	ClusterResourceManager.ResetRemoteNodeView - 100 total (1 active), Execution time: mean = 0.00ms, total = 0.43ms, Queueing time: mean = 18.50ms, max = 1645.70ms, min = 0.01ms, total = 1850.43ms
[state-dump] 	NodeManager.deadline_timer.record_metrics - 60 total (1 active), Execution time: mean = 0.52ms, total = 30.97ms, Queueing time: mean = 7.31ms, max = 99.31ms, min = 0.01ms, total = 438.80ms
[state-dump] 	ReporterService.grpc_client.HealthCheck.OnReplyReceived - 31 total (0 active), Execution time: mean = 0.12ms, total = 3.62ms, Queueing time: mean = 0.17ms, max = 1.08ms, min = 0.01ms, total = 5.28ms
[state-dump] 	event_loop_lag_probe - 31 total (0 active), Execution time: mean = 0.02ms, total = 0.53ms, Queueing time: mean = 0.39ms, max = 6.45ms, min = 0.00ms, total = 12.22ms
[state-dump] 	ReporterService.grpc_client.HealthCheck - 31 total (0 active), Execution time: mean = 19.15ms, total = 593.71ms, Queueing time: mean = 0.00ms, max = -0.00ms, min = 9223372036854.78ms, total = 0.00ms
[state-dump] 	MetricsAgentClient.WaitForServerReadyWithRetry - 30 total (0 active), Execution time: mean = 0.31ms, total = 9.18ms, Queueing time: mean = 1101.58ms, max = 3643.96ms, min = 1000.02ms, total = 33047.26ms
[state-dump] 	NodeManager.deadline_timer.debug_state_dump - 30 total (1 active), Execution time: mean = 4.41ms, total = 132.22ms, Queueing time: mean = 4.92ms, max = 96.66ms, min = 0.01ms, total = 147.62ms
[state-dump] 	PeriodicalRunner.RunFnPeriodically - 14 total (0 active), Execution time: mean = 0.23ms, total = 3.29ms, Queueing time: mean = 4.55ms, max = 12.98ms, min = 0.09ms, total = 63.65ms
[state-dump] 	ray::rpc::NodeInfoGcsService.grpc_client.CheckAlive.OnReplyReceived - 5 total (0 active), Execution time: mean = 0.05ms, total = 0.24ms, Queueing time: mean = 0.04ms, max = 0.14ms, min = 0.02ms, total = 0.22ms
[state-dump] 	NodeManager.GcsCheckAlive - 5 total (1 active), Execution time: mean = 0.23ms, total = 1.14ms, Queueing time: mean = 0.91ms, max = 1.61ms, min = 0.56ms, total = 4.53ms
[state-dump] 	ray::rpc::NodeInfoGcsService.grpc_client.CheckAlive - 5 total (0 active), Execution time: mean = 9.10ms, total = 45.48ms, Queueing time: mean = 0.00ms, max = -0.00ms, min = 9223372036854.78ms, total = 0.00ms
[state-dump] 	NodeManager.deadline_timer.print_event_loop_stats - 5 total (1 active, 1 running), Execution time: mean = 1.10ms, total = 5.50ms, Queueing time: mean = 0.02ms, max = 0.03ms, min = 0.01ms, total = 0.08ms
[state-dump] 	RaySyncerRegister - 2 total (0 active), Execution time: mean = 0.00ms, total = 0.01ms, Queueing time: mean = 0.00ms, max = 0.00ms, min = 0.00ms, total = 0.00ms
[state-dump] 	ray::rpc::InternalPubSubGcsService.grpc_client.GcsSubscriberCommandBatch - 2 total (0 active), Execution time: mean = 0.92ms, total = 1.84ms, Queueing time: mean = 0.00ms, max = -0.00ms, min = 9223372036854.78ms, total = 0.00ms
[state-dump] 	ClientConnection.async_read.ProcessMessageHeader - 2 total (1 active), Execution time: mean = 0.00ms, total = 0.01ms, Queueing time: mean = 0.01ms, max = 0.02ms, min = 0.02ms, total = 0.02ms
[state-dump] 	ray::rpc::InternalPubSubGcsService.grpc_client.GcsSubscriberCommandBatch.OnReplyReceived - 2 total (0 active), Execution time: mean = 0.10ms, total = 0.20ms, Queueing time: mean = 1.08ms, max = 2.01ms, min = 0.15ms, total = 2.16ms
[state-dump] 	ray::rpc::InternalKVGcsService.grpc_client.GetInternalConfig - 1 total (0 active), Execution time: mean = 1.38ms, total = 1.38ms, Queueing time: mean = 0.00ms, max = -0.00ms, min = 9223372036854.78ms, total = 0.00ms
[state-dump] 	ray::rpc::NodeInfoGcsService.grpc_client.GetAllNodeAddressAndLiveness.OnReplyReceived - 1 total (0 active), Execution time: mean = 0.15ms, total = 0.15ms, Queueing time: mean = 0.01ms, max = 0.01ms, min = 0.01ms, total = 0.01ms
[state-dump] 	NodeManager.GCTaskFailureReason - 1 total (1 active), Execution time: mean = 0.00ms, total = 0.00ms, Queueing time: mean = 0.00ms, max = -0.00ms, min = 9223372036854.78ms, total = 0.00ms
[state-dump] 	ray::rpc::InternalKVGcsService.grpc_client.GetInternalConfig.OnReplyReceived - 1 total (0 active), Execution time: mean = 24.53ms, total = 24.53ms, Queueing time: mean = 0.03ms, max = 0.03ms, min = 0.03ms, total = 0.03ms
[state-dump] 	NodeManagerService.grpc_server.GetSystemConfig.HandleRequestImpl - 1 total (0 active), Execution time: mean = 0.09ms, total = 0.09ms, Queueing time: mean = 0.02ms, max = 0.02ms, min = 0.02ms, total = 0.02ms
[state-dump] 	ray::rpc::InternalPubSubGcsService.grpc_client.GcsSubscriberPoll - 1 total (1 active), Execution time: mean = 0.00ms, total = 0.00ms, Queueing time: mean = 0.00ms, max = -0.00ms, min = 9223372036854.78ms, total = 0.00ms
[state-dump] 	ray::rpc::NodeInfoGcsService.grpc_client.RegisterNode - 1 total (0 active), Execution time: mean = 1.29ms, total = 1.29ms, Queueing time: mean = 0.00ms, max = -0.00ms, min = 9223372036854.78ms, total = 0.00ms
[state-dump] 	ClientConnection.async_read.ProcessMessage - 1 total (0 active), Execution time: mean = 3538.24ms, total = 3538.24ms, Queueing time: mean = 0.01ms, max = 0.01ms, min = 0.01ms, total = 0.01ms
[state-dump] 	ray::rpc::NodeInfoGcsService.grpc_client.RegisterNode.OnReplyReceived - 1 total (0 active), Execution time: mean = 0.68ms, total = 0.68ms, Queueing time: mean = 0.05ms, max = 0.05ms, min = 0.05ms, total = 0.05ms
[state-dump] 	NodeManagerService.grpc_server.GetSystemConfig - 1 total (0 active), Execution time: mean = 0.65ms, total = 0.65ms, Queueing time: mean = 0.00ms, max = -0.00ms, min = 9223372036854.78ms, total = 0.00ms
[state-dump] 	ray::rpc::JobInfoGcsService.grpc_client.GetAllJobInfo - 1 total (0 active), Execution time: mean = 0.76ms, total = 0.76ms, Queueing time: mean = 0.00ms, max = -0.00ms, min = 9223372036854.78ms, total = 0.00ms
[state-dump] 	ray::rpc::JobInfoGcsService.grpc_client.GetAllJobInfo.OnReplyReceived - 1 total (0 active), Execution time: mean = 0.03ms, total = 0.03ms, Queueing time: mean = 0.01ms, max = 0.01ms, min = 0.01ms, total = 0.01ms
[state-dump] 	 - 1 total (0 active), Execution time: mean = 0.00ms, total = 0.00ms, Queueing time: mean = 0.02ms, max = 0.02ms, min = 0.02ms, total = 0.02ms
[state-dump] 	RaySyncer.BroadcastMessage - 1 total (0 active), Execution time: mean = 0.09ms, total = 0.09ms, Queueing time: mean = 0.00ms, max = 0.00ms, min = 0.00ms, total = 0.00ms
[state-dump] 	ray::rpc::NodeInfoGcsService.grpc_client.GetAllNodeAddressAndLiveness - 1 total (0 active), Execution time: mean = 0.85ms, total = 0.85ms, Queueing time: mean = 0.00ms, max = -0.00ms, min = 9223372036854.78ms, total = 0.00ms
[state-dump] DebugString() time ms: 1
[state-dump] 
[state-dump] 
[2026-06-04 22:34:24,124 I 859 892] (raylet) store.cc:573: Plasma store debug dump: 
Current usage: 0 / 20.0817 GB
- num bytes created total: 0
0 pending objects of total size 0MB
- objects spillable: 0
- bytes spillable: 0
- objects unsealed: 0
- bytes unsealed: 0
- objects in use: 0
- bytes in use: 0
- objects evictable: 0
- bytes evictable: 0

- objects created by worker: 0
- bytes created by worker: 0
- objects restored: 0
- bytes restored: 0
- objects received: 0
- bytes received: 0
- objects errored: 0
- bytes errored: 0

[2026-06-04 22:34:24,158 I 859 859] (raylet) node_manager.cc:424: [state-dump] NodeManager:
[state-dump] Node ID: 11e184b7641b47dd66e5366c42f7fe51cb28f4bab1ca7ef8847590e4
[state-dump] Node name: 172.16.254.232
[state-dump] InitialConfigResources: {node:__internal_head__: 1, CPU: 192, node:172.16.254.232: 1, object_store_memory: 2.00817e+10, memory: 4.68574e+10}
[state-dump] ClusterLeaseManager:
[state-dump] ========== Node: 11e184b7641b47dd66e5366c42f7fe51cb28f4bab1ca7ef8847590e4 =================
[state-dump] Infeasible queue length: 0
[state-dump] Schedule queue length: 0
[state-dump] Grant queue length: 0
[state-dump] num_waiting_for_resource: 0
[state-dump] num_waiting_for_plasma_memory: 0
[state-dump] num_waiting_for_remote_node_resources: 0
[state-dump] num_worker_not_started_by_job_config_not_exist: 0
[state-dump] num_worker_not_started_by_registration_timeout: 0
[state-dump] num_tasks_waiting_for_workers: 0
[state-dump] num_cancelled_leases: 0
[state-dump] cluster_resource_scheduler state: 
[state-dump] Local id: 1457234449467745066 Local resources: {"total":{object_store_memory: [200817303550000], node:__internal_head__: [10000], memory: [468573708290000], CPU: [1920000], node:172.16.254.232: [10000]}}, "available": {memory: [468573708290000], CPU: [1920000], node:172.16.254.232: [10000], object_store_memory: [200817303550000], node:__internal_head__: [10000]}}, "labels":{"ray.io/node-id":"11e184b7641b47dd66e5366c42f7fe51cb28f4bab1ca7ef8847590e4",} is_draining: 0 is_idle: 1 Cluster resources (at most 20 nodes are shown): node id: 1457234449467745066{"total":{node:172.16.254.232: 10000, node:__internal_head__: 10000, memory: 468573708290000, object_store_memory: 200817303550000, CPU: 1920000}}, "available": {node:172.16.254.232: 10000, node:__internal_head__: 10000, memory: 468573708290000, CPU: 1920000, object_store_memory: 200817303550000}}, "labels":{"ray.io/node-id":"11e184b7641b47dd66e5366c42f7fe51cb28f4bab1ca7ef8847590e4",}, "is_draining": 0, "draining_deadline_timestamp_ms": -1} { "placement group locations": [], "node to bundles": []}
[state-dump] Waiting leases size: 0
[state-dump] Number of granted lease arguments: 0
[state-dump] Number of pinned lease arguments: 0
[state-dump] Number of total spilled leases: 0
[state-dump] Number of spilled waiting leases: 0
[state-dump] Number of spilled unschedulable leases: 0
[state-dump] Resource usage {
[state-dump] }
[state-dump] Backlog Size per scheduling descriptor :{workerId: num backlogs}:
[state-dump] 
[state-dump] Granted leases by scheduling class:
[state-dump] ==================================================
[state-dump] 
[state-dump] ClusterResources:
[state-dump] LocalObjectManager:
[state-dump] - num pinned objects: 0
[state-dump] - pinned objects size: 0
[state-dump] - num objects pending restore: 0
[state-dump] - num objects pending spill: 0
[state-dump] - num bytes pending spill: 0
[state-dump] - num bytes currently spilled: 0
[state-dump] - cumulative spill requests: 0
[state-dump] - cumulative restore requests: 0
[state-dump] - spilled objects pending delete: 0
[state-dump] 
[state-dump] ObjectManager:
[state-dump] - num local objects: 0
[state-dump] - num unfulfilled push requests: 0
[state-dump] - num object pull requests: 0
[state-dump] - num chunks received total: 0
[state-dump] - num chunks received failed (all): 0
[state-dump] - num chunks received failed / cancelled: 0
[state-dump] - num chunks received failed / plasma error: 0
[state-dump] Event stats:
[state-dump] Global stats: 0 total (0 active)
[state-dump] Queueing time: mean = -nanms, max = -0.00ms, min = 9223372036854.78ms, total = 0.00ms
[state-dump] Execution time:  mean = -nanms, total = 0.00ms
[state-dump] Event stats:
[state-dump] PushManager:
[state-dump] - num pushes remaining: 0
[state-dump] - num chunks in flight: 0
[state-dump] - num chunks remaining: 0
[state-dump] - max chunks allowed: 409
[state-dump] OwnershipBasedObjectDirectory:
[state-dump] - num listeners: 0
[state-dump] - cumulative location updates: 0
[state-dump] - num location updates per second: 0.000
[state-dump] - num location lookups per second: 0.000
[state-dump] - num locations added per second: 0.000
[state-dump] - num locations removed per second: 0.000
[state-dump] BufferPool:
[state-dump] - create buffer state map size: 0
[state-dump] PullManager:
[state-dump] - num bytes available for pulled objects: 20081730355
[state-dump] - num bytes being pulled (all): 0
[state-dump] - num bytes being pulled / pinned: 0
[state-dump] - get request bundles: BundlePullRequestQueue{0 total, 0 active, 0 inactive, 0 unpullable}
[state-dump] - wait request bundles: BundlePullRequestQueue{0 total, 0 active, 0 inactive, 0 unpullable}
[state-dump] - task request bundles: BundlePullRequestQueue{0 total, 0 active, 0 inactive, 0 unpullable}
[state-dump] - first get request bundle: N/A
[state-dump] - first wait request bundle: N/A
[state-dump] - first task request bundle: N/A
[state-dump] - num objects queued: 0
[state-dump] - num objects actively pulled (all): 0
[state-dump] - num objects actively pulled / pinned: 0
[state-dump] - num bundles being pulled: 0
[state-dump] - num pull retries: 0
[state-dump] - max timeout seconds: 0
[state-dump] - max timeout request is already processed. No entry.
[state-dump] 
[state-dump] WorkerPool:
[state-dump] - registered jobs: 1
[state-dump] - process_failed_job_config_missing: 0
[state-dump] - process_failed_rate_limited: 0
[state-dump] - process_failed_pending_registration: 192
[state-dump] - process_failed_runtime_env_setup_failed: 0
[state-dump] - num JAVA workers: 0
[state-dump] - num JAVA drivers: 0
[state-dump] - num JAVA pending start requests: 0
[state-dump] - num JAVA pending registration requests: 0
[state-dump] - num object spill callbacks queued: 0
[state-dump] - num object restore queued: 0
[state-dump] - num util functions queued: 0
[state-dump] - num PYTHON workers: 0
[state-dump] - num PYTHON drivers: 1
[state-dump] - num PYTHON pending start requests: 0
[state-dump] - num PYTHON pending registration requests: 0
[state-dump] - num object spill callbacks queued: 0
[state-dump] - num object restore queued: 0
[state-dump] - num util functions queued: 0
[state-dump] - num idle workers: 0
[state-dump] LeaseDependencyManager:
[state-dump] - lease deps map size: 0
[state-dump] - get req map size: 0
[state-dump] - wait req map size: 0
[state-dump] - local objects map size: 0
[state-dump] WaitManager:
[state-dump] - num active wait requests: 0
[state-dump] Subscriber:
[state-dump] Channel WORKER_OBJECT_LOCATIONS_CHANNEL
[state-dump] - cumulative subscribe requests: 0
[state-dump] - cumulative unsubscribe requests: 0
[state-dump] - active subscribed publishers: 0
[state-dump] - cumulative published messages: 0
[state-dump] - cumulative processed messages: 0
[state-dump] Channel WORKER_OBJECT_EVICTION
[state-dump] - cumulative subscribe requests: 0
[state-dump] - cumulative unsubscribe requests: 0
[state-dump] - active subscribed publishers: 0
[state-dump] - cumulative published messages: 0
[state-dump] - cumulative processed messages: 0
[state-dump] Channel WORKER_REF_REMOVED_CHANNEL
[state-dump] - cumulative subscribe requests: 0
[state-dump] - cumulative unsubscribe requests: 0
[state-dump] - active subscribed publishers: 0
[state-dump] - cumulative published messages: 0
[state-dump] - cumulative processed messages: 0
[state-dump] num async plasma notifications: 0
[state-dump] Event stats:
[state-dump] Global stats: 16099 total (16 active)
[state-dump] Queueing time: mean = 6.40ms, max = 3643.96ms, min = -95.24ms, total = 102974.89ms
[state-dump] Execution time:  mean = 1.48ms, total = 23809.37ms
[state-dump] Event stats:
[state-dump] 	NodeManager.CheckGC - 3471 total (1 active), Execution time: mean = 0.03ms, total = 104.40ms, Queueing time: mean = 3.71ms, max = 3444.74ms, min = -95.24ms, total = 12874.86ms
[state-dump] 	RaySyncer.OnDemandBroadcasting - 3471 total (1 active), Execution time: mean = 0.03ms, total = 110.78ms, Queueing time: mean = 3.71ms, max = 3444.73ms, min = -0.01ms, total = 12869.23ms
[state-dump] 	ObjectManager.UpdateAvailableMemory - 3470 total (0 active), Execution time: mean = 0.00ms, total = 7.00ms, Queueing time: mean = 0.50ms, max = 100.68ms, min = 0.00ms, total = 1724.62ms
[state-dump] 	RayletWorkerPool.deadline_timer.kill_idle_workers - 1762 total (1 active), Execution time: mean = 0.00ms, total = 8.04ms, Queueing time: mean = 4.37ms, max = 3350.40ms, min = 0.00ms, total = 7704.95ms
[state-dump] 	MemoryMonitor.CheckIsMemoryUsageAboveThreshold - 1361 total (1 active), Execution time: mean = 7.36ms, total = 10020.23ms, Queueing time: mean = 7.19ms, max = 3291.29ms, min = -0.02ms, total = 9792.34ms
[state-dump] 	NodeManagerService.grpc_server.GetResourceLoad - 359 total (0 active), Execution time: mean = 25.04ms, total = 8989.34ms, Queueing time: mean = 0.00ms, max = -0.00ms, min = 9223372036854.78ms, total = 0.00ms
[state-dump] 	NodeManagerService.grpc_server.GetResourceLoad.HandleRequestImpl - 359 total (0 active), Execution time: mean = 0.15ms, total = 54.11ms, Queueing time: mean = 22.02ms, max = 3203.58ms, min = 0.01ms, total = 7903.54ms
[state-dump] 	NodeManager.deadline_timer.flush_free_objects - 357 total (1 active), Execution time: mean = 0.00ms, total = 1.37ms, Queueing time: mean = 10.24ms, max = 2642.08ms, min = 0.01ms, total = 3655.28ms
[state-dump] 	NodeManager.CheckForUnexpectedWorkerDisconnects - 357 total (1 active), Execution time: mean = 0.27ms, total = 96.39ms, Queueing time: mean = 9.98ms, max = 2644.57ms, min = -0.01ms, total = 3563.29ms
[state-dump] 	NodeManager.deadline_timer.spill_objects_when_over_threshold - 357 total (1 active), Execution time: mean = 0.00ms, total = 0.99ms, Queueing time: mean = 10.24ms, max = 2642.10ms, min = 0.01ms, total = 3655.69ms
[state-dump] 	NodeManager.ScheduleAndGrantLeases - 357 total (1 active), Execution time: mean = 0.01ms, total = 3.42ms, Queueing time: mean = 10.24ms, max = 2644.57ms, min = 0.00ms, total = 3656.35ms
[state-dump] 	ClusterResourceManager.ResetRemoteNodeView - 120 total (1 active), Execution time: mean = 0.00ms, total = 0.52ms, Queueing time: mean = 15.42ms, max = 1645.70ms, min = 0.01ms, total = 1850.88ms
[state-dump] 	NodeManager.deadline_timer.record_metrics - 72 total (1 active), Execution time: mean = 0.51ms, total = 36.74ms, Queueing time: mean = 6.10ms, max = 99.31ms, min = 0.01ms, total = 439.01ms
[state-dump] 	event_loop_lag_probe - 37 total (0 active), Execution time: mean = 0.02ms, total = 0.63ms, Queueing time: mean = 0.33ms, max = 6.45ms, min = 0.00ms, total = 12.26ms
[state-dump] 	NodeManager.deadline_timer.debug_state_dump - 36 total (1 active), Execution time: mean = 3.87ms, total = 139.39ms, Queueing time: mean = 4.10ms, max = 96.66ms, min = 0.01ms, total = 147.73ms
[state-dump] 	ReporterService.grpc_client.HealthCheck.OnReplyReceived - 31 total (0 active), Execution time: mean = 0.12ms, total = 3.62ms, Queueing time: mean = 0.17ms, max = 1.08ms, min = 0.01ms, total = 5.28ms
[state-dump] 	ReporterService.grpc_client.HealthCheck - 31 total (0 active), Execution time: mean = 19.15ms, total = 593.71ms, Queueing time: mean = 0.00ms, max = -0.00ms, min = 9223372036854.78ms, total = 0.00ms
[state-dump] 	MetricsAgentClient.WaitForServerReadyWithRetry - 30 total (0 active), Execution time: mean = 0.31ms, total = 9.18ms, Queueing time: mean = 1101.58ms, max = 3643.96ms, min = 1000.02ms, total = 33047.26ms
[state-dump] 	PeriodicalRunner.RunFnPeriodically - 14 total (0 active), Execution time: mean = 0.23ms, total = 3.29ms, Queueing time: mean = 4.55ms, max = 12.98ms, min = 0.09ms, total = 63.65ms
[state-dump] 	ray::rpc::NodeInfoGcsService.grpc_client.CheckAlive.OnReplyReceived - 6 total (0 active), Execution time: mean = 0.04ms, total = 0.27ms, Queueing time: mean = 0.04ms, max = 0.14ms, min = 0.02ms, total = 0.24ms
[state-dump] 	NodeManager.GcsCheckAlive - 6 total (1 active), Execution time: mean = 0.23ms, total = 1.36ms, Queueing time: mean = 1.00ms, max = 1.61ms, min = 0.56ms, total = 6.01ms
[state-dump] 	ray::rpc::NodeInfoGcsService.grpc_client.CheckAlive - 6 total (0 active), Execution time: mean = 7.77ms, total = 46.62ms, Queueing time: mean = 0.00ms, max = -0.00ms, min = 9223372036854.78ms, total = 0.00ms
[state-dump] 	NodeManager.deadline_timer.print_event_loop_stats - 6 total (1 active, 1 running), Execution time: mean = 1.20ms, total = 7.21ms, Queueing time: mean = 0.02ms, max = 0.03ms, min = 0.01ms, total = 0.10ms
[state-dump] 	RaySyncerRegister - 2 total (0 active), Execution time: mean = 0.00ms, total = 0.01ms, Queueing time: mean = 0.00ms, max = 0.00ms, min = 0.00ms, total = 0.00ms
[state-dump] 	ray::rpc::InternalPubSubGcsService.grpc_client.GcsSubscriberCommandBatch - 2 total (0 active), Execution time: mean = 0.92ms, total = 1.84ms, Queueing time: mean = 0.00ms, max = -0.00ms, min = 9223372036854.78ms, total = 0.00ms
[state-dump] 	ClientConnection.async_read.ProcessMessageHeader - 2 total (1 active), Execution time: mean = 0.00ms, total = 0.01ms, Queueing time: mean = 0.01ms, max = 0.02ms, min = 0.02ms, total = 0.02ms
[state-dump] 	ray::rpc::InternalPubSubGcsService.grpc_client.GcsSubscriberCommandBatch.OnReplyReceived - 2 total (0 active), Execution time: mean = 0.10ms, total = 0.20ms, Queueing time: mean = 1.08ms, max = 2.01ms, min = 0.15ms, total = 2.16ms
[state-dump] 	ray::rpc::InternalKVGcsService.grpc_client.GetInternalConfig - 1 total (0 active), Execution time: mean = 1.38ms, total = 1.38ms, Queueing time: mean = 0.00ms, max = -0.00ms, min = 9223372036854.78ms, total = 0.00ms
[state-dump] 	ray::rpc::NodeInfoGcsService.grpc_client.GetAllNodeAddressAndLiveness.OnReplyReceived - 1 total (0 active), Execution time: mean = 0.15ms, total = 0.15ms, Queueing time: mean = 0.01ms, max = 0.01ms, min = 0.01ms, total = 0.01ms
[state-dump] 	NodeManager.GCTaskFailureReason - 1 total (1 active), Execution time: mean = 0.00ms, total = 0.00ms, Queueing time: mean = 0.00ms, max = -0.00ms, min = 9223372036854.78ms, total = 0.00ms
[state-dump] 	ray::rpc::InternalKVGcsService.grpc_client.GetInternalConfig.OnReplyReceived - 1 total (0 active), Execution time: mean = 24.53ms, total = 24.53ms, Queueing time: mean = 0.03ms, max = 0.03ms, min = 0.03ms, total = 0.03ms
[state-dump] 	NodeManagerService.grpc_server.GetSystemConfig.HandleRequestImpl - 1 total (0 active), Execution time: mean = 0.09ms, total = 0.09ms, Queueing time: mean = 0.02ms, max = 0.02ms, min = 0.02ms, total = 0.02ms
[state-dump] 	ray::rpc::InternalPubSubGcsService.grpc_client.GcsSubscriberPoll - 1 total (1 active), Execution time: mean = 0.00ms, total = 0.00ms, Queueing time: mean = 0.00ms, max = -0.00ms, min = 9223372036854.78ms, total = 0.00ms
[state-dump] 	ray::rpc::NodeInfoGcsService.grpc_client.RegisterNode - 1 total (0 active), Execution time: mean = 1.29ms, total = 1.29ms, Queueing time: mean = 0.00ms, max = -0.00ms, min = 9223372036854.78ms, total = 0.00ms
[state-dump] 	ClientConnection.async_read.ProcessMessage - 1 total (0 active), Execution time: mean = 3538.24ms, total = 3538.24ms, Queueing time: mean = 0.01ms, max = 0.01ms, min = 0.01ms, total = 0.01ms
[state-dump] 	ray::rpc::NodeInfoGcsService.grpc_client.RegisterNode.OnReplyReceived - 1 total (0 active), Execution time: mean = 0.68ms, total = 0.68ms, Queueing time: mean = 0.05ms, max = 0.05ms, min = 0.05ms, total = 0.05ms
[state-dump] 	NodeManagerService.grpc_server.GetSystemConfig - 1 total (0 active), Execution time: mean = 0.65ms, total = 0.65ms, Queueing time: mean = 0.00ms, max = -0.00ms, min = 9223372036854.78ms, total = 0.00ms
[state-dump] 	ray::rpc::JobInfoGcsService.grpc_client.GetAllJobInfo - 1 total (0 active), Execution time: mean = 0.76ms, total = 0.76ms, Queueing time: mean = 0.00ms, max = -0.00ms, min = 9223372036854.78ms, total = 0.00ms
[state-dump] 	ray::rpc::JobInfoGcsService.grpc_client.GetAllJobInfo.OnReplyReceived - 1 total (0 active), Execution time: mean = 0.03ms, total = 0.03ms, Queueing time: mean = 0.01ms, max = 0.01ms, min = 0.01ms, total = 0.01ms
[state-dump] 	 - 1 total (0 active), Execution time: mean = 0.00ms, total = 0.00ms, Queueing time: mean = 0.02ms, max = 0.02ms, min = 0.02ms, total = 0.02ms
[state-dump] 	RaySyncer.BroadcastMessage - 1 total (0 active), Execution time: mean = 0.09ms, total = 0.09ms, Queueing time: mean = 0.00ms, max = 0.00ms, min = 0.00ms, total = 0.00ms
[state-dump] 	ray::rpc::NodeInfoGcsService.grpc_client.GetAllNodeAddressAndLiveness - 1 total (0 active), Execution time: mean = 0.85ms, total = 0.85ms, Queueing time: mean = 0.00ms, max = -0.00ms, min = 9223372036854.78ms, total = 0.00ms
[state-dump] DebugString() time ms: 1
[state-dump] 
[state-dump] 
[2026-06-04 22:35:24,124 I 859 892] (raylet) store.cc:573: Plasma store debug dump: 
Current usage: 0 / 20.0817 GB
- num bytes created total: 0
0 pending objects of total size 0MB
- objects spillable: 0
- bytes spillable: 0
- objects unsealed: 0
- bytes unsealed: 0
- objects in use: 0
- bytes in use: 0
- objects evictable: 0
- bytes evictable: 0

- objects created by worker: 0
- bytes created by worker: 0
- objects restored: 0
- bytes restored: 0
- objects received: 0
- bytes received: 0
- objects errored: 0
- bytes errored: 0

[2026-06-04 22:35:24,159 I 859 859] (raylet) node_manager.cc:424: [state-dump] NodeManager:
[state-dump] Node ID: 11e184b7641b47dd66e5366c42f7fe51cb28f4bab1ca7ef8847590e4
[state-dump] Node name: 172.16.254.232
[state-dump] InitialConfigResources: {node:__internal_head__: 1, CPU: 192, node:172.16.254.232: 1, object_store_memory: 2.00817e+10, memory: 4.68574e+10}
[state-dump] ClusterLeaseManager:
[state-dump] ========== Node: 11e184b7641b47dd66e5366c42f7fe51cb28f4bab1ca7ef8847590e4 =================
[state-dump] Infeasible queue length: 0
[state-dump] Schedule queue length: 0
[state-dump] Grant queue length: 0
[state-dump] num_waiting_for_resource: 0
[state-dump] num_waiting_for_plasma_memory: 0
[state-dump] num_waiting_for_remote_node_resources: 0
[state-dump] num_worker_not_started_by_job_config_not_exist: 0
[state-dump] num_worker_not_started_by_registration_timeout: 0
[state-dump] num_tasks_waiting_for_workers: 0
[state-dump] num_cancelled_leases: 0
[state-dump] cluster_resource_scheduler state: 
[state-dump] Local id: 1457234449467745066 Local resources: {"total":{object_store_memory: [200817303550000], node:__internal_head__: [10000], memory: [468573708290000], CPU: [1920000], node:172.16.254.232: [10000]}}, "available": {memory: [468573708290000], CPU: [1920000], node:172.16.254.232: [10000], object_store_memory: [200817303550000], node:__internal_head__: [10000]}}, "labels":{"ray.io/node-id":"11e184b7641b47dd66e5366c42f7fe51cb28f4bab1ca7ef8847590e4",} is_draining: 0 is_idle: 1 Cluster resources (at most 20 nodes are shown): node id: 1457234449467745066{"total":{node:172.16.254.232: 10000, node:__internal_head__: 10000, memory: 468573708290000, object_store_memory: 200817303550000, CPU: 1920000}}, "available": {node:172.16.254.232: 10000, node:__internal_head__: 10000, memory: 468573708290000, CPU: 1920000, object_store_memory: 200817303550000}}, "labels":{"ray.io/node-id":"11e184b7641b47dd66e5366c42f7fe51cb28f4bab1ca7ef8847590e4",}, "is_draining": 0, "draining_deadline_timestamp_ms": -1} { "placement group locations": [], "node to bundles": []}
[state-dump] Waiting leases size: 0
[state-dump] Number of granted lease arguments: 0
[state-dump] Number of pinned lease arguments: 0
[state-dump] Number of total spilled leases: 0
[state-dump] Number of spilled waiting leases: 0
[state-dump] Number of spilled unschedulable leases: 0
[state-dump] Resource usage {
[state-dump] }
[state-dump] Backlog Size per scheduling descriptor :{workerId: num backlogs}:
[state-dump] 
[state-dump] Granted leases by scheduling class:
[state-dump] ==================================================
[state-dump] 
[state-dump] ClusterResources:
[state-dump] LocalObjectManager:
[state-dump] - num pinned objects: 0
[state-dump] - pinned objects size: 0
[state-dump] - num objects pending restore: 0
[state-dump] - num objects pending spill: 0
[state-dump] - num bytes pending spill: 0
[state-dump] - num bytes currently spilled: 0
[state-dump] - cumulative spill requests: 0
[state-dump] - cumulative restore requests: 0
[state-dump] - spilled objects pending delete: 0
[state-dump] 
[state-dump] ObjectManager:
[state-dump] - num local objects: 0
[state-dump] - num unfulfilled push requests: 0
[state-dump] - num object pull requests: 0
[state-dump] - num chunks received total: 0
[state-dump] - num chunks received failed (all): 0
[state-dump] - num chunks received failed / cancelled: 0
[state-dump] - num chunks received failed / plasma error: 0
[state-dump] Event stats:
[state-dump] Global stats: 0 total (0 active)
[state-dump] Queueing time: mean = -nanms, max = -0.00ms, min = 9223372036854.78ms, total = 0.00ms
[state-dump] Execution time:  mean = -nanms, total = 0.00ms
[state-dump] Event stats:
[state-dump] PushManager:
[state-dump] - num pushes remaining: 0
[state-dump] - num chunks in flight: 0
[state-dump] - num chunks remaining: 0
[state-dump] - max chunks allowed: 409
[state-dump] OwnershipBasedObjectDirectory:
[state-dump] - num listeners: 0
[state-dump] - cumulative location updates: 0
[state-dump] - num location updates per second: 0.000
[state-dump] - num location lookups per second: 0.000
[state-dump] - num locations added per second: 0.000
[state-dump] - num locations removed per second: 0.000
[state-dump] BufferPool:
[state-dump] - create buffer state map size: 0
[state-dump] PullManager:
[state-dump] - num bytes available for pulled objects: 20081730355
[state-dump] - num bytes being pulled (all): 0
[state-dump] - num bytes being pulled / pinned: 0
[state-dump] - get request bundles: BundlePullRequestQueue{0 total, 0 active, 0 inactive, 0 unpullable}
[state-dump] - wait request bundles: BundlePullRequestQueue{0 total, 0 active, 0 inactive, 0 unpullable}
[state-dump] - task request bundles: BundlePullRequestQueue{0 total, 0 active, 0 inactive, 0 unpullable}
[state-dump] - first get request bundle: N/A
[state-dump] - first wait request bundle: N/A
[state-dump] - first task request bundle: N/A
[state-dump] - num objects queued: 0
[state-dump] - num objects actively pulled (all): 0
[state-dump] - num objects actively pulled / pinned: 0
[state-dump] - num bundles being pulled: 0
[state-dump] - num pull retries: 0
[state-dump] - max timeout seconds: 0
[state-dump] - max timeout request is already processed. No entry.
[state-dump] 
[state-dump] WorkerPool:
[state-dump] - registered jobs: 1
[state-dump] - process_failed_job_config_missing: 0
[state-dump] - process_failed_rate_limited: 0
[state-dump] - process_failed_pending_registration: 192
[state-dump] - process_failed_runtime_env_setup_failed: 0
[state-dump] - num JAVA workers: 0
[state-dump] - num JAVA drivers: 0
[state-dump] - num JAVA pending start requests: 0
[state-dump] - num JAVA pending registration requests: 0
[state-dump] - num object spill callbacks queued: 0
[state-dump] - num object restore queued: 0
[state-dump] - num util functions queued: 0
[state-dump] - num PYTHON workers: 0
[state-dump] - num PYTHON drivers: 1
[state-dump] - num PYTHON pending start requests: 0
[state-dump] - num PYTHON pending registration requests: 0
[state-dump] - num object spill callbacks queued: 0
[state-dump] - num object restore queued: 0
[state-dump] - num util functions queued: 0
[state-dump] - num idle workers: 0
[state-dump] LeaseDependencyManager:
[state-dump] - lease deps map size: 0
[state-dump] - get req map size: 0
[state-dump] - wait req map size: 0
[state-dump] - local objects map size: 0
[state-dump] WaitManager:
[state-dump] - num active wait requests: 0
[state-dump] Subscriber:
[state-dump] Channel WORKER_OBJECT_LOCATIONS_CHANNEL
[state-dump] - cumulative subscribe requests: 0
[state-dump] - cumulative unsubscribe requests: 0
[state-dump] - active subscribed publishers: 0
[state-dump] - cumulative published messages: 0
[state-dump] - cumulative processed messages: 0
[state-dump] Channel WORKER_OBJECT_EVICTION
[state-dump] - cumulative subscribe requests: 0
[state-dump] - cumulative unsubscribe requests: 0
[state-dump] - active subscribed publishers: 0
[state-dump] - cumulative published messages: 0
[state-dump] - cumulative processed messages: 0
[state-dump] Channel WORKER_REF_REMOVED_CHANNEL
[state-dump] - cumulative subscribe requests: 0
[state-dump] - cumulative unsubscribe requests: 0
[state-dump] - active subscribed publishers: 0
[state-dump] - cumulative published messages: 0
[state-dump] - cumulative processed messages: 0
[state-dump] num async plasma notifications: 0
[state-dump] Event stats:
[state-dump] Global stats: 18842 total (16 active)
[state-dump] Queueing time: mean = 5.47ms, max = 3643.96ms, min = -95.24ms, total = 103078.42ms
[state-dump] Execution time:  mean = 1.29ms, total = 24398.83ms
[state-dump] Event stats:
[state-dump] 	NodeManager.CheckGC - 4070 total (1 active), Execution time: mean = 0.03ms, total = 105.51ms, Queueing time: mean = 3.17ms, max = 3444.74ms, min = -95.24ms, total = 12909.14ms
[state-dump] 	RaySyncer.OnDemandBroadcasting - 4070 total (1 active), Execution time: mean = 0.03ms, total = 112.90ms, Queueing time: mean = 3.17ms, max = 3444.73ms, min = -0.02ms, total = 12902.57ms
[state-dump] 	ObjectManager.UpdateAvailableMemory - 4069 total (0 active), Execution time: mean = 0.00ms, total = 7.95ms, Queueing time: mean = 0.43ms, max = 100.68ms, min = 0.00ms, total = 1733.75ms
[state-dump] 	RayletWorkerPool.deadline_timer.kill_idle_workers - 2062 total (1 active), Execution time: mean = 0.00ms, total = 9.02ms, Queueing time: mean = 3.74ms, max = 3350.40ms, min = 0.00ms, total = 7714.20ms
[state-dump] 	MemoryMonitor.CheckIsMemoryUsageAboveThreshold - 1599 total (1 active), Execution time: mean = 6.60ms, total = 10549.84ms, Queueing time: mean = 6.13ms, max = 3291.29ms, min = -0.02ms, total = 9796.76ms
[state-dump] 	NodeManagerService.grpc_server.GetResourceLoad - 419 total (0 active), Execution time: mean = 21.53ms, total = 9019.89ms, Queueing time: mean = 0.00ms, max = -0.00ms, min = 9223372036854.78ms, total = 0.00ms
[state-dump] 	NodeManagerService.grpc_server.GetResourceLoad.HandleRequestImpl - 419 total (0 active), Execution time: mean = 0.15ms, total = 61.48ms, Queueing time: mean = 18.87ms, max = 3203.58ms, min = 0.01ms, total = 7906.73ms
[state-dump] 	NodeManager.deadline_timer.flush_free_objects - 417 total (1 active), Execution time: mean = 0.00ms, total = 1.55ms, Queueing time: mean = 8.77ms, max = 2642.08ms, min = 0.01ms, total = 3657.28ms
[state-dump] 	NodeManager.CheckForUnexpectedWorkerDisconnects - 417 total (1 active), Execution time: mean = 0.23ms, total = 96.85ms, Queueing time: mean = 8.55ms, max = 2644.57ms, min = -0.01ms, total = 3565.01ms
[state-dump] 	NodeManager.deadline_timer.spill_objects_when_over_threshold - 417 total (1 active), Execution time: mean = 0.00ms, total = 1.12ms, Queueing time: mean = 8.77ms, max = 2642.10ms, min = 0.01ms, total = 3657.73ms
[state-dump] 	NodeManager.ScheduleAndGrantLeases - 417 total (1 active), Execution time: mean = 0.01ms, total = 3.91ms, Queueing time: mean = 8.77ms, max = 2644.57ms, min = 0.00ms, total = 3658.07ms
[state-dump] 	ClusterResourceManager.ResetRemoteNodeView - 140 total (1 active), Execution time: mean = 0.00ms, total = 0.60ms, Queueing time: mean = 13.22ms, max = 1645.70ms, min = 0.01ms, total = 1851.29ms
[state-dump] 	NodeManager.deadline_timer.record_metrics - 84 total (1 active), Execution time: mean = 0.50ms, total = 41.87ms, Queueing time: mean = 5.23ms, max = 99.31ms, min = 0.01ms, total = 439.26ms
[state-dump] 	event_loop_lag_probe - 43 total (0 active), Execution time: mean = 0.02ms, total = 0.71ms, Queueing time: mean = 0.29ms, max = 6.45ms, min = 0.00ms, total = 12.29ms
[state-dump] 	NodeManager.deadline_timer.debug_state_dump - 42 total (1 active), Execution time: mean = 3.48ms, total = 146.20ms, Queueing time: mean = 3.52ms, max = 96.66ms, min = 0.01ms, total = 147.84ms
[state-dump] 	ReporterService.grpc_client.HealthCheck.OnReplyReceived - 31 total (0 active), Execution time: mean = 0.12ms, total = 3.62ms, Queueing time: mean = 0.17ms, max = 1.08ms, min = 0.01ms, total = 5.28ms
[state-dump] 	ReporterService.grpc_client.HealthCheck - 31 total (0 active), Execution time: mean = 19.15ms, total = 593.71ms, Queueing time: mean = 0.00ms, max = -0.00ms, min = 9223372036854.78ms, total = 0.00ms
[state-dump] 	MetricsAgentClient.WaitForServerReadyWithRetry - 30 total (0 active), Execution time: mean = 0.31ms, total = 9.18ms, Queueing time: mean = 1101.58ms, max = 3643.96ms, min = 1000.02ms, total = 33047.26ms
[state-dump] 	PeriodicalRunner.RunFnPeriodically - 14 total (0 active), Execution time: mean = 0.23ms, total = 3.29ms, Queueing time: mean = 4.55ms, max = 12.98ms, min = 0.09ms, total = 63.65ms
[state-dump] 	ray::rpc::NodeInfoGcsService.grpc_client.CheckAlive.OnReplyReceived - 7 total (0 active), Execution time: mean = 0.04ms, total = 0.31ms, Queueing time: mean = 0.04ms, max = 0.14ms, min = 0.02ms, total = 0.27ms
[state-dump] 	NodeManager.GcsCheckAlive - 7 total (1 active), Execution time: mean = 0.24ms, total = 1.66ms, Queueing time: mean = 1.09ms, max = 1.61ms, min = 0.56ms, total = 7.62ms
[state-dump] 	ray::rpc::NodeInfoGcsService.grpc_client.CheckAlive - 7 total (0 active), Execution time: mean = 6.84ms, total = 47.87ms, Queueing time: mean = 0.00ms, max = -0.00ms, min = 9223372036854.78ms, total = 0.00ms
[state-dump] 	NodeManager.deadline_timer.print_event_loop_stats - 7 total (1 active, 1 running), Execution time: mean = 1.29ms, total = 9.01ms, Queueing time: mean = 0.02ms, max = 0.03ms, min = 0.01ms, total = 0.12ms
[state-dump] 	RaySyncerRegister - 2 total (0 active), Execution time: mean = 0.00ms, total = 0.01ms, Queueing time: mean = 0.00ms, max = 0.00ms, min = 0.00ms, total = 0.00ms
[state-dump] 	ray::rpc::InternalPubSubGcsService.grpc_client.GcsSubscriberCommandBatch - 2 total (0 active), Execution time: mean = 0.92ms, total = 1.84ms, Queueing time: mean = 0.00ms, max = -0.00ms, min = 9223372036854.78ms, total = 0.00ms
[state-dump] 	ClientConnection.async_read.ProcessMessageHeader - 2 total (1 active), Execution time: mean = 0.00ms, total = 0.01ms, Queueing time: mean = 0.01ms, max = 0.02ms, min = 0.02ms, total = 0.02ms
[state-dump] 	ray::rpc::InternalPubSubGcsService.grpc_client.GcsSubscriberCommandBatch.OnReplyReceived - 2 total (0 active), Execution time: mean = 0.10ms, total = 0.20ms, Queueing time: mean = 1.08ms, max = 2.01ms, min = 0.15ms, total = 2.16ms
[state-dump] 	ray::rpc::InternalKVGcsService.grpc_client.GetInternalConfig - 1 total (0 active), Execution time: mean = 1.38ms, total = 1.38ms, Queueing time: mean = 0.00ms, max = -0.00ms, min = 9223372036854.78ms, total = 0.00ms
[state-dump] 	ray::rpc::NodeInfoGcsService.grpc_client.GetAllNodeAddressAndLiveness.OnReplyReceived - 1 total (0 active), Execution time: mean = 0.15ms, total = 0.15ms, Queueing time: mean = 0.01ms, max = 0.01ms, min = 0.01ms, total = 0.01ms
[state-dump] 	NodeManager.GCTaskFailureReason - 1 total (1 active), Execution time: mean = 0.00ms, total = 0.00ms, Queueing time: mean = 0.00ms, max = -0.00ms, min = 9223372036854.78ms, total = 0.00ms
[state-dump] 	ray::rpc::InternalKVGcsService.grpc_client.GetInternalConfig.OnReplyReceived - 1 total (0 active), Execution time: mean = 24.53ms, total = 24.53ms, Queueing time: mean = 0.03ms, max = 0.03ms, min = 0.03ms, total = 0.03ms
[state-dump] 	NodeManagerService.grpc_server.GetSystemConfig.HandleRequestImpl - 1 total (0 active), Execution time: mean = 0.09ms, total = 0.09ms, Queueing time: mean = 0.02ms, max = 0.02ms, min = 0.02ms, total = 0.02ms
[state-dump] 	ray::rpc::InternalPubSubGcsService.grpc_client.GcsSubscriberPoll - 1 total (1 active), Execution time: mean = 0.00ms, total = 0.00ms, Queueing time: mean = 0.00ms, max = -0.00ms, min = 9223372036854.78ms, total = 0.00ms
[state-dump] 	ray::rpc::NodeInfoGcsService.grpc_client.RegisterNode - 1 total (0 active), Execution time: mean = 1.29ms, total = 1.29ms, Queueing time: mean = 0.00ms, max = -0.00ms, min = 9223372036854.78ms, total = 0.00ms
[state-dump] 	ClientConnection.async_read.ProcessMessage - 1 total (0 active), Execution time: mean = 3538.24ms, total = 3538.24ms, Queueing time: mean = 0.01ms, max = 0.01ms, min = 0.01ms, total = 0.01ms
[state-dump] 	ray::rpc::NodeInfoGcsService.grpc_client.RegisterNode.OnReplyReceived - 1 total (0 active), Execution time: mean = 0.68ms, total = 0.68ms, Queueing time: mean = 0.05ms, max = 0.05ms, min = 0.05ms, total = 0.05ms
[state-dump] 	NodeManagerService.grpc_server.GetSystemConfig - 1 total (0 active), Execution time: mean = 0.65ms, total = 0.65ms, Queueing time: mean = 0.00ms, max = -0.00ms, min = 9223372036854.78ms, total = 0.00ms
[state-dump] 	ray::rpc::JobInfoGcsService.grpc_client.GetAllJobInfo - 1 total (0 active), Execution time: mean = 0.76ms, total = 0.76ms, Queueing time: mean = 0.00ms, max = -0.00ms, min = 9223372036854.78ms, total = 0.00ms
[state-dump] 	ray::rpc::JobInfoGcsService.grpc_client.GetAllJobInfo.OnReplyReceived - 1 total (0 active), Execution time: mean = 0.03ms, total = 0.03ms, Queueing time: mean = 0.01ms, max = 0.01ms, min = 0.01ms, total = 0.01ms
[state-dump] 	 - 1 total (0 active), Execution time: mean = 0.00ms, total = 0.00ms, Queueing time: mean = 0.02ms, max = 0.02ms, min = 0.02ms, total = 0.02ms
[state-dump] 	RaySyncer.BroadcastMessage - 1 total (0 active), Execution time: mean = 0.09ms, total = 0.09ms, Queueing time: mean = 0.00ms, max = 0.00ms, min = 0.00ms, total = 0.00ms
[state-dump] 	ray::rpc::NodeInfoGcsService.grpc_client.GetAllNodeAddressAndLiveness - 1 total (0 active), Execution time: mean = 0.85ms, total = 0.85ms, Queueing time: mean = 0.00ms, max = -0.00ms, min = 9223372036854.78ms, total = 0.00ms
[state-dump] DebugString() time ms: 0
[state-dump] 
[state-dump] 
[2026-06-04 22:36:24,124 I 859 892] (raylet) store.cc:573: Plasma store debug dump: 
Current usage: 0 / 20.0817 GB
- num bytes created total: 0
0 pending objects of total size 0MB
- objects spillable: 0
- bytes spillable: 0
- objects unsealed: 0
- bytes unsealed: 0
- objects in use: 0
- bytes in use: 0
- objects evictable: 0
- bytes evictable: 0

- objects created by worker: 0
- bytes created by worker: 0
- objects restored: 0
- bytes restored: 0
- objects received: 0
- bytes received: 0
- objects errored: 0
- bytes errored: 0

[2026-06-04 22:36:24,161 I 859 859] (raylet) node_manager.cc:424: [state-dump] NodeManager:
[state-dump] Node ID: 11e184b7641b47dd66e5366c42f7fe51cb28f4bab1ca7ef8847590e4
[state-dump] Node name: 172.16.254.232
[state-dump] InitialConfigResources: {node:__internal_head__: 1, CPU: 192, node:172.16.254.232: 1, object_store_memory: 2.00817e+10, memory: 4.68574e+10}
[state-dump] ClusterLeaseManager:
[state-dump] ========== Node: 11e184b7641b47dd66e5366c42f7fe51cb28f4bab1ca7ef8847590e4 =================
[state-dump] Infeasible queue length: 0
[state-dump] Schedule queue length: 0
[state-dump] Grant queue length: 0
[state-dump] num_waiting_for_resource: 0
[state-dump] num_waiting_for_plasma_memory: 0
[state-dump] num_waiting_for_remote_node_resources: 0
[state-dump] num_worker_not_started_by_job_config_not_exist: 0
[state-dump] num_worker_not_started_by_registration_timeout: 0
[state-dump] num_tasks_waiting_for_workers: 0
[state-dump] num_cancelled_leases: 0
[state-dump] cluster_resource_scheduler state: 
[state-dump] Local id: 1457234449467745066 Local resources: {"total":{object_store_memory: [200817303550000], node:__internal_head__: [10000], memory: [468573708290000], CPU: [1920000], node:172.16.254.232: [10000]}}, "available": {memory: [468573708290000], CPU: [1920000], node:172.16.254.232: [10000], object_store_memory: [200817303550000], node:__internal_head__: [10000]}}, "labels":{"ray.io/node-id":"11e184b7641b47dd66e5366c42f7fe51cb28f4bab1ca7ef8847590e4",} is_draining: 0 is_idle: 1 Cluster resources (at most 20 nodes are shown): node id: 1457234449467745066{"total":{node:172.16.254.232: 10000, node:__internal_head__: 10000, memory: 468573708290000, object_store_memory: 200817303550000, CPU: 1920000}}, "available": {node:172.16.254.232: 10000, node:__internal_head__: 10000, memory: 468573708290000, CPU: 1920000, object_store_memory: 200817303550000}}, "labels":{"ray.io/node-id":"11e184b7641b47dd66e5366c42f7fe51cb28f4bab1ca7ef8847590e4",}, "is_draining": 0, "draining_deadline_timestamp_ms": -1} { "placement group locations": [], "node to bundles": []}
[state-dump] Waiting leases size: 0
[state-dump] Number of granted lease arguments: 0
[state-dump] Number of pinned lease arguments: 0
[state-dump] Number of total spilled leases: 0
[state-dump] Number of spilled waiting leases: 0
[state-dump] Number of spilled unschedulable leases: 0
[state-dump] Resource usage {
[state-dump] }
[state-dump] Backlog Size per scheduling descriptor :{workerId: num backlogs}:
[state-dump] 
[state-dump] Granted leases by scheduling class:
[state-dump] ==================================================
[state-dump] 
[state-dump] ClusterResources:
[state-dump] LocalObjectManager:
[state-dump] - num pinned objects: 0
[state-dump] - pinned objects size: 0
[state-dump] - num objects pending restore: 0
[state-dump] - num objects pending spill: 0
[state-dump] - num bytes pending spill: 0
[state-dump] - num bytes currently spilled: 0
[state-dump] - cumulative spill requests: 0
[state-dump] - cumulative restore requests: 0
[state-dump] - spilled objects pending delete: 0
[state-dump] 
[state-dump] ObjectManager:
[state-dump] - num local objects: 0
[state-dump] - num unfulfilled push requests: 0
[state-dump] - num object pull requests: 0
[state-dump] - num chunks received total: 0
[state-dump] - num chunks received failed (all): 0
[state-dump] - num chunks received failed / cancelled: 0
[state-dump] - num chunks received failed / plasma error: 0
[state-dump] Event stats:
[state-dump] Global stats: 0 total (0 active)
[state-dump] Queueing time: mean = -nanms, max = -0.00ms, min = 9223372036854.78ms, total = 0.00ms
[state-dump] Execution time:  mean = -nanms, total = 0.00ms
[state-dump] Event stats:
[state-dump] PushManager:
[state-dump] - num pushes remaining: 0
[state-dump] - num chunks in flight: 0
[state-dump] - num chunks remaining: 0
[state-dump] - max chunks allowed: 409
[state-dump] OwnershipBasedObjectDirectory:
[state-dump] - num listeners: 0
[state-dump] - cumulative location updates: 0
[state-dump] - num location updates per second: 0.000
[state-dump] - num location lookups per second: 0.000
[state-dump] - num locations added per second: 0.000
[state-dump] - num locations removed per second: 0.000
[state-dump] BufferPool:
[state-dump] - create buffer state map size: 0
[state-dump] PullManager:
[state-dump] - num bytes available for pulled objects: 20081730355
[state-dump] - num bytes being pulled (all): 0
[state-dump] - num bytes being pulled / pinned: 0
[state-dump] - get request bundles: BundlePullRequestQueue{0 total, 0 active, 0 inactive, 0 unpullable}
[state-dump] - wait request bundles: BundlePullRequestQueue{0 total, 0 active, 0 inactive, 0 unpullable}
[state-dump] - task request bundles: BundlePullRequestQueue{0 total, 0 active, 0 inactive, 0 unpullable}
[state-dump] - first get request bundle: N/A
[state-dump] - first wait request bundle: N/A
[state-dump] - first task request bundle: N/A
[state-dump] - num objects queued: 0
[state-dump] - num objects actively pulled (all): 0
[state-dump] - num objects actively pulled / pinned: 0
[state-dump] - num bundles being pulled: 0
[state-dump] - num pull retries: 0
[state-dump] - max timeout seconds: 0
[state-dump] - max timeout request is already processed. No entry.
[state-dump] 
[state-dump] WorkerPool:
[state-dump] - registered jobs: 1
[state-dump] - process_failed_job_config_missing: 0
[state-dump] - process_failed_rate_limited: 0
[state-dump] - process_failed_pending_registration: 192
[state-dump] - process_failed_runtime_env_setup_failed: 0
[state-dump] - num JAVA workers: 0
[state-dump] - num JAVA drivers: 0
[state-dump] - num JAVA pending start requests: 0
[state-dump] - num JAVA pending registration requests: 0
[state-dump] - num object spill callbacks queued: 0
[state-dump] - num object restore queued: 0
[state-dump] - num util functions queued: 0
[state-dump] - num PYTHON workers: 0
[state-dump] - num PYTHON drivers: 1
[state-dump] - num PYTHON pending start requests: 0
[state-dump] - num PYTHON pending registration requests: 0
[state-dump] - num object spill callbacks queued: 0
[state-dump] - num object restore queued: 0
[state-dump] - num util functions queued: 0
[state-dump] - num idle workers: 0
[state-dump] LeaseDependencyManager:
[state-dump] - lease deps map size: 0
[state-dump] - get req map size: 0
[state-dump] - wait req map size: 0
[state-dump] - local objects map size: 0
[state-dump] WaitManager:
[state-dump] - num active wait requests: 0
[state-dump] Subscriber:
[state-dump] Channel WORKER_OBJECT_LOCATIONS_CHANNEL
[state-dump] - cumulative subscribe requests: 0
[state-dump] - cumulative unsubscribe requests: 0
[state-dump] - active subscribed publishers: 0
[state-dump] - cumulative published messages: 0
[state-dump] - cumulative processed messages: 0
[state-dump] Channel WORKER_OBJECT_EVICTION
[state-dump] - cumulative subscribe requests: 0
[state-dump] - cumulative unsubscribe requests: 0
[state-dump] - active subscribed publishers: 0
[state-dump] - cumulative published messages: 0
[state-dump] - cumulative processed messages: 0
[state-dump] Channel WORKER_REF_REMOVED_CHANNEL
[state-dump] - cumulative subscribe requests: 0
[state-dump] - cumulative unsubscribe requests: 0
[state-dump] - active subscribed publishers: 0
[state-dump] - cumulative published messages: 0
[state-dump] - cumulative processed messages: 0
[state-dump] num async plasma notifications: 0
[state-dump] Event stats:
[state-dump] Global stats: 21588 total (16 active)
[state-dump] Queueing time: mean = 4.78ms, max = 3643.96ms, min = -95.24ms, total = 103154.07ms
[state-dump] Execution time:  mean = 1.16ms, total = 24991.35ms
[state-dump] Event stats:
[state-dump] 	NodeManager.CheckGC - 4670 total (1 active), Execution time: mean = 0.02ms, total = 106.62ms, Queueing time: mean = 2.77ms, max = 3444.74ms, min = -95.24ms, total = 12930.30ms
[state-dump] 	RaySyncer.OnDemandBroadcasting - 4670 total (1 active), Execution time: mean = 0.02ms, total = 114.73ms, Queueing time: mean = 2.77ms, max = 3444.73ms, min = -0.02ms, total = 12923.08ms
[state-dump] 	ObjectManager.UpdateAvailableMemory - 4669 total (0 active), Execution time: mean = 0.00ms, total = 8.76ms, Queueing time: mean = 0.37ms, max = 100.68ms, min = 0.00ms, total = 1743.07ms
[state-dump] 	RayletWorkerPool.deadline_timer.kill_idle_workers - 2362 total (1 active), Execution time: mean = 0.00ms, total = 10.07ms, Queueing time: mean = 3.27ms, max = 3350.40ms, min = 0.00ms, total = 7724.41ms
[state-dump] 	MemoryMonitor.CheckIsMemoryUsageAboveThreshold - 1837 total (1 active), Execution time: mean = 6.03ms, total = 11084.24ms, Queueing time: mean = 5.34ms, max = 3291.29ms, min = -0.02ms, total = 9800.97ms
[state-dump] 	NodeManagerService.grpc_server.GetResourceLoad - 479 total (0 active), Execution time: mean = 18.89ms, total = 9049.02ms, Queueing time: mean = 0.00ms, max = -0.00ms, min = 9223372036854.78ms, total = 0.00ms
[state-dump] 	NodeManagerService.grpc_server.GetResourceLoad.HandleRequestImpl - 479 total (0 active), Execution time: mean = 0.14ms, total = 68.71ms, Queueing time: mean = 16.51ms, max = 3203.58ms, min = 0.01ms, total = 7908.53ms
[state-dump] 	NodeManager.deadline_timer.flush_free_objects - 477 total (1 active), Execution time: mean = 0.00ms, total = 1.73ms, Queueing time: mean = 7.67ms, max = 2642.08ms, min = 0.01ms, total = 3658.85ms
[state-dump] 	NodeManager.CheckForUnexpectedWorkerDisconnects - 477 total (1 active), Execution time: mean = 0.20ms, total = 97.32ms, Queueing time: mean = 7.48ms, max = 2644.57ms, min = -0.01ms, total = 3566.30ms
[state-dump] 	NodeManager.deadline_timer.spill_objects_when_over_threshold - 477 total (1 active), Execution time: mean = 0.00ms, total = 1.26ms, Queueing time: mean = 7.67ms, max = 2642.10ms, min = 0.01ms, total = 3659.36ms
[state-dump] 	NodeManager.ScheduleAndGrantLeases - 477 total (1 active), Execution time: mean = 0.01ms, total = 4.41ms, Queueing time: mean = 7.67ms, max = 2644.57ms, min = 0.00ms, total = 3659.34ms
[state-dump] 	ClusterResourceManager.ResetRemoteNodeView - 160 total (1 active), Execution time: mean = 0.00ms, total = 0.67ms, Queueing time: mean = 11.58ms, max = 1645.70ms, min = 0.01ms, total = 1852.16ms
[state-dump] 	NodeManager.deadline_timer.record_metrics - 96 total (1 active), Execution time: mean = 0.49ms, total = 47.51ms, Queueing time: mean = 4.58ms, max = 99.31ms, min = 0.01ms, total = 439.48ms
[state-dump] 	event_loop_lag_probe - 49 total (0 active), Execution time: mean = 0.02ms, total = 0.80ms, Queueing time: mean = 0.25ms, max = 6.45ms, min = 0.00ms, total = 12.33ms
[state-dump] 	NodeManager.deadline_timer.debug_state_dump - 48 total (1 active), Execution time: mean = 3.19ms, total = 153.13ms, Queueing time: mean = 3.08ms, max = 96.66ms, min = 0.01ms, total = 147.94ms
[state-dump] 	ReporterService.grpc_client.HealthCheck.OnReplyReceived - 31 total (0 active), Execution time: mean = 0.12ms, total = 3.62ms, Queueing time: mean = 0.17ms, max = 1.08ms, min = 0.01ms, total = 5.28ms
[state-dump] 	ReporterService.grpc_client.HealthCheck - 31 total (0 active), Execution time: mean = 19.15ms, total = 593.71ms, Queueing time: mean = 0.00ms, max = -0.00ms, min = 9223372036854.78ms, total = 0.00ms
[state-dump] 	MetricsAgentClient.WaitForServerReadyWithRetry - 30 total (0 active), Execution time: mean = 0.31ms, total = 9.18ms, Queueing time: mean = 1101.58ms, max = 3643.96ms, min = 1000.02ms, total = 33047.26ms
[state-dump] 	PeriodicalRunner.RunFnPeriodically - 14 total (0 active), Execution time: mean = 0.23ms, total = 3.29ms, Queueing time: mean = 4.55ms, max = 12.98ms, min = 0.09ms, total = 63.65ms
[state-dump] 	ray::rpc::NodeInfoGcsService.grpc_client.CheckAlive.OnReplyReceived - 8 total (0 active), Execution time: mean = 0.04ms, total = 0.35ms, Queueing time: mean = 0.04ms, max = 0.14ms, min = 0.02ms, total = 0.29ms
[state-dump] 	NodeManager.GcsCheckAlive - 8 total (1 active), Execution time: mean = 0.24ms, total = 1.94ms, Queueing time: mean = 1.13ms, max = 1.61ms, min = 0.56ms, total = 9.01ms
[state-dump] 	ray::rpc::NodeInfoGcsService.grpc_client.CheckAlive - 8 total (0 active), Execution time: mean = 6.10ms, total = 48.82ms, Queueing time: mean = 0.00ms, max = -0.00ms, min = 9223372036854.78ms, total = 0.00ms
[state-dump] 	NodeManager.deadline_timer.print_event_loop_stats - 8 total (1 active, 1 running), Execution time: mean = 1.34ms, total = 10.68ms, Queueing time: mean = 0.02ms, max = 0.03ms, min = 0.01ms, total = 0.14ms
[state-dump] 	RaySyncerRegister - 2 total (0 active), Execution time: mean = 0.00ms, total = 0.01ms, Queueing time: mean = 0.00ms, max = 0.00ms, min = 0.00ms, total = 0.00ms
[state-dump] 	ray::rpc::InternalPubSubGcsService.grpc_client.GcsSubscriberCommandBatch - 2 total (0 active), Execution time: mean = 0.92ms, total = 1.84ms, Queueing time: mean = 0.00ms, max = -0.00ms, min = 9223372036854.78ms, total = 0.00ms
[state-dump] 	ClientConnection.async_read.ProcessMessageHeader - 2 total (1 active), Execution time: mean = 0.00ms, total = 0.01ms, Queueing time: mean = 0.01ms, max = 0.02ms, min = 0.02ms, total = 0.02ms
[state-dump] 	ray::rpc::InternalPubSubGcsService.grpc_client.GcsSubscriberCommandBatch.OnReplyReceived - 2 total (0 active), Execution time: mean = 0.10ms, total = 0.20ms, Queueing time: mean = 1.08ms, max = 2.01ms, min = 0.15ms, total = 2.16ms
[state-dump] 	ray::rpc::InternalKVGcsService.grpc_client.GetInternalConfig - 1 total (0 active), Execution time: mean = 1.38ms, total = 1.38ms, Queueing time: mean = 0.00ms, max = -0.00ms, min = 9223372036854.78ms, total = 0.00ms
[state-dump] 	ray::rpc::NodeInfoGcsService.grpc_client.GetAllNodeAddressAndLiveness.OnReplyReceived - 1 total (0 active), Execution time: mean = 0.15ms, total = 0.15ms, Queueing time: mean = 0.01ms, max = 0.01ms, min = 0.01ms, total = 0.01ms
[state-dump] 	NodeManager.GCTaskFailureReason - 1 total (1 active), Execution time: mean = 0.00ms, total = 0.00ms, Queueing time: mean = 0.00ms, max = -0.00ms, min = 9223372036854.78ms, total = 0.00ms
[state-dump] 	ray::rpc::InternalKVGcsService.grpc_client.GetInternalConfig.OnReplyReceived - 1 total (0 active), Execution time: mean = 24.53ms, total = 24.53ms, Queueing time: mean = 0.03ms, max = 0.03ms, min = 0.03ms, total = 0.03ms
[state-dump] 	NodeManagerService.grpc_server.GetSystemConfig.HandleRequestImpl - 1 total (0 active), Execution time: mean = 0.09ms, total = 0.09ms, Queueing time: mean = 0.02ms, max = 0.02ms, min = 0.02ms, total = 0.02ms
[state-dump] 	ray::rpc::InternalPubSubGcsService.grpc_client.GcsSubscriberPoll - 1 total (1 active), Execution time: mean = 0.00ms, total = 0.00ms, Queueing time: mean = 0.00ms, max = -0.00ms, min = 9223372036854.78ms, total = 0.00ms
[state-dump] 	ray::rpc::NodeInfoGcsService.grpc_client.RegisterNode - 1 total (0 active), Execution time: mean = 1.29ms, total = 1.29ms, Queueing time: mean = 0.00ms, max = -0.00ms, min = 9223372036854.78ms, total = 0.00ms
[state-dump] 	ClientConnection.async_read.ProcessMessage - 1 total (0 active), Execution time: mean = 3538.24ms, total = 3538.24ms, Queueing time: mean = 0.01ms, max = 0.01ms, min = 0.01ms, total = 0.01ms
[state-dump] 	ray::rpc::NodeInfoGcsService.grpc_client.RegisterNode.OnReplyReceived - 1 total (0 active), Execution time: mean = 0.68ms, total = 0.68ms, Queueing time: mean = 0.05ms, max = 0.05ms, min = 0.05ms, total = 0.05ms
[state-dump] 	NodeManagerService.grpc_server.GetSystemConfig - 1 total (0 active), Execution time: mean = 0.65ms, total = 0.65ms, Queueing time: mean = 0.00ms, max = -0.00ms, min = 9223372036854.78ms, total = 0.00ms
[state-dump] 	ray::rpc::JobInfoGcsService.grpc_client.GetAllJobInfo - 1 total (0 active), Execution time: mean = 0.76ms, total = 0.76ms, Queueing time: mean = 0.00ms, max = -0.00ms, min = 9223372036854.78ms, total = 0.00ms
[state-dump] 	ray::rpc::JobInfoGcsService.grpc_client.GetAllJobInfo.OnReplyReceived - 1 total (0 active), Execution time: mean = 0.03ms, total = 0.03ms, Queueing time: mean = 0.01ms, max = 0.01ms, min = 0.01ms, total = 0.01ms
[state-dump] 	 - 1 total (0 active), Execution time: mean = 0.00ms, total = 0.00ms, Queueing time: mean = 0.02ms, max = 0.02ms, min = 0.02ms, total = 0.02ms
[state-dump] 	RaySyncer.BroadcastMessage - 1 total (0 active), Execution time: mean = 0.09ms, total = 0.09ms, Queueing time: mean = 0.00ms, max = 0.00ms, min = 0.00ms, total = 0.00ms
[state-dump] 	ray::rpc::NodeInfoGcsService.grpc_client.GetAllNodeAddressAndLiveness - 1 total (0 active), Execution time: mean = 0.85ms, total = 0.85ms, Queueing time: mean = 0.00ms, max = -0.00ms, min = 9223372036854.78ms, total = 0.00ms
[state-dump] DebugString() time ms: 1
[state-dump] 
[state-dump] 
[2026-06-04 22:37:24,125 I 859 892] (raylet) store.cc:573: Plasma store debug dump: 
Current usage: 0 / 20.0817 GB
- num bytes created total: 0
0 pending objects of total size 0MB
- objects spillable: 0
- bytes spillable: 0
- objects unsealed: 0
- bytes unsealed: 0
- objects in use: 0
- bytes in use: 0
- objects evictable: 0
- bytes evictable: 0

- objects created by worker: 0
- bytes created by worker: 0
- objects restored: 0
- bytes restored: 0
- objects received: 0
- bytes received: 0
- objects errored: 0
- bytes errored: 0

[2026-06-04 22:37:24,163 I 859 859] (raylet) node_manager.cc:424: [state-dump] NodeManager:
[state-dump] Node ID: 11e184b7641b47dd66e5366c42f7fe51cb28f4bab1ca7ef8847590e4
[state-dump] Node name: 172.16.254.232
[state-dump] InitialConfigResources: {node:__internal_head__: 1, CPU: 192, node:172.16.254.232: 1, object_store_memory: 2.00817e+10, memory: 4.68574e+10}
[state-dump] ClusterLeaseManager:
[state-dump] ========== Node: 11e184b7641b47dd66e5366c42f7fe51cb28f4bab1ca7ef8847590e4 =================
[state-dump] Infeasible queue length: 0
[state-dump] Schedule queue length: 0
[state-dump] Grant queue length: 0
[state-dump] num_waiting_for_resource: 0
[state-dump] num_waiting_for_plasma_memory: 0
[state-dump] num_waiting_for_remote_node_resources: 0
[state-dump] num_worker_not_started_by_job_config_not_exist: 0
[state-dump] num_worker_not_started_by_registration_timeout: 0
[state-dump] num_tasks_waiting_for_workers: 0
[state-dump] num_cancelled_leases: 0
[state-dump] cluster_resource_scheduler state: 
[state-dump] Local id: 1457234449467745066 Local resources: {"total":{object_store_memory: [200817303550000], node:__internal_head__: [10000], memory: [468573708290000], CPU: [1920000], node:172.16.254.232: [10000]}}, "available": {memory: [468573708290000], CPU: [1920000], node:172.16.254.232: [10000], object_store_memory: [200817303550000], node:__internal_head__: [10000]}}, "labels":{"ray.io/node-id":"11e184b7641b47dd66e5366c42f7fe51cb28f4bab1ca7ef8847590e4",} is_draining: 0 is_idle: 1 Cluster resources (at most 20 nodes are shown): node id: 1457234449467745066{"total":{node:172.16.254.232: 10000, node:__internal_head__: 10000, memory: 468573708290000, object_store_memory: 200817303550000, CPU: 1920000}}, "available": {node:172.16.254.232: 10000, node:__internal_head__: 10000, memory: 468573708290000, CPU: 1920000, object_store_memory: 200817303550000}}, "labels":{"ray.io/node-id":"11e184b7641b47dd66e5366c42f7fe51cb28f4bab1ca7ef8847590e4",}, "is_draining": 0, "draining_deadline_timestamp_ms": -1} { "placement group locations": [], "node to bundles": []}
[state-dump] Waiting leases size: 0
[state-dump] Number of granted lease arguments: 0
[state-dump] Number of pinned lease arguments: 0
[state-dump] Number of total spilled leases: 0
[state-dump] Number of spilled waiting leases: 0
[state-dump] Number of spilled unschedulable leases: 0
[state-dump] Resource usage {
[state-dump] }
[state-dump] Backlog Size per scheduling descriptor :{workerId: num backlogs}:
[state-dump] 
[state-dump] Granted leases by scheduling class:
[state-dump] ==================================================
[state-dump] 
[state-dump] ClusterResources:
[state-dump] LocalObjectManager:
[state-dump] - num pinned objects: 0
[state-dump] - pinned objects size: 0
[state-dump] - num objects pending restore: 0
[state-dump] - num objects pending spill: 0
[state-dump] - num bytes pending spill: 0
[state-dump] - num bytes currently spilled: 0
[state-dump] - cumulative spill requests: 0
[state-dump] - cumulative restore requests: 0
[state-dump] - spilled objects pending delete: 0
[state-dump] 
[state-dump] ObjectManager:
[state-dump] - num local objects: 0
[state-dump] - num unfulfilled push requests: 0
[state-dump] - num object pull requests: 0
[state-dump] - num chunks received total: 0
[state-dump] - num chunks received failed (all): 0
[state-dump] - num chunks received failed / cancelled: 0
[state-dump] - num chunks received failed / plasma error: 0
[state-dump] Event stats:
[state-dump] Global stats: 0 total (0 active)
[state-dump] Queueing time: mean = -nanms, max = -0.00ms, min = 9223372036854.78ms, total = 0.00ms
[state-dump] Execution time:  mean = -nanms, total = 0.00ms
[state-dump] Event stats:
[state-dump] PushManager:
[state-dump] - num pushes remaining: 0
[state-dump] - num chunks in flight: 0
[state-dump] - num chunks remaining: 0
[state-dump] - max chunks allowed: 409
[state-dump] OwnershipBasedObjectDirectory:
[state-dump] - num listeners: 0
[state-dump] - cumulative location updates: 0
[state-dump] - num location updates per second: 0.000
[state-dump] - num location lookups per second: 0.000
[state-dump] - num locations added per second: 0.000
[state-dump] - num locations removed per second: 0.000
[state-dump] BufferPool:
[state-dump] - create buffer state map size: 0
[state-dump] PullManager:
[state-dump] - num bytes available for pulled objects: 20081730355
[state-dump] - num bytes being pulled (all): 0
[state-dump] - num bytes being pulled / pinned: 0
[state-dump] - get request bundles: BundlePullRequestQueue{0 total, 0 active, 0 inactive, 0 unpullable}
[state-dump] - wait request bundles: BundlePullRequestQueue{0 total, 0 active, 0 inactive, 0 unpullable}
[state-dump] - task request bundles: BundlePullRequestQueue{0 total, 0 active, 0 inactive, 0 unpullable}
[state-dump] - first get request bundle: N/A
[state-dump] - first wait request bundle: N/A
[state-dump] - first task request bundle: N/A
[state-dump] - num objects queued: 0
[state-dump] - num objects actively pulled (all): 0
[state-dump] - num objects actively pulled / pinned: 0
[state-dump] - num bundles being pulled: 0
[state-dump] - num pull retries: 0
[state-dump] - max timeout seconds: 0
[state-dump] - max timeout request is already processed. No entry.
[state-dump] 
[state-dump] WorkerPool:
[state-dump] - registered jobs: 1
[state-dump] - process_failed_job_config_missing: 0
[state-dump] - process_failed_rate_limited: 0
[state-dump] - process_failed_pending_registration: 192
[state-dump] - process_failed_runtime_env_setup_failed: 0
[state-dump] - num JAVA workers: 0
[state-dump] - num JAVA drivers: 0
[state-dump] - num JAVA pending start requests: 0
[state-dump] - num JAVA pending registration requests: 0
[state-dump] - num object spill callbacks queued: 0
[state-dump] - num object restore queued: 0
[state-dump] - num util functions queued: 0
[state-dump] - num PYTHON workers: 0
[state-dump] - num PYTHON drivers: 1
[state-dump] - num PYTHON pending start requests: 0
[state-dump] - num PYTHON pending registration requests: 0
[state-dump] - num object spill callbacks queued: 0
[state-dump] - num object restore queued: 0
[state-dump] - num util functions queued: 0
[state-dump] - num idle workers: 0
[state-dump] LeaseDependencyManager:
[state-dump] - lease deps map size: 0
[state-dump] - get req map size: 0
[state-dump] - wait req map size: 0
[state-dump] - local objects map size: 0
[state-dump] WaitManager:
[state-dump] - num active wait requests: 0
[state-dump] Subscriber:
[state-dump] Channel WORKER_OBJECT_LOCATIONS_CHANNEL
[state-dump] - cumulative subscribe requests: 0
[state-dump] - cumulative unsubscribe requests: 0
[state-dump] - active subscribed publishers: 0
[state-dump] - cumulative published messages: 0
[state-dump] - cumulative processed messages: 0
[state-dump] Channel WORKER_OBJECT_EVICTION
[state-dump] - cumulative subscribe requests: 0
[state-dump] - cumulative unsubscribe requests: 0
[state-dump] - active subscribed publishers: 0
[state-dump] - cumulative published messages: 0
[state-dump] - cumulative processed messages: 0
[state-dump] Channel WORKER_REF_REMOVED_CHANNEL
[state-dump] - cumulative subscribe requests: 0
[state-dump] - cumulative unsubscribe requests: 0
[state-dump] - active subscribed publishers: 0
[state-dump] - cumulative published messages: 0
[state-dump] - cumulative processed messages: 0
[state-dump] num async plasma notifications: 0
[state-dump] Event stats:
[state-dump] Global stats: 24334 total (16 active)
[state-dump] Queueing time: mean = 4.24ms, max = 3643.96ms, min = -95.24ms, total = 103234.09ms
[state-dump] Execution time:  mean = 1.05ms, total = 25538.85ms
[state-dump] Event stats:
[state-dump] 	NodeManager.CheckGC - 5270 total (1 active), Execution time: mean = 0.02ms, total = 107.67ms, Queueing time: mean = 2.46ms, max = 3444.74ms, min = -95.24ms, total = 12953.94ms
[state-dump] 	RaySyncer.OnDemandBroadcasting - 5270 total (1 active), Execution time: mean = 0.02ms, total = 116.44ms, Queueing time: mean = 2.46ms, max = 3444.73ms, min = -0.02ms, total = 12946.14ms
[state-dump] 	ObjectManager.UpdateAvailableMemory - 5269 total (0 active), Execution time: mean = 0.00ms, total = 9.52ms, Queueing time: mean = 0.33ms, max = 100.68ms, min = 0.00ms, total = 1751.87ms
[state-dump] 	RayletWorkerPool.deadline_timer.kill_idle_workers - 2662 total (1 active), Execution time: mean = 0.00ms, total = 11.12ms, Queueing time: mean = 2.91ms, max = 3350.40ms, min = 0.00ms, total = 7734.02ms
[state-dump] 	MemoryMonitor.CheckIsMemoryUsageAboveThreshold - 2075 total (1 active), Execution time: mean = 5.58ms, total = 11575.83ms, Queueing time: mean = 4.73ms, max = 3291.29ms, min = -0.02ms, total = 9805.02ms
[state-dump] 	NodeManagerService.grpc_server.GetResourceLoad - 539 total (0 active), Execution time: mean = 16.84ms, total = 9076.92ms, Queueing time: mean = 0.00ms, max = -0.00ms, min = 9223372036854.78ms, total = 0.00ms
[state-dump] 	NodeManagerService.grpc_server.GetResourceLoad.HandleRequestImpl - 539 total (0 active), Execution time: mean = 0.14ms, total = 75.35ms, Queueing time: mean = 14.68ms, max = 3203.58ms, min = 0.01ms, total = 7911.28ms
[state-dump] 	NodeManager.deadline_timer.flush_free_objects - 537 total (1 active), Execution time: mean = 0.00ms, total = 1.92ms, Queueing time: mean = 6.82ms, max = 2642.08ms, min = 0.01ms, total = 3660.35ms
[state-dump] 	NodeManager.CheckForUnexpectedWorkerDisconnects - 537 total (1 active), Execution time: mean = 0.18ms, total = 97.78ms, Queueing time: mean = 6.64ms, max = 2644.57ms, min = -0.01ms, total = 3567.52ms
[state-dump] 	NodeManager.deadline_timer.spill_objects_when_over_threshold - 537 total (1 active), Execution time: mean = 0.00ms, total = 1.38ms, Queueing time: mean = 6.82ms, max = 2642.10ms, min = 0.00ms, total = 3660.92ms
[state-dump] 	NodeManager.ScheduleAndGrantLeases - 537 total (1 active), Execution time: mean = 0.01ms, total = 4.89ms, Queueing time: mean = 6.82ms, max = 2644.57ms, min = 0.00ms, total = 3660.55ms
[state-dump] 	ClusterResourceManager.ResetRemoteNodeView - 180 total (1 active), Execution time: mean = 0.00ms, total = 0.73ms, Queueing time: mean = 10.29ms, max = 1645.70ms, min = 0.01ms, total = 1852.50ms
[state-dump] 	NodeManager.deadline_timer.record_metrics - 108 total (1 active), Execution time: mean = 0.49ms, total = 53.11ms, Queueing time: mean = 4.07ms, max = 99.31ms, min = 0.01ms, total = 439.69ms
[state-dump] 	event_loop_lag_probe - 55 total (0 active), Execution time: mean = 0.02ms, total = 0.90ms, Queueing time: mean = 0.22ms, max = 6.45ms, min = 0.00ms, total = 12.36ms
[state-dump] 	NodeManager.deadline_timer.debug_state_dump - 54 total (1 active), Execution time: mean = 2.96ms, total = 159.88ms, Queueing time: mean = 2.75ms, max = 96.66ms, min = 0.01ms, total = 148.48ms
[state-dump] 	ReporterService.grpc_client.HealthCheck.OnReplyReceived - 31 total (0 active), Execution time: mean = 0.12ms, total = 3.62ms, Queueing time: mean = 0.17ms, max = 1.08ms, min = 0.01ms, total = 5.28ms
[state-dump] 	ReporterService.grpc_client.HealthCheck - 31 total (0 active), Execution time: mean = 19.15ms, total = 593.71ms, Queueing time: mean = 0.00ms, max = -0.00ms, min = 9223372036854.78ms, total = 0.00ms
[state-dump] 	MetricsAgentClient.WaitForServerReadyWithRetry - 30 total (0 active), Execution time: mean = 0.31ms, total = 9.18ms, Queueing time: mean = 1101.58ms, max = 3643.96ms, min = 1000.02ms, total = 33047.26ms
[state-dump] 	PeriodicalRunner.RunFnPeriodically - 14 total (0 active), Execution time: mean = 0.23ms, total = 3.29ms, Queueing time: mean = 4.55ms, max = 12.98ms, min = 0.09ms, total = 63.65ms
[state-dump] 	ray::rpc::NodeInfoGcsService.grpc_client.CheckAlive.OnReplyReceived - 9 total (0 active), Execution time: mean = 0.04ms, total = 0.39ms, Queueing time: mean = 0.03ms, max = 0.14ms, min = 0.02ms, total = 0.31ms
[state-dump] 	NodeManager.GcsCheckAlive - 9 total (1 active), Execution time: mean = 0.24ms, total = 2.20ms, Queueing time: mean = 1.17ms, max = 1.61ms, min = 0.56ms, total = 10.49ms
[state-dump] 	ray::rpc::NodeInfoGcsService.grpc_client.CheckAlive - 9 total (0 active), Execution time: mean = 5.54ms, total = 49.84ms, Queueing time: mean = 0.00ms, max = -0.00ms, min = 9223372036854.78ms, total = 0.00ms
[state-dump] 	NodeManager.deadline_timer.print_event_loop_stats - 9 total (1 active, 1 running), Execution time: mean = 1.38ms, total = 12.42ms, Queueing time: mean = 0.02ms, max = 0.03ms, min = 0.01ms, total = 0.16ms
[state-dump] 	RaySyncerRegister - 2 total (0 active), Execution time: mean = 0.00ms, total = 0.01ms, Queueing time: mean = 0.00ms, max = 0.00ms, min = 0.00ms, total = 0.00ms
[state-dump] 	ray::rpc::InternalPubSubGcsService.grpc_client.GcsSubscriberCommandBatch - 2 total (0 active), Execution time: mean = 0.92ms, total = 1.84ms, Queueing time: mean = 0.00ms, max = -0.00ms, min = 9223372036854.78ms, total = 0.00ms
[state-dump] 	ClientConnection.async_read.ProcessMessageHeader - 2 total (1 active), Execution time: mean = 0.00ms, total = 0.01ms, Queueing time: mean = 0.01ms, max = 0.02ms, min = 0.02ms, total = 0.02ms
[state-dump] 	ray::rpc::InternalPubSubGcsService.grpc_client.GcsSubscriberCommandBatch.OnReplyReceived - 2 total (0 active), Execution time: mean = 0.10ms, total = 0.20ms, Queueing time: mean = 1.08ms, max = 2.01ms, min = 0.15ms, total = 2.16ms
[state-dump] 	ray::rpc::InternalKVGcsService.grpc_client.GetInternalConfig - 1 total (0 active), Execution time: mean = 1.38ms, total = 1.38ms, Queueing time: mean = 0.00ms, max = -0.00ms, min = 9223372036854.78ms, total = 0.00ms
[state-dump] 	ray::rpc::NodeInfoGcsService.grpc_client.GetAllNodeAddressAndLiveness.OnReplyReceived - 1 total (0 active), Execution time: mean = 0.15ms, total = 0.15ms, Queueing time: mean = 0.01ms, max = 0.01ms, min = 0.01ms, total = 0.01ms
[state-dump] 	NodeManager.GCTaskFailureReason - 1 total (1 active), Execution time: mean = 0.00ms, total = 0.00ms, Queueing time: mean = 0.00ms, max = -0.00ms, min = 9223372036854.78ms, total = 0.00ms
[state-dump] 	ray::rpc::InternalKVGcsService.grpc_client.GetInternalConfig.OnReplyReceived - 1 total (0 active), Execution time: mean = 24.53ms, total = 24.53ms, Queueing time: mean = 0.03ms, max = 0.03ms, min = 0.03ms, total = 0.03ms
[state-dump] 	NodeManagerService.grpc_server.GetSystemConfig.HandleRequestImpl - 1 total (0 active), Execution time: mean = 0.09ms, total = 0.09ms, Queueing time: mean = 0.02ms, max = 0.02ms, min = 0.02ms, total = 0.02ms
[state-dump] 	ray::rpc::InternalPubSubGcsService.grpc_client.GcsSubscriberPoll - 1 total (1 active), Execution time: mean = 0.00ms, total = 0.00ms, Queueing time: mean = 0.00ms, max = -0.00ms, min = 9223372036854.78ms, total = 0.00ms
[state-dump] 	ray::rpc::NodeInfoGcsService.grpc_client.RegisterNode - 1 total (0 active), Execution time: mean = 1.29ms, total = 1.29ms, Queueing time: mean = 0.00ms, max = -0.00ms, min = 9223372036854.78ms, total = 0.00ms
[state-dump] 	ClientConnection.async_read.ProcessMessage - 1 total (0 active), Execution time: mean = 3538.24ms, total = 3538.24ms, Queueing time: mean = 0.01ms, max = 0.01ms, min = 0.01ms, total = 0.01ms
[state-dump] 	ray::rpc::NodeInfoGcsService.grpc_client.RegisterNode.OnReplyReceived - 1 total (0 active), Execution time: mean = 0.68ms, total = 0.68ms, Queueing time: mean = 0.05ms, max = 0.05ms, min = 0.05ms, total = 0.05ms
[state-dump] 	NodeManagerService.grpc_server.GetSystemConfig - 1 total (0 active), Execution time: mean = 0.65ms, total = 0.65ms, Queueing time: mean = 0.00ms, max = -0.00ms, min = 9223372036854.78ms, total = 0.00ms
[state-dump] 	ray::rpc::JobInfoGcsService.grpc_client.GetAllJobInfo - 1 total (0 active), Execution time: mean = 0.76ms, total = 0.76ms, Queueing time: mean = 0.00ms, max = -0.00ms, min = 9223372036854.78ms, total = 0.00ms
[state-dump] 	ray::rpc::JobInfoGcsService.grpc_client.GetAllJobInfo.OnReplyReceived - 1 total (0 active), Execution time: mean = 0.03ms, total = 0.03ms, Queueing time: mean = 0.01ms, max = 0.01ms, min = 0.01ms, total = 0.01ms
[state-dump] 	 - 1 total (0 active), Execution time: mean = 0.00ms, total = 0.00ms, Queueing time: mean = 0.02ms, max = 0.02ms, min = 0.02ms, total = 0.02ms
[state-dump] 	RaySyncer.BroadcastMessage - 1 total (0 active), Execution time: mean = 0.09ms, total = 0.09ms, Queueing time: mean = 0.00ms, max = 0.00ms, min = 0.00ms, total = 0.00ms
[state-dump] 	ray::rpc::NodeInfoGcsService.grpc_client.GetAllNodeAddressAndLiveness - 1 total (0 active), Execution time: mean = 0.85ms, total = 0.85ms, Queueing time: mean = 0.00ms, max = -0.00ms, min = 9223372036854.78ms, total = 0.00ms
[state-dump] DebugString() time ms: 1
[state-dump] 
[state-dump] 
[2026-06-04 22:38:24,125 I 859 892] (raylet) store.cc:573: Plasma store debug dump: 
Current usage: 0 / 20.0817 GB
- num bytes created total: 0
0 pending objects of total size 0MB
- objects spillable: 0
- bytes spillable: 0
- objects unsealed: 0
- bytes unsealed: 0
- objects in use: 0
- bytes in use: 0
- objects evictable: 0
- bytes evictable: 0

- objects created by worker: 0
- bytes created by worker: 0
- objects restored: 0
- bytes restored: 0
- objects received: 0
- bytes received: 0
- objects errored: 0
- bytes errored: 0

[2026-06-04 22:38:24,164 I 859 859] (raylet) node_manager.cc:424: [state-dump] NodeManager:
[state-dump] Node ID: 11e184b7641b47dd66e5366c42f7fe51cb28f4bab1ca7ef8847590e4
[state-dump] Node name: 172.16.254.232
[state-dump] InitialConfigResources: {node:__internal_head__: 1, CPU: 192, node:172.16.254.232: 1, object_store_memory: 2.00817e+10, memory: 4.68574e+10}
[state-dump] ClusterLeaseManager:
[state-dump] ========== Node: 11e184b7641b47dd66e5366c42f7fe51cb28f4bab1ca7ef8847590e4 =================
[state-dump] Infeasible queue length: 0
[state-dump] Schedule queue length: 0
[state-dump] Grant queue length: 0
[state-dump] num_waiting_for_resource: 0
[state-dump] num_waiting_for_plasma_memory: 0
[state-dump] num_waiting_for_remote_node_resources: 0
[state-dump] num_worker_not_started_by_job_config_not_exist: 0
[state-dump] num_worker_not_started_by_registration_timeout: 0
[state-dump] num_tasks_waiting_for_workers: 0
[state-dump] num_cancelled_leases: 0
[state-dump] cluster_resource_scheduler state: 
[state-dump] Local id: 1457234449467745066 Local resources: {"total":{object_store_memory: [200817303550000], node:__internal_head__: [10000], memory: [468573708290000], CPU: [1920000], node:172.16.254.232: [10000]}}, "available": {memory: [468573708290000], CPU: [1920000], node:172.16.254.232: [10000], object_store_memory: [200817303550000], node:__internal_head__: [10000]}}, "labels":{"ray.io/node-id":"11e184b7641b47dd66e5366c42f7fe51cb28f4bab1ca7ef8847590e4",} is_draining: 0 is_idle: 1 Cluster resources (at most 20 nodes are shown): node id: 1457234449467745066{"total":{node:172.16.254.232: 10000, node:__internal_head__: 10000, memory: 468573708290000, object_store_memory: 200817303550000, CPU: 1920000}}, "available": {node:172.16.254.232: 10000, node:__internal_head__: 10000, memory: 468573708290000, CPU: 1920000, object_store_memory: 200817303550000}}, "labels":{"ray.io/node-id":"11e184b7641b47dd66e5366c42f7fe51cb28f4bab1ca7ef8847590e4",}, "is_draining": 0, "draining_deadline_timestamp_ms": -1} { "placement group locations": [], "node to bundles": []}
[state-dump] Waiting leases size: 0
[state-dump] Number of granted lease arguments: 0
[state-dump] Number of pinned lease arguments: 0
[state-dump] Number of total spilled leases: 0
[state-dump] Number of spilled waiting leases: 0
[state-dump] Number of spilled unschedulable leases: 0
[state-dump] Resource usage {
[state-dump] }
[state-dump] Backlog Size per scheduling descriptor :{workerId: num backlogs}:
[state-dump] 
[state-dump] Granted leases by scheduling class:
[state-dump] ==================================================
[state-dump] 
[state-dump] ClusterResources:
[state-dump] LocalObjectManager:
[state-dump] - num pinned objects: 0
[state-dump] - pinned objects size: 0
[state-dump] - num objects pending restore: 0
[state-dump] - num objects pending spill: 0
[state-dump] - num bytes pending spill: 0
[state-dump] - num bytes currently spilled: 0
[state-dump] - cumulative spill requests: 0
[state-dump] - cumulative restore requests: 0
[state-dump] - spilled objects pending delete: 0
[state-dump] 
[state-dump] ObjectManager:
[state-dump] - num local objects: 0
[state-dump] - num unfulfilled push requests: 0
[state-dump] - num object pull requests: 0
[state-dump] - num chunks received total: 0
[state-dump] - num chunks received failed (all): 0
[state-dump] - num chunks received failed / cancelled: 0
[state-dump] - num chunks received failed / plasma error: 0
[state-dump] Event stats:
[state-dump] Global stats: 0 total (0 active)
[state-dump] Queueing time: mean = -nanms, max = -0.00ms, min = 9223372036854.78ms, total = 0.00ms
[state-dump] Execution time:  mean = -nanms, total = 0.00ms
[state-dump] Event stats:
[state-dump] PushManager:
[state-dump] - num pushes remaining: 0
[state-dump] - num chunks in flight: 0
[state-dump] - num chunks remaining: 0
[state-dump] - max chunks allowed: 409
[state-dump] OwnershipBasedObjectDirectory:
[state-dump] - num listeners: 0
[state-dump] - cumulative location updates: 0
[state-dump] - num location updates per second: 0.000
[state-dump] - num location lookups per second: 0.000
[state-dump] - num locations added per second: 0.000
[state-dump] - num locations removed per second: 0.000
[state-dump] BufferPool:
[state-dump] - create buffer state map size: 0
[state-dump] PullManager:
[state-dump] - num bytes available for pulled objects: 20081730355
[state-dump] - num bytes being pulled (all): 0
[state-dump] - num bytes being pulled / pinned: 0
[state-dump] - get request bundles: BundlePullRequestQueue{0 total, 0 active, 0 inactive, 0 unpullable}
[state-dump] - wait request bundles: BundlePullRequestQueue{0 total, 0 active, 0 inactive, 0 unpullable}
[state-dump] - task request bundles: BundlePullRequestQueue{0 total, 0 active, 0 inactive, 0 unpullable}
[state-dump] - first get request bundle: N/A
[state-dump] - first wait request bundle: N/A
[state-dump] - first task request bundle: N/A
[state-dump] - num objects queued: 0
[state-dump] - num objects actively pulled (all): 0
[state-dump] - num objects actively pulled / pinned: 0
[state-dump] - num bundles being pulled: 0
[state-dump] - num pull retries: 0
[state-dump] - max timeout seconds: 0
[state-dump] - max timeout request is already processed. No entry.
[state-dump] 
[state-dump] WorkerPool:
[state-dump] - registered jobs: 1
[state-dump] - process_failed_job_config_missing: 0
[state-dump] - process_failed_rate_limited: 0
[state-dump] - process_failed_pending_registration: 192
[state-dump] - process_failed_runtime_env_setup_failed: 0
[state-dump] - num JAVA workers: 0
[state-dump] - num JAVA drivers: 0
[state-dump] - num JAVA pending start requests: 0
[state-dump] - num JAVA pending registration requests: 0
[state-dump] - num object spill callbacks queued: 0
[state-dump] - num object restore queued: 0
[state-dump] - num util functions queued: 0
[state-dump] - num PYTHON workers: 0
[state-dump] - num PYTHON drivers: 1
[state-dump] - num PYTHON pending start requests: 0
[state-dump] - num PYTHON pending registration requests: 0
[state-dump] - num object spill callbacks queued: 0
[state-dump] - num object restore queued: 0
[state-dump] - num util functions queued: 0
[state-dump] - num idle workers: 0
[state-dump] LeaseDependencyManager:
[state-dump] - lease deps map size: 0
[state-dump] - get req map size: 0
[state-dump] - wait req map size: 0
[state-dump] - local objects map size: 0
[state-dump] WaitManager:
[state-dump] - num active wait requests: 0
[state-dump] Subscriber:
[state-dump] Channel WORKER_OBJECT_LOCATIONS_CHANNEL
[state-dump] - cumulative subscribe requests: 0
[state-dump] - cumulative unsubscribe requests: 0
[state-dump] - active subscribed publishers: 0
[state-dump] - cumulative published messages: 0
[state-dump] - cumulative processed messages: 0
[state-dump] Channel WORKER_OBJECT_EVICTION
[state-dump] - cumulative subscribe requests: 0
[state-dump] - cumulative unsubscribe requests: 0
[state-dump] - active subscribed publishers: 0
[state-dump] - cumulative published messages: 0
[state-dump] - cumulative processed messages: 0
[state-dump] Channel WORKER_REF_REMOVED_CHANNEL
[state-dump] - cumulative subscribe requests: 0
[state-dump] - cumulative unsubscribe requests: 0
[state-dump] - active subscribed publishers: 0
[state-dump] - cumulative published messages: 0
[state-dump] - cumulative processed messages: 0
[state-dump] num async plasma notifications: 0
[state-dump] Event stats:
[state-dump] Global stats: 27082 total (16 active)
[state-dump] Queueing time: mean = 3.81ms, max = 3643.96ms, min = -95.24ms, total = 103311.06ms
[state-dump] Execution time:  mean = 22.56ms, total = 610937.29ms
[state-dump] Event stats:
[state-dump] 	NodeManager.CheckGC - 5870 total (1 active), Execution time: mean = 0.02ms, total = 108.78ms, Queueing time: mean = 2.21ms, max = 3444.74ms, min = -95.24ms, total = 12977.10ms
[state-dump] 	RaySyncer.OnDemandBroadcasting - 5870 total (1 active), Execution time: mean = 0.02ms, total = 118.28ms, Queueing time: mean = 2.21ms, max = 3444.73ms, min = -0.02ms, total = 12968.63ms
[state-dump] 	ObjectManager.UpdateAvailableMemory - 5869 total (0 active), Execution time: mean = 0.00ms, total = 10.35ms, Queueing time: mean = 0.30ms, max = 100.68ms, min = 0.00ms, total = 1761.40ms
[state-dump] 	RayletWorkerPool.deadline_timer.kill_idle_workers - 2962 total (1 active), Execution time: mean = 0.00ms, total = 12.19ms, Queueing time: mean = 2.61ms, max = 3350.40ms, min = 0.00ms, total = 7742.18ms
[state-dump] 	MemoryMonitor.CheckIsMemoryUsageAboveThreshold - 2313 total (1 active), Execution time: mean = 5.25ms, total = 12154.19ms, Queueing time: mean = 4.24ms, max = 3291.29ms, min = -0.02ms, total = 9809.23ms
[state-dump] 	NodeManagerService.grpc_server.GetResourceLoad - 599 total (0 active), Execution time: mean = 15.20ms, total = 9105.75ms, Queueing time: mean = 0.00ms, max = -0.00ms, min = 9223372036854.78ms, total = 0.00ms
[state-dump] 	NodeManagerService.grpc_server.GetResourceLoad.HandleRequestImpl - 599 total (0 active), Execution time: mean = 0.14ms, total = 82.38ms, Queueing time: mean = 13.21ms, max = 3203.58ms, min = 0.01ms, total = 7912.56ms
[state-dump] 	NodeManager.deadline_timer.spill_objects_when_over_threshold - 597 total (1 active), Execution time: mean = 0.00ms, total = 1.52ms, Queueing time: mean = 6.13ms, max = 2642.10ms, min = 0.00ms, total = 3662.57ms
[state-dump] 	NodeManager.CheckForUnexpectedWorkerDisconnects - 597 total (1 active), Execution time: mean = 0.16ms, total = 98.25ms, Queueing time: mean = 5.98ms, max = 2644.57ms, min = -0.01ms, total = 3568.85ms
[state-dump] 	NodeManager.ScheduleAndGrantLeases - 597 total (1 active), Execution time: mean = 0.01ms, total = 5.40ms, Queueing time: mean = 6.13ms, max = 2644.57ms, min = 0.00ms, total = 3661.85ms
[state-dump] 	NodeManager.deadline_timer.flush_free_objects - 597 total (1 active), Execution time: mean = 0.00ms, total = 2.11ms, Queueing time: mean = 6.13ms, max = 2642.08ms, min = 0.00ms, total = 3661.95ms
[state-dump] 	ClusterResourceManager.ResetRemoteNodeView - 200 total (1 active), Execution time: mean = 0.00ms, total = 0.80ms, Queueing time: mean = 9.26ms, max = 1645.70ms, min = 0.01ms, total = 1852.89ms
[state-dump] 	NodeManager.deadline_timer.record_metrics - 120 total (1 active), Execution time: mean = 0.49ms, total = 59.18ms, Queueing time: mean = 3.67ms, max = 99.31ms, min = 0.01ms, total = 439.91ms
[state-dump] 	event_loop_lag_probe - 61 total (0 active), Execution time: mean = 0.02ms, total = 0.99ms, Queueing time: mean = 0.20ms, max = 6.45ms, min = 0.00ms, total = 12.40ms
[state-dump] 	NodeManager.deadline_timer.debug_state_dump - 60 total (1 active), Execution time: mean = 2.79ms, total = 167.47ms, Queueing time: mean = 2.48ms, max = 96.66ms, min = 0.01ms, total = 148.60ms
[state-dump] 	ReporterService.grpc_client.HealthCheck.OnReplyReceived - 31 total (0 active), Execution time: mean = 0.12ms, total = 3.62ms, Queueing time: mean = 0.17ms, max = 1.08ms, min = 0.01ms, total = 5.28ms
[state-dump] 	ReporterService.grpc_client.HealthCheck - 31 total (0 active), Execution time: mean = 19.15ms, total = 593.71ms, Queueing time: mean = 0.00ms, max = -0.00ms, min = 9223372036854.78ms, total = 0.00ms
[state-dump] 	MetricsAgentClient.WaitForServerReadyWithRetry - 30 total (0 active), Execution time: mean = 0.31ms, total = 9.18ms, Queueing time: mean = 1101.58ms, max = 3643.96ms, min = 1000.02ms, total = 33047.26ms
[state-dump] 	PeriodicalRunner.RunFnPeriodically - 14 total (0 active), Execution time: mean = 0.23ms, total = 3.29ms, Queueing time: mean = 4.55ms, max = 12.98ms, min = 0.09ms, total = 63.65ms
[state-dump] 	NodeManager.deadline_timer.print_event_loop_stats - 10 total (1 active, 1 running), Execution time: mean = 1.41ms, total = 14.08ms, Queueing time: mean = 0.02ms, max = 0.03ms, min = 0.01ms, total = 0.18ms
[state-dump] 	ray::rpc::NodeInfoGcsService.grpc_client.CheckAlive.OnReplyReceived - 10 total (0 active), Execution time: mean = 0.04ms, total = 0.42ms, Queueing time: mean = 0.03ms, max = 0.14ms, min = 0.02ms, total = 0.33ms
[state-dump] 	NodeManager.GcsCheckAlive - 10 total (1 active), Execution time: mean = 0.25ms, total = 2.47ms, Queueing time: mean = 1.19ms, max = 1.61ms, min = 0.56ms, total = 11.90ms
[state-dump] 	ray::rpc::NodeInfoGcsService.grpc_client.CheckAlive - 10 total (0 active), Execution time: mean = 5.08ms, total = 50.82ms, Queueing time: mean = 0.00ms, max = -0.00ms, min = 9223372036854.78ms, total = 0.00ms
[state-dump] 	ray::rpc::InternalPubSubGcsService.grpc_client.GcsSubscriberCommandBatch - 2 total (0 active), Execution time: mean = 0.92ms, total = 1.84ms, Queueing time: mean = 0.00ms, max = -0.00ms, min = 9223372036854.78ms, total = 0.00ms
[state-dump] 	ray::rpc::InternalPubSubGcsService.grpc_client.GcsSubscriberPoll - 2 total (1 active), Execution time: mean = 292380.48ms, total = 584760.96ms, Queueing time: mean = 0.00ms, max = -0.00ms, min = 9223372036854.78ms, total = 0.00ms
[state-dump] 	RaySyncerRegister - 2 total (0 active), Execution time: mean = 0.00ms, total = 0.01ms, Queueing time: mean = 0.00ms, max = 0.00ms, min = 0.00ms, total = 0.00ms
[state-dump] 	ray::rpc::InternalPubSubGcsService.grpc_client.GcsSubscriberCommandBatch.OnReplyReceived - 2 total (0 active), Execution time: mean = 0.10ms, total = 0.20ms, Queueing time: mean = 1.08ms, max = 2.01ms, min = 0.15ms, total = 2.16ms
[state-dump] 	ClientConnection.async_read.ProcessMessageHeader - 2 total (1 active), Execution time: mean = 0.00ms, total = 0.01ms, Queueing time: mean = 0.01ms, max = 0.02ms, min = 0.02ms, total = 0.02ms
[state-dump] 	ray::rpc::InternalKVGcsService.grpc_client.GetInternalConfig.OnReplyReceived - 1 total (0 active), Execution time: mean = 24.53ms, total = 24.53ms, Queueing time: mean = 0.03ms, max = 0.03ms, min = 0.03ms, total = 0.03ms
[state-dump] 	ray::rpc::InternalPubSubGcsService.grpc_client.GcsSubscriberPoll.OnReplyReceived - 1 total (0 active), Execution time: mean = 0.35ms, total = 0.35ms, Queueing time: mean = 0.02ms, max = 0.02ms, min = 0.02ms, total = 0.02ms
[state-dump] 	ray::rpc::InternalKVGcsService.grpc_client.GetInternalConfig - 1 total (0 active), Execution time: mean = 1.38ms, total = 1.38ms, Queueing time: mean = 0.00ms, max = -0.00ms, min = 9223372036854.78ms, total = 0.00ms
[state-dump] 	NodeManager.GCTaskFailureReason - 1 total (1 active), Execution time: mean = 0.00ms, total = 0.00ms, Queueing time: mean = 0.00ms, max = -0.00ms, min = 9223372036854.78ms, total = 0.00ms
[state-dump] 	ray::rpc::NodeInfoGcsService.grpc_client.GetAllNodeAddressAndLiveness.OnReplyReceived - 1 total (0 active), Execution time: mean = 0.15ms, total = 0.15ms, Queueing time: mean = 0.01ms, max = 0.01ms, min = 0.01ms, total = 0.01ms
[state-dump] 	NodeManagerService.grpc_server.GetSystemConfig.HandleRequestImpl - 1 total (0 active), Execution time: mean = 0.09ms, total = 0.09ms, Queueing time: mean = 0.02ms, max = 0.02ms, min = 0.02ms, total = 0.02ms
[state-dump] 	ray::rpc::NodeInfoGcsService.grpc_client.RegisterNode - 1 total (0 active), Execution time: mean = 1.29ms, total = 1.29ms, Queueing time: mean = 0.00ms, max = -0.00ms, min = 9223372036854.78ms, total = 0.00ms
[state-dump] 	ClientConnection.async_read.ProcessMessage - 1 total (0 active), Execution time: mean = 3538.24ms, total = 3538.24ms, Queueing time: mean = 0.01ms, max = 0.01ms, min = 0.01ms, total = 0.01ms
[state-dump] 	ray::rpc::NodeInfoGcsService.grpc_client.RegisterNode.OnReplyReceived - 1 total (0 active), Execution time: mean = 0.68ms, total = 0.68ms, Queueing time: mean = 0.05ms, max = 0.05ms, min = 0.05ms, total = 0.05ms
[state-dump] 	NodeManagerService.grpc_server.GetSystemConfig - 1 total (0 active), Execution time: mean = 0.65ms, total = 0.65ms, Queueing time: mean = 0.00ms, max = -0.00ms, min = 9223372036854.78ms, total = 0.00ms
[state-dump] 	ray::rpc::JobInfoGcsService.grpc_client.GetAllJobInfo - 1 total (0 active), Execution time: mean = 0.76ms, total = 0.76ms, Queueing time: mean = 0.00ms, max = -0.00ms, min = 9223372036854.78ms, total = 0.00ms
[state-dump] 	ray::rpc::JobInfoGcsService.grpc_client.GetAllJobInfo.OnReplyReceived - 1 total (0 active), Execution time: mean = 0.03ms, total = 0.03ms, Queueing time: mean = 0.01ms, max = 0.01ms, min = 0.01ms, total = 0.01ms
[state-dump] 	 - 1 total (0 active), Execution time: mean = 0.00ms, total = 0.00ms, Queueing time: mean = 0.02ms, max = 0.02ms, min = 0.02ms, total = 0.02ms
[state-dump] 	RaySyncer.BroadcastMessage - 1 total (0 active), Execution time: mean = 0.09ms, total = 0.09ms, Queueing time: mean = 0.00ms, max = 0.00ms, min = 0.00ms, total = 0.00ms
[state-dump] 	ray::rpc::NodeInfoGcsService.grpc_client.GetAllNodeAddressAndLiveness - 1 total (0 active), Execution time: mean = 0.85ms, total = 0.85ms, Queueing time: mean = 0.00ms, max = -0.00ms, min = 9223372036854.78ms, total = 0.00ms
[state-dump] DebugString() time ms: 1
[state-dump] 
[state-dump] 
[2026-06-04 22:39:24,125 I 859 892] (raylet) store.cc:573: Plasma store debug dump: 
Current usage: 0 / 20.0817 GB
- num bytes created total: 0
0 pending objects of total size 0MB
- objects spillable: 0
- bytes spillable: 0
- objects unsealed: 0
- bytes unsealed: 0
- objects in use: 0
- bytes in use: 0
- objects evictable: 0
- bytes evictable: 0

- objects created by worker: 0
- bytes created by worker: 0
- objects restored: 0
- bytes restored: 0
- objects received: 0
- bytes received: 0
- objects errored: 0
- bytes errored: 0

[2026-06-04 22:39:24,166 I 859 859] (raylet) node_manager.cc:424: [state-dump] NodeManager:
[state-dump] Node ID: 11e184b7641b47dd66e5366c42f7fe51cb28f4bab1ca7ef8847590e4
[state-dump] Node name: 172.16.254.232
[state-dump] InitialConfigResources: {node:__internal_head__: 1, CPU: 192, node:172.16.254.232: 1, object_store_memory: 2.00817e+10, memory: 4.68574e+10}
[state-dump] ClusterLeaseManager:
[state-dump] ========== Node: 11e184b7641b47dd66e5366c42f7fe51cb28f4bab1ca7ef8847590e4 =================
[state-dump] Infeasible queue length: 0
[state-dump] Schedule queue length: 0
[state-dump] Grant queue length: 0
[state-dump] num_waiting_for_resource: 0
[state-dump] num_waiting_for_plasma_memory: 0
[state-dump] num_waiting_for_remote_node_resources: 0
[state-dump] num_worker_not_started_by_job_config_not_exist: 0
[state-dump] num_worker_not_started_by_registration_timeout: 0
[state-dump] num_tasks_waiting_for_workers: 0
[state-dump] num_cancelled_leases: 0
[state-dump] cluster_resource_scheduler state: 
[state-dump] Local id: 1457234449467745066 Local resources: {"total":{object_store_memory: [200817303550000], node:__internal_head__: [10000], memory: [468573708290000], CPU: [1920000], node:172.16.254.232: [10000]}}, "available": {memory: [468573708290000], CPU: [1920000], node:172.16.254.232: [10000], object_store_memory: [200817303550000], node:__internal_head__: [10000]}}, "labels":{"ray.io/node-id":"11e184b7641b47dd66e5366c42f7fe51cb28f4bab1ca7ef8847590e4",} is_draining: 0 is_idle: 1 Cluster resources (at most 20 nodes are shown): node id: 1457234449467745066{"total":{node:172.16.254.232: 10000, node:__internal_head__: 10000, memory: 468573708290000, object_store_memory: 200817303550000, CPU: 1920000}}, "available": {node:172.16.254.232: 10000, node:__internal_head__: 10000, memory: 468573708290000, CPU: 1920000, object_store_memory: 200817303550000}}, "labels":{"ray.io/node-id":"11e184b7641b47dd66e5366c42f7fe51cb28f4bab1ca7ef8847590e4",}, "is_draining": 0, "draining_deadline_timestamp_ms": -1} { "placement group locations": [], "node to bundles": []}
[state-dump] Waiting leases size: 0
[state-dump] Number of granted lease arguments: 0
[state-dump] Number of pinned lease arguments: 0
[state-dump] Number of total spilled leases: 0
[state-dump] Number of spilled waiting leases: 0
[state-dump] Number of spilled unschedulable leases: 0
[state-dump] Resource usage {
[state-dump] }
[state-dump] Backlog Size per scheduling descriptor :{workerId: num backlogs}:
[state-dump] 
[state-dump] Granted leases by scheduling class:
[state-dump] ==================================================
[state-dump] 
[state-dump] ClusterResources:
[state-dump] LocalObjectManager:
[state-dump] - num pinned objects: 0
[state-dump] - pinned objects size: 0
[state-dump] - num objects pending restore: 0
[state-dump] - num objects pending spill: 0
[state-dump] - num bytes pending spill: 0
[state-dump] - num bytes currently spilled: 0
[state-dump] - cumulative spill requests: 0
[state-dump] - cumulative restore requests: 0
[state-dump] - spilled objects pending delete: 0
[state-dump] 
[state-dump] ObjectManager:
[state-dump] - num local objects: 0
[state-dump] - num unfulfilled push requests: 0
[state-dump] - num object pull requests: 0
[state-dump] - num chunks received total: 0
[state-dump] - num chunks received failed (all): 0
[state-dump] - num chunks received failed / cancelled: 0
[state-dump] - num chunks received failed / plasma error: 0
[state-dump] Event stats:
[state-dump] Global stats: 0 total (0 active)
[state-dump] Queueing time: mean = -nanms, max = -0.00ms, min = 9223372036854.78ms, total = 0.00ms
[state-dump] Execution time:  mean = -nanms, total = 0.00ms
[state-dump] Event stats:
[state-dump] PushManager:
[state-dump] - num pushes remaining: 0
[state-dump] - num chunks in flight: 0
[state-dump] - num chunks remaining: 0
[state-dump] - max chunks allowed: 409
[state-dump] OwnershipBasedObjectDirectory:
[state-dump] - num listeners: 0
[state-dump] - cumulative location updates: 0
[state-dump] - num location updates per second: 0.000
[state-dump] - num location lookups per second: 0.000
[state-dump] - num locations added per second: 0.000
[state-dump] - num locations removed per second: 0.000
[state-dump] BufferPool:
[state-dump] - create buffer state map size: 0
[state-dump] PullManager:
[state-dump] - num bytes available for pulled objects: 20081730355
[state-dump] - num bytes being pulled (all): 0
[state-dump] - num bytes being pulled / pinned: 0
[state-dump] - get request bundles: BundlePullRequestQueue{0 total, 0 active, 0 inactive, 0 unpullable}
[state-dump] - wait request bundles: BundlePullRequestQueue{0 total, 0 active, 0 inactive, 0 unpullable}
[state-dump] - task request bundles: BundlePullRequestQueue{0 total, 0 active, 0 inactive, 0 unpullable}
[state-dump] - first get request bundle: N/A
[state-dump] - first wait request bundle: N/A
[state-dump] - first task request bundle: N/A
[state-dump] - num objects queued: 0
[state-dump] - num objects actively pulled (all): 0
[state-dump] - num objects actively pulled / pinned: 0
[state-dump] - num bundles being pulled: 0
[state-dump] - num pull retries: 0
[state-dump] - max timeout seconds: 0
[state-dump] - max timeout request is already processed. No entry.
[state-dump] 
[state-dump] WorkerPool:
[state-dump] - registered jobs: 1
[state-dump] - process_failed_job_config_missing: 0
[state-dump] - process_failed_rate_limited: 0
[state-dump] - process_failed_pending_registration: 192
[state-dump] - process_failed_runtime_env_setup_failed: 0
[state-dump] - num JAVA workers: 0
[state-dump] - num JAVA drivers: 0
[state-dump] - num JAVA pending start requests: 0
[state-dump] - num JAVA pending registration requests: 0
[state-dump] - num object spill callbacks queued: 0
[state-dump] - num object restore queued: 0
[state-dump] - num util functions queued: 0
[state-dump] - num PYTHON workers: 0
[state-dump] - num PYTHON drivers: 1
[state-dump] - num PYTHON pending start requests: 0
[state-dump] - num PYTHON pending registration requests: 0
[state-dump] - num object spill callbacks queued: 0
[state-dump] - num object restore queued: 0
[state-dump] - num util functions queued: 0
[state-dump] - num idle workers: 0
[state-dump] LeaseDependencyManager:
[state-dump] - lease deps map size: 0
[state-dump] - get req map size: 0
[state-dump] - wait req map size: 0
[state-dump] - local objects map size: 0
[state-dump] WaitManager:
[state-dump] - num active wait requests: 0
[state-dump] Subscriber:
[state-dump] Channel WORKER_OBJECT_LOCATIONS_CHANNEL
[state-dump] - cumulative subscribe requests: 0
[state-dump] - cumulative unsubscribe requests: 0
[state-dump] - active subscribed publishers: 0
[state-dump] - cumulative published messages: 0
[state-dump] - cumulative processed messages: 0
[state-dump] Channel WORKER_OBJECT_EVICTION
[state-dump] - cumulative subscribe requests: 0
[state-dump] - cumulative unsubscribe requests: 0
[state-dump] - active subscribed publishers: 0
[state-dump] - cumulative published messages: 0
[state-dump] - cumulative processed messages: 0
[state-dump] Channel WORKER_REF_REMOVED_CHANNEL
[state-dump] - cumulative subscribe requests: 0
[state-dump] - cumulative unsubscribe requests: 0
[state-dump] - active subscribed publishers: 0
[state-dump] - cumulative published messages: 0
[state-dump] - cumulative processed messages: 0
[state-dump] num async plasma notifications: 0
[state-dump] Event stats:
[state-dump] Global stats: 29824 total (16 active)
[state-dump] Queueing time: mean = 3.47ms, max = 3643.96ms, min = -95.24ms, total = 103422.74ms
[state-dump] Execution time:  mean = 20.51ms, total = 611571.53ms
[state-dump] Event stats:
[state-dump] 	NodeManager.CheckGC - 6469 total (1 active), Execution time: mean = 0.02ms, total = 109.90ms, Queueing time: mean = 2.01ms, max = 3444.74ms, min = -95.24ms, total = 13009.11ms
[state-dump] 	RaySyncer.OnDemandBroadcasting - 6469 total (1 active), Execution time: mean = 0.02ms, total = 120.24ms, Queueing time: mean = 2.01ms, max = 3444.73ms, min = -0.02ms, total = 12999.88ms
[state-dump] 	ObjectManager.UpdateAvailableMemory - 6468 total (0 active), Execution time: mean = 0.00ms, total = 11.28ms, Queueing time: mean = 0.27ms, max = 100.68ms, min = 0.00ms, total = 1771.45ms
[state-dump] 	RayletWorkerPool.deadline_timer.kill_idle_workers - 3262 total (1 active), Execution time: mean = 0.00ms, total = 13.33ms, Queueing time: mean = 2.38ms, max = 3350.40ms, min = 0.00ms, total = 7754.23ms
[state-dump] 	MemoryMonitor.CheckIsMemoryUsageAboveThreshold - 2550 total (1 active), Execution time: mean = 4.99ms, total = 12726.42ms, Queueing time: mean = 3.85ms, max = 3291.29ms, min = -0.02ms, total = 9813.82ms
[state-dump] 	NodeManagerService.grpc_server.GetResourceLoad - 659 total (0 active), Execution time: mean = 13.86ms, total = 9137.01ms, Queueing time: mean = 0.00ms, max = -0.00ms, min = 9223372036854.78ms, total = 0.00ms
[state-dump] 	NodeManagerService.grpc_server.GetResourceLoad.HandleRequestImpl - 659 total (0 active), Execution time: mean = 0.14ms, total = 89.97ms, Queueing time: mean = 12.01ms, max = 3203.58ms, min = 0.01ms, total = 7913.94ms
[state-dump] 	NodeManager.deadline_timer.spill_objects_when_over_threshold - 657 total (1 active), Execution time: mean = 0.00ms, total = 1.66ms, Queueing time: mean = 5.58ms, max = 2642.10ms, min = 0.00ms, total = 3667.31ms
[state-dump] 	NodeManager.CheckForUnexpectedWorkerDisconnects - 657 total (1 active), Execution time: mean = 0.15ms, total = 98.76ms, Queueing time: mean = 5.44ms, max = 2644.57ms, min = -0.01ms, total = 3573.23ms
[state-dump] 	NodeManager.ScheduleAndGrantLeases - 657 total (1 active), Execution time: mean = 0.01ms, total = 5.97ms, Queueing time: mean = 5.58ms, max = 2644.57ms, min = 0.00ms, total = 3666.18ms
[state-dump] 	NodeManager.deadline_timer.flush_free_objects - 657 total (1 active), Execution time: mean = 0.00ms, total = 2.33ms, Queueing time: mean = 5.58ms, max = 2642.08ms, min = 0.00ms, total = 3666.61ms
[state-dump] 	ClusterResourceManager.ResetRemoteNodeView - 220 total (1 active), Execution time: mean = 0.00ms, total = 0.87ms, Queueing time: mean = 8.42ms, max = 1645.70ms, min = 0.01ms, total = 1853.31ms
[state-dump] 	NodeManager.deadline_timer.record_metrics - 132 total (1 active), Execution time: mean = 0.49ms, total = 64.72ms, Queueing time: mean = 3.33ms, max = 99.31ms, min = 0.01ms, total = 440.12ms
[state-dump] 	event_loop_lag_probe - 67 total (0 active), Execution time: mean = 0.02ms, total = 1.08ms, Queueing time: mean = 0.19ms, max = 6.45ms, min = 0.00ms, total = 12.43ms
[state-dump] 	NodeManager.deadline_timer.debug_state_dump - 66 total (1 active), Execution time: mean = 2.66ms, total = 175.36ms, Queueing time: mean = 2.25ms, max = 96.66ms, min = 0.01ms, total = 148.71ms
[state-dump] 	ReporterService.grpc_client.HealthCheck.OnReplyReceived - 31 total (0 active), Execution time: mean = 0.12ms, total = 3.62ms, Queueing time: mean = 0.17ms, max = 1.08ms, min = 0.01ms, total = 5.28ms
[state-dump] 	ReporterService.grpc_client.HealthCheck - 31 total (0 active), Execution time: mean = 19.15ms, total = 593.71ms, Queueing time: mean = 0.00ms, max = -0.00ms, min = 9223372036854.78ms, total = 0.00ms
[state-dump] 	MetricsAgentClient.WaitForServerReadyWithRetry - 30 total (0 active), Execution time: mean = 0.31ms, total = 9.18ms, Queueing time: mean = 1101.58ms, max = 3643.96ms, min = 1000.02ms, total = 33047.26ms
[state-dump] 	PeriodicalRunner.RunFnPeriodically - 14 total (0 active), Execution time: mean = 0.23ms, total = 3.29ms, Queueing time: mean = 4.55ms, max = 12.98ms, min = 0.09ms, total = 63.65ms
[state-dump] 	NodeManager.deadline_timer.print_event_loop_stats - 11 total (1 active, 1 running), Execution time: mean = 1.43ms, total = 15.76ms, Queueing time: mean = 0.02ms, max = 0.03ms, min = 0.01ms, total = 0.20ms
[state-dump] 	ray::rpc::NodeInfoGcsService.grpc_client.CheckAlive.OnReplyReceived - 11 total (0 active), Execution time: mean = 0.04ms, total = 0.48ms, Queueing time: mean = 0.03ms, max = 0.14ms, min = 0.02ms, total = 0.36ms
[state-dump] 	NodeManager.GcsCheckAlive - 11 total (1 active), Execution time: mean = 0.25ms, total = 2.75ms, Queueing time: mean = 1.21ms, max = 1.61ms, min = 0.56ms, total = 13.33ms
[state-dump] 	ray::rpc::NodeInfoGcsService.grpc_client.CheckAlive - 11 total (0 active), Execution time: mean = 4.71ms, total = 51.78ms, Queueing time: mean = 0.00ms, max = -0.00ms, min = 9223372036854.78ms, total = 0.00ms
[state-dump] 	ray::rpc::InternalPubSubGcsService.grpc_client.GcsSubscriberCommandBatch - 2 total (0 active), Execution time: mean = 0.92ms, total = 1.84ms, Queueing time: mean = 0.00ms, max = -0.00ms, min = 9223372036854.78ms, total = 0.00ms
[state-dump] 	ray::rpc::InternalPubSubGcsService.grpc_client.GcsSubscriberPoll - 2 total (1 active), Execution time: mean = 292380.48ms, total = 584760.96ms, Queueing time: mean = 0.00ms, max = -0.00ms, min = 9223372036854.78ms, total = 0.00ms
[state-dump] 	RaySyncerRegister - 2 total (0 active), Execution time: mean = 0.00ms, total = 0.01ms, Queueing time: mean = 0.00ms, max = 0.00ms, min = 0.00ms, total = 0.00ms
[state-dump] 	ray::rpc::InternalPubSubGcsService.grpc_client.GcsSubscriberCommandBatch.OnReplyReceived - 2 total (0 active), Execution time: mean = 0.10ms, total = 0.20ms, Queueing time: mean = 1.08ms, max = 2.01ms, min = 0.15ms, total = 2.16ms
[state-dump] 	ClientConnection.async_read.ProcessMessageHeader - 2 total (1 active), Execution time: mean = 0.00ms, total = 0.01ms, Queueing time: mean = 0.01ms, max = 0.02ms, min = 0.02ms, total = 0.02ms
[state-dump] 	ray::rpc::InternalKVGcsService.grpc_client.GetInternalConfig.OnReplyReceived - 1 total (0 active), Execution time: mean = 24.53ms, total = 24.53ms, Queueing time: mean = 0.03ms, max = 0.03ms, min = 0.03ms, total = 0.03ms
[state-dump] 	ray::rpc::InternalPubSubGcsService.grpc_client.GcsSubscriberPoll.OnReplyReceived - 1 total (0 active), Execution time: mean = 0.35ms, total = 0.35ms, Queueing time: mean = 0.02ms, max = 0.02ms, min = 0.02ms, total = 0.02ms
[state-dump] 	ray::rpc::InternalKVGcsService.grpc_client.GetInternalConfig - 1 total (0 active), Execution time: mean = 1.38ms, total = 1.38ms, Queueing time: mean = 0.00ms, max = -0.00ms, min = 9223372036854.78ms, total = 0.00ms
[state-dump] 	NodeManager.GCTaskFailureReason - 1 total (1 active), Execution time: mean = 0.00ms, total = 0.00ms, Queueing time: mean = 0.00ms, max = -0.00ms, min = 9223372036854.78ms, total = 0.00ms
[state-dump] 	ray::rpc::NodeInfoGcsService.grpc_client.GetAllNodeAddressAndLiveness.OnReplyReceived - 1 total (0 active), Execution time: mean = 0.15ms, total = 0.15ms, Queueing time: mean = 0.01ms, max = 0.01ms, min = 0.01ms, total = 0.01ms
[state-dump] 	NodeManagerService.grpc_server.GetSystemConfig.HandleRequestImpl - 1 total (0 active), Execution time: mean = 0.09ms, total = 0.09ms, Queueing time: mean = 0.02ms, max = 0.02ms, min = 0.02ms, total = 0.02ms
[state-dump] 	ray::rpc::NodeInfoGcsService.grpc_client.RegisterNode - 1 total (0 active), Execution time: mean = 1.29ms, total = 1.29ms, Queueing time: mean = 0.00ms, max = -0.00ms, min = 9223372036854.78ms, total = 0.00ms
[state-dump] 	ClientConnection.async_read.ProcessMessage - 1 total (0 active), Execution time: mean = 3538.24ms, total = 3538.24ms, Queueing time: mean = 0.01ms, max = 0.01ms, min = 0.01ms, total = 0.01ms
[state-dump] 	ray::rpc::NodeInfoGcsService.grpc_client.RegisterNode.OnReplyReceived - 1 total (0 active), Execution time: mean = 0.68ms, total = 0.68ms, Queueing time: mean = 0.05ms, max = 0.05ms, min = 0.05ms, total = 0.05ms
[state-dump] 	NodeManagerService.grpc_server.GetSystemConfig - 1 total (0 active), Execution time: mean = 0.65ms, total = 0.65ms, Queueing time: mean = 0.00ms, max = -0.00ms, min = 9223372036854.78ms, total = 0.00ms
[state-dump] 	ray::rpc::JobInfoGcsService.grpc_client.GetAllJobInfo - 1 total (0 active), Execution time: mean = 0.76ms, total = 0.76ms, Queueing time: mean = 0.00ms, max = -0.00ms, min = 9223372036854.78ms, total = 0.00ms
[state-dump] 	ray::rpc::JobInfoGcsService.grpc_client.GetAllJobInfo.OnReplyReceived - 1 total (0 active), Execution time: mean = 0.03ms, total = 0.03ms, Queueing time: mean = 0.01ms, max = 0.01ms, min = 0.01ms, total = 0.01ms
[state-dump] 	 - 1 total (0 active), Execution time: mean = 0.00ms, total = 0.00ms, Queueing time: mean = 0.02ms, max = 0.02ms, min = 0.02ms, total = 0.02ms
[state-dump] 	RaySyncer.BroadcastMessage - 1 total (0 active), Execution time: mean = 0.09ms, total = 0.09ms, Queueing time: mean = 0.00ms, max = 0.00ms, min = 0.00ms, total = 0.00ms
[state-dump] 	ray::rpc::NodeInfoGcsService.grpc_client.GetAllNodeAddressAndLiveness - 1 total (0 active), Execution time: mean = 0.85ms, total = 0.85ms, Queueing time: mean = 0.00ms, max = -0.00ms, min = 9223372036854.78ms, total = 0.00ms
[state-dump] DebugString() time ms: 1
[state-dump] 
[state-dump] 
[2026-06-04 22:40:24,125 I 859 892] (raylet) store.cc:573: Plasma store debug dump: 
Current usage: 0 / 20.0817 GB
- num bytes created total: 0
0 pending objects of total size 0MB
- objects spillable: 0
- bytes spillable: 0
- objects unsealed: 0
- bytes unsealed: 0
- objects in use: 0
- bytes in use: 0
- objects evictable: 0
- bytes evictable: 0

- objects created by worker: 0
- bytes created by worker: 0
- objects restored: 0
- bytes restored: 0
- objects received: 0
- bytes received: 0
- objects errored: 0
- bytes errored: 0

[2026-06-04 22:40:24,168 I 859 859] (raylet) node_manager.cc:424: [state-dump] NodeManager:
[state-dump] Node ID: 11e184b7641b47dd66e5366c42f7fe51cb28f4bab1ca7ef8847590e4
[state-dump] Node name: 172.16.254.232
[state-dump] InitialConfigResources: {node:__internal_head__: 1, CPU: 192, node:172.16.254.232: 1, object_store_memory: 2.00817e+10, memory: 4.68574e+10}
[state-dump] ClusterLeaseManager:
[state-dump] ========== Node: 11e184b7641b47dd66e5366c42f7fe51cb28f4bab1ca7ef8847590e4 =================
[state-dump] Infeasible queue length: 0
[state-dump] Schedule queue length: 0
[state-dump] Grant queue length: 0
[state-dump] num_waiting_for_resource: 0
[state-dump] num_waiting_for_plasma_memory: 0
[state-dump] num_waiting_for_remote_node_resources: 0
[state-dump] num_worker_not_started_by_job_config_not_exist: 0
[state-dump] num_worker_not_started_by_registration_timeout: 0
[state-dump] num_tasks_waiting_for_workers: 0
[state-dump] num_cancelled_leases: 0
[state-dump] cluster_resource_scheduler state: 
[state-dump] Local id: 1457234449467745066 Local resources: {"total":{object_store_memory: [200817303550000], node:__internal_head__: [10000], memory: [468573708290000], CPU: [1920000], node:172.16.254.232: [10000]}}, "available": {memory: [468573708290000], CPU: [1920000], node:172.16.254.232: [10000], object_store_memory: [200817303550000], node:__internal_head__: [10000]}}, "labels":{"ray.io/node-id":"11e184b7641b47dd66e5366c42f7fe51cb28f4bab1ca7ef8847590e4",} is_draining: 0 is_idle: 1 Cluster resources (at most 20 nodes are shown): node id: 1457234449467745066{"total":{node:172.16.254.232: 10000, node:__internal_head__: 10000, memory: 468573708290000, object_store_memory: 200817303550000, CPU: 1920000}}, "available": {node:172.16.254.232: 10000, node:__internal_head__: 10000, memory: 468573708290000, CPU: 1920000, object_store_memory: 200817303550000}}, "labels":{"ray.io/node-id":"11e184b7641b47dd66e5366c42f7fe51cb28f4bab1ca7ef8847590e4",}, "is_draining": 0, "draining_deadline_timestamp_ms": -1} { "placement group locations": [], "node to bundles": []}
[state-dump] Waiting leases size: 0
[state-dump] Number of granted lease arguments: 0
[state-dump] Number of pinned lease arguments: 0
[state-dump] Number of total spilled leases: 0
[state-dump] Number of spilled waiting leases: 0
[state-dump] Number of spilled unschedulable leases: 0
[state-dump] Resource usage {
[state-dump] }
[state-dump] Backlog Size per scheduling descriptor :{workerId: num backlogs}:
[state-dump] 
[state-dump] Granted leases by scheduling class:
[state-dump] ==================================================
[state-dump] 
[state-dump] ClusterResources:
[state-dump] LocalObjectManager:
[state-dump] - num pinned objects: 0
[state-dump] - pinned objects size: 0
[state-dump] - num objects pending restore: 0
[state-dump] - num objects pending spill: 0
[state-dump] - num bytes pending spill: 0
[state-dump] - num bytes currently spilled: 0
[state-dump] - cumulative spill requests: 0
[state-dump] - cumulative restore requests: 0
[state-dump] - spilled objects pending delete: 0
[state-dump] 
[state-dump] ObjectManager:
[state-dump] - num local objects: 0
[state-dump] - num unfulfilled push requests: 0
[state-dump] - num object pull requests: 0
[state-dump] - num chunks received total: 0
[state-dump] - num chunks received failed (all): 0
[state-dump] - num chunks received failed / cancelled: 0
[state-dump] - num chunks received failed / plasma error: 0
[state-dump] Event stats:
[state-dump] Global stats: 0 total (0 active)
[state-dump] Queueing time: mean = -nanms, max = -0.00ms, min = 9223372036854.78ms, total = 0.00ms
[state-dump] Execution time:  mean = -nanms, total = 0.00ms
[state-dump] Event stats:
[state-dump] PushManager:
[state-dump] - num pushes remaining: 0
[state-dump] - num chunks in flight: 0
[state-dump] - num chunks remaining: 0
[state-dump] - max chunks allowed: 409
[state-dump] OwnershipBasedObjectDirectory:
[state-dump] - num listeners: 0
[state-dump] - cumulative location updates: 0
[state-dump] - num location updates per second: 0.000
[state-dump] - num location lookups per second: 0.000
[state-dump] - num locations added per second: 0.000
[state-dump] - num locations removed per second: 0.000
[state-dump] BufferPool:
[state-dump] - create buffer state map size: 0
[state-dump] PullManager:
[state-dump] - num bytes available for pulled objects: 20081730355
[state-dump] - num bytes being pulled (all): 0
[state-dump] - num bytes being pulled / pinned: 0
[state-dump] - get request bundles: BundlePullRequestQueue{0 total, 0 active, 0 inactive, 0 unpullable}
[state-dump] - wait request bundles: BundlePullRequestQueue{0 total, 0 active, 0 inactive, 0 unpullable}
[state-dump] - task request bundles: BundlePullRequestQueue{0 total, 0 active, 0 inactive, 0 unpullable}
[state-dump] - first get request bundle: N/A
[state-dump] - first wait request bundle: N/A
[state-dump] - first task request bundle: N/A
[state-dump] - num objects queued: 0
[state-dump] - num objects actively pulled (all): 0
[state-dump] - num objects actively pulled / pinned: 0
[state-dump] - num bundles being pulled: 0
[state-dump] - num pull retries: 0
[state-dump] - max timeout seconds: 0
[state-dump] - max timeout request is already processed. No entry.
[state-dump] 
[state-dump] WorkerPool:
[state-dump] - registered jobs: 1
[state-dump] - process_failed_job_config_missing: 0
[state-dump] - process_failed_rate_limited: 0
[state-dump] - process_failed_pending_registration: 192
[state-dump] - process_failed_runtime_env_setup_failed: 0
[state-dump] - num JAVA workers: 0
[state-dump] - num JAVA drivers: 0
[state-dump] - num JAVA pending start requests: 0
[state-dump] - num JAVA pending registration requests: 0
[state-dump] - num object spill callbacks queued: 0
[state-dump] - num object restore queued: 0
[state-dump] - num util functions queued: 0
[state-dump] - num PYTHON workers: 0
[state-dump] - num PYTHON drivers: 1
[state-dump] - num PYTHON pending start requests: 0
[state-dump] - num PYTHON pending registration requests: 0
[state-dump] - num object spill callbacks queued: 0
[state-dump] - num object restore queued: 0
[state-dump] - num util functions queued: 0
[state-dump] - num idle workers: 0
[state-dump] LeaseDependencyManager:
[state-dump] - lease deps map size: 0
[state-dump] - get req map size: 0
[state-dump] - wait req map size: 0
[state-dump] - local objects map size: 0
[state-dump] WaitManager:
[state-dump] - num active wait requests: 0
[state-dump] Subscriber:
[state-dump] Channel WORKER_OBJECT_LOCATIONS_CHANNEL
[state-dump] - cumulative subscribe requests: 0
[state-dump] - cumulative unsubscribe requests: 0
[state-dump] - active subscribed publishers: 0
[state-dump] - cumulative published messages: 0
[state-dump] - cumulative processed messages: 0
[state-dump] Channel WORKER_OBJECT_EVICTION
[state-dump] - cumulative subscribe requests: 0
[state-dump] - cumulative unsubscribe requests: 0
[state-dump] - active subscribed publishers: 0
[state-dump] - cumulative published messages: 0
[state-dump] - cumulative processed messages: 0
[state-dump] Channel WORKER_REF_REMOVED_CHANNEL
[state-dump] - cumulative subscribe requests: 0
[state-dump] - cumulative unsubscribe requests: 0
[state-dump] - active subscribed publishers: 0
[state-dump] - cumulative published messages: 0
[state-dump] - cumulative processed messages: 0
[state-dump] num async plasma notifications: 0
[state-dump] Event stats:
[state-dump] Global stats: 32567 total (16 active)
[state-dump] Queueing time: mean = 3.18ms, max = 3643.96ms, min = -95.24ms, total = 103715.21ms
[state-dump] Execution time:  mean = 18.80ms, total = 612247.81ms
[state-dump] Event stats:
[state-dump] 	NodeManager.CheckGC - 7068 total (1 active), Execution time: mean = 0.02ms, total = 111.04ms, Queueing time: mean = 1.85ms, max = 3444.74ms, min = -95.24ms, total = 13110.58ms
[state-dump] 	RaySyncer.OnDemandBroadcasting - 7068 total (1 active), Execution time: mean = 0.02ms, total = 122.23ms, Queueing time: mean = 1.85ms, max = 3444.73ms, min = -0.02ms, total = 13100.57ms
[state-dump] 	ObjectManager.UpdateAvailableMemory - 7067 total (0 active), Execution time: mean = 0.00ms, total = 12.17ms, Queueing time: mean = 0.25ms, max = 100.68ms, min = 0.00ms, total = 1781.21ms
[state-dump] 	RayletWorkerPool.deadline_timer.kill_idle_workers - 3562 total (1 active), Execution time: mean = 0.00ms, total = 14.49ms, Queueing time: mean = 2.19ms, max = 3350.40ms, min = -0.00ms, total = 7805.64ms
[state-dump] 	MemoryMonitor.CheckIsMemoryUsageAboveThreshold - 2788 total (1 active), Execution time: mean = 4.78ms, total = 13337.14ms, Queueing time: mean = 3.52ms, max = 3291.29ms, min = -0.02ms, total = 9818.81ms
[state-dump] 	NodeManagerService.grpc_server.GetResourceLoad - 719 total (0 active), Execution time: mean = 12.76ms, total = 9171.03ms, Queueing time: mean = 0.00ms, max = -0.00ms, min = 9223372036854.78ms, total = 0.00ms
[state-dump] 	NodeManagerService.grpc_server.GetResourceLoad.HandleRequestImpl - 719 total (0 active), Execution time: mean = 0.14ms, total = 97.62ms, Queueing time: mean = 11.01ms, max = 3203.58ms, min = 0.01ms, total = 7918.56ms
[state-dump] 	NodeManager.deadline_timer.spill_objects_when_over_threshold - 717 total (1 active), Execution time: mean = 0.00ms, total = 1.81ms, Queueing time: mean = 5.12ms, max = 2642.10ms, min = 0.00ms, total = 3671.78ms
[state-dump] 	NodeManager.CheckForUnexpectedWorkerDisconnects - 717 total (1 active), Execution time: mean = 0.14ms, total = 99.26ms, Queueing time: mean = 4.99ms, max = 2644.57ms, min = -0.01ms, total = 3577.35ms
[state-dump] 	NodeManager.ScheduleAndGrantLeases - 717 total (1 active), Execution time: mean = 0.01ms, total = 6.54ms, Queueing time: mean = 5.12ms, max = 2644.57ms, min = 0.00ms, total = 3670.23ms
[state-dump] 	NodeManager.deadline_timer.flush_free_objects - 717 total (1 active), Execution time: mean = 0.00ms, total = 2.54ms, Queueing time: mean = 5.12ms, max = 2642.08ms, min = 0.00ms, total = 3671.01ms
[state-dump] 	ClusterResourceManager.ResetRemoteNodeView - 240 total (1 active), Execution time: mean = 0.00ms, total = 0.94ms, Queueing time: mean = 7.72ms, max = 1645.70ms, min = 0.01ms, total = 1853.68ms
[state-dump] 	NodeManager.deadline_timer.record_metrics - 144 total (1 active), Execution time: mean = 0.49ms, total = 70.83ms, Queueing time: mean = 3.06ms, max = 99.31ms, min = 0.01ms, total = 440.38ms
[state-dump] 	event_loop_lag_probe - 73 total (0 active), Execution time: mean = 0.02ms, total = 1.16ms, Queueing time: mean = 0.17ms, max = 6.45ms, min = 0.00ms, total = 12.47ms
[state-dump] 	NodeManager.deadline_timer.debug_state_dump - 72 total (1 active), Execution time: mean = 2.54ms, total = 182.89ms, Queueing time: mean = 2.07ms, max = 96.66ms, min = 0.01ms, total = 148.82ms
[state-dump] 	ReporterService.grpc_client.HealthCheck.OnReplyReceived - 31 total (0 active), Execution time: mean = 0.12ms, total = 3.62ms, Queueing time: mean = 0.17ms, max = 1.08ms, min = 0.01ms, total = 5.28ms
[state-dump] 	ReporterService.grpc_client.HealthCheck - 31 total (0 active), Execution time: mean = 19.15ms, total = 593.71ms, Queueing time: mean = 0.00ms, max = -0.00ms, min = 9223372036854.78ms, total = 0.00ms
[state-dump] 	MetricsAgentClient.WaitForServerReadyWithRetry - 30 total (0 active), Execution time: mean = 0.31ms, total = 9.18ms, Queueing time: mean = 1101.58ms, max = 3643.96ms, min = 1000.02ms, total = 33047.26ms
[state-dump] 	PeriodicalRunner.RunFnPeriodically - 14 total (0 active), Execution time: mean = 0.23ms, total = 3.29ms, Queueing time: mean = 4.55ms, max = 12.98ms, min = 0.09ms, total = 63.65ms
[state-dump] 	NodeManager.deadline_timer.print_event_loop_stats - 12 total (1 active, 1 running), Execution time: mean = 1.47ms, total = 17.68ms, Queueing time: mean = 0.02ms, max = 0.03ms, min = 0.01ms, total = 0.22ms
[state-dump] 	ray::rpc::NodeInfoGcsService.grpc_client.CheckAlive.OnReplyReceived - 12 total (0 active), Execution time: mean = 0.04ms, total = 0.54ms, Queueing time: mean = 0.03ms, max = 0.14ms, min = 0.02ms, total = 0.38ms
[state-dump] 	NodeManager.GcsCheckAlive - 12 total (1 active), Execution time: mean = 0.26ms, total = 3.10ms, Queueing time: mean = 1.25ms, max = 1.67ms, min = 0.56ms, total = 15.00ms
[state-dump] 	ray::rpc::NodeInfoGcsService.grpc_client.CheckAlive - 12 total (0 active), Execution time: mean = 4.41ms, total = 52.96ms, Queueing time: mean = 0.00ms, max = -0.00ms, min = 9223372036854.78ms, total = 0.00ms
[state-dump] 	ray::rpc::InternalPubSubGcsService.grpc_client.GcsSubscriberCommandBatch - 2 total (0 active), Execution time: mean = 0.92ms, total = 1.84ms, Queueing time: mean = 0.00ms, max = -0.00ms, min = 9223372036854.78ms, total = 0.00ms
[state-dump] 	ray::rpc::InternalPubSubGcsService.grpc_client.GcsSubscriberPoll - 2 total (1 active), Execution time: mean = 292380.48ms, total = 584760.96ms, Queueing time: mean = 0.00ms, max = -0.00ms, min = 9223372036854.78ms, total = 0.00ms
[state-dump] 	RaySyncerRegister - 2 total (0 active), Execution time: mean = 0.00ms, total = 0.01ms, Queueing time: mean = 0.00ms, max = 0.00ms, min = 0.00ms, total = 0.00ms
[state-dump] 	ray::rpc::InternalPubSubGcsService.grpc_client.GcsSubscriberCommandBatch.OnReplyReceived - 2 total (0 active), Execution time: mean = 0.10ms, total = 0.20ms, Queueing time: mean = 1.08ms, max = 2.01ms, min = 0.15ms, total = 2.16ms
[state-dump] 	ClientConnection.async_read.ProcessMessageHeader - 2 total (1 active), Execution time: mean = 0.00ms, total = 0.01ms, Queueing time: mean = 0.01ms, max = 0.02ms, min = 0.02ms, total = 0.02ms
[state-dump] 	ray::rpc::InternalKVGcsService.grpc_client.GetInternalConfig.OnReplyReceived - 1 total (0 active), Execution time: mean = 24.53ms, total = 24.53ms, Queueing time: mean = 0.03ms, max = 0.03ms, min = 0.03ms, total = 0.03ms
[state-dump] 	ray::rpc::InternalPubSubGcsService.grpc_client.GcsSubscriberPoll.OnReplyReceived - 1 total (0 active), Execution time: mean = 0.35ms, total = 0.35ms, Queueing time: mean = 0.02ms, max = 0.02ms, min = 0.02ms, total = 0.02ms
[state-dump] 	ray::rpc::InternalKVGcsService.grpc_client.GetInternalConfig - 1 total (0 active), Execution time: mean = 1.38ms, total = 1.38ms, Queueing time: mean = 0.00ms, max = -0.00ms, min = 9223372036854.78ms, total = 0.00ms
[state-dump] 	NodeManager.GCTaskFailureReason - 1 total (1 active), Execution time: mean = 0.00ms, total = 0.00ms, Queueing time: mean = 0.00ms, max = -0.00ms, min = 9223372036854.78ms, total = 0.00ms
[state-dump] 	ray::rpc::NodeInfoGcsService.grpc_client.GetAllNodeAddressAndLiveness.OnReplyReceived - 1 total (0 active), Execution time: mean = 0.15ms, total = 0.15ms, Queueing time: mean = 0.01ms, max = 0.01ms, min = 0.01ms, total = 0.01ms
[state-dump] 	NodeManagerService.grpc_server.GetSystemConfig.HandleRequestImpl - 1 total (0 active), Execution time: mean = 0.09ms, total = 0.09ms, Queueing time: mean = 0.02ms, max = 0.02ms, min = 0.02ms, total = 0.02ms
[state-dump] 	ray::rpc::NodeInfoGcsService.grpc_client.RegisterNode - 1 total (0 active), Execution time: mean = 1.29ms, total = 1.29ms, Queueing time: mean = 0.00ms, max = -0.00ms, min = 9223372036854.78ms, total = 0.00ms
[state-dump] 	ClientConnection.async_read.ProcessMessage - 1 total (0 active), Execution time: mean = 3538.24ms, total = 3538.24ms, Queueing time: mean = 0.01ms, max = 0.01ms, min = 0.01ms, total = 0.01ms
[state-dump] 	ray::rpc::NodeInfoGcsService.grpc_client.RegisterNode.OnReplyReceived - 1 total (0 active), Execution time: mean = 0.68ms, total = 0.68ms, Queueing time: mean = 0.05ms, max = 0.05ms, min = 0.05ms, total = 0.05ms
[state-dump] 	NodeManagerService.grpc_server.GetSystemConfig - 1 total (0 active), Execution time: mean = 0.65ms, total = 0.65ms, Queueing time: mean = 0.00ms, max = -0.00ms, min = 9223372036854.78ms, total = 0.00ms
[state-dump] 	ray::rpc::JobInfoGcsService.grpc_client.GetAllJobInfo - 1 total (0 active), Execution time: mean = 0.76ms, total = 0.76ms, Queueing time: mean = 0.00ms, max = -0.00ms, min = 9223372036854.78ms, total = 0.00ms
[state-dump] 	ray::rpc::JobInfoGcsService.grpc_client.GetAllJobInfo.OnReplyReceived - 1 total (0 active), Execution time: mean = 0.03ms, total = 0.03ms, Queueing time: mean = 0.01ms, max = 0.01ms, min = 0.01ms, total = 0.01ms
[state-dump] 	 - 1 total (0 active), Execution time: mean = 0.00ms, total = 0.00ms, Queueing time: mean = 0.02ms, max = 0.02ms, min = 0.02ms, total = 0.02ms
[state-dump] 	RaySyncer.BroadcastMessage - 1 total (0 active), Execution time: mean = 0.09ms, total = 0.09ms, Queueing time: mean = 0.00ms, max = 0.00ms, min = 0.00ms, total = 0.00ms
[state-dump] 	ray::rpc::NodeInfoGcsService.grpc_client.GetAllNodeAddressAndLiveness - 1 total (0 active), Execution time: mean = 0.85ms, total = 0.85ms, Queueing time: mean = 0.00ms, max = -0.00ms, min = 9223372036854.78ms, total = 0.00ms
[state-dump] DebugString() time ms: 1
[state-dump] 
[state-dump] 
[2026-06-04 22:41:24,126 I 859 892] (raylet) store.cc:573: Plasma store debug dump: 
Current usage: 0 / 20.0817 GB
- num bytes created total: 0
0 pending objects of total size 0MB
- objects spillable: 0
- bytes spillable: 0
- objects unsealed: 0
- bytes unsealed: 0
- objects in use: 0
- bytes in use: 0
- objects evictable: 0
- bytes evictable: 0

- objects created by worker: 0
- bytes created by worker: 0
- objects restored: 0
- bytes restored: 0
- objects received: 0
- bytes received: 0
- objects errored: 0
- bytes errored: 0

[2026-06-04 22:41:24,170 I 859 859] (raylet) node_manager.cc:424: [state-dump] NodeManager:
[state-dump] Node ID: 11e184b7641b47dd66e5366c42f7fe51cb28f4bab1ca7ef8847590e4
[state-dump] Node name: 172.16.254.232
[state-dump] InitialConfigResources: {node:__internal_head__: 1, CPU: 192, node:172.16.254.232: 1, object_store_memory: 2.00817e+10, memory: 4.68574e+10}
[state-dump] ClusterLeaseManager:
[state-dump] ========== Node: 11e184b7641b47dd66e5366c42f7fe51cb28f4bab1ca7ef8847590e4 =================
[state-dump] Infeasible queue length: 0
[state-dump] Schedule queue length: 0
[state-dump] Grant queue length: 0
[state-dump] num_waiting_for_resource: 0
[state-dump] num_waiting_for_plasma_memory: 0
[state-dump] num_waiting_for_remote_node_resources: 0
[state-dump] num_worker_not_started_by_job_config_not_exist: 0
[state-dump] num_worker_not_started_by_registration_timeout: 0
[state-dump] num_tasks_waiting_for_workers: 0
[state-dump] num_cancelled_leases: 0
[state-dump] cluster_resource_scheduler state: 
[state-dump] Local id: 1457234449467745066 Local resources: {"total":{object_store_memory: [200817303550000], node:__internal_head__: [10000], memory: [468573708290000], CPU: [1920000], node:172.16.254.232: [10000]}}, "available": {memory: [468573708290000], CPU: [1920000], node:172.16.254.232: [10000], object_store_memory: [200817303550000], node:__internal_head__: [10000]}}, "labels":{"ray.io/node-id":"11e184b7641b47dd66e5366c42f7fe51cb28f4bab1ca7ef8847590e4",} is_draining: 0 is_idle: 1 Cluster resources (at most 20 nodes are shown): node id: 1457234449467745066{"total":{node:172.16.254.232: 10000, node:__internal_head__: 10000, memory: 468573708290000, object_store_memory: 200817303550000, CPU: 1920000}}, "available": {node:172.16.254.232: 10000, node:__internal_head__: 10000, memory: 468573708290000, CPU: 1920000, object_store_memory: 200817303550000}}, "labels":{"ray.io/node-id":"11e184b7641b47dd66e5366c42f7fe51cb28f4bab1ca7ef8847590e4",}, "is_draining": 0, "draining_deadline_timestamp_ms": -1} { "placement group locations": [], "node to bundles": []}
[state-dump] Waiting leases size: 0
[state-dump] Number of granted lease arguments: 0
[state-dump] Number of pinned lease arguments: 0
[state-dump] Number of total spilled leases: 0
[state-dump] Number of spilled waiting leases: 0
[state-dump] Number of spilled unschedulable leases: 0
[state-dump] Resource usage {
[state-dump] }
[state-dump] Backlog Size per scheduling descriptor :{workerId: num backlogs}:
[state-dump] 
[state-dump] Granted leases by scheduling class:
[state-dump] ==================================================
[state-dump] 
[state-dump] ClusterResources:
[state-dump] LocalObjectManager:
[state-dump] - num pinned objects: 0
[state-dump] - pinned objects size: 0
[state-dump] - num objects pending restore: 0
[state-dump] - num objects pending spill: 0
[state-dump] - num bytes pending spill: 0
[state-dump] - num bytes currently spilled: 0
[state-dump] - cumulative spill requests: 0
[state-dump] - cumulative restore requests: 0
[state-dump] - spilled objects pending delete: 0
[state-dump] 
[state-dump] ObjectManager:
[state-dump] - num local objects: 0
[state-dump] - num unfulfilled push requests: 0
[state-dump] - num object pull requests: 0
[state-dump] - num chunks received total: 0
[state-dump] - num chunks received failed (all): 0
[state-dump] - num chunks received failed / cancelled: 0
[state-dump] - num chunks received failed / plasma error: 0
[state-dump] Event stats:
[state-dump] Global stats: 0 total (0 active)
[state-dump] Queueing time: mean = -nanms, max = -0.00ms, min = 9223372036854.78ms, total = 0.00ms
[state-dump] Execution time:  mean = -nanms, total = 0.00ms
[state-dump] Event stats:
[state-dump] PushManager:
[state-dump] - num pushes remaining: 0
[state-dump] - num chunks in flight: 0
[state-dump] - num chunks remaining: 0
[state-dump] - max chunks allowed: 409
[state-dump] OwnershipBasedObjectDirectory:
[state-dump] - num listeners: 0
[state-dump] - cumulative location updates: 0
[state-dump] - num location updates per second: 0.000
[state-dump] - num location lookups per second: 0.000
[state-dump] - num locations added per second: 0.000
[state-dump] - num locations removed per second: 0.000
[state-dump] BufferPool:
[state-dump] - create buffer state map size: 0
[state-dump] PullManager:
[state-dump] - num bytes available for pulled objects: 20081730355
[state-dump] - num bytes being pulled (all): 0
[state-dump] - num bytes being pulled / pinned: 0
[state-dump] - get request bundles: BundlePullRequestQueue{0 total, 0 active, 0 inactive, 0 unpullable}
[state-dump] - wait request bundles: BundlePullRequestQueue{0 total, 0 active, 0 inactive, 0 unpullable}
[state-dump] - task request bundles: BundlePullRequestQueue{0 total, 0 active, 0 inactive, 0 unpullable}
[state-dump] - first get request bundle: N/A
[state-dump] - first wait request bundle: N/A
[state-dump] - first task request bundle: N/A
[state-dump] - num objects queued: 0
[state-dump] - num objects actively pulled (all): 0
[state-dump] - num objects actively pulled / pinned: 0
[state-dump] - num bundles being pulled: 0
[state-dump] - num pull retries: 0
[state-dump] - max timeout seconds: 0
[state-dump] - max timeout request is already processed. No entry.
[state-dump] 
[state-dump] WorkerPool:
[state-dump] - registered jobs: 1
[state-dump] - process_failed_job_config_missing: 0
[state-dump] - process_failed_rate_limited: 0
[state-dump] - process_failed_pending_registration: 192
[state-dump] - process_failed_runtime_env_setup_failed: 0
[state-dump] - num JAVA workers: 0
[state-dump] - num JAVA drivers: 0
[state-dump] - num JAVA pending start requests: 0
[state-dump] - num JAVA pending registration requests: 0
[state-dump] - num object spill callbacks queued: 0
[state-dump] - num object restore queued: 0
[state-dump] - num util functions queued: 0
[state-dump] - num PYTHON workers: 0
[state-dump] - num PYTHON drivers: 1
[state-dump] - num PYTHON pending start requests: 0
[state-dump] - num PYTHON pending registration requests: 0
[state-dump] - num object spill callbacks queued: 0
[state-dump] - num object restore queued: 0
[state-dump] - num util functions queued: 0
[state-dump] - num idle workers: 0
[state-dump] LeaseDependencyManager:
[state-dump] - lease deps map size: 0
[state-dump] - get req map size: 0
[state-dump] - wait req map size: 0
[state-dump] - local objects map size: 0
[state-dump] WaitManager:
[state-dump] - num active wait requests: 0
[state-dump] Subscriber:
[state-dump] Channel WORKER_OBJECT_LOCATIONS_CHANNEL
[state-dump] - cumulative subscribe requests: 0
[state-dump] - cumulative unsubscribe requests: 0
[state-dump] - active subscribed publishers: 0
[state-dump] - cumulative published messages: 0
[state-dump] - cumulative processed messages: 0
[state-dump] Channel WORKER_OBJECT_EVICTION
[state-dump] - cumulative subscribe requests: 0
[state-dump] - cumulative unsubscribe requests: 0
[state-dump] - active subscribed publishers: 0
[state-dump] - cumulative published messages: 0
[state-dump] - cumulative processed messages: 0
[state-dump] Channel WORKER_REF_REMOVED_CHANNEL
[state-dump] - cumulative subscribe requests: 0
[state-dump] - cumulative unsubscribe requests: 0
[state-dump] - active subscribed publishers: 0
[state-dump] - cumulative published messages: 0
[state-dump] - cumulative processed messages: 0
[state-dump] num async plasma notifications: 0
[state-dump] Event stats:
[state-dump] Global stats: 35312 total (16 active)
[state-dump] Queueing time: mean = 2.94ms, max = 3643.96ms, min = -95.24ms, total = 103800.72ms
[state-dump] Execution time:  mean = 17.36ms, total = 612854.27ms
[state-dump] Event stats:
[state-dump] 	NodeManager.CheckGC - 7668 total (1 active), Execution time: mean = 0.01ms, total = 112.11ms, Queueing time: mean = 1.71ms, max = 3444.74ms, min = -95.24ms, total = 13136.26ms
[state-dump] 	RaySyncer.OnDemandBroadcasting - 7668 total (1 active), Execution time: mean = 0.02ms, total = 123.89ms, Queueing time: mean = 1.71ms, max = 3444.73ms, min = -0.02ms, total = 13125.71ms
[state-dump] 	ObjectManager.UpdateAvailableMemory - 7667 total (0 active), Execution time: mean = 0.00ms, total = 12.89ms, Queueing time: mean = 0.23ms, max = 100.68ms, min = 0.00ms, total = 1789.58ms
[state-dump] 	RayletWorkerPool.deadline_timer.kill_idle_workers - 3861 total (1 active), Execution time: mean = 0.00ms, total = 15.49ms, Queueing time: mean = 2.02ms, max = 3350.40ms, min = -0.00ms, total = 7812.80ms
[state-dump] 	MemoryMonitor.CheckIsMemoryUsageAboveThreshold - 3026 total (1 active), Execution time: mean = 4.59ms, total = 13885.10ms, Queueing time: mean = 3.25ms, max = 3291.29ms, min = -0.02ms, total = 9822.75ms
[state-dump] 	NodeManagerService.grpc_server.GetResourceLoad - 779 total (0 active), Execution time: mean = 11.81ms, total = 9201.59ms, Queueing time: mean = 0.00ms, max = -0.00ms, min = 9223372036854.78ms, total = 0.00ms
[state-dump] 	NodeManagerService.grpc_server.GetResourceLoad.HandleRequestImpl - 779 total (0 active), Execution time: mean = 0.13ms, total = 104.23ms, Queueing time: mean = 10.17ms, max = 3203.58ms, min = 0.01ms, total = 7923.04ms
[state-dump] 	NodeManager.deadline_timer.spill_objects_when_over_threshold - 777 total (1 active), Execution time: mean = 0.00ms, total = 1.94ms, Queueing time: mean = 4.73ms, max = 2642.10ms, min = 0.00ms, total = 3673.20ms
[state-dump] 	NodeManager.CheckForUnexpectedWorkerDisconnects - 777 total (1 active), Execution time: mean = 0.13ms, total = 99.69ms, Queueing time: mean = 4.61ms, max = 2644.57ms, min = -0.01ms, total = 3578.47ms
[state-dump] 	NodeManager.ScheduleAndGrantLeases - 777 total (1 active), Execution time: mean = 0.01ms, total = 7.00ms, Queueing time: mean = 4.72ms, max = 2644.57ms, min = 0.00ms, total = 3671.32ms
[state-dump] 	NodeManager.deadline_timer.flush_free_objects - 777 total (1 active), Execution time: mean = 0.00ms, total = 2.71ms, Queueing time: mean = 4.73ms, max = 2642.08ms, min = 0.00ms, total = 3672.39ms
[state-dump] 	ClusterResourceManager.ResetRemoteNodeView - 260 total (1 active), Execution time: mean = 0.00ms, total = 0.99ms, Queueing time: mean = 7.13ms, max = 1645.70ms, min = 0.01ms, total = 1854.01ms
[state-dump] 	NodeManager.deadline_timer.record_metrics - 156 total (1 active), Execution time: mean = 0.49ms, total = 76.46ms, Queueing time: mean = 2.82ms, max = 99.31ms, min = 0.01ms, total = 440.59ms
[state-dump] 	event_loop_lag_probe - 79 total (0 active), Execution time: mean = 0.02ms, total = 1.24ms, Queueing time: mean = 0.16ms, max = 6.45ms, min = 0.00ms, total = 12.50ms
[state-dump] 	NodeManager.deadline_timer.debug_state_dump - 78 total (1 active), Execution time: mean = 2.43ms, total = 189.72ms, Queueing time: mean = 1.96ms, max = 96.66ms, min = 0.01ms, total = 152.58ms
[state-dump] 	ReporterService.grpc_client.HealthCheck.OnReplyReceived - 31 total (0 active), Execution time: mean = 0.12ms, total = 3.62ms, Queueing time: mean = 0.17ms, max = 1.08ms, min = 0.01ms, total = 5.28ms
[state-dump] 	ReporterService.grpc_client.HealthCheck - 31 total (0 active), Execution time: mean = 19.15ms, total = 593.71ms, Queueing time: mean = 0.00ms, max = -0.00ms, min = 9223372036854.78ms, total = 0.00ms
[state-dump] 	MetricsAgentClient.WaitForServerReadyWithRetry - 30 total (0 active), Execution time: mean = 0.31ms, total = 9.18ms, Queueing time: mean = 1101.58ms, max = 3643.96ms, min = 1000.02ms, total = 33047.26ms
[state-dump] 	PeriodicalRunner.RunFnPeriodically - 14 total (0 active), Execution time: mean = 0.23ms, total = 3.29ms, Queueing time: mean = 4.55ms, max = 12.98ms, min = 0.09ms, total = 63.65ms
[state-dump] 	NodeManager.deadline_timer.print_event_loop_stats - 13 total (1 active, 1 running), Execution time: mean = 1.49ms, total = 19.37ms, Queueing time: mean = 0.02ms, max = 0.03ms, min = 0.01ms, total = 0.23ms
[state-dump] 	ray::rpc::NodeInfoGcsService.grpc_client.CheckAlive.OnReplyReceived - 13 total (0 active), Execution time: mean = 0.04ms, total = 0.57ms, Queueing time: mean = 0.03ms, max = 0.14ms, min = 0.02ms, total = 0.40ms
[state-dump] 	NodeManager.GcsCheckAlive - 13 total (1 active), Execution time: mean = 0.26ms, total = 3.36ms, Queueing time: mean = 1.26ms, max = 1.67ms, min = 0.56ms, total = 16.36ms
[state-dump] 	ray::rpc::NodeInfoGcsService.grpc_client.CheckAlive - 13 total (0 active), Execution time: mean = 4.16ms, total = 54.06ms, Queueing time: mean = 0.00ms, max = -0.00ms, min = 9223372036854.78ms, total = 0.00ms
[state-dump] 	ray::rpc::InternalPubSubGcsService.grpc_client.GcsSubscriberCommandBatch - 2 total (0 active), Execution time: mean = 0.92ms, total = 1.84ms, Queueing time: mean = 0.00ms, max = -0.00ms, min = 9223372036854.78ms, total = 0.00ms
[state-dump] 	ray::rpc::InternalPubSubGcsService.grpc_client.GcsSubscriberPoll - 2 total (1 active), Execution time: mean = 292380.48ms, total = 584760.96ms, Queueing time: mean = 0.00ms, max = -0.00ms, min = 9223372036854.78ms, total = 0.00ms
[state-dump] 	RaySyncerRegister - 2 total (0 active), Execution time: mean = 0.00ms, total = 0.01ms, Queueing time: mean = 0.00ms, max = 0.00ms, min = 0.00ms, total = 0.00ms
[state-dump] 	ray::rpc::InternalPubSubGcsService.grpc_client.GcsSubscriberCommandBatch.OnReplyReceived - 2 total (0 active), Execution time: mean = 0.10ms, total = 0.20ms, Queueing time: mean = 1.08ms, max = 2.01ms, min = 0.15ms, total = 2.16ms
[state-dump] 	ClientConnection.async_read.ProcessMessageHeader - 2 total (1 active), Execution time: mean = 0.00ms, total = 0.01ms, Queueing time: mean = 0.01ms, max = 0.02ms, min = 0.02ms, total = 0.02ms
[state-dump] 	ray::rpc::InternalKVGcsService.grpc_client.GetInternalConfig.OnReplyReceived - 1 total (0 active), Execution time: mean = 24.53ms, total = 24.53ms, Queueing time: mean = 0.03ms, max = 0.03ms, min = 0.03ms, total = 0.03ms
[state-dump] 	ray::rpc::InternalPubSubGcsService.grpc_client.GcsSubscriberPoll.OnReplyReceived - 1 total (0 active), Execution time: mean = 0.35ms, total = 0.35ms, Queueing time: mean = 0.02ms, max = 0.02ms, min = 0.02ms, total = 0.02ms
[state-dump] 	ray::rpc::InternalKVGcsService.grpc_client.GetInternalConfig - 1 total (0 active), Execution time: mean = 1.38ms, total = 1.38ms, Queueing time: mean = 0.00ms, max = -0.00ms, min = 9223372036854.78ms, total = 0.00ms
[state-dump] 	NodeManager.GCTaskFailureReason - 1 total (1 active), Execution time: mean = 0.00ms, total = 0.00ms, Queueing time: mean = 0.00ms, max = -0.00ms, min = 9223372036854.78ms, total = 0.00ms
[state-dump] 	ray::rpc::NodeInfoGcsService.grpc_client.GetAllNodeAddressAndLiveness.OnReplyReceived - 1 total (0 active), Execution time: mean = 0.15ms, total = 0.15ms, Queueing time: mean = 0.01ms, max = 0.01ms, min = 0.01ms, total = 0.01ms
[state-dump] 	NodeManagerService.grpc_server.GetSystemConfig.HandleRequestImpl - 1 total (0 active), Execution time: mean = 0.09ms, total = 0.09ms, Queueing time: mean = 0.02ms, max = 0.02ms, min = 0.02ms, total = 0.02ms
[state-dump] 	ray::rpc::NodeInfoGcsService.grpc_client.RegisterNode - 1 total (0 active), Execution time: mean = 1.29ms, total = 1.29ms, Queueing time: mean = 0.00ms, max = -0.00ms, min = 9223372036854.78ms, total = 0.00ms
[state-dump] 	ClientConnection.async_read.ProcessMessage - 1 total (0 active), Execution time: mean = 3538.24ms, total = 3538.24ms, Queueing time: mean = 0.01ms, max = 0.01ms, min = 0.01ms, total = 0.01ms
[state-dump] 	ray::rpc::NodeInfoGcsService.grpc_client.RegisterNode.OnReplyReceived - 1 total (0 active), Execution time: mean = 0.68ms, total = 0.68ms, Queueing time: mean = 0.05ms, max = 0.05ms, min = 0.05ms, total = 0.05ms
[state-dump] 	NodeManagerService.grpc_server.GetSystemConfig - 1 total (0 active), Execution time: mean = 0.65ms, total = 0.65ms, Queueing time: mean = 0.00ms, max = -0.00ms, min = 9223372036854.78ms, total = 0.00ms
[state-dump] 	ray::rpc::JobInfoGcsService.grpc_client.GetAllJobInfo - 1 total (0 active), Execution time: mean = 0.76ms, total = 0.76ms, Queueing time: mean = 0.00ms, max = -0.00ms, min = 9223372036854.78ms, total = 0.00ms
[state-dump] 	ray::rpc::JobInfoGcsService.grpc_client.GetAllJobInfo.OnReplyReceived - 1 total (0 active), Execution time: mean = 0.03ms, total = 0.03ms, Queueing time: mean = 0.01ms, max = 0.01ms, min = 0.01ms, total = 0.01ms
[state-dump] 	 - 1 total (0 active), Execution time: mean = 0.00ms, total = 0.00ms, Queueing time: mean = 0.02ms, max = 0.02ms, min = 0.02ms, total = 0.02ms
[state-dump] 	RaySyncer.BroadcastMessage - 1 total (0 active), Execution time: mean = 0.09ms, total = 0.09ms, Queueing time: mean = 0.00ms, max = 0.00ms, min = 0.00ms, total = 0.00ms
[state-dump] 	ray::rpc::NodeInfoGcsService.grpc_client.GetAllNodeAddressAndLiveness - 1 total (0 active), Execution time: mean = 0.85ms, total = 0.85ms, Queueing time: mean = 0.00ms, max = -0.00ms, min = 9223372036854.78ms, total = 0.00ms
[state-dump] DebugString() time ms: 1
[state-dump] 
[state-dump] 
[2026-06-04 22:42:24,126 I 859 892] (raylet) store.cc:573: Plasma store debug dump: 
Current usage: 0 / 20.0817 GB
- num bytes created total: 0
0 pending objects of total size 0MB
- objects spillable: 0
- bytes spillable: 0
- objects unsealed: 0
- bytes unsealed: 0
- objects in use: 0
- bytes in use: 0
- objects evictable: 0
- bytes evictable: 0

- objects created by worker: 0
- bytes created by worker: 0
- objects restored: 0
- bytes restored: 0
- objects received: 0
- bytes received: 0
- objects errored: 0
- bytes errored: 0

[2026-06-04 22:42:24,172 I 859 859] (raylet) node_manager.cc:424: [state-dump] NodeManager:
[state-dump] Node ID: 11e184b7641b47dd66e5366c42f7fe51cb28f4bab1ca7ef8847590e4
[state-dump] Node name: 172.16.254.232
[state-dump] InitialConfigResources: {node:__internal_head__: 1, CPU: 192, node:172.16.254.232: 1, object_store_memory: 2.00817e+10, memory: 4.68574e+10}
[state-dump] ClusterLeaseManager:
[state-dump] ========== Node: 11e184b7641b47dd66e5366c42f7fe51cb28f4bab1ca7ef8847590e4 =================
[state-dump] Infeasible queue length: 0
[state-dump] Schedule queue length: 0
[state-dump] Grant queue length: 0
[state-dump] num_waiting_for_resource: 0
[state-dump] num_waiting_for_plasma_memory: 0
[state-dump] num_waiting_for_remote_node_resources: 0
[state-dump] num_worker_not_started_by_job_config_not_exist: 0
[state-dump] num_worker_not_started_by_registration_timeout: 0
[state-dump] num_tasks_waiting_for_workers: 0
[state-dump] num_cancelled_leases: 0
[state-dump] cluster_resource_scheduler state: 
[state-dump] Local id: 1457234449467745066 Local resources: {"total":{object_store_memory: [200817303550000], node:__internal_head__: [10000], memory: [468573708290000], CPU: [1920000], node:172.16.254.232: [10000]}}, "available": {memory: [468573708290000], CPU: [1920000], node:172.16.254.232: [10000], object_store_memory: [200817303550000], node:__internal_head__: [10000]}}, "labels":{"ray.io/node-id":"11e184b7641b47dd66e5366c42f7fe51cb28f4bab1ca7ef8847590e4",} is_draining: 0 is_idle: 1 Cluster resources (at most 20 nodes are shown): node id: 1457234449467745066{"total":{node:172.16.254.232: 10000, node:__internal_head__: 10000, memory: 468573708290000, object_store_memory: 200817303550000, CPU: 1920000}}, "available": {node:172.16.254.232: 10000, node:__internal_head__: 10000, memory: 468573708290000, CPU: 1920000, object_store_memory: 200817303550000}}, "labels":{"ray.io/node-id":"11e184b7641b47dd66e5366c42f7fe51cb28f4bab1ca7ef8847590e4",}, "is_draining": 0, "draining_deadline_timestamp_ms": -1} { "placement group locations": [], "node to bundles": []}
[state-dump] Waiting leases size: 0
[state-dump] Number of granted lease arguments: 0
[state-dump] Number of pinned lease arguments: 0
[state-dump] Number of total spilled leases: 0
[state-dump] Number of spilled waiting leases: 0
[state-dump] Number of spilled unschedulable leases: 0
[state-dump] Resource usage {
[state-dump] }
[state-dump] Backlog Size per scheduling descriptor :{workerId: num backlogs}:
[state-dump] 
[state-dump] Granted leases by scheduling class:
[state-dump] ==================================================
[state-dump] 
[state-dump] ClusterResources:
[state-dump] LocalObjectManager:
[state-dump] - num pinned objects: 0
[state-dump] - pinned objects size: 0
[state-dump] - num objects pending restore: 0
[state-dump] - num objects pending spill: 0
[state-dump] - num bytes pending spill: 0
[state-dump] - num bytes currently spilled: 0
[state-dump] - cumulative spill requests: 0
[state-dump] - cumulative restore requests: 0
[state-dump] - spilled objects pending delete: 0
[state-dump] 
[state-dump] ObjectManager:
[state-dump] - num local objects: 0
[state-dump] - num unfulfilled push requests: 0
[state-dump] - num object pull requests: 0
[state-dump] - num chunks received total: 0
[state-dump] - num chunks received failed (all): 0
[state-dump] - num chunks received failed / cancelled: 0
[state-dump] - num chunks received failed / plasma error: 0
[state-dump] Event stats:
[state-dump] Global stats: 0 total (0 active)
[state-dump] Queueing time: mean = -nanms, max = -0.00ms, min = 9223372036854.78ms, total = 0.00ms
[state-dump] Execution time:  mean = -nanms, total = 0.00ms
[state-dump] Event stats:
[state-dump] PushManager:
[state-dump] - num pushes remaining: 0
[state-dump] - num chunks in flight: 0
[state-dump] - num chunks remaining: 0
[state-dump] - max chunks allowed: 409
[state-dump] OwnershipBasedObjectDirectory:
[state-dump] - num listeners: 0
[state-dump] - cumulative location updates: 0
[state-dump] - num location updates per second: 0.000
[state-dump] - num location lookups per second: 0.000
[state-dump] - num locations added per second: 0.000
[state-dump] - num locations removed per second: 0.000
[state-dump] BufferPool:
[state-dump] - create buffer state map size: 0
[state-dump] PullManager:
[state-dump] - num bytes available for pulled objects: 20081730355
[state-dump] - num bytes being pulled (all): 0
[state-dump] - num bytes being pulled / pinned: 0
[state-dump] - get request bundles: BundlePullRequestQueue{0 total, 0 active, 0 inactive, 0 unpullable}
[state-dump] - wait request bundles: BundlePullRequestQueue{0 total, 0 active, 0 inactive, 0 unpullable}
[state-dump] - task request bundles: BundlePullRequestQueue{0 total, 0 active, 0 inactive, 0 unpullable}
[state-dump] - first get request bundle: N/A
[state-dump] - first wait request bundle: N/A
[state-dump] - first task request bundle: N/A
[state-dump] - num objects queued: 0
[state-dump] - num objects actively pulled (all): 0
[state-dump] - num objects actively pulled / pinned: 0
[state-dump] - num bundles being pulled: 0
[state-dump] - num pull retries: 0
[state-dump] - max timeout seconds: 0
[state-dump] - max timeout request is already processed. No entry.
[state-dump] 
[state-dump] WorkerPool:
[state-dump] - registered jobs: 1
[state-dump] - process_failed_job_config_missing: 0
[state-dump] - process_failed_rate_limited: 0
[state-dump] - process_failed_pending_registration: 192
[state-dump] - process_failed_runtime_env_setup_failed: 0
[state-dump] - num JAVA workers: 0
[state-dump] - num JAVA drivers: 0
[state-dump] - num JAVA pending start requests: 0
[state-dump] - num JAVA pending registration requests: 0
[state-dump] - num object spill callbacks queued: 0
[state-dump] - num object restore queued: 0
[state-dump] - num util functions queued: 0
[state-dump] - num PYTHON workers: 0
[state-dump] - num PYTHON drivers: 1
[state-dump] - num PYTHON pending start requests: 0
[state-dump] - num PYTHON pending registration requests: 0
[state-dump] - num object spill callbacks queued: 0
[state-dump] - num object restore queued: 0
[state-dump] - num util functions queued: 0
[state-dump] - num idle workers: 0
[state-dump] LeaseDependencyManager:
[state-dump] - lease deps map size: 0
[state-dump] - get req map size: 0
[state-dump] - wait req map size: 0
[state-dump] - local objects map size: 0
[state-dump] WaitManager:
[state-dump] - num active wait requests: 0
[state-dump] Subscriber:
[state-dump] Channel WORKER_OBJECT_LOCATIONS_CHANNEL
[state-dump] - cumulative subscribe requests: 0
[state-dump] - cumulative unsubscribe requests: 0
[state-dump] - active subscribed publishers: 0
[state-dump] - cumulative published messages: 0
[state-dump] - cumulative processed messages: 0
[state-dump] Channel WORKER_OBJECT_EVICTION
[state-dump] - cumulative subscribe requests: 0
[state-dump] - cumulative unsubscribe requests: 0
[state-dump] - active subscribed publishers: 0
[state-dump] - cumulative published messages: 0
[state-dump] - cumulative processed messages: 0
[state-dump] Channel WORKER_REF_REMOVED_CHANNEL
[state-dump] - cumulative subscribe requests: 0
[state-dump] - cumulative unsubscribe requests: 0
[state-dump] - active subscribed publishers: 0
[state-dump] - cumulative published messages: 0
[state-dump] - cumulative processed messages: 0
[state-dump] num async plasma notifications: 0
[state-dump] Event stats:
[state-dump] Global stats: 38058 total (16 active)
[state-dump] Queueing time: mean = 2.73ms, max = 3643.96ms, min = -95.24ms, total = 103868.48ms
[state-dump] Execution time:  mean = 16.12ms, total = 613421.57ms
[state-dump] Event stats:
[state-dump] 	NodeManager.CheckGC - 8268 total (1 active), Execution time: mean = 0.01ms, total = 113.15ms, Queueing time: mean = 1.59ms, max = 3444.74ms, min = -95.24ms, total = 13154.46ms
[state-dump] 	RaySyncer.OnDemandBroadcasting - 8268 total (1 active), Execution time: mean = 0.02ms, total = 125.53ms, Queueing time: mean = 1.59ms, max = 3444.73ms, min = -0.02ms, total = 13143.37ms
[state-dump] 	ObjectManager.UpdateAvailableMemory - 8267 total (0 active), Execution time: mean = 0.00ms, total = 13.63ms, Queueing time: mean = 0.22ms, max = 100.68ms, min = 0.00ms, total = 1797.14ms
[state-dump] 	RayletWorkerPool.deadline_timer.kill_idle_workers - 4161 total (1 active), Execution time: mean = 0.00ms, total = 16.44ms, Queueing time: mean = 1.88ms, max = 3350.40ms, min = -0.00ms, total = 7821.27ms
[state-dump] 	MemoryMonitor.CheckIsMemoryUsageAboveThreshold - 3264 total (1 active), Execution time: mean = 4.41ms, total = 14400.86ms, Queueing time: mean = 3.01ms, max = 3291.29ms, min = -0.02ms, total = 9826.57ms
[state-dump] 	NodeManagerService.grpc_server.GetResourceLoad - 839 total (0 active), Execution time: mean = 11.00ms, total = 9226.07ms, Queueing time: mean = 0.00ms, max = -0.00ms, min = 9223372036854.78ms, total = 0.00ms
[state-dump] 	NodeManagerService.grpc_server.GetResourceLoad.HandleRequestImpl - 839 total (0 active), Execution time: mean = 0.13ms, total = 110.98ms, Queueing time: mean = 9.44ms, max = 3203.58ms, min = 0.01ms, total = 7924.15ms
[state-dump] 	NodeManager.deadline_timer.spill_objects_when_over_threshold - 837 total (1 active), Execution time: mean = 0.00ms, total = 2.06ms, Queueing time: mean = 4.39ms, max = 2642.10ms, min = 0.00ms, total = 3675.56ms
[state-dump] 	NodeManager.CheckForUnexpectedWorkerDisconnects - 837 total (1 active), Execution time: mean = 0.12ms, total = 100.12ms, Queueing time: mean = 4.28ms, max = 2644.57ms, min = -0.01ms, total = 3580.52ms
[state-dump] 	NodeManager.ScheduleAndGrantLeases - 837 total (1 active), Execution time: mean = 0.01ms, total = 7.48ms, Queueing time: mean = 4.39ms, max = 2644.57ms, min = 0.00ms, total = 3673.33ms
[state-dump] 	NodeManager.deadline_timer.flush_free_objects - 837 total (1 active), Execution time: mean = 0.00ms, total = 2.88ms, Queueing time: mean = 4.39ms, max = 2642.08ms, min = 0.00ms, total = 3674.70ms
[state-dump] 	ClusterResourceManager.ResetRemoteNodeView - 280 total (1 active), Execution time: mean = 0.00ms, total = 1.05ms, Queueing time: mean = 6.62ms, max = 1645.70ms, min = 0.01ms, total = 1854.31ms
[state-dump] 	NodeManager.deadline_timer.record_metrics - 168 total (1 active), Execution time: mean = 0.49ms, total = 81.65ms, Queueing time: mean = 2.62ms, max = 99.31ms, min = 0.01ms, total = 440.80ms
[state-dump] 	event_loop_lag_probe - 85 total (0 active), Execution time: mean = 0.02ms, total = 1.32ms, Queueing time: mean = 0.15ms, max = 6.45ms, min = 0.00ms, total = 12.54ms
[state-dump] 	NodeManager.deadline_timer.debug_state_dump - 84 total (1 active), Execution time: mean = 2.34ms, total = 196.21ms, Queueing time: mean = 1.82ms, max = 96.66ms, min = 0.01ms, total = 152.68ms
[state-dump] 	ReporterService.grpc_client.HealthCheck.OnReplyReceived - 31 total (0 active), Execution time: mean = 0.12ms, total = 3.62ms, Queueing time: mean = 0.17ms, max = 1.08ms, min = 0.01ms, total = 5.28ms
[state-dump] 	ReporterService.grpc_client.HealthCheck - 31 total (0 active), Execution time: mean = 19.15ms, total = 593.71ms, Queueing time: mean = 0.00ms, max = -0.00ms, min = 9223372036854.78ms, total = 0.00ms
[state-dump] 	MetricsAgentClient.WaitForServerReadyWithRetry - 30 total (0 active), Execution time: mean = 0.31ms, total = 9.18ms, Queueing time: mean = 1101.58ms, max = 3643.96ms, min = 1000.02ms, total = 33047.26ms
[state-dump] 	NodeManager.deadline_timer.print_event_loop_stats - 14 total (1 active, 1 running), Execution time: mean = 1.51ms, total = 21.13ms, Queueing time: mean = 0.02ms, max = 0.03ms, min = 0.01ms, total = 0.25ms
[state-dump] 	PeriodicalRunner.RunFnPeriodically - 14 total (0 active), Execution time: mean = 0.23ms, total = 3.29ms, Queueing time: mean = 4.55ms, max = 12.98ms, min = 0.09ms, total = 63.65ms
[state-dump] 	ray::rpc::NodeInfoGcsService.grpc_client.CheckAlive.OnReplyReceived - 14 total (0 active), Execution time: mean = 0.04ms, total = 0.60ms, Queueing time: mean = 0.03ms, max = 0.14ms, min = 0.02ms, total = 0.41ms
[state-dump] 	NodeManager.GcsCheckAlive - 14 total (1 active), Execution time: mean = 0.26ms, total = 3.61ms, Queueing time: mean = 1.28ms, max = 1.67ms, min = 0.56ms, total = 17.87ms
[state-dump] 	ray::rpc::NodeInfoGcsService.grpc_client.CheckAlive - 14 total (0 active), Execution time: mean = 3.92ms, total = 54.93ms, Queueing time: mean = 0.00ms, max = -0.00ms, min = 9223372036854.78ms, total = 0.00ms
[state-dump] 	ray::rpc::InternalPubSubGcsService.grpc_client.GcsSubscriberCommandBatch - 2 total (0 active), Execution time: mean = 0.92ms, total = 1.84ms, Queueing time: mean = 0.00ms, max = -0.00ms, min = 9223372036854.78ms, total = 0.00ms
[state-dump] 	ray::rpc::InternalPubSubGcsService.grpc_client.GcsSubscriberPoll - 2 total (1 active), Execution time: mean = 292380.48ms, total = 584760.96ms, Queueing time: mean = 0.00ms, max = -0.00ms, min = 9223372036854.78ms, total = 0.00ms
[state-dump] 	RaySyncerRegister - 2 total (0 active), Execution time: mean = 0.00ms, total = 0.01ms, Queueing time: mean = 0.00ms, max = 0.00ms, min = 0.00ms, total = 0.00ms
[state-dump] 	ray::rpc::InternalPubSubGcsService.grpc_client.GcsSubscriberCommandBatch.OnReplyReceived - 2 total (0 active), Execution time: mean = 0.10ms, total = 0.20ms, Queueing time: mean = 1.08ms, max = 2.01ms, min = 0.15ms, total = 2.16ms
[state-dump] 	ClientConnection.async_read.ProcessMessageHeader - 2 total (1 active), Execution time: mean = 0.00ms, total = 0.01ms, Queueing time: mean = 0.01ms, max = 0.02ms, min = 0.02ms, total = 0.02ms
[state-dump] 	ray::rpc::InternalKVGcsService.grpc_client.GetInternalConfig.OnReplyReceived - 1 total (0 active), Execution time: mean = 24.53ms, total = 24.53ms, Queueing time: mean = 0.03ms, max = 0.03ms, min = 0.03ms, total = 0.03ms
[state-dump] 	ray::rpc::InternalPubSubGcsService.grpc_client.GcsSubscriberPoll.OnReplyReceived - 1 total (0 active), Execution time: mean = 0.35ms, total = 0.35ms, Queueing time: mean = 0.02ms, max = 0.02ms, min = 0.02ms, total = 0.02ms
[state-dump] 	ray::rpc::InternalKVGcsService.grpc_client.GetInternalConfig - 1 total (0 active), Execution time: mean = 1.38ms, total = 1.38ms, Queueing time: mean = 0.00ms, max = -0.00ms, min = 9223372036854.78ms, total = 0.00ms
[state-dump] 	NodeManager.GCTaskFailureReason - 1 total (1 active), Execution time: mean = 0.00ms, total = 0.00ms, Queueing time: mean = 0.00ms, max = -0.00ms, min = 9223372036854.78ms, total = 0.00ms
[state-dump] 	ray::rpc::NodeInfoGcsService.grpc_client.GetAllNodeAddressAndLiveness.OnReplyReceived - 1 total (0 active), Execution time: mean = 0.15ms, total = 0.15ms, Queueing time: mean = 0.01ms, max = 0.01ms, min = 0.01ms, total = 0.01ms
[state-dump] 	NodeManagerService.grpc_server.GetSystemConfig.HandleRequestImpl - 1 total (0 active), Execution time: mean = 0.09ms, total = 0.09ms, Queueing time: mean = 0.02ms, max = 0.02ms, min = 0.02ms, total = 0.02ms
[state-dump] 	ray::rpc::NodeInfoGcsService.grpc_client.RegisterNode - 1 total (0 active), Execution time: mean = 1.29ms, total = 1.29ms, Queueing time: mean = 0.00ms, max = -0.00ms, min = 9223372036854.78ms, total = 0.00ms
[state-dump] 	ClientConnection.async_read.ProcessMessage - 1 total (0 active), Execution time: mean = 3538.24ms, total = 3538.24ms, Queueing time: mean = 0.01ms, max = 0.01ms, min = 0.01ms, total = 0.01ms
[state-dump] 	ray::rpc::NodeInfoGcsService.grpc_client.RegisterNode.OnReplyReceived - 1 total (0 active), Execution time: mean = 0.68ms, total = 0.68ms, Queueing time: mean = 0.05ms, max = 0.05ms, min = 0.05ms, total = 0.05ms
[state-dump] 	NodeManagerService.grpc_server.GetSystemConfig - 1 total (0 active), Execution time: mean = 0.65ms, total = 0.65ms, Queueing time: mean = 0.00ms, max = -0.00ms, min = 9223372036854.78ms, total = 0.00ms
[state-dump] 	ray::rpc::JobInfoGcsService.grpc_client.GetAllJobInfo - 1 total (0 active), Execution time: mean = 0.76ms, total = 0.76ms, Queueing time: mean = 0.00ms, max = -0.00ms, min = 9223372036854.78ms, total = 0.00ms
[state-dump] 	ray::rpc::JobInfoGcsService.grpc_client.GetAllJobInfo.OnReplyReceived - 1 total (0 active), Execution time: mean = 0.03ms, total = 0.03ms, Queueing time: mean = 0.01ms, max = 0.01ms, min = 0.01ms, total = 0.01ms
[state-dump] 	 - 1 total (0 active), Execution time: mean = 0.00ms, total = 0.00ms, Queueing time: mean = 0.02ms, max = 0.02ms, min = 0.02ms, total = 0.02ms
[state-dump] 	RaySyncer.BroadcastMessage - 1 total (0 active), Execution time: mean = 0.09ms, total = 0.09ms, Queueing time: mean = 0.00ms, max = 0.00ms, min = 0.00ms, total = 0.00ms
[state-dump] 	ray::rpc::NodeInfoGcsService.grpc_client.GetAllNodeAddressAndLiveness - 1 total (0 active), Execution time: mean = 0.85ms, total = 0.85ms, Queueing time: mean = 0.00ms, max = -0.00ms, min = 9223372036854.78ms, total = 0.00ms
[state-dump] DebugString() time ms: 1
[state-dump] 
[state-dump] 
[2026-06-04 22:43:24,126 I 859 892] (raylet) store.cc:573: Plasma store debug dump: 
Current usage: 0 / 20.0817 GB
- num bytes created total: 0
0 pending objects of total size 0MB
- objects spillable: 0
- bytes spillable: 0
- objects unsealed: 0
- bytes unsealed: 0
- objects in use: 0
- bytes in use: 0
- objects evictable: 0
- bytes evictable: 0

- objects created by worker: 0
- bytes created by worker: 0
- objects restored: 0
- bytes restored: 0
- objects received: 0
- bytes received: 0
- objects errored: 0
- bytes errored: 0

[2026-06-04 22:43:24,173 I 859 859] (raylet) node_manager.cc:424: [state-dump] NodeManager:
[state-dump] Node ID: 11e184b7641b47dd66e5366c42f7fe51cb28f4bab1ca7ef8847590e4
[state-dump] Node name: 172.16.254.232
[state-dump] InitialConfigResources: {node:__internal_head__: 1, CPU: 192, node:172.16.254.232: 1, object_store_memory: 2.00817e+10, memory: 4.68574e+10}
[state-dump] ClusterLeaseManager:
[state-dump] ========== Node: 11e184b7641b47dd66e5366c42f7fe51cb28f4bab1ca7ef8847590e4 =================
[state-dump] Infeasible queue length: 0
[state-dump] Schedule queue length: 0
[state-dump] Grant queue length: 0
[state-dump] num_waiting_for_resource: 0
[state-dump] num_waiting_for_plasma_memory: 0
[state-dump] num_waiting_for_remote_node_resources: 0
[state-dump] num_worker_not_started_by_job_config_not_exist: 0
[state-dump] num_worker_not_started_by_registration_timeout: 0
[state-dump] num_tasks_waiting_for_workers: 0
[state-dump] num_cancelled_leases: 0
[state-dump] cluster_resource_scheduler state: 
[state-dump] Local id: 1457234449467745066 Local resources: {"total":{object_store_memory: [200817303550000], node:__internal_head__: [10000], memory: [468573708290000], CPU: [1920000], node:172.16.254.232: [10000]}}, "available": {memory: [468573708290000], CPU: [1920000], node:172.16.254.232: [10000], object_store_memory: [200817303550000], node:__internal_head__: [10000]}}, "labels":{"ray.io/node-id":"11e184b7641b47dd66e5366c42f7fe51cb28f4bab1ca7ef8847590e4",} is_draining: 0 is_idle: 1 Cluster resources (at most 20 nodes are shown): node id: 1457234449467745066{"total":{node:172.16.254.232: 10000, node:__internal_head__: 10000, memory: 468573708290000, object_store_memory: 200817303550000, CPU: 1920000}}, "available": {node:172.16.254.232: 10000, node:__internal_head__: 10000, memory: 468573708290000, CPU: 1920000, object_store_memory: 200817303550000}}, "labels":{"ray.io/node-id":"11e184b7641b47dd66e5366c42f7fe51cb28f4bab1ca7ef8847590e4",}, "is_draining": 0, "draining_deadline_timestamp_ms": -1} { "placement group locations": [], "node to bundles": []}
[state-dump] Waiting leases size: 0
[state-dump] Number of granted lease arguments: 0
[state-dump] Number of pinned lease arguments: 0
[state-dump] Number of total spilled leases: 0
[state-dump] Number of spilled waiting leases: 0
[state-dump] Number of spilled unschedulable leases: 0
[state-dump] Resource usage {
[state-dump] }
[state-dump] Backlog Size per scheduling descriptor :{workerId: num backlogs}:
[state-dump] 
[state-dump] Granted leases by scheduling class:
[state-dump] ==================================================
[state-dump] 
[state-dump] ClusterResources:
[state-dump] LocalObjectManager:
[state-dump] - num pinned objects: 0
[state-dump] - pinned objects size: 0
[state-dump] - num objects pending restore: 0
[state-dump] - num objects pending spill: 0
[state-dump] - num bytes pending spill: 0
[state-dump] - num bytes currently spilled: 0
[state-dump] - cumulative spill requests: 0
[state-dump] - cumulative restore requests: 0
[state-dump] - spilled objects pending delete: 0
[state-dump] 
[state-dump] ObjectManager:
[state-dump] - num local objects: 0
[state-dump] - num unfulfilled push requests: 0
[state-dump] - num object pull requests: 0
[state-dump] - num chunks received total: 0
[state-dump] - num chunks received failed (all): 0
[state-dump] - num chunks received failed / cancelled: 0
[state-dump] - num chunks received failed / plasma error: 0
[state-dump] Event stats:
[state-dump] Global stats: 0 total (0 active)
[state-dump] Queueing time: mean = -nanms, max = -0.00ms, min = 9223372036854.78ms, total = 0.00ms
[state-dump] Execution time:  mean = -nanms, total = 0.00ms
[state-dump] Event stats:
[state-dump] PushManager:
[state-dump] - num pushes remaining: 0
[state-dump] - num chunks in flight: 0
[state-dump] - num chunks remaining: 0
[state-dump] - max chunks allowed: 409
[state-dump] OwnershipBasedObjectDirectory:
[state-dump] - num listeners: 0
[state-dump] - cumulative location updates: 0
[state-dump] - num location updates per second: 0.000
[state-dump] - num location lookups per second: 0.000
[state-dump] - num locations added per second: 0.000
[state-dump] - num locations removed per second: 0.000
[state-dump] BufferPool:
[state-dump] - create buffer state map size: 0
[state-dump] PullManager:
[state-dump] - num bytes available for pulled objects: 20081730355
[state-dump] - num bytes being pulled (all): 0
[state-dump] - num bytes being pulled / pinned: 0
[state-dump] - get request bundles: BundlePullRequestQueue{0 total, 0 active, 0 inactive, 0 unpullable}
[state-dump] - wait request bundles: BundlePullRequestQueue{0 total, 0 active, 0 inactive, 0 unpullable}
[state-dump] - task request bundles: BundlePullRequestQueue{0 total, 0 active, 0 inactive, 0 unpullable}
[state-dump] - first get request bundle: N/A
[state-dump] - first wait request bundle: N/A
[state-dump] - first task request bundle: N/A
[state-dump] - num objects queued: 0
[state-dump] - num objects actively pulled (all): 0
[state-dump] - num objects actively pulled / pinned: 0
[state-dump] - num bundles being pulled: 0
[state-dump] - num pull retries: 0
[state-dump] - max timeout seconds: 0
[state-dump] - max timeout request is already processed. No entry.
[state-dump] 
[state-dump] WorkerPool:
[state-dump] - registered jobs: 1
[state-dump] - process_failed_job_config_missing: 0
[state-dump] - process_failed_rate_limited: 0
[state-dump] - process_failed_pending_registration: 192
[state-dump] - process_failed_runtime_env_setup_failed: 0
[state-dump] - num JAVA workers: 0
[state-dump] - num JAVA drivers: 0
[state-dump] - num JAVA pending start requests: 0
[state-dump] - num JAVA pending registration requests: 0
[state-dump] - num object spill callbacks queued: 0
[state-dump] - num object restore queued: 0
[state-dump] - num util functions queued: 0
[state-dump] - num PYTHON workers: 0
[state-dump] - num PYTHON drivers: 1
[state-dump] - num PYTHON pending start requests: 0
[state-dump] - num PYTHON pending registration requests: 0
[state-dump] - num object spill callbacks queued: 0
[state-dump] - num object restore queued: 0
[state-dump] - num util functions queued: 0
[state-dump] - num idle workers: 0
[state-dump] LeaseDependencyManager:
[state-dump] - lease deps map size: 0
[state-dump] - get req map size: 0
[state-dump] - wait req map size: 0
[state-dump] - local objects map size: 0
[state-dump] WaitManager:
[state-dump] - num active wait requests: 0
[state-dump] Subscriber:
[state-dump] Channel WORKER_OBJECT_LOCATIONS_CHANNEL
[state-dump] - cumulative subscribe requests: 0
[state-dump] - cumulative unsubscribe requests: 0
[state-dump] - active subscribed publishers: 0
[state-dump] - cumulative published messages: 0
[state-dump] - cumulative processed messages: 0
[state-dump] Channel WORKER_OBJECT_EVICTION
[state-dump] - cumulative subscribe requests: 0
[state-dump] - cumulative unsubscribe requests: 0
[state-dump] - active subscribed publishers: 0
[state-dump] - cumulative published messages: 0
[state-dump] - cumulative processed messages: 0
[state-dump] Channel WORKER_REF_REMOVED_CHANNEL
[state-dump] - cumulative subscribe requests: 0
[state-dump] - cumulative unsubscribe requests: 0
[state-dump] - active subscribed publishers: 0
[state-dump] - cumulative published messages: 0
[state-dump] - cumulative processed messages: 0
[state-dump] num async plasma notifications: 0
[state-dump] Event stats:
[state-dump] Global stats: 40805 total (16 active)
[state-dump] Queueing time: mean = 2.55ms, max = 3643.96ms, min = -95.24ms, total = 103957.07ms
[state-dump] Execution time:  mean = 15.05ms, total = 614005.99ms
[state-dump] Event stats:
[state-dump] 	NodeManager.CheckGC - 8868 total (1 active), Execution time: mean = 0.01ms, total = 114.22ms, Queueing time: mean = 1.49ms, max = 3444.74ms, min = -95.24ms, total = 13179.78ms
[state-dump] 	RaySyncer.OnDemandBroadcasting - 8868 total (1 active), Execution time: mean = 0.01ms, total = 127.33ms, Queueing time: mean = 1.48ms, max = 3444.73ms, min = -0.02ms, total = 13168.02ms
[state-dump] 	ObjectManager.UpdateAvailableMemory - 8867 total (0 active), Execution time: mean = 0.00ms, total = 14.47ms, Queueing time: mean = 0.20ms, max = 100.68ms, min = 0.00ms, total = 1805.14ms
[state-dump] 	RayletWorkerPool.deadline_timer.kill_idle_workers - 4461 total (1 active), Execution time: mean = 0.00ms, total = 17.44ms, Queueing time: mean = 1.76ms, max = 3350.40ms, min = -0.00ms, total = 7837.03ms
[state-dump] 	MemoryMonitor.CheckIsMemoryUsageAboveThreshold - 3502 total (1 active), Execution time: mean = 4.26ms, total = 14931.77ms, Queueing time: mean = 2.81ms, max = 3291.29ms, min = -0.02ms, total = 9831.38ms
[state-dump] 	NodeManagerService.grpc_server.GetResourceLoad - 899 total (0 active), Execution time: mean = 10.29ms, total = 9252.08ms, Queueing time: mean = 0.00ms, max = -0.00ms, min = 9223372036854.78ms, total = 0.00ms
[state-dump] 	NodeManagerService.grpc_server.GetResourceLoad.HandleRequestImpl - 899 total (0 active), Execution time: mean = 0.13ms, total = 117.83ms, Queueing time: mean = 8.82ms, max = 3203.58ms, min = 0.01ms, total = 7925.34ms
[state-dump] 	NodeManager.deadline_timer.flush_free_objects - 897 total (1 active), Execution time: mean = 0.00ms, total = 3.05ms, Queueing time: mean = 4.10ms, max = 2642.08ms, min = 0.00ms, total = 3676.49ms
[state-dump] 	NodeManager.deadline_timer.spill_objects_when_over_threshold - 897 total (1 active), Execution time: mean = 0.00ms, total = 2.18ms, Queueing time: mean = 4.10ms, max = 2642.10ms, min = 0.00ms, total = 3677.40ms
[state-dump] 	NodeManager.CheckForUnexpectedWorkerDisconnects - 897 total (1 active), Execution time: mean = 0.11ms, total = 100.54ms, Queueing time: mean = 3.99ms, max = 2644.57ms, min = -0.01ms, total = 3582.06ms
[state-dump] 	NodeManager.ScheduleAndGrantLeases - 897 total (1 active), Execution time: mean = 0.01ms, total = 7.95ms, Queueing time: mean = 4.10ms, max = 2644.57ms, min = 0.00ms, total = 3674.83ms
[state-dump] 	ClusterResourceManager.ResetRemoteNodeView - 300 total (1 active), Execution time: mean = 0.00ms, total = 1.11ms, Queueing time: mean = 6.18ms, max = 1645.70ms, min = 0.01ms, total = 1854.60ms
[state-dump] 	NodeManager.deadline_timer.record_metrics - 180 total (1 active), Execution time: mean = 0.48ms, total = 86.93ms, Queueing time: mean = 2.45ms, max = 99.31ms, min = -0.00ms, total = 441.04ms
[state-dump] 	event_loop_lag_probe - 91 total (0 active), Execution time: mean = 0.02ms, total = 1.40ms, Queueing time: mean = 0.14ms, max = 6.45ms, min = 0.00ms, total = 12.57ms
[state-dump] 	NodeManager.deadline_timer.debug_state_dump - 90 total (1 active), Execution time: mean = 2.25ms, total = 202.66ms, Queueing time: mean = 1.70ms, max = 96.66ms, min = 0.01ms, total = 152.77ms
[state-dump] 	ReporterService.grpc_client.HealthCheck.OnReplyReceived - 31 total (0 active), Execution time: mean = 0.12ms, total = 3.62ms, Queueing time: mean = 0.17ms, max = 1.08ms, min = 0.01ms, total = 5.28ms
[state-dump] 	ReporterService.grpc_client.HealthCheck - 31 total (0 active), Execution time: mean = 19.15ms, total = 593.71ms, Queueing time: mean = 0.00ms, max = -0.00ms, min = 9223372036854.78ms, total = 0.00ms
[state-dump] 	MetricsAgentClient.WaitForServerReadyWithRetry - 30 total (0 active), Execution time: mean = 0.31ms, total = 9.18ms, Queueing time: mean = 1101.58ms, max = 3643.96ms, min = 1000.02ms, total = 33047.26ms
[state-dump] 	NodeManager.deadline_timer.print_event_loop_stats - 15 total (1 active, 1 running), Execution time: mean = 1.52ms, total = 22.87ms, Queueing time: mean = 0.02ms, max = 0.03ms, min = 0.01ms, total = 0.27ms
[state-dump] 	ray::rpc::NodeInfoGcsService.grpc_client.CheckAlive.OnReplyReceived - 15 total (0 active), Execution time: mean = 0.04ms, total = 0.63ms, Queueing time: mean = 0.03ms, max = 0.14ms, min = 0.02ms, total = 0.43ms
[state-dump] 	NodeManager.GcsCheckAlive - 15 total (1 active), Execution time: mean = 0.26ms, total = 3.86ms, Queueing time: mean = 1.29ms, max = 1.67ms, min = 0.56ms, total = 19.37ms
[state-dump] 	ray::rpc::NodeInfoGcsService.grpc_client.CheckAlive - 15 total (0 active), Execution time: mean = 3.72ms, total = 55.80ms, Queueing time: mean = 0.00ms, max = -0.00ms, min = 9223372036854.78ms, total = 0.00ms
[state-dump] 	PeriodicalRunner.RunFnPeriodically - 14 total (0 active), Execution time: mean = 0.23ms, total = 3.29ms, Queueing time: mean = 4.55ms, max = 12.98ms, min = 0.09ms, total = 63.65ms
[state-dump] 	ray::rpc::InternalPubSubGcsService.grpc_client.GcsSubscriberCommandBatch - 2 total (0 active), Execution time: mean = 0.92ms, total = 1.84ms, Queueing time: mean = 0.00ms, max = -0.00ms, min = 9223372036854.78ms, total = 0.00ms
[state-dump] 	NodeManager.GCTaskFailureReason - 2 total (1 active), Execution time: mean = 0.00ms, total = 0.00ms, Queueing time: mean = 0.01ms, max = 0.02ms, min = 0.02ms, total = 0.02ms
[state-dump] 	ray::rpc::InternalPubSubGcsService.grpc_client.GcsSubscriberPoll - 2 total (1 active), Execution time: mean = 292380.48ms, total = 584760.96ms, Queueing time: mean = 0.00ms, max = -0.00ms, min = 9223372036854.78ms, total = 0.00ms
[state-dump] 	RaySyncerRegister - 2 total (0 active), Execution time: mean = 0.00ms, total = 0.01ms, Queueing time: mean = 0.00ms, max = 0.00ms, min = 0.00ms, total = 0.00ms
[state-dump] 	ray::rpc::InternalPubSubGcsService.grpc_client.GcsSubscriberCommandBatch.OnReplyReceived - 2 total (0 active), Execution time: mean = 0.10ms, total = 0.20ms, Queueing time: mean = 1.08ms, max = 2.01ms, min = 0.15ms, total = 2.16ms
[state-dump] 	ClientConnection.async_read.ProcessMessageHeader - 2 total (1 active), Execution time: mean = 0.00ms, total = 0.01ms, Queueing time: mean = 0.01ms, max = 0.02ms, min = 0.02ms, total = 0.02ms
[state-dump] 	ray::rpc::InternalKVGcsService.grpc_client.GetInternalConfig.OnReplyReceived - 1 total (0 active), Execution time: mean = 24.53ms, total = 24.53ms, Queueing time: mean = 0.03ms, max = 0.03ms, min = 0.03ms, total = 0.03ms
[state-dump] 	ray::rpc::InternalPubSubGcsService.grpc_client.GcsSubscriberPoll.OnReplyReceived - 1 total (0 active), Execution time: mean = 0.35ms, total = 0.35ms, Queueing time: mean = 0.02ms, max = 0.02ms, min = 0.02ms, total = 0.02ms
[state-dump] 	ray::rpc::InternalKVGcsService.grpc_client.GetInternalConfig - 1 total (0 active), Execution time: mean = 1.38ms, total = 1.38ms, Queueing time: mean = 0.00ms, max = -0.00ms, min = 9223372036854.78ms, total = 0.00ms
[state-dump] 	ray::rpc::NodeInfoGcsService.grpc_client.GetAllNodeAddressAndLiveness.OnReplyReceived - 1 total (0 active), Execution time: mean = 0.15ms, total = 0.15ms, Queueing time: mean = 0.01ms, max = 0.01ms, min = 0.01ms, total = 0.01ms
[state-dump] 	NodeManagerService.grpc_server.GetSystemConfig.HandleRequestImpl - 1 total (0 active), Execution time: mean = 0.09ms, total = 0.09ms, Queueing time: mean = 0.02ms, max = 0.02ms, min = 0.02ms, total = 0.02ms
[state-dump] 	ray::rpc::NodeInfoGcsService.grpc_client.RegisterNode - 1 total (0 active), Execution time: mean = 1.29ms, total = 1.29ms, Queueing time: mean = 0.00ms, max = -0.00ms, min = 9223372036854.78ms, total = 0.00ms
[state-dump] 	ClientConnection.async_read.ProcessMessage - 1 total (0 active), Execution time: mean = 3538.24ms, total = 3538.24ms, Queueing time: mean = 0.01ms, max = 0.01ms, min = 0.01ms, total = 0.01ms
[state-dump] 	ray::rpc::NodeInfoGcsService.grpc_client.RegisterNode.OnReplyReceived - 1 total (0 active), Execution time: mean = 0.68ms, total = 0.68ms, Queueing time: mean = 0.05ms, max = 0.05ms, min = 0.05ms, total = 0.05ms
[state-dump] 	NodeManagerService.grpc_server.GetSystemConfig - 1 total (0 active), Execution time: mean = 0.65ms, total = 0.65ms, Queueing time: mean = 0.00ms, max = -0.00ms, min = 9223372036854.78ms, total = 0.00ms
[state-dump] 	ray::rpc::JobInfoGcsService.grpc_client.GetAllJobInfo - 1 total (0 active), Execution time: mean = 0.76ms, total = 0.76ms, Queueing time: mean = 0.00ms, max = -0.00ms, min = 9223372036854.78ms, total = 0.00ms
[state-dump] 	ray::rpc::JobInfoGcsService.grpc_client.GetAllJobInfo.OnReplyReceived - 1 total (0 active), Execution time: mean = 0.03ms, total = 0.03ms, Queueing time: mean = 0.01ms, max = 0.01ms, min = 0.01ms, total = 0.01ms
[state-dump] 	 - 1 total (0 active), Execution time: mean = 0.00ms, total = 0.00ms, Queueing time: mean = 0.02ms, max = 0.02ms, min = 0.02ms, total = 0.02ms
[state-dump] 	RaySyncer.BroadcastMessage - 1 total (0 active), Execution time: mean = 0.09ms, total = 0.09ms, Queueing time: mean = 0.00ms, max = 0.00ms, min = 0.00ms, total = 0.00ms
[state-dump] 	ray::rpc::NodeInfoGcsService.grpc_client.GetAllNodeAddressAndLiveness - 1 total (0 active), Execution time: mean = 0.85ms, total = 0.85ms, Queueing time: mean = 0.00ms, max = -0.00ms, min = 9223372036854.78ms, total = 0.00ms
[state-dump] DebugString() time ms: 0
[state-dump] 
[state-dump] 
[2026-06-04 22:44:24,126 I 859 892] (raylet) store.cc:573: Plasma store debug dump: 
Current usage: 0 / 20.0817 GB
- num bytes created total: 0
0 pending objects of total size 0MB
- objects spillable: 0
- bytes spillable: 0
- objects unsealed: 0
- bytes unsealed: 0
- objects in use: 0
- bytes in use: 0
- objects evictable: 0
- bytes evictable: 0

- objects created by worker: 0
- bytes created by worker: 0
- objects restored: 0
- bytes restored: 0
- objects received: 0
- bytes received: 0
- objects errored: 0
- bytes errored: 0

[2026-06-04 22:44:24,175 I 859 859] (raylet) node_manager.cc:424: [state-dump] NodeManager:
[state-dump] Node ID: 11e184b7641b47dd66e5366c42f7fe51cb28f4bab1ca7ef8847590e4
[state-dump] Node name: 172.16.254.232
[state-dump] InitialConfigResources: {node:__internal_head__: 1, CPU: 192, node:172.16.254.232: 1, object_store_memory: 2.00817e+10, memory: 4.68574e+10}
[state-dump] ClusterLeaseManager:
[state-dump] ========== Node: 11e184b7641b47dd66e5366c42f7fe51cb28f4bab1ca7ef8847590e4 =================
[state-dump] Infeasible queue length: 0
[state-dump] Schedule queue length: 0
[state-dump] Grant queue length: 0
[state-dump] num_waiting_for_resource: 0
[state-dump] num_waiting_for_plasma_memory: 0
[state-dump] num_waiting_for_remote_node_resources: 0
[state-dump] num_worker_not_started_by_job_config_not_exist: 0
[state-dump] num_worker_not_started_by_registration_timeout: 0
[state-dump] num_tasks_waiting_for_workers: 0
[state-dump] num_cancelled_leases: 0
[state-dump] cluster_resource_scheduler state: 
[state-dump] Local id: 1457234449467745066 Local resources: {"total":{object_store_memory: [200817303550000], node:__internal_head__: [10000], memory: [468573708290000], CPU: [1920000], node:172.16.254.232: [10000]}}, "available": {memory: [468573708290000], CPU: [1920000], node:172.16.254.232: [10000], object_store_memory: [200817303550000], node:__internal_head__: [10000]}}, "labels":{"ray.io/node-id":"11e184b7641b47dd66e5366c42f7fe51cb28f4bab1ca7ef8847590e4",} is_draining: 0 is_idle: 1 Cluster resources (at most 20 nodes are shown): node id: 1457234449467745066{"total":{node:172.16.254.232: 10000, node:__internal_head__: 10000, memory: 468573708290000, object_store_memory: 200817303550000, CPU: 1920000}}, "available": {node:172.16.254.232: 10000, node:__internal_head__: 10000, memory: 468573708290000, CPU: 1920000, object_store_memory: 200817303550000}}, "labels":{"ray.io/node-id":"11e184b7641b47dd66e5366c42f7fe51cb28f4bab1ca7ef8847590e4",}, "is_draining": 0, "draining_deadline_timestamp_ms": -1} { "placement group locations": [], "node to bundles": []}
[state-dump] Waiting leases size: 0
[state-dump] Number of granted lease arguments: 0
[state-dump] Number of pinned lease arguments: 0
[state-dump] Number of total spilled leases: 0
[state-dump] Number of spilled waiting leases: 0
[state-dump] Number of spilled unschedulable leases: 0
[state-dump] Resource usage {
[state-dump] }
[state-dump] Backlog Size per scheduling descriptor :{workerId: num backlogs}:
[state-dump] 
[state-dump] Granted leases by scheduling class:
[state-dump] ==================================================
[state-dump] 
[state-dump] ClusterResources:
[state-dump] LocalObjectManager:
[state-dump] - num pinned objects: 0
[state-dump] - pinned objects size: 0
[state-dump] - num objects pending restore: 0
[state-dump] - num objects pending spill: 0
[state-dump] - num bytes pending spill: 0
[state-dump] - num bytes currently spilled: 0
[state-dump] - cumulative spill requests: 0
[state-dump] - cumulative restore requests: 0
[state-dump] - spilled objects pending delete: 0
[state-dump] 
[state-dump] ObjectManager:
[state-dump] - num local objects: 0
[state-dump] - num unfulfilled push requests: 0
[state-dump] - num object pull requests: 0
[state-dump] - num chunks received total: 0
[state-dump] - num chunks received failed (all): 0
[state-dump] - num chunks received failed / cancelled: 0
[state-dump] - num chunks received failed / plasma error: 0
[state-dump] Event stats:
[state-dump] Global stats: 0 total (0 active)
[state-dump] Queueing time: mean = -nanms, max = -0.00ms, min = 9223372036854.78ms, total = 0.00ms
[state-dump] Execution time:  mean = -nanms, total = 0.00ms
[state-dump] Event stats:
[state-dump] PushManager:
[state-dump] - num pushes remaining: 0
[state-dump] - num chunks in flight: 0
[state-dump] - num chunks remaining: 0
[state-dump] - max chunks allowed: 409
[state-dump] OwnershipBasedObjectDirectory:
[state-dump] - num listeners: 0
[state-dump] - cumulative location updates: 0
[state-dump] - num location updates per second: 0.000
[state-dump] - num location lookups per second: 0.000
[state-dump] - num locations added per second: 0.000
[state-dump] - num locations removed per second: 0.000
[state-dump] BufferPool:
[state-dump] - create buffer state map size: 0
[state-dump] PullManager:
[state-dump] - num bytes available for pulled objects: 20081730355
[state-dump] - num bytes being pulled (all): 0
[state-dump] - num bytes being pulled / pinned: 0
[state-dump] - get request bundles: BundlePullRequestQueue{0 total, 0 active, 0 inactive, 0 unpullable}
[state-dump] - wait request bundles: BundlePullRequestQueue{0 total, 0 active, 0 inactive, 0 unpullable}
[state-dump] - task request bundles: BundlePullRequestQueue{0 total, 0 active, 0 inactive, 0 unpullable}
[state-dump] - first get request bundle: N/A
[state-dump] - first wait request bundle: N/A
[state-dump] - first task request bundle: N/A
[state-dump] - num objects queued: 0
[state-dump] - num objects actively pulled (all): 0
[state-dump] - num objects actively pulled / pinned: 0
[state-dump] - num bundles being pulled: 0
[state-dump] - num pull retries: 0
[state-dump] - max timeout seconds: 0
[state-dump] - max timeout request is already processed. No entry.
[state-dump] 
[state-dump] WorkerPool:
[state-dump] - registered jobs: 1
[state-dump] - process_failed_job_config_missing: 0
[state-dump] - process_failed_rate_limited: 0
[state-dump] - process_failed_pending_registration: 192
[state-dump] - process_failed_runtime_env_setup_failed: 0
[state-dump] - num JAVA workers: 0
[state-dump] - num JAVA drivers: 0
[state-dump] - num JAVA pending start requests: 0
[state-dump] - num JAVA pending registration requests: 0
[state-dump] - num object spill callbacks queued: 0
[state-dump] - num object restore queued: 0
[state-dump] - num util functions queued: 0
[state-dump] - num PYTHON workers: 0
[state-dump] - num PYTHON drivers: 1
[state-dump] - num PYTHON pending start requests: 0
[state-dump] - num PYTHON pending registration requests: 0
[state-dump] - num object spill callbacks queued: 0
[state-dump] - num object restore queued: 0
[state-dump] - num util functions queued: 0
[state-dump] - num idle workers: 0
[state-dump] LeaseDependencyManager:
[state-dump] - lease deps map size: 0
[state-dump] - get req map size: 0
[state-dump] - wait req map size: 0
[state-dump] - local objects map size: 0
[state-dump] WaitManager:
[state-dump] - num active wait requests: 0
[state-dump] Subscriber:
[state-dump] Channel WORKER_OBJECT_LOCATIONS_CHANNEL
[state-dump] - cumulative subscribe requests: 0
[state-dump] - cumulative unsubscribe requests: 0
[state-dump] - active subscribed publishers: 0
[state-dump] - cumulative published messages: 0
[state-dump] - cumulative processed messages: 0
[state-dump] Channel WORKER_OBJECT_EVICTION
[state-dump] - cumulative subscribe requests: 0
[state-dump] - cumulative unsubscribe requests: 0
[state-dump] - active subscribed publishers: 0
[state-dump] - cumulative published messages: 0
[state-dump] - cumulative processed messages: 0
[state-dump] Channel WORKER_REF_REMOVED_CHANNEL
[state-dump] - cumulative subscribe requests: 0
[state-dump] - cumulative unsubscribe requests: 0
[state-dump] - active subscribed publishers: 0
[state-dump] - cumulative published messages: 0
[state-dump] - cumulative processed messages: 0
[state-dump] num async plasma notifications: 0
[state-dump] Event stats:
[state-dump] Global stats: 43551 total (16 active)
[state-dump] Queueing time: mean = 2.39ms, max = 3643.96ms, min = -95.24ms, total = 104049.94ms
[state-dump] Execution time:  mean = 14.11ms, total = 614542.29ms
[state-dump] Event stats:
[state-dump] 	NodeManager.CheckGC - 9468 total (1 active), Execution time: mean = 0.01ms, total = 115.26ms, Queueing time: mean = 1.40ms, max = 3444.74ms, min = -95.24ms, total = 13208.53ms
[state-dump] 	RaySyncer.OnDemandBroadcasting - 9468 total (1 active), Execution time: mean = 0.01ms, total = 128.99ms, Queueing time: mean = 1.39ms, max = 3444.73ms, min = -0.02ms, total = 13196.20ms
[state-dump] 	ObjectManager.UpdateAvailableMemory - 9467 total (0 active), Execution time: mean = 0.00ms, total = 15.20ms, Queueing time: mean = 0.19ms, max = 100.68ms, min = 0.00ms, total = 1813.15ms
[state-dump] 	RayletWorkerPool.deadline_timer.kill_idle_workers - 4761 total (1 active), Execution time: mean = 0.00ms, total = 18.33ms, Queueing time: mean = 1.65ms, max = 3350.40ms, min = -0.00ms, total = 7845.76ms
[state-dump] 	MemoryMonitor.CheckIsMemoryUsageAboveThreshold - 3740 total (1 active), Execution time: mean = 4.12ms, total = 15414.12ms, Queueing time: mean = 2.63ms, max = 3291.29ms, min = -0.02ms, total = 9835.25ms
[state-dump] 	NodeManagerService.grpc_server.GetResourceLoad - 959 total (0 active), Execution time: mean = 9.68ms, total = 9278.72ms, Queueing time: mean = 0.00ms, max = -0.00ms, min = 9223372036854.78ms, total = 0.00ms
[state-dump] 	NodeManagerService.grpc_server.GetResourceLoad.HandleRequestImpl - 959 total (0 active), Execution time: mean = 0.13ms, total = 124.63ms, Queueing time: mean = 8.27ms, max = 3203.58ms, min = 0.01ms, total = 7928.23ms
[state-dump] 	NodeManager.deadline_timer.flush_free_objects - 957 total (1 active), Execution time: mean = 0.00ms, total = 3.23ms, Queueing time: mean = 3.84ms, max = 2642.08ms, min = 0.00ms, total = 3679.19ms
[state-dump] 	NodeManager.deadline_timer.spill_objects_when_over_threshold - 957 total (1 active), Execution time: mean = 0.00ms, total = 2.30ms, Queueing time: mean = 3.85ms, max = 2642.10ms, min = 0.00ms, total = 3680.14ms
[state-dump] 	NodeManager.CheckForUnexpectedWorkerDisconnects - 957 total (1 active), Execution time: mean = 0.11ms, total = 100.95ms, Queueing time: mean = 3.75ms, max = 2644.57ms, min = -0.01ms, total = 3584.53ms
[state-dump] 	NodeManager.ScheduleAndGrantLeases - 957 total (1 active), Execution time: mean = 0.01ms, total = 8.41ms, Queueing time: mean = 3.84ms, max = 2644.57ms, min = 0.00ms, total = 3677.25ms
[state-dump] 	ClusterResourceManager.ResetRemoteNodeView - 320 total (1 active), Execution time: mean = 0.00ms, total = 1.16ms, Queueing time: mean = 5.80ms, max = 1645.70ms, min = 0.01ms, total = 1854.90ms
[state-dump] 	NodeManager.deadline_timer.record_metrics - 192 total (1 active), Execution time: mean = 0.48ms, total = 92.31ms, Queueing time: mean = 2.30ms, max = 99.31ms, min = -0.00ms, total = 441.22ms
[state-dump] 	event_loop_lag_probe - 97 total (0 active), Execution time: mean = 0.02ms, total = 1.48ms, Queueing time: mean = 0.13ms, max = 6.45ms, min = 0.00ms, total = 12.61ms
[state-dump] 	NodeManager.deadline_timer.debug_state_dump - 96 total (1 active), Execution time: mean = 2.18ms, total = 209.25ms, Queueing time: mean = 1.59ms, max = 96.66ms, min = 0.01ms, total = 152.87ms
[state-dump] 	ReporterService.grpc_client.HealthCheck.OnReplyReceived - 31 total (0 active), Execution time: mean = 0.12ms, total = 3.62ms, Queueing time: mean = 0.17ms, max = 1.08ms, min = 0.01ms, total = 5.28ms
[state-dump] 	ReporterService.grpc_client.HealthCheck - 31 total (0 active), Execution time: mean = 19.15ms, total = 593.71ms, Queueing time: mean = 0.00ms, max = -0.00ms, min = 9223372036854.78ms, total = 0.00ms
[state-dump] 	MetricsAgentClient.WaitForServerReadyWithRetry - 30 total (0 active), Execution time: mean = 0.31ms, total = 9.18ms, Queueing time: mean = 1101.58ms, max = 3643.96ms, min = 1000.02ms, total = 33047.26ms
[state-dump] 	NodeManager.deadline_timer.print_event_loop_stats - 16 total (1 active, 1 running), Execution time: mean = 1.53ms, total = 24.55ms, Queueing time: mean = 0.02ms, max = 0.03ms, min = 0.01ms, total = 0.28ms
[state-dump] 	ray::rpc::NodeInfoGcsService.grpc_client.CheckAlive.OnReplyReceived - 16 total (0 active), Execution time: mean = 0.04ms, total = 0.67ms, Queueing time: mean = 0.03ms, max = 0.14ms, min = 0.02ms, total = 0.45ms
[state-dump] 	NodeManager.GcsCheckAlive - 16 total (1 active), Execution time: mean = 0.26ms, total = 4.11ms, Queueing time: mean = 1.30ms, max = 1.67ms, min = 0.56ms, total = 20.83ms
[state-dump] 	ray::rpc::NodeInfoGcsService.grpc_client.CheckAlive - 16 total (0 active), Execution time: mean = 3.55ms, total = 56.73ms, Queueing time: mean = 0.00ms, max = -0.00ms, min = 9223372036854.78ms, total = 0.00ms
[state-dump] 	PeriodicalRunner.RunFnPeriodically - 14 total (0 active), Execution time: mean = 0.23ms, total = 3.29ms, Queueing time: mean = 4.55ms, max = 12.98ms, min = 0.09ms, total = 63.65ms
[state-dump] 	ray::rpc::InternalPubSubGcsService.grpc_client.GcsSubscriberCommandBatch - 2 total (0 active), Execution time: mean = 0.92ms, total = 1.84ms, Queueing time: mean = 0.00ms, max = -0.00ms, min = 9223372036854.78ms, total = 0.00ms
[state-dump] 	NodeManager.GCTaskFailureReason - 2 total (1 active), Execution time: mean = 0.00ms, total = 0.00ms, Queueing time: mean = 0.01ms, max = 0.02ms, min = 0.02ms, total = 0.02ms
[state-dump] 	ray::rpc::InternalPubSubGcsService.grpc_client.GcsSubscriberPoll - 2 total (1 active), Execution time: mean = 292380.48ms, total = 584760.96ms, Queueing time: mean = 0.00ms, max = -0.00ms, min = 9223372036854.78ms, total = 0.00ms
[state-dump] 	RaySyncerRegister - 2 total (0 active), Execution time: mean = 0.00ms, total = 0.01ms, Queueing time: mean = 0.00ms, max = 0.00ms, min = 0.00ms, total = 0.00ms
[state-dump] 	ray::rpc::InternalPubSubGcsService.grpc_client.GcsSubscriberCommandBatch.OnReplyReceived - 2 total (0 active), Execution time: mean = 0.10ms, total = 0.20ms, Queueing time: mean = 1.08ms, max = 2.01ms, min = 0.15ms, total = 2.16ms
[state-dump] 	ClientConnection.async_read.ProcessMessageHeader - 2 total (1 active), Execution time: mean = 0.00ms, total = 0.01ms, Queueing time: mean = 0.01ms, max = 0.02ms, min = 0.02ms, total = 0.02ms
[state-dump] 	ray::rpc::InternalKVGcsService.grpc_client.GetInternalConfig.OnReplyReceived - 1 total (0 active), Execution time: mean = 24.53ms, total = 24.53ms, Queueing time: mean = 0.03ms, max = 0.03ms, min = 0.03ms, total = 0.03ms
[state-dump] 	ray::rpc::InternalPubSubGcsService.grpc_client.GcsSubscriberPoll.OnReplyReceived - 1 total (0 active), Execution time: mean = 0.35ms, total = 0.35ms, Queueing time: mean = 0.02ms, max = 0.02ms, min = 0.02ms, total = 0.02ms
[state-dump] 	ray::rpc::InternalKVGcsService.grpc_client.GetInternalConfig - 1 total (0 active), Execution time: mean = 1.38ms, total = 1.38ms, Queueing time: mean = 0.00ms, max = -0.00ms, min = 9223372036854.78ms, total = 0.00ms
[state-dump] 	ray::rpc::NodeInfoGcsService.grpc_client.GetAllNodeAddressAndLiveness.OnReplyReceived - 1 total (0 active), Execution time: mean = 0.15ms, total = 0.15ms, Queueing time: mean = 0.01ms, max = 0.01ms, min = 0.01ms, total = 0.01ms
[state-dump] 	NodeManagerService.grpc_server.GetSystemConfig.HandleRequestImpl - 1 total (0 active), Execution time: mean = 0.09ms, total = 0.09ms, Queueing time: mean = 0.02ms, max = 0.02ms, min = 0.02ms, total = 0.02ms
[state-dump] 	ray::rpc::NodeInfoGcsService.grpc_client.RegisterNode - 1 total (0 active), Execution time: mean = 1.29ms, total = 1.29ms, Queueing time: mean = 0.00ms, max = -0.00ms, min = 9223372036854.78ms, total = 0.00ms
[state-dump] 	ClientConnection.async_read.ProcessMessage - 1 total (0 active), Execution time: mean = 3538.24ms, total = 3538.24ms, Queueing time: mean = 0.01ms, max = 0.01ms, min = 0.01ms, total = 0.01ms
[state-dump] 	ray::rpc::NodeInfoGcsService.grpc_client.RegisterNode.OnReplyReceived - 1 total (0 active), Execution time: mean = 0.68ms, total = 0.68ms, Queueing time: mean = 0.05ms, max = 0.05ms, min = 0.05ms, total = 0.05ms
[state-dump] 	NodeManagerService.grpc_server.GetSystemConfig - 1 total (0 active), Execution time: mean = 0.65ms, total = 0.65ms, Queueing time: mean = 0.00ms, max = -0.00ms, min = 9223372036854.78ms, total = 0.00ms
[state-dump] 	ray::rpc::JobInfoGcsService.grpc_client.GetAllJobInfo - 1 total (0 active), Execution time: mean = 0.76ms, total = 0.76ms, Queueing time: mean = 0.00ms, max = -0.00ms, min = 9223372036854.78ms, total = 0.00ms
[state-dump] 	ray::rpc::JobInfoGcsService.grpc_client.GetAllJobInfo.OnReplyReceived - 1 total (0 active), Execution time: mean = 0.03ms, total = 0.03ms, Queueing time: mean = 0.01ms, max = 0.01ms, min = 0.01ms, total = 0.01ms
[state-dump] 	 - 1 total (0 active), Execution time: mean = 0.00ms, total = 0.00ms, Queueing time: mean = 0.02ms, max = 0.02ms, min = 0.02ms, total = 0.02ms
[state-dump] 	RaySyncer.BroadcastMessage - 1 total (0 active), Execution time: mean = 0.09ms, total = 0.09ms, Queueing time: mean = 0.00ms, max = 0.00ms, min = 0.00ms, total = 0.00ms
[state-dump] 	ray::rpc::NodeInfoGcsService.grpc_client.GetAllNodeAddressAndLiveness - 1 total (0 active), Execution time: mean = 0.85ms, total = 0.85ms, Queueing time: mean = 0.00ms, max = -0.00ms, min = 9223372036854.78ms, total = 0.00ms
[state-dump] DebugString() time ms: 1
[state-dump] 
[state-dump] 
[2026-06-04 22:45:24,126 I 859 892] (raylet) store.cc:573: Plasma store debug dump: 
Current usage: 0 / 20.0817 GB
- num bytes created total: 0
0 pending objects of total size 0MB
- objects spillable: 0
- bytes spillable: 0
- objects unsealed: 0
- bytes unsealed: 0
- objects in use: 0
- bytes in use: 0
- objects evictable: 0
- bytes evictable: 0

- objects created by worker: 0
- bytes created by worker: 0
- objects restored: 0
- bytes restored: 0
- objects received: 0
- bytes received: 0
- objects errored: 0
- bytes errored: 0

[2026-06-04 22:45:24,177 I 859 859] (raylet) node_manager.cc:424: [state-dump] NodeManager:
[state-dump] Node ID: 11e184b7641b47dd66e5366c42f7fe51cb28f4bab1ca7ef8847590e4
[state-dump] Node name: 172.16.254.232
[state-dump] InitialConfigResources: {node:__internal_head__: 1, CPU: 192, node:172.16.254.232: 1, object_store_memory: 2.00817e+10, memory: 4.68574e+10}
[state-dump] ClusterLeaseManager:
[state-dump] ========== Node: 11e184b7641b47dd66e5366c42f7fe51cb28f4bab1ca7ef8847590e4 =================
[state-dump] Infeasible queue length: 0
[state-dump] Schedule queue length: 0
[state-dump] Grant queue length: 0
[state-dump] num_waiting_for_resource: 0
[state-dump] num_waiting_for_plasma_memory: 0
[state-dump] num_waiting_for_remote_node_resources: 0
[state-dump] num_worker_not_started_by_job_config_not_exist: 0
[state-dump] num_worker_not_started_by_registration_timeout: 0
[state-dump] num_tasks_waiting_for_workers: 0
[state-dump] num_cancelled_leases: 0
[state-dump] cluster_resource_scheduler state: 
[state-dump] Local id: 1457234449467745066 Local resources: {"total":{object_store_memory: [200817303550000], node:__internal_head__: [10000], memory: [468573708290000], CPU: [1920000], node:172.16.254.232: [10000]}}, "available": {memory: [468573708290000], CPU: [1920000], node:172.16.254.232: [10000], object_store_memory: [200817303550000], node:__internal_head__: [10000]}}, "labels":{"ray.io/node-id":"11e184b7641b47dd66e5366c42f7fe51cb28f4bab1ca7ef8847590e4",} is_draining: 0 is_idle: 1 Cluster resources (at most 20 nodes are shown): node id: 1457234449467745066{"total":{node:172.16.254.232: 10000, node:__internal_head__: 10000, memory: 468573708290000, object_store_memory: 200817303550000, CPU: 1920000}}, "available": {node:172.16.254.232: 10000, node:__internal_head__: 10000, memory: 468573708290000, CPU: 1920000, object_store_memory: 200817303550000}}, "labels":{"ray.io/node-id":"11e184b7641b47dd66e5366c42f7fe51cb28f4bab1ca7ef8847590e4",}, "is_draining": 0, "draining_deadline_timestamp_ms": -1} { "placement group locations": [], "node to bundles": []}
[state-dump] Waiting leases size: 0
[state-dump] Number of granted lease arguments: 0
[state-dump] Number of pinned lease arguments: 0
[state-dump] Number of total spilled leases: 0
[state-dump] Number of spilled waiting leases: 0
[state-dump] Number of spilled unschedulable leases: 0
[state-dump] Resource usage {
[state-dump] }
[state-dump] Backlog Size per scheduling descriptor :{workerId: num backlogs}:
[state-dump] 
[state-dump] Granted leases by scheduling class:
[state-dump] ==================================================
[state-dump] 
[state-dump] ClusterResources:
[state-dump] LocalObjectManager:
[state-dump] - num pinned objects: 0
[state-dump] - pinned objects size: 0
[state-dump] - num objects pending restore: 0
[state-dump] - num objects pending spill: 0
[state-dump] - num bytes pending spill: 0
[state-dump] - num bytes currently spilled: 0
[state-dump] - cumulative spill requests: 0
[state-dump] - cumulative restore requests: 0
[state-dump] - spilled objects pending delete: 0
[state-dump] 
[state-dump] ObjectManager:
[state-dump] - num local objects: 0
[state-dump] - num unfulfilled push requests: 0
[state-dump] - num object pull requests: 0
[state-dump] - num chunks received total: 0
[state-dump] - num chunks received failed (all): 0
[state-dump] - num chunks received failed / cancelled: 0
[state-dump] - num chunks received failed / plasma error: 0
[state-dump] Event stats:
[state-dump] Global stats: 0 total (0 active)
[state-dump] Queueing time: mean = -nanms, max = -0.00ms, min = 9223372036854.78ms, total = 0.00ms
[state-dump] Execution time:  mean = -nanms, total = 0.00ms
[state-dump] Event stats:
[state-dump] PushManager:
[state-dump] - num pushes remaining: 0
[state-dump] - num chunks in flight: 0
[state-dump] - num chunks remaining: 0
[state-dump] - max chunks allowed: 409
[state-dump] OwnershipBasedObjectDirectory:
[state-dump] - num listeners: 0
[state-dump] - cumulative location updates: 0
[state-dump] - num location updates per second: 0.000
[state-dump] - num location lookups per second: 0.000
[state-dump] - num locations added per second: 0.000
[state-dump] - num locations removed per second: 0.000
[state-dump] BufferPool:
[state-dump] - create buffer state map size: 0
[state-dump] PullManager:
[state-dump] - num bytes available for pulled objects: 20081730355
[state-dump] - num bytes being pulled (all): 0
[state-dump] - num bytes being pulled / pinned: 0
[state-dump] - get request bundles: BundlePullRequestQueue{0 total, 0 active, 0 inactive, 0 unpullable}
[state-dump] - wait request bundles: BundlePullRequestQueue{0 total, 0 active, 0 inactive, 0 unpullable}
[state-dump] - task request bundles: BundlePullRequestQueue{0 total, 0 active, 0 inactive, 0 unpullable}
[state-dump] - first get request bundle: N/A
[state-dump] - first wait request bundle: N/A
[state-dump] - first task request bundle: N/A
[state-dump] - num objects queued: 0
[state-dump] - num objects actively pulled (all): 0
[state-dump] - num objects actively pulled / pinned: 0
[state-dump] - num bundles being pulled: 0
[state-dump] - num pull retries: 0
[state-dump] - max timeout seconds: 0
[state-dump] - max timeout request is already processed. No entry.
[state-dump] 
[state-dump] WorkerPool:
[state-dump] - registered jobs: 1
[state-dump] - process_failed_job_config_missing: 0
[state-dump] - process_failed_rate_limited: 0
[state-dump] - process_failed_pending_registration: 192
[state-dump] - process_failed_runtime_env_setup_failed: 0
[state-dump] - num JAVA workers: 0
[state-dump] - num JAVA drivers: 0
[state-dump] - num JAVA pending start requests: 0
[state-dump] - num JAVA pending registration requests: 0
[state-dump] - num object spill callbacks queued: 0
[state-dump] - num object restore queued: 0
[state-dump] - num util functions queued: 0
[state-dump] - num PYTHON workers: 0
[state-dump] - num PYTHON drivers: 1
[state-dump] - num PYTHON pending start requests: 0
[state-dump] - num PYTHON pending registration requests: 0
[state-dump] - num object spill callbacks queued: 0
[state-dump] - num object restore queued: 0
[state-dump] - num util functions queued: 0
[state-dump] - num idle workers: 0
[state-dump] LeaseDependencyManager:
[state-dump] - lease deps map size: 0
[state-dump] - get req map size: 0
[state-dump] - wait req map size: 0
[state-dump] - local objects map size: 0
[state-dump] WaitManager:
[state-dump] - num active wait requests: 0
[state-dump] Subscriber:
[state-dump] Channel WORKER_OBJECT_LOCATIONS_CHANNEL
[state-dump] - cumulative subscribe requests: 0
[state-dump] - cumulative unsubscribe requests: 0
[state-dump] - active subscribed publishers: 0
[state-dump] - cumulative published messages: 0
[state-dump] - cumulative processed messages: 0
[state-dump] Channel WORKER_OBJECT_EVICTION
[state-dump] - cumulative subscribe requests: 0
[state-dump] - cumulative unsubscribe requests: 0
[state-dump] - active subscribed publishers: 0
[state-dump] - cumulative published messages: 0
[state-dump] - cumulative processed messages: 0
[state-dump] Channel WORKER_REF_REMOVED_CHANNEL
[state-dump] - cumulative subscribe requests: 0
[state-dump] - cumulative unsubscribe requests: 0
[state-dump] - active subscribed publishers: 0
[state-dump] - cumulative published messages: 0
[state-dump] - cumulative processed messages: 0
[state-dump] num async plasma notifications: 0
[state-dump] Event stats:
[state-dump] Global stats: 46293 total (16 active)
[state-dump] Queueing time: mean = 2.25ms, max = 3643.96ms, min = -95.24ms, total = 104264.65ms
[state-dump] Execution time:  mean = 13.29ms, total = 615132.20ms
[state-dump] Event stats:
[state-dump] 	NodeManager.CheckGC - 10067 total (1 active), Execution time: mean = 0.01ms, total = 116.30ms, Queueing time: mean = 1.32ms, max = 3444.74ms, min = -95.24ms, total = 13274.01ms
[state-dump] 	RaySyncer.OnDemandBroadcasting - 10067 total (1 active), Execution time: mean = 0.01ms, total = 130.78ms, Queueing time: mean = 1.32ms, max = 3444.73ms, min = -0.02ms, total = 13261.01ms
[state-dump] 	ObjectManager.UpdateAvailableMemory - 10066 total (0 active), Execution time: mean = 0.00ms, total = 15.96ms, Queueing time: mean = 0.18ms, max = 100.68ms, min = 0.00ms, total = 1820.73ms
[state-dump] 	RayletWorkerPool.deadline_timer.kill_idle_workers - 5061 total (1 active), Execution time: mean = 0.00ms, total = 19.20ms, Queueing time: mean = 1.55ms, max = 3350.40ms, min = -0.00ms, total = 7853.88ms
[state-dump] 	MemoryMonitor.CheckIsMemoryUsageAboveThreshold - 3977 total (1 active), Execution time: mean = 4.01ms, total = 15953.24ms, Queueing time: mean = 2.49ms, max = 3291.29ms, min = -0.02ms, total = 9886.16ms
[state-dump] 	NodeManagerService.grpc_server.GetResourceLoad - 1019 total (0 active), Execution time: mean = 9.13ms, total = 9302.60ms, Queueing time: mean = 0.00ms, max = -0.00ms, min = 9223372036854.78ms, total = 0.00ms
[state-dump] 	NodeManagerService.grpc_server.GetResourceLoad.HandleRequestImpl - 1019 total (0 active), Execution time: mean = 0.13ms, total = 131.36ms, Queueing time: mean = 7.78ms, max = 3203.58ms, min = 0.01ms, total = 7929.43ms
[state-dump] 	NodeManager.deadline_timer.flush_free_objects - 1017 total (1 active), Execution time: mean = 0.00ms, total = 3.40ms, Queueing time: mean = 3.62ms, max = 2642.08ms, min = 0.00ms, total = 3681.92ms
[state-dump] 	NodeManager.deadline_timer.spill_objects_when_over_threshold - 1017 total (1 active), Execution time: mean = 0.00ms, total = 2.43ms, Queueing time: mean = 3.62ms, max = 2642.10ms, min = 0.00ms, total = 3682.93ms
[state-dump] 	NodeManager.CheckForUnexpectedWorkerDisconnects - 1017 total (1 active), Execution time: mean = 0.10ms, total = 101.37ms, Queueing time: mean = 3.53ms, max = 2644.57ms, min = -0.01ms, total = 3587.02ms
[state-dump] 	NodeManager.ScheduleAndGrantLeases - 1017 total (1 active), Execution time: mean = 0.01ms, total = 8.89ms, Queueing time: mean = 3.62ms, max = 2644.57ms, min = 0.00ms, total = 3679.68ms
[state-dump] 	ClusterResourceManager.ResetRemoteNodeView - 340 total (1 active), Execution time: mean = 0.00ms, total = 1.22ms, Queueing time: mean = 5.46ms, max = 1645.70ms, min = 0.01ms, total = 1857.77ms
[state-dump] 	NodeManager.deadline_timer.record_metrics - 204 total (1 active), Execution time: mean = 0.48ms, total = 97.48ms, Queueing time: mean = 2.17ms, max = 99.31ms, min = -0.00ms, total = 443.01ms
[state-dump] 	event_loop_lag_probe - 103 total (0 active), Execution time: mean = 0.02ms, total = 1.56ms, Queueing time: mean = 0.12ms, max = 6.45ms, min = 0.00ms, total = 12.64ms
[state-dump] 	NodeManager.deadline_timer.debug_state_dump - 102 total (1 active), Execution time: mean = 2.12ms, total = 215.83ms, Queueing time: mean = 1.50ms, max = 96.66ms, min = 0.01ms, total = 152.96ms
[state-dump] 	ReporterService.grpc_client.HealthCheck.OnReplyReceived - 31 total (0 active), Execution time: mean = 0.12ms, total = 3.62ms, Queueing time: mean = 0.17ms, max = 1.08ms, min = 0.01ms, total = 5.28ms
[state-dump] 	ReporterService.grpc_client.HealthCheck - 31 total (0 active), Execution time: mean = 19.15ms, total = 593.71ms, Queueing time: mean = 0.00ms, max = -0.00ms, min = 9223372036854.78ms, total = 0.00ms
[state-dump] 	MetricsAgentClient.WaitForServerReadyWithRetry - 30 total (0 active), Execution time: mean = 0.31ms, total = 9.18ms, Queueing time: mean = 1101.58ms, max = 3643.96ms, min = 1000.02ms, total = 33047.26ms
[state-dump] 	NodeManager.deadline_timer.print_event_loop_stats - 17 total (1 active, 1 running), Execution time: mean = 1.54ms, total = 26.15ms, Queueing time: mean = 0.02ms, max = 0.03ms, min = 0.01ms, total = 0.30ms
[state-dump] 	ray::rpc::NodeInfoGcsService.grpc_client.CheckAlive.OnReplyReceived - 17 total (0 active), Execution time: mean = 0.04ms, total = 0.70ms, Queueing time: mean = 0.03ms, max = 0.14ms, min = 0.02ms, total = 0.47ms
[state-dump] 	NodeManager.GcsCheckAlive - 17 total (1 active), Execution time: mean = 0.25ms, total = 4.27ms, Queueing time: mean = 1.30ms, max = 1.67ms, min = 0.56ms, total = 22.18ms
[state-dump] 	ray::rpc::NodeInfoGcsService.grpc_client.CheckAlive - 17 total (0 active), Execution time: mean = 3.39ms, total = 57.57ms, Queueing time: mean = 0.00ms, max = -0.00ms, min = 9223372036854.78ms, total = 0.00ms
[state-dump] 	PeriodicalRunner.RunFnPeriodically - 14 total (0 active), Execution time: mean = 0.23ms, total = 3.29ms, Queueing time: mean = 4.55ms, max = 12.98ms, min = 0.09ms, total = 63.65ms
[state-dump] 	ray::rpc::InternalPubSubGcsService.grpc_client.GcsSubscriberCommandBatch - 2 total (0 active), Execution time: mean = 0.92ms, total = 1.84ms, Queueing time: mean = 0.00ms, max = -0.00ms, min = 9223372036854.78ms, total = 0.00ms
[state-dump] 	NodeManager.GCTaskFailureReason - 2 total (1 active), Execution time: mean = 0.00ms, total = 0.00ms, Queueing time: mean = 0.01ms, max = 0.02ms, min = 0.02ms, total = 0.02ms
[state-dump] 	ray::rpc::InternalPubSubGcsService.grpc_client.GcsSubscriberPoll - 2 total (1 active), Execution time: mean = 292380.48ms, total = 584760.96ms, Queueing time: mean = 0.00ms, max = -0.00ms, min = 9223372036854.78ms, total = 0.00ms
[state-dump] 	RaySyncerRegister - 2 total (0 active), Execution time: mean = 0.00ms, total = 0.01ms, Queueing time: mean = 0.00ms, max = 0.00ms, min = 0.00ms, total = 0.00ms
[state-dump] 	ray::rpc::InternalPubSubGcsService.grpc_client.GcsSubscriberCommandBatch.OnReplyReceived - 2 total (0 active), Execution time: mean = 0.10ms, total = 0.20ms, Queueing time: mean = 1.08ms, max = 2.01ms, min = 0.15ms, total = 2.16ms
[state-dump] 	ClientConnection.async_read.ProcessMessageHeader - 2 total (1 active), Execution time: mean = 0.00ms, total = 0.01ms, Queueing time: mean = 0.01ms, max = 0.02ms, min = 0.02ms, total = 0.02ms
[state-dump] 	ray::rpc::InternalKVGcsService.grpc_client.GetInternalConfig.OnReplyReceived - 1 total (0 active), Execution time: mean = 24.53ms, total = 24.53ms, Queueing time: mean = 0.03ms, max = 0.03ms, min = 0.03ms, total = 0.03ms
[state-dump] 	ray::rpc::InternalPubSubGcsService.grpc_client.GcsSubscriberPoll.OnReplyReceived - 1 total (0 active), Execution time: mean = 0.35ms, total = 0.35ms, Queueing time: mean = 0.02ms, max = 0.02ms, min = 0.02ms, total = 0.02ms
[state-dump] 	ray::rpc::InternalKVGcsService.grpc_client.GetInternalConfig - 1 total (0 active), Execution time: mean = 1.38ms, total = 1.38ms, Queueing time: mean = 0.00ms, max = -0.00ms, min = 9223372036854.78ms, total = 0.00ms
[state-dump] 	ray::rpc::NodeInfoGcsService.grpc_client.GetAllNodeAddressAndLiveness.OnReplyReceived - 1 total (0 active), Execution time: mean = 0.15ms, total = 0.15ms, Queueing time: mean = 0.01ms, max = 0.01ms, min = 0.01ms, total = 0.01ms
[state-dump] 	NodeManagerService.grpc_server.GetSystemConfig.HandleRequestImpl - 1 total (0 active), Execution time: mean = 0.09ms, total = 0.09ms, Queueing time: mean = 0.02ms, max = 0.02ms, min = 0.02ms, total = 0.02ms
[state-dump] 	ray::rpc::NodeInfoGcsService.grpc_client.RegisterNode - 1 total (0 active), Execution time: mean = 1.29ms, total = 1.29ms, Queueing time: mean = 0.00ms, max = -0.00ms, min = 9223372036854.78ms, total = 0.00ms
[state-dump] 	ClientConnection.async_read.ProcessMessage - 1 total (0 active), Execution time: mean = 3538.24ms, total = 3538.24ms, Queueing time: mean = 0.01ms, max = 0.01ms, min = 0.01ms, total = 0.01ms
[state-dump] 	ray::rpc::NodeInfoGcsService.grpc_client.RegisterNode.OnReplyReceived - 1 total (0 active), Execution time: mean = 0.68ms, total = 0.68ms, Queueing time: mean = 0.05ms, max = 0.05ms, min = 0.05ms, total = 0.05ms
[state-dump] 	NodeManagerService.grpc_server.GetSystemConfig - 1 total (0 active), Execution time: mean = 0.65ms, total = 0.65ms, Queueing time: mean = 0.00ms, max = -0.00ms, min = 9223372036854.78ms, total = 0.00ms
[state-dump] 	ray::rpc::JobInfoGcsService.grpc_client.GetAllJobInfo - 1 total (0 active), Execution time: mean = 0.76ms, total = 0.76ms, Queueing time: mean = 0.00ms, max = -0.00ms, min = 9223372036854.78ms, total = 0.00ms
[state-dump] 	ray::rpc::JobInfoGcsService.grpc_client.GetAllJobInfo.OnReplyReceived - 1 total (0 active), Execution time: mean = 0.03ms, total = 0.03ms, Queueing time: mean = 0.01ms, max = 0.01ms, min = 0.01ms, total = 0.01ms
[state-dump] 	 - 1 total (0 active), Execution time: mean = 0.00ms, total = 0.00ms, Queueing time: mean = 0.02ms, max = 0.02ms, min = 0.02ms, total = 0.02ms
[state-dump] 	RaySyncer.BroadcastMessage - 1 total (0 active), Execution time: mean = 0.09ms, total = 0.09ms, Queueing time: mean = 0.00ms, max = 0.00ms, min = 0.00ms, total = 0.00ms
[state-dump] 	ray::rpc::NodeInfoGcsService.grpc_client.GetAllNodeAddressAndLiveness - 1 total (0 active), Execution time: mean = 0.85ms, total = 0.85ms, Queueing time: mean = 0.00ms, max = -0.00ms, min = 9223372036854.78ms, total = 0.00ms
[state-dump] DebugString() time ms: 1
[state-dump] 
[state-dump] 
[2026-06-04 22:46:24,126 I 859 892] (raylet) store.cc:573: Plasma store debug dump: 
Current usage: 0 / 20.0817 GB
- num bytes created total: 0
0 pending objects of total size 0MB
- objects spillable: 0
- bytes spillable: 0
- objects unsealed: 0
- bytes unsealed: 0
- objects in use: 0
- bytes in use: 0
- objects evictable: 0
- bytes evictable: 0

- objects created by worker: 0
- bytes created by worker: 0
- objects restored: 0
- bytes restored: 0
- objects received: 0
- bytes received: 0
- objects errored: 0
- bytes errored: 0

[2026-06-04 22:46:24,178 I 859 859] (raylet) node_manager.cc:424: [state-dump] NodeManager:
[state-dump] Node ID: 11e184b7641b47dd66e5366c42f7fe51cb28f4bab1ca7ef8847590e4
[state-dump] Node name: 172.16.254.232
[state-dump] InitialConfigResources: {node:__internal_head__: 1, CPU: 192, node:172.16.254.232: 1, object_store_memory: 2.00817e+10, memory: 4.68574e+10}
[state-dump] ClusterLeaseManager:
[state-dump] ========== Node: 11e184b7641b47dd66e5366c42f7fe51cb28f4bab1ca7ef8847590e4 =================
[state-dump] Infeasible queue length: 0
[state-dump] Schedule queue length: 0
[state-dump] Grant queue length: 0
[state-dump] num_waiting_for_resource: 0
[state-dump] num_waiting_for_plasma_memory: 0
[state-dump] num_waiting_for_remote_node_resources: 0
[state-dump] num_worker_not_started_by_job_config_not_exist: 0
[state-dump] num_worker_not_started_by_registration_timeout: 0
[state-dump] num_tasks_waiting_for_workers: 0
[state-dump] num_cancelled_leases: 0
[state-dump] cluster_resource_scheduler state: 
[state-dump] Local id: 1457234449467745066 Local resources: {"total":{object_store_memory: [200817303550000], node:__internal_head__: [10000], memory: [468573708290000], CPU: [1920000], node:172.16.254.232: [10000]}}, "available": {memory: [468573708290000], CPU: [1920000], node:172.16.254.232: [10000], object_store_memory: [200817303550000], node:__internal_head__: [10000]}}, "labels":{"ray.io/node-id":"11e184b7641b47dd66e5366c42f7fe51cb28f4bab1ca7ef8847590e4",} is_draining: 0 is_idle: 1 Cluster resources (at most 20 nodes are shown): node id: 1457234449467745066{"total":{node:172.16.254.232: 10000, node:__internal_head__: 10000, memory: 468573708290000, object_store_memory: 200817303550000, CPU: 1920000}}, "available": {node:172.16.254.232: 10000, node:__internal_head__: 10000, memory: 468573708290000, CPU: 1920000, object_store_memory: 200817303550000}}, "labels":{"ray.io/node-id":"11e184b7641b47dd66e5366c42f7fe51cb28f4bab1ca7ef8847590e4",}, "is_draining": 0, "draining_deadline_timestamp_ms": -1} { "placement group locations": [], "node to bundles": []}
[state-dump] Waiting leases size: 0
[state-dump] Number of granted lease arguments: 0
[state-dump] Number of pinned lease arguments: 0
[state-dump] Number of total spilled leases: 0
[state-dump] Number of spilled waiting leases: 0
[state-dump] Number of spilled unschedulable leases: 0
[state-dump] Resource usage {
[state-dump] }
[state-dump] Backlog Size per scheduling descriptor :{workerId: num backlogs}:
[state-dump] 
[state-dump] Granted leases by scheduling class:
[state-dump] ==================================================
[state-dump] 
[state-dump] ClusterResources:
[state-dump] LocalObjectManager:
[state-dump] - num pinned objects: 0
[state-dump] - pinned objects size: 0
[state-dump] - num objects pending restore: 0
[state-dump] - num objects pending spill: 0
[state-dump] - num bytes pending spill: 0
[state-dump] - num bytes currently spilled: 0
[state-dump] - cumulative spill requests: 0
[state-dump] - cumulative restore requests: 0
[state-dump] - spilled objects pending delete: 0
[state-dump] 
[state-dump] ObjectManager:
[state-dump] - num local objects: 0
[state-dump] - num unfulfilled push requests: 0
[state-dump] - num object pull requests: 0
[state-dump] - num chunks received total: 0
[state-dump] - num chunks received failed (all): 0
[state-dump] - num chunks received failed / cancelled: 0
[state-dump] - num chunks received failed / plasma error: 0
[state-dump] Event stats:
[state-dump] Global stats: 0 total (0 active)
[state-dump] Queueing time: mean = -nanms, max = -0.00ms, min = 9223372036854.78ms, total = 0.00ms
[state-dump] Execution time:  mean = -nanms, total = 0.00ms
[state-dump] Event stats:
[state-dump] PushManager:
[state-dump] - num pushes remaining: 0
[state-dump] - num chunks in flight: 0
[state-dump] - num chunks remaining: 0
[state-dump] - max chunks allowed: 409
[state-dump] OwnershipBasedObjectDirectory:
[state-dump] - num listeners: 0
[state-dump] - cumulative location updates: 0
[state-dump] - num location updates per second: 0.000
[state-dump] - num location lookups per second: 0.000
[state-dump] - num locations added per second: 0.000
[state-dump] - num locations removed per second: 0.000
[state-dump] BufferPool:
[state-dump] - create buffer state map size: 0
[state-dump] PullManager:
[state-dump] - num bytes available for pulled objects: 20081730355
[state-dump] - num bytes being pulled (all): 0
[state-dump] - num bytes being pulled / pinned: 0
[state-dump] - get request bundles: BundlePullRequestQueue{0 total, 0 active, 0 inactive, 0 unpullable}
[state-dump] - wait request bundles: BundlePullRequestQueue{0 total, 0 active, 0 inactive, 0 unpullable}
[state-dump] - task request bundles: BundlePullRequestQueue{0 total, 0 active, 0 inactive, 0 unpullable}
[state-dump] - first get request bundle: N/A
[state-dump] - first wait request bundle: N/A
[state-dump] - first task request bundle: N/A
[state-dump] - num objects queued: 0
[state-dump] - num objects actively pulled (all): 0
[state-dump] - num objects actively pulled / pinned: 0
[state-dump] - num bundles being pulled: 0
[state-dump] - num pull retries: 0
[state-dump] - max timeout seconds: 0
[state-dump] - max timeout request is already processed. No entry.
[state-dump] 
[state-dump] WorkerPool:
[state-dump] - registered jobs: 1
[state-dump] - process_failed_job_config_missing: 0
[state-dump] - process_failed_rate_limited: 0
[state-dump] - process_failed_pending_registration: 192
[state-dump] - process_failed_runtime_env_setup_failed: 0
[state-dump] - num JAVA workers: 0
[state-dump] - num JAVA drivers: 0
[state-dump] - num JAVA pending start requests: 0
[state-dump] - num JAVA pending registration requests: 0
[state-dump] - num object spill callbacks queued: 0
[state-dump] - num object restore queued: 0
[state-dump] - num util functions queued: 0
[state-dump] - num PYTHON workers: 0
[state-dump] - num PYTHON drivers: 1
[state-dump] - num PYTHON pending start requests: 0
[state-dump] - num PYTHON pending registration requests: 0
[state-dump] - num object spill callbacks queued: 0
[state-dump] - num object restore queued: 0
[state-dump] - num util functions queued: 0
[state-dump] - num idle workers: 0
[state-dump] LeaseDependencyManager:
[state-dump] - lease deps map size: 0
[state-dump] - get req map size: 0
[state-dump] - wait req map size: 0
[state-dump] - local objects map size: 0
[state-dump] WaitManager:
[state-dump] - num active wait requests: 0
[state-dump] Subscriber:
[state-dump] Channel WORKER_OBJECT_LOCATIONS_CHANNEL
[state-dump] - cumulative subscribe requests: 0
[state-dump] - cumulative unsubscribe requests: 0
[state-dump] - active subscribed publishers: 0
[state-dump] - cumulative published messages: 0
[state-dump] - cumulative processed messages: 0
[state-dump] Channel WORKER_OBJECT_EVICTION
[state-dump] - cumulative subscribe requests: 0
[state-dump] - cumulative unsubscribe requests: 0
[state-dump] - active subscribed publishers: 0
[state-dump] - cumulative published messages: 0
[state-dump] - cumulative processed messages: 0
[state-dump] Channel WORKER_REF_REMOVED_CHANNEL
[state-dump] - cumulative subscribe requests: 0
[state-dump] - cumulative unsubscribe requests: 0
[state-dump] - active subscribed publishers: 0
[state-dump] - cumulative published messages: 0
[state-dump] - cumulative processed messages: 0
[state-dump] num async plasma notifications: 0
[state-dump] Event stats:
[state-dump] Global stats: 49039 total (16 active)
[state-dump] Queueing time: mean = 2.13ms, max = 3643.96ms, min = -95.24ms, total = 104351.26ms
[state-dump] Execution time:  mean = 12.56ms, total = 615714.54ms
[state-dump] Event stats:
[state-dump] 	NodeManager.CheckGC - 10667 total (1 active), Execution time: mean = 0.01ms, total = 117.43ms, Queueing time: mean = 1.25ms, max = 3444.74ms, min = -95.24ms, total = 13298.67ms
[state-dump] 	RaySyncer.OnDemandBroadcasting - 10667 total (1 active), Execution time: mean = 0.01ms, total = 132.65ms, Queueing time: mean = 1.25ms, max = 3444.73ms, min = -0.02ms, total = 13284.97ms
[state-dump] 	ObjectManager.UpdateAvailableMemory - 10666 total (0 active), Execution time: mean = 0.00ms, total = 16.77ms, Queueing time: mean = 0.17ms, max = 100.68ms, min = 0.00ms, total = 1828.49ms
[state-dump] 	RayletWorkerPool.deadline_timer.kill_idle_workers - 5361 total (1 active), Execution time: mean = 0.00ms, total = 20.16ms, Queueing time: mean = 1.47ms, max = 3350.40ms, min = -0.00ms, total = 7863.91ms
[state-dump] 	MemoryMonitor.CheckIsMemoryUsageAboveThreshold - 4215 total (1 active), Execution time: mean = 3.91ms, total = 16482.26ms, Queueing time: mean = 2.35ms, max = 3291.29ms, min = -0.02ms, total = 9889.99ms
[state-dump] 	NodeManagerService.grpc_server.GetResourceLoad - 1079 total (0 active), Execution time: mean = 8.65ms, total = 9328.35ms, Queueing time: mean = 0.00ms, max = -0.00ms, min = 9223372036854.78ms, total = 0.00ms
[state-dump] 	NodeManagerService.grpc_server.GetResourceLoad.HandleRequestImpl - 1079 total (0 active), Execution time: mean = 0.13ms, total = 137.88ms, Queueing time: mean = 7.35ms, max = 3203.58ms, min = 0.01ms, total = 7931.99ms
[state-dump] 	NodeManager.deadline_timer.flush_free_objects - 1077 total (1 active), Execution time: mean = 0.00ms, total = 3.58ms, Queueing time: mean = 3.42ms, max = 2642.08ms, min = 0.00ms, total = 3684.83ms
[state-dump] 	NodeManager.deadline_timer.spill_objects_when_over_threshold - 1077 total (1 active), Execution time: mean = 0.00ms, total = 2.55ms, Queueing time: mean = 3.42ms, max = 2642.10ms, min = 0.00ms, total = 3685.88ms
[state-dump] 	NodeManager.CheckForUnexpectedWorkerDisconnects - 1077 total (1 active), Execution time: mean = 0.09ms, total = 101.78ms, Queueing time: mean = 3.33ms, max = 2644.57ms, min = -0.01ms, total = 3589.69ms
[state-dump] 	NodeManager.ScheduleAndGrantLeases - 1077 total (1 active), Execution time: mean = 0.01ms, total = 9.39ms, Queueing time: mean = 3.42ms, max = 2644.57ms, min = 0.00ms, total = 3682.27ms
[state-dump] 	ClusterResourceManager.ResetRemoteNodeView - 360 total (1 active), Execution time: mean = 0.00ms, total = 1.28ms, Queueing time: mean = 5.16ms, max = 1645.70ms, min = 0.01ms, total = 1858.49ms
[state-dump] 	NodeManager.deadline_timer.record_metrics - 216 total (1 active), Execution time: mean = 0.47ms, total = 102.37ms, Queueing time: mean = 2.05ms, max = 99.31ms, min = -0.00ms, total = 443.19ms
[state-dump] 	event_loop_lag_probe - 109 total (0 active), Execution time: mean = 0.02ms, total = 1.64ms, Queueing time: mean = 0.12ms, max = 6.45ms, min = 0.00ms, total = 12.67ms
[state-dump] 	NodeManager.deadline_timer.debug_state_dump - 108 total (1 active), Execution time: mean = 2.06ms, total = 222.86ms, Queueing time: mean = 1.42ms, max = 96.66ms, min = 0.01ms, total = 153.07ms
[state-dump] 	ReporterService.grpc_client.HealthCheck.OnReplyReceived - 31 total (0 active), Execution time: mean = 0.12ms, total = 3.62ms, Queueing time: mean = 0.17ms, max = 1.08ms, min = 0.01ms, total = 5.28ms
[state-dump] 	ReporterService.grpc_client.HealthCheck - 31 total (0 active), Execution time: mean = 19.15ms, total = 593.71ms, Queueing time: mean = 0.00ms, max = -0.00ms, min = 9223372036854.78ms, total = 0.00ms
[state-dump] 	MetricsAgentClient.WaitForServerReadyWithRetry - 30 total (0 active), Execution time: mean = 0.31ms, total = 9.18ms, Queueing time: mean = 1101.58ms, max = 3643.96ms, min = 1000.02ms, total = 33047.26ms
[state-dump] 	NodeManager.deadline_timer.print_event_loop_stats - 18 total (1 active, 1 running), Execution time: mean = 1.55ms, total = 27.90ms, Queueing time: mean = 0.02ms, max = 0.03ms, min = 0.01ms, total = 0.32ms
[state-dump] 	ray::rpc::NodeInfoGcsService.grpc_client.CheckAlive.OnReplyReceived - 18 total (0 active), Execution time: mean = 0.04ms, total = 0.75ms, Queueing time: mean = 0.03ms, max = 0.14ms, min = 0.02ms, total = 0.49ms
[state-dump] 	NodeManager.GcsCheckAlive - 18 total (1 active), Execution time: mean = 0.25ms, total = 4.52ms, Queueing time: mean = 1.32ms, max = 1.67ms, min = 0.56ms, total = 23.79ms
[state-dump] 	ray::rpc::NodeInfoGcsService.grpc_client.CheckAlive - 18 total (0 active), Execution time: mean = 3.25ms, total = 58.54ms, Queueing time: mean = 0.00ms, max = -0.00ms, min = 9223372036854.78ms, total = 0.00ms
[state-dump] 	PeriodicalRunner.RunFnPeriodically - 14 total (0 active), Execution time: mean = 0.23ms, total = 3.29ms, Queueing time: mean = 4.55ms, max = 12.98ms, min = 0.09ms, total = 63.65ms
[state-dump] 	ray::rpc::InternalPubSubGcsService.grpc_client.GcsSubscriberCommandBatch - 2 total (0 active), Execution time: mean = 0.92ms, total = 1.84ms, Queueing time: mean = 0.00ms, max = -0.00ms, min = 9223372036854.78ms, total = 0.00ms
[state-dump] 	NodeManager.GCTaskFailureReason - 2 total (1 active), Execution time: mean = 0.00ms, total = 0.00ms, Queueing time: mean = 0.01ms, max = 0.02ms, min = 0.02ms, total = 0.02ms
[state-dump] 	ray::rpc::InternalPubSubGcsService.grpc_client.GcsSubscriberPoll - 2 total (1 active), Execution time: mean = 292380.48ms, total = 584760.96ms, Queueing time: mean = 0.00ms, max = -0.00ms, min = 9223372036854.78ms, total = 0.00ms
[state-dump] 	RaySyncerRegister - 2 total (0 active), Execution time: mean = 0.00ms, total = 0.01ms, Queueing time: mean = 0.00ms, max = 0.00ms, min = 0.00ms, total = 0.00ms
[state-dump] 	ray::rpc::InternalPubSubGcsService.grpc_client.GcsSubscriberCommandBatch.OnReplyReceived - 2 total (0 active), Execution time: mean = 0.10ms, total = 0.20ms, Queueing time: mean = 1.08ms, max = 2.01ms, min = 0.15ms, total = 2.16ms
[state-dump] 	ClientConnection.async_read.ProcessMessageHeader - 2 total (1 active), Execution time: mean = 0.00ms, total = 0.01ms, Queueing time: mean = 0.01ms, max = 0.02ms, min = 0.02ms, total = 0.02ms
[state-dump] 	ray::rpc::InternalKVGcsService.grpc_client.GetInternalConfig.OnReplyReceived - 1 total (0 active), Execution time: mean = 24.53ms, total = 24.53ms, Queueing time: mean = 0.03ms, max = 0.03ms, min = 0.03ms, total = 0.03ms
[state-dump] 	ray::rpc::InternalPubSubGcsService.grpc_client.GcsSubscriberPoll.OnReplyReceived - 1 total (0 active), Execution time: mean = 0.35ms, total = 0.35ms, Queueing time: mean = 0.02ms, max = 0.02ms, min = 0.02ms, total = 0.02ms
[state-dump] 	ray::rpc::InternalKVGcsService.grpc_client.GetInternalConfig - 1 total (0 active), Execution time: mean = 1.38ms, total = 1.38ms, Queueing time: mean = 0.00ms, max = -0.00ms, min = 9223372036854.78ms, total = 0.00ms
[state-dump] 	ray::rpc::NodeInfoGcsService.grpc_client.GetAllNodeAddressAndLiveness.OnReplyReceived - 1 total (0 active), Execution time: mean = 0.15ms, total = 0.15ms, Queueing time: mean = 0.01ms, max = 0.01ms, min = 0.01ms, total = 0.01ms
[state-dump] 	NodeManagerService.grpc_server.GetSystemConfig.HandleRequestImpl - 1 total (0 active), Execution time: mean = 0.09ms, total = 0.09ms, Queueing time: mean = 0.02ms, max = 0.02ms, min = 0.02ms, total = 0.02ms
[state-dump] 	ray::rpc::NodeInfoGcsService.grpc_client.RegisterNode - 1 total (0 active), Execution time: mean = 1.29ms, total = 1.29ms, Queueing time: mean = 0.00ms, max = -0.00ms, min = 9223372036854.78ms, total = 0.00ms
[state-dump] 	ClientConnection.async_read.ProcessMessage - 1 total (0 active), Execution time: mean = 3538.24ms, total = 3538.24ms, Queueing time: mean = 0.01ms, max = 0.01ms, min = 0.01ms, total = 0.01ms
[state-dump] 	ray::rpc::NodeInfoGcsService.grpc_client.RegisterNode.OnReplyReceived - 1 total (0 active), Execution time: mean = 0.68ms, total = 0.68ms, Queueing time: mean = 0.05ms, max = 0.05ms, min = 0.05ms, total = 0.05ms
[state-dump] 	NodeManagerService.grpc_server.GetSystemConfig - 1 total (0 active), Execution time: mean = 0.65ms, total = 0.65ms, Queueing time: mean = 0.00ms, max = -0.00ms, min = 9223372036854.78ms, total = 0.00ms
[state-dump] 	ray::rpc::JobInfoGcsService.grpc_client.GetAllJobInfo - 1 total (0 active), Execution time: mean = 0.76ms, total = 0.76ms, Queueing time: mean = 0.00ms, max = -0.00ms, min = 9223372036854.78ms, total = 0.00ms
[state-dump] 	ray::rpc::JobInfoGcsService.grpc_client.GetAllJobInfo.OnReplyReceived - 1 total (0 active), Execution time: mean = 0.03ms, total = 0.03ms, Queueing time: mean = 0.01ms, max = 0.01ms, min = 0.01ms, total = 0.01ms
[state-dump] 	 - 1 total (0 active), Execution time: mean = 0.00ms, total = 0.00ms, Queueing time: mean = 0.02ms, max = 0.02ms, min = 0.02ms, total = 0.02ms
[state-dump] 	RaySyncer.BroadcastMessage - 1 total (0 active), Execution time: mean = 0.09ms, total = 0.09ms, Queueing time: mean = 0.00ms, max = 0.00ms, min = 0.00ms, total = 0.00ms
[state-dump] 	ray::rpc::NodeInfoGcsService.grpc_client.GetAllNodeAddressAndLiveness - 1 total (0 active), Execution time: mean = 0.85ms, total = 0.85ms, Queueing time: mean = 0.00ms, max = -0.00ms, min = 9223372036854.78ms, total = 0.00ms
[state-dump] DebugString() time ms: 1
[state-dump] 
[state-dump] 
[2026-06-04 22:47:24,126 I 859 892] (raylet) store.cc:573: Plasma store debug dump: 
Current usage: 0 / 20.0817 GB
- num bytes created total: 0
0 pending objects of total size 0MB
- objects spillable: 0
- bytes spillable: 0
- objects unsealed: 0
- bytes unsealed: 0
- objects in use: 0
- bytes in use: 0
- objects evictable: 0
- bytes evictable: 0

- objects created by worker: 0
- bytes created by worker: 0
- objects restored: 0
- bytes restored: 0
- objects received: 0
- bytes received: 0
- objects errored: 0
- bytes errored: 0

[2026-06-04 22:47:24,180 I 859 859] (raylet) node_manager.cc:424: [state-dump] NodeManager:
[state-dump] Node ID: 11e184b7641b47dd66e5366c42f7fe51cb28f4bab1ca7ef8847590e4
[state-dump] Node name: 172.16.254.232
[state-dump] InitialConfigResources: {node:__internal_head__: 1, CPU: 192, node:172.16.254.232: 1, object_store_memory: 2.00817e+10, memory: 4.68574e+10}
[state-dump] ClusterLeaseManager:
[state-dump] ========== Node: 11e184b7641b47dd66e5366c42f7fe51cb28f4bab1ca7ef8847590e4 =================
[state-dump] Infeasible queue length: 0
[state-dump] Schedule queue length: 0
[state-dump] Grant queue length: 0
[state-dump] num_waiting_for_resource: 0
[state-dump] num_waiting_for_plasma_memory: 0
[state-dump] num_waiting_for_remote_node_resources: 0
[state-dump] num_worker_not_started_by_job_config_not_exist: 0
[state-dump] num_worker_not_started_by_registration_timeout: 0
[state-dump] num_tasks_waiting_for_workers: 0
[state-dump] num_cancelled_leases: 0
[state-dump] cluster_resource_scheduler state: 
[state-dump] Local id: 1457234449467745066 Local resources: {"total":{object_store_memory: [200817303550000], node:__internal_head__: [10000], memory: [468573708290000], CPU: [1920000], node:172.16.254.232: [10000]}}, "available": {memory: [468573708290000], CPU: [1920000], node:172.16.254.232: [10000], object_store_memory: [200817303550000], node:__internal_head__: [10000]}}, "labels":{"ray.io/node-id":"11e184b7641b47dd66e5366c42f7fe51cb28f4bab1ca7ef8847590e4",} is_draining: 0 is_idle: 1 Cluster resources (at most 20 nodes are shown): node id: 1457234449467745066{"total":{node:172.16.254.232: 10000, node:__internal_head__: 10000, memory: 468573708290000, object_store_memory: 200817303550000, CPU: 1920000}}, "available": {node:172.16.254.232: 10000, node:__internal_head__: 10000, memory: 468573708290000, CPU: 1920000, object_store_memory: 200817303550000}}, "labels":{"ray.io/node-id":"11e184b7641b47dd66e5366c42f7fe51cb28f4bab1ca7ef8847590e4",}, "is_draining": 0, "draining_deadline_timestamp_ms": -1} { "placement group locations": [], "node to bundles": []}
[state-dump] Waiting leases size: 0
[state-dump] Number of granted lease arguments: 0
[state-dump] Number of pinned lease arguments: 0
[state-dump] Number of total spilled leases: 0
[state-dump] Number of spilled waiting leases: 0
[state-dump] Number of spilled unschedulable leases: 0
[state-dump] Resource usage {
[state-dump] }
[state-dump] Backlog Size per scheduling descriptor :{workerId: num backlogs}:
[state-dump] 
[state-dump] Granted leases by scheduling class:
[state-dump] ==================================================
[state-dump] 
[state-dump] ClusterResources:
[state-dump] LocalObjectManager:
[state-dump] - num pinned objects: 0
[state-dump] - pinned objects size: 0
[state-dump] - num objects pending restore: 0
[state-dump] - num objects pending spill: 0
[state-dump] - num bytes pending spill: 0
[state-dump] - num bytes currently spilled: 0
[state-dump] - cumulative spill requests: 0
[state-dump] - cumulative restore requests: 0
[state-dump] - spilled objects pending delete: 0
[state-dump] 
[state-dump] ObjectManager:
[state-dump] - num local objects: 0
[state-dump] - num unfulfilled push requests: 0
[state-dump] - num object pull requests: 0
[state-dump] - num chunks received total: 0
[state-dump] - num chunks received failed (all): 0
[state-dump] - num chunks received failed / cancelled: 0
[state-dump] - num chunks received failed / plasma error: 0
[state-dump] Event stats:
[state-dump] Global stats: 0 total (0 active)
[state-dump] Queueing time: mean = -nanms, max = -0.00ms, min = 9223372036854.78ms, total = 0.00ms
[state-dump] Execution time:  mean = -nanms, total = 0.00ms
[state-dump] Event stats:
[state-dump] PushManager:
[state-dump] - num pushes remaining: 0
[state-dump] - num chunks in flight: 0
[state-dump] - num chunks remaining: 0
[state-dump] - max chunks allowed: 409
[state-dump] OwnershipBasedObjectDirectory:
[state-dump] - num listeners: 0
[state-dump] - cumulative location updates: 0
[state-dump] - num location updates per second: 0.000
[state-dump] - num location lookups per second: 0.000
[state-dump] - num locations added per second: 0.000
[state-dump] - num locations removed per second: 0.000
[state-dump] BufferPool:
[state-dump] - create buffer state map size: 0
[state-dump] PullManager:
[state-dump] - num bytes available for pulled objects: 20081730355
[state-dump] - num bytes being pulled (all): 0
[state-dump] - num bytes being pulled / pinned: 0
[state-dump] - get request bundles: BundlePullRequestQueue{0 total, 0 active, 0 inactive, 0 unpullable}
[state-dump] - wait request bundles: BundlePullRequestQueue{0 total, 0 active, 0 inactive, 0 unpullable}
[state-dump] - task request bundles: BundlePullRequestQueue{0 total, 0 active, 0 inactive, 0 unpullable}
[state-dump] - first get request bundle: N/A
[state-dump] - first wait request bundle: N/A
[state-dump] - first task request bundle: N/A
[state-dump] - num objects queued: 0
[state-dump] - num objects actively pulled (all): 0
[state-dump] - num objects actively pulled / pinned: 0
[state-dump] - num bundles being pulled: 0
[state-dump] - num pull retries: 0
[state-dump] - max timeout seconds: 0
[state-dump] - max timeout request is already processed. No entry.
[state-dump] 
[state-dump] WorkerPool:
[state-dump] - registered jobs: 1
[state-dump] - process_failed_job_config_missing: 0
[state-dump] - process_failed_rate_limited: 0
[state-dump] - process_failed_pending_registration: 192
[state-dump] - process_failed_runtime_env_setup_failed: 0
[state-dump] - num JAVA workers: 0
[state-dump] - num JAVA drivers: 0
[state-dump] - num JAVA pending start requests: 0
[state-dump] - num JAVA pending registration requests: 0
[state-dump] - num object spill callbacks queued: 0
[state-dump] - num object restore queued: 0
[state-dump] - num util functions queued: 0
[state-dump] - num PYTHON workers: 0
[state-dump] - num PYTHON drivers: 1
[state-dump] - num PYTHON pending start requests: 0
[state-dump] - num PYTHON pending registration requests: 0
[state-dump] - num object spill callbacks queued: 0
[state-dump] - num object restore queued: 0
[state-dump] - num util functions queued: 0
[state-dump] - num idle workers: 0
[state-dump] LeaseDependencyManager:
[state-dump] - lease deps map size: 0
[state-dump] - get req map size: 0
[state-dump] - wait req map size: 0
[state-dump] - local objects map size: 0
[state-dump] WaitManager:
[state-dump] - num active wait requests: 0
[state-dump] Subscriber:
[state-dump] Channel WORKER_OBJECT_LOCATIONS_CHANNEL
[state-dump] - cumulative subscribe requests: 0
[state-dump] - cumulative unsubscribe requests: 0
[state-dump] - active subscribed publishers: 0
[state-dump] - cumulative published messages: 0
[state-dump] - cumulative processed messages: 0
[state-dump] Channel WORKER_OBJECT_EVICTION
[state-dump] - cumulative subscribe requests: 0
[state-dump] - cumulative unsubscribe requests: 0
[state-dump] - active subscribed publishers: 0
[state-dump] - cumulative published messages: 0
[state-dump] - cumulative processed messages: 0
[state-dump] Channel WORKER_REF_REMOVED_CHANNEL
[state-dump] - cumulative subscribe requests: 0
[state-dump] - cumulative unsubscribe requests: 0
[state-dump] - active subscribed publishers: 0
[state-dump] - cumulative published messages: 0
[state-dump] - cumulative processed messages: 0
[state-dump] num async plasma notifications: 0
[state-dump] Event stats:
[state-dump] Global stats: 51785 total (16 active)
[state-dump] Queueing time: mean = 2.02ms, max = 3643.96ms, min = -95.24ms, total = 104414.32ms
[state-dump] Execution time:  mean = 11.90ms, total = 616269.08ms
[state-dump] Event stats:
[state-dump] 	NodeManager.CheckGC - 11267 total (1 active), Execution time: mean = 0.01ms, total = 118.45ms, Queueing time: mean = 1.18ms, max = 3444.74ms, min = -95.24ms, total = 13315.26ms
[state-dump] 	RaySyncer.OnDemandBroadcasting - 11267 total (1 active), Execution time: mean = 0.01ms, total = 134.22ms, Queueing time: mean = 1.18ms, max = 3444.73ms, min = -0.02ms, total = 13301.07ms
[state-dump] 	ObjectManager.UpdateAvailableMemory - 11266 total (0 active), Execution time: mean = 0.00ms, total = 17.38ms, Queueing time: mean = 0.16ms, max = 100.68ms, min = 0.00ms, total = 1836.02ms
[state-dump] 	RayletWorkerPool.deadline_timer.kill_idle_workers - 5661 total (1 active), Execution time: mean = 0.00ms, total = 20.98ms, Queueing time: mean = 1.39ms, max = 3350.40ms, min = -0.00ms, total = 7874.33ms
[state-dump] 	MemoryMonitor.CheckIsMemoryUsageAboveThreshold - 4453 total (1 active), Execution time: mean = 3.81ms, total = 16986.30ms, Queueing time: mean = 2.22ms, max = 3291.29ms, min = -0.02ms, total = 9893.69ms
[state-dump] 	NodeManagerService.grpc_server.GetResourceLoad - 1139 total (0 active), Execution time: mean = 8.21ms, total = 9353.08ms, Queueing time: mean = 0.00ms, max = -0.00ms, min = 9223372036854.78ms, total = 0.00ms
[state-dump] 	NodeManagerService.grpc_server.GetResourceLoad.HandleRequestImpl - 1139 total (0 active), Execution time: mean = 0.13ms, total = 144.36ms, Queueing time: mean = 6.97ms, max = 3203.58ms, min = 0.01ms, total = 7933.14ms
[state-dump] 	NodeManager.deadline_timer.flush_free_objects - 1137 total (1 active), Execution time: mean = 0.00ms, total = 3.75ms, Queueing time: mean = 3.24ms, max = 2642.08ms, min = 0.00ms, total = 3686.11ms
[state-dump] 	NodeManager.deadline_timer.spill_objects_when_over_threshold - 1137 total (1 active), Execution time: mean = 0.00ms, total = 2.68ms, Queueing time: mean = 3.24ms, max = 2642.10ms, min = 0.00ms, total = 3687.21ms
[state-dump] 	NodeManager.CheckForUnexpectedWorkerDisconnects - 1137 total (1 active), Execution time: mean = 0.09ms, total = 102.18ms, Queueing time: mean = 3.16ms, max = 2644.57ms, min = -0.01ms, total = 3590.75ms
[state-dump] 	NodeManager.ScheduleAndGrantLeases - 1137 total (1 active), Execution time: mean = 0.01ms, total = 9.86ms, Queueing time: mean = 3.24ms, max = 2644.57ms, min = 0.00ms, total = 3683.26ms
[state-dump] 	ClusterResourceManager.ResetRemoteNodeView - 380 total (1 active), Execution time: mean = 0.00ms, total = 1.34ms, Queueing time: mean = 4.89ms, max = 1645.70ms, min = 0.01ms, total = 1858.80ms
[state-dump] 	NodeManager.deadline_timer.record_metrics - 228 total (1 active), Execution time: mean = 0.47ms, total = 107.38ms, Queueing time: mean = 1.95ms, max = 99.31ms, min = -0.00ms, total = 444.17ms
[state-dump] 	event_loop_lag_probe - 115 total (0 active), Execution time: mean = 0.02ms, total = 1.73ms, Queueing time: mean = 0.11ms, max = 6.45ms, min = 0.00ms, total = 12.71ms
[state-dump] 	NodeManager.deadline_timer.debug_state_dump - 114 total (1 active), Execution time: mean = 2.01ms, total = 228.77ms, Queueing time: mean = 1.34ms, max = 96.66ms, min = 0.01ms, total = 153.15ms
[state-dump] 	ReporterService.grpc_client.HealthCheck.OnReplyReceived - 31 total (0 active), Execution time: mean = 0.12ms, total = 3.62ms, Queueing time: mean = 0.17ms, max = 1.08ms, min = 0.01ms, total = 5.28ms
[state-dump] 	ReporterService.grpc_client.HealthCheck - 31 total (0 active), Execution time: mean = 19.15ms, total = 593.71ms, Queueing time: mean = 0.00ms, max = -0.00ms, min = 9223372036854.78ms, total = 0.00ms
[state-dump] 	MetricsAgentClient.WaitForServerReadyWithRetry - 30 total (0 active), Execution time: mean = 0.31ms, total = 9.18ms, Queueing time: mean = 1101.58ms, max = 3643.96ms, min = 1000.02ms, total = 33047.26ms
[state-dump] 	NodeManager.deadline_timer.print_event_loop_stats - 19 total (1 active, 1 running), Execution time: mean = 1.56ms, total = 29.57ms, Queueing time: mean = 0.02ms, max = 0.03ms, min = 0.01ms, total = 0.33ms
[state-dump] 	ray::rpc::NodeInfoGcsService.grpc_client.CheckAlive.OnReplyReceived - 19 total (0 active), Execution time: mean = 0.04ms, total = 0.79ms, Queueing time: mean = 0.03ms, max = 0.14ms, min = 0.02ms, total = 0.51ms
[state-dump] 	NodeManager.GcsCheckAlive - 19 total (1 active), Execution time: mean = 0.25ms, total = 4.77ms, Queueing time: mean = 1.33ms, max = 1.67ms, min = 0.56ms, total = 25.23ms
[state-dump] 	ray::rpc::NodeInfoGcsService.grpc_client.CheckAlive - 19 total (0 active), Execution time: mean = 3.14ms, total = 59.61ms, Queueing time: mean = 0.00ms, max = -0.00ms, min = 9223372036854.78ms, total = 0.00ms
[state-dump] 	PeriodicalRunner.RunFnPeriodically - 14 total (0 active), Execution time: mean = 0.23ms, total = 3.29ms, Queueing time: mean = 4.55ms, max = 12.98ms, min = 0.09ms, total = 63.65ms
[state-dump] 	ray::rpc::InternalPubSubGcsService.grpc_client.GcsSubscriberCommandBatch - 2 total (0 active), Execution time: mean = 0.92ms, total = 1.84ms, Queueing time: mean = 0.00ms, max = -0.00ms, min = 9223372036854.78ms, total = 0.00ms
[state-dump] 	NodeManager.GCTaskFailureReason - 2 total (1 active), Execution time: mean = 0.00ms, total = 0.00ms, Queueing time: mean = 0.01ms, max = 0.02ms, min = 0.02ms, total = 0.02ms
[state-dump] 	ray::rpc::InternalPubSubGcsService.grpc_client.GcsSubscriberPoll - 2 total (1 active), Execution time: mean = 292380.48ms, total = 584760.96ms, Queueing time: mean = 0.00ms, max = -0.00ms, min = 9223372036854.78ms, total = 0.00ms
[state-dump] 	RaySyncerRegister - 2 total (0 active), Execution time: mean = 0.00ms, total = 0.01ms, Queueing time: mean = 0.00ms, max = 0.00ms, min = 0.00ms, total = 0.00ms
[state-dump] 	ray::rpc::InternalPubSubGcsService.grpc_client.GcsSubscriberCommandBatch.OnReplyReceived - 2 total (0 active), Execution time: mean = 0.10ms, total = 0.20ms, Queueing time: mean = 1.08ms, max = 2.01ms, min = 0.15ms, total = 2.16ms
[state-dump] 	ClientConnection.async_read.ProcessMessageHeader - 2 total (1 active), Execution time: mean = 0.00ms, total = 0.01ms, Queueing time: mean = 0.01ms, max = 0.02ms, min = 0.02ms, total = 0.02ms
[state-dump] 	ray::rpc::InternalKVGcsService.grpc_client.GetInternalConfig.OnReplyReceived - 1 total (0 active), Execution time: mean = 24.53ms, total = 24.53ms, Queueing time: mean = 0.03ms, max = 0.03ms, min = 0.03ms, total = 0.03ms
[state-dump] 	ray::rpc::InternalPubSubGcsService.grpc_client.GcsSubscriberPoll.OnReplyReceived - 1 total (0 active), Execution time: mean = 0.35ms, total = 0.35ms, Queueing time: mean = 0.02ms, max = 0.02ms, min = 0.02ms, total = 0.02ms
[state-dump] 	ray::rpc::InternalKVGcsService.grpc_client.GetInternalConfig - 1 total (0 active), Execution time: mean = 1.38ms, total = 1.38ms, Queueing time: mean = 0.00ms, max = -0.00ms, min = 9223372036854.78ms, total = 0.00ms
[state-dump] 	ray::rpc::NodeInfoGcsService.grpc_client.GetAllNodeAddressAndLiveness.OnReplyReceived - 1 total (0 active), Execution time: mean = 0.15ms, total = 0.15ms, Queueing time: mean = 0.01ms, max = 0.01ms, min = 0.01ms, total = 0.01ms
[state-dump] 	NodeManagerService.grpc_server.GetSystemConfig.HandleRequestImpl - 1 total (0 active), Execution time: mean = 0.09ms, total = 0.09ms, Queueing time: mean = 0.02ms, max = 0.02ms, min = 0.02ms, total = 0.02ms
[state-dump] 	ray::rpc::NodeInfoGcsService.grpc_client.RegisterNode - 1 total (0 active), Execution time: mean = 1.29ms, total = 1.29ms, Queueing time: mean = 0.00ms, max = -0.00ms, min = 9223372036854.78ms, total = 0.00ms
[state-dump] 	ClientConnection.async_read.ProcessMessage - 1 total (0 active), Execution time: mean = 3538.24ms, total = 3538.24ms, Queueing time: mean = 0.01ms, max = 0.01ms, min = 0.01ms, total = 0.01ms
[state-dump] 	ray::rpc::NodeInfoGcsService.grpc_client.RegisterNode.OnReplyReceived - 1 total (0 active), Execution time: mean = 0.68ms, total = 0.68ms, Queueing time: mean = 0.05ms, max = 0.05ms, min = 0.05ms, total = 0.05ms
[state-dump] 	NodeManagerService.grpc_server.GetSystemConfig - 1 total (0 active), Execution time: mean = 0.65ms, total = 0.65ms, Queueing time: mean = 0.00ms, max = -0.00ms, min = 9223372036854.78ms, total = 0.00ms
[state-dump] 	ray::rpc::JobInfoGcsService.grpc_client.GetAllJobInfo - 1 total (0 active), Execution time: mean = 0.76ms, total = 0.76ms, Queueing time: mean = 0.00ms, max = -0.00ms, min = 9223372036854.78ms, total = 0.00ms
[state-dump] 	ray::rpc::JobInfoGcsService.grpc_client.GetAllJobInfo.OnReplyReceived - 1 total (0 active), Execution time: mean = 0.03ms, total = 0.03ms, Queueing time: mean = 0.01ms, max = 0.01ms, min = 0.01ms, total = 0.01ms
[state-dump] 	 - 1 total (0 active), Execution time: mean = 0.00ms, total = 0.00ms, Queueing time: mean = 0.02ms, max = 0.02ms, min = 0.02ms, total = 0.02ms
[state-dump] 	RaySyncer.BroadcastMessage - 1 total (0 active), Execution time: mean = 0.09ms, total = 0.09ms, Queueing time: mean = 0.00ms, max = 0.00ms, min = 0.00ms, total = 0.00ms
[state-dump] 	ray::rpc::NodeInfoGcsService.grpc_client.GetAllNodeAddressAndLiveness - 1 total (0 active), Execution time: mean = 0.85ms, total = 0.85ms, Queueing time: mean = 0.00ms, max = -0.00ms, min = 9223372036854.78ms, total = 0.00ms
[state-dump] DebugString() time ms: 1
[state-dump] 
[state-dump] 
[2026-06-04 22:48:24,127 I 859 892] (raylet) store.cc:573: Plasma store debug dump: 
Current usage: 0 / 20.0817 GB
- num bytes created total: 0
0 pending objects of total size 0MB
- objects spillable: 0
- bytes spillable: 0
- objects unsealed: 0
- bytes unsealed: 0
- objects in use: 0
- bytes in use: 0
- objects evictable: 0
- bytes evictable: 0

- objects created by worker: 0
- bytes created by worker: 0
- objects restored: 0
- bytes restored: 0
- objects received: 0
- bytes received: 0
- objects errored: 0
- bytes errored: 0

[2026-06-04 22:48:24,182 I 859 859] (raylet) node_manager.cc:424: [state-dump] NodeManager:
[state-dump] Node ID: 11e184b7641b47dd66e5366c42f7fe51cb28f4bab1ca7ef8847590e4
[state-dump] Node name: 172.16.254.232
[state-dump] InitialConfigResources: {node:__internal_head__: 1, CPU: 192, node:172.16.254.232: 1, object_store_memory: 2.00817e+10, memory: 4.68574e+10}
[state-dump] ClusterLeaseManager:
[state-dump] ========== Node: 11e184b7641b47dd66e5366c42f7fe51cb28f4bab1ca7ef8847590e4 =================
[state-dump] Infeasible queue length: 0
[state-dump] Schedule queue length: 0
[state-dump] Grant queue length: 0
[state-dump] num_waiting_for_resource: 0
[state-dump] num_waiting_for_plasma_memory: 0
[state-dump] num_waiting_for_remote_node_resources: 0
[state-dump] num_worker_not_started_by_job_config_not_exist: 0
[state-dump] num_worker_not_started_by_registration_timeout: 0
[state-dump] num_tasks_waiting_for_workers: 0
[state-dump] num_cancelled_leases: 0
[state-dump] cluster_resource_scheduler state: 
[state-dump] Local id: 1457234449467745066 Local resources: {"total":{object_store_memory: [200817303550000], node:__internal_head__: [10000], memory: [468573708290000], CPU: [1920000], node:172.16.254.232: [10000]}}, "available": {memory: [468573708290000], CPU: [1920000], node:172.16.254.232: [10000], object_store_memory: [200817303550000], node:__internal_head__: [10000]}}, "labels":{"ray.io/node-id":"11e184b7641b47dd66e5366c42f7fe51cb28f4bab1ca7ef8847590e4",} is_draining: 0 is_idle: 1 Cluster resources (at most 20 nodes are shown): node id: 1457234449467745066{"total":{node:172.16.254.232: 10000, node:__internal_head__: 10000, memory: 468573708290000, object_store_memory: 200817303550000, CPU: 1920000}}, "available": {node:172.16.254.232: 10000, node:__internal_head__: 10000, memory: 468573708290000, CPU: 1920000, object_store_memory: 200817303550000}}, "labels":{"ray.io/node-id":"11e184b7641b47dd66e5366c42f7fe51cb28f4bab1ca7ef8847590e4",}, "is_draining": 0, "draining_deadline_timestamp_ms": -1} { "placement group locations": [], "node to bundles": []}
[state-dump] Waiting leases size: 0
[state-dump] Number of granted lease arguments: 0
[state-dump] Number of pinned lease arguments: 0
[state-dump] Number of total spilled leases: 0
[state-dump] Number of spilled waiting leases: 0
[state-dump] Number of spilled unschedulable leases: 0
[state-dump] Resource usage {
[state-dump] }
[state-dump] Backlog Size per scheduling descriptor :{workerId: num backlogs}:
[state-dump] 
[state-dump] Granted leases by scheduling class:
[state-dump] ==================================================
[state-dump] 
[state-dump] ClusterResources:
[state-dump] LocalObjectManager:
[state-dump] - num pinned objects: 0
[state-dump] - pinned objects size: 0
[state-dump] - num objects pending restore: 0
[state-dump] - num objects pending spill: 0
[state-dump] - num bytes pending spill: 0
[state-dump] - num bytes currently spilled: 0
[state-dump] - cumulative spill requests: 0
[state-dump] - cumulative restore requests: 0
[state-dump] - spilled objects pending delete: 0
[state-dump] 
[state-dump] ObjectManager:
[state-dump] - num local objects: 0
[state-dump] - num unfulfilled push requests: 0
[state-dump] - num object pull requests: 0
[state-dump] - num chunks received total: 0
[state-dump] - num chunks received failed (all): 0
[state-dump] - num chunks received failed / cancelled: 0
[state-dump] - num chunks received failed / plasma error: 0
[state-dump] Event stats:
[state-dump] Global stats: 0 total (0 active)
[state-dump] Queueing time: mean = -nanms, max = -0.00ms, min = 9223372036854.78ms, total = 0.00ms
[state-dump] Execution time:  mean = -nanms, total = 0.00ms
[state-dump] Event stats:
[state-dump] PushManager:
[state-dump] - num pushes remaining: 0
[state-dump] - num chunks in flight: 0
[state-dump] - num chunks remaining: 0
[state-dump] - max chunks allowed: 409
[state-dump] OwnershipBasedObjectDirectory:
[state-dump] - num listeners: 0
[state-dump] - cumulative location updates: 0
[state-dump] - num location updates per second: 0.000
[state-dump] - num location lookups per second: 0.000
[state-dump] - num locations added per second: 0.000
[state-dump] - num locations removed per second: 0.000
[state-dump] BufferPool:
[state-dump] - create buffer state map size: 0
[state-dump] PullManager:
[state-dump] - num bytes available for pulled objects: 20081730355
[state-dump] - num bytes being pulled (all): 0
[state-dump] - num bytes being pulled / pinned: 0
[state-dump] - get request bundles: BundlePullRequestQueue{0 total, 0 active, 0 inactive, 0 unpullable}
[state-dump] - wait request bundles: BundlePullRequestQueue{0 total, 0 active, 0 inactive, 0 unpullable}
[state-dump] - task request bundles: BundlePullRequestQueue{0 total, 0 active, 0 inactive, 0 unpullable}
[state-dump] - first get request bundle: N/A
[state-dump] - first wait request bundle: N/A
[state-dump] - first task request bundle: N/A
[state-dump] - num objects queued: 0
[state-dump] - num objects actively pulled (all): 0
[state-dump] - num objects actively pulled / pinned: 0
[state-dump] - num bundles being pulled: 0
[state-dump] - num pull retries: 0
[state-dump] - max timeout seconds: 0
[state-dump] - max timeout request is already processed. No entry.
[state-dump] 
[state-dump] WorkerPool:
[state-dump] - registered jobs: 1
[state-dump] - process_failed_job_config_missing: 0
[state-dump] - process_failed_rate_limited: 0
[state-dump] - process_failed_pending_registration: 192
[state-dump] - process_failed_runtime_env_setup_failed: 0
[state-dump] - num JAVA workers: 0
[state-dump] - num JAVA drivers: 0
[state-dump] - num JAVA pending start requests: 0
[state-dump] - num JAVA pending registration requests: 0
[state-dump] - num object spill callbacks queued: 0
[state-dump] - num object restore queued: 0
[state-dump] - num util functions queued: 0
[state-dump] - num PYTHON workers: 0
[state-dump] - num PYTHON drivers: 1
[state-dump] - num PYTHON pending start requests: 0
[state-dump] - num PYTHON pending registration requests: 0
[state-dump] - num object spill callbacks queued: 0
[state-dump] - num object restore queued: 0
[state-dump] - num util functions queued: 0
[state-dump] - num idle workers: 0
[state-dump] LeaseDependencyManager:
[state-dump] - lease deps map size: 0
[state-dump] - get req map size: 0
[state-dump] - wait req map size: 0
[state-dump] - local objects map size: 0
[state-dump] WaitManager:
[state-dump] - num active wait requests: 0
[state-dump] Subscriber:
[state-dump] Channel WORKER_OBJECT_LOCATIONS_CHANNEL
[state-dump] - cumulative subscribe requests: 0
[state-dump] - cumulative unsubscribe requests: 0
[state-dump] - active subscribed publishers: 0
[state-dump] - cumulative published messages: 0
[state-dump] - cumulative processed messages: 0
[state-dump] Channel WORKER_OBJECT_EVICTION
[state-dump] - cumulative subscribe requests: 0
[state-dump] - cumulative unsubscribe requests: 0
[state-dump] - active subscribed publishers: 0
[state-dump] - cumulative published messages: 0
[state-dump] - cumulative processed messages: 0
[state-dump] Channel WORKER_REF_REMOVED_CHANNEL
[state-dump] - cumulative subscribe requests: 0
[state-dump] - cumulative unsubscribe requests: 0
[state-dump] - active subscribed publishers: 0
[state-dump] - cumulative published messages: 0
[state-dump] - cumulative processed messages: 0
[state-dump] num async plasma notifications: 0
[state-dump] Event stats:
[state-dump] Global stats: 54530 total (16 active)
[state-dump] Queueing time: mean = 1.92ms, max = 3643.96ms, min = -95.24ms, total = 104483.56ms
[state-dump] Execution time:  mean = 22.31ms, total = 1216820.31ms
[state-dump] Event stats:
[state-dump] 	NodeManager.CheckGC - 11866 total (1 active), Execution time: mean = 0.01ms, total = 119.51ms, Queueing time: mean = 1.12ms, max = 3444.74ms, min = -95.24ms, total = 13330.19ms
[state-dump] 	RaySyncer.OnDemandBroadcasting - 11866 total (1 active), Execution time: mean = 0.01ms, total = 135.93ms, Queueing time: mean = 1.12ms, max = 3444.73ms, min = -0.02ms, total = 13315.40ms
[state-dump] 	ObjectManager.UpdateAvailableMemory - 11865 total (0 active), Execution time: mean = 0.00ms, total = 18.08ms, Queueing time: mean = 0.16ms, max = 100.68ms, min = 0.00ms, total = 1844.07ms
[state-dump] 	RayletWorkerPool.deadline_timer.kill_idle_workers - 5961 total (1 active), Execution time: mean = 0.00ms, total = 21.85ms, Queueing time: mean = 1.32ms, max = 3350.40ms, min = -0.00ms, total = 7882.55ms
[state-dump] 	MemoryMonitor.CheckIsMemoryUsageAboveThreshold - 4691 total (1 active), Execution time: mean = 3.73ms, total = 17485.13ms, Queueing time: mean = 2.11ms, max = 3291.29ms, min = -0.02ms, total = 9897.88ms
[state-dump] 	NodeManagerService.grpc_server.GetResourceLoad - 1199 total (0 active), Execution time: mean = 7.82ms, total = 9378.82ms, Queueing time: mean = 0.00ms, max = -0.00ms, min = 9223372036854.78ms, total = 0.00ms
[state-dump] 	NodeManagerService.grpc_server.GetResourceLoad.HandleRequestImpl - 1199 total (0 active), Execution time: mean = 0.13ms, total = 151.27ms, Queueing time: mean = 6.62ms, max = 3203.58ms, min = 0.01ms, total = 7934.37ms
[state-dump] 	NodeManager.deadline_timer.flush_free_objects - 1197 total (1 active), Execution time: mean = 0.00ms, total = 3.92ms, Queueing time: mean = 3.08ms, max = 2642.08ms, min = 0.00ms, total = 3690.23ms
[state-dump] 	NodeManager.CheckForUnexpectedWorkerDisconnects - 1197 total (1 active), Execution time: mean = 0.09ms, total = 102.59ms, Queueing time: mean = 3.00ms, max = 2644.57ms, min = -0.01ms, total = 3594.63ms
[state-dump] 	NodeManager.ScheduleAndGrantLeases - 1197 total (1 active), Execution time: mean = 0.01ms, total = 10.32ms, Queueing time: mean = 3.08ms, max = 2644.57ms, min = 0.00ms, total = 3687.11ms
[state-dump] 	NodeManager.deadline_timer.spill_objects_when_over_threshold - 1197 total (1 active), Execution time: mean = 0.00ms, total = 2.81ms, Queueing time: mean = 3.08ms, max = 2642.10ms, min = 0.00ms, total = 3691.38ms
[state-dump] 	ClusterResourceManager.ResetRemoteNodeView - 400 total (1 active), Execution time: mean = 0.00ms, total = 1.40ms, Queueing time: mean = 4.65ms, max = 1645.70ms, min = 0.01ms, total = 1859.16ms
[state-dump] 	NodeManager.deadline_timer.record_metrics - 240 total (1 active), Execution time: mean = 0.47ms, total = 112.74ms, Queueing time: mean = 1.85ms, max = 99.31ms, min = -0.00ms, total = 444.61ms
[state-dump] 	event_loop_lag_probe - 121 total (0 active), Execution time: mean = 0.02ms, total = 1.82ms, Queueing time: mean = 0.11ms, max = 6.45ms, min = 0.00ms, total = 12.74ms
[state-dump] 	NodeManager.deadline_timer.debug_state_dump - 120 total (1 active), Execution time: mean = 1.96ms, total = 234.71ms, Queueing time: mean = 1.28ms, max = 96.66ms, min = 0.01ms, total = 153.23ms
[state-dump] 	ReporterService.grpc_client.HealthCheck.OnReplyReceived - 31 total (0 active), Execution time: mean = 0.12ms, total = 3.62ms, Queueing time: mean = 0.17ms, max = 1.08ms, min = 0.01ms, total = 5.28ms
[state-dump] 	ReporterService.grpc_client.HealthCheck - 31 total (0 active), Execution time: mean = 19.15ms, total = 593.71ms, Queueing time: mean = 0.00ms, max = -0.00ms, min = 9223372036854.78ms, total = 0.00ms
[state-dump] 	MetricsAgentClient.WaitForServerReadyWithRetry - 30 total (0 active), Execution time: mean = 0.31ms, total = 9.18ms, Queueing time: mean = 1101.58ms, max = 3643.96ms, min = 1000.02ms, total = 33047.26ms
[state-dump] 	NodeManager.deadline_timer.print_event_loop_stats - 20 total (1 active, 1 running), Execution time: mean = 1.56ms, total = 31.12ms, Queueing time: mean = 0.02ms, max = 0.03ms, min = 0.01ms, total = 0.35ms
[state-dump] 	ray::rpc::NodeInfoGcsService.grpc_client.CheckAlive.OnReplyReceived - 20 total (0 active), Execution time: mean = 0.04ms, total = 0.82ms, Queueing time: mean = 0.03ms, max = 0.14ms, min = 0.02ms, total = 0.53ms
[state-dump] 	ray::rpc::NodeInfoGcsService.grpc_client.CheckAlive - 20 total (0 active), Execution time: mean = 3.02ms, total = 60.47ms, Queueing time: mean = 0.00ms, max = -0.00ms, min = 9223372036854.78ms, total = 0.00ms
[state-dump] 	NodeManager.GcsCheckAlive - 20 total (1 active), Execution time: mean = 0.25ms, total = 4.95ms, Queueing time: mean = 1.33ms, max = 1.67ms, min = 0.56ms, total = 26.54ms
[state-dump] 	PeriodicalRunner.RunFnPeriodically - 14 total (0 active), Execution time: mean = 0.23ms, total = 3.29ms, Queueing time: mean = 4.55ms, max = 12.98ms, min = 0.09ms, total = 63.65ms
[state-dump] 	ray::rpc::InternalPubSubGcsService.grpc_client.GcsSubscriberPoll - 3 total (1 active), Execution time: mean = 394920.31ms, total = 1184760.92ms, Queueing time: mean = 0.00ms, max = -0.00ms, min = 9223372036854.78ms, total = 0.00ms
[state-dump] 	ray::rpc::InternalPubSubGcsService.grpc_client.GcsSubscriberCommandBatch - 2 total (0 active), Execution time: mean = 0.92ms, total = 1.84ms, Queueing time: mean = 0.00ms, max = -0.00ms, min = 9223372036854.78ms, total = 0.00ms
[state-dump] 	RaySyncerRegister - 2 total (0 active), Execution time: mean = 0.00ms, total = 0.01ms, Queueing time: mean = 0.00ms, max = 0.00ms, min = 0.00ms, total = 0.00ms
[state-dump] 	NodeManager.GCTaskFailureReason - 2 total (1 active), Execution time: mean = 0.00ms, total = 0.00ms, Queueing time: mean = 0.01ms, max = 0.02ms, min = 0.02ms, total = 0.02ms
[state-dump] 	ray::rpc::InternalPubSubGcsService.grpc_client.GcsSubscriberCommandBatch.OnReplyReceived - 2 total (0 active), Execution time: mean = 0.10ms, total = 0.20ms, Queueing time: mean = 1.08ms, max = 2.01ms, min = 0.15ms, total = 2.16ms
[state-dump] 	ray::rpc::InternalPubSubGcsService.grpc_client.GcsSubscriberPoll.OnReplyReceived - 2 total (0 active), Execution time: mean = 0.28ms, total = 0.56ms, Queueing time: mean = 0.03ms, max = 0.03ms, min = 0.02ms, total = 0.05ms
[state-dump] 	ClientConnection.async_read.ProcessMessageHeader - 2 total (1 active), Execution time: mean = 0.00ms, total = 0.01ms, Queueing time: mean = 0.01ms, max = 0.02ms, min = 0.02ms, total = 0.02ms
[state-dump] 	ray::rpc::InternalKVGcsService.grpc_client.GetInternalConfig.OnReplyReceived - 1 total (0 active), Execution time: mean = 24.53ms, total = 24.53ms, Queueing time: mean = 0.03ms, max = 0.03ms, min = 0.03ms, total = 0.03ms
[state-dump] 	ray::rpc::InternalKVGcsService.grpc_client.GetInternalConfig - 1 total (0 active), Execution time: mean = 1.38ms, total = 1.38ms, Queueing time: mean = 0.00ms, max = -0.00ms, min = 9223372036854.78ms, total = 0.00ms
[state-dump] 	ray::rpc::NodeInfoGcsService.grpc_client.GetAllNodeAddressAndLiveness.OnReplyReceived - 1 total (0 active), Execution time: mean = 0.15ms, total = 0.15ms, Queueing time: mean = 0.01ms, max = 0.01ms, min = 0.01ms, total = 0.01ms
[state-dump] 	NodeManagerService.grpc_server.GetSystemConfig.HandleRequestImpl - 1 total (0 active), Execution time: mean = 0.09ms, total = 0.09ms, Queueing time: mean = 0.02ms, max = 0.02ms, min = 0.02ms, total = 0.02ms
[state-dump] 	ray::rpc::NodeInfoGcsService.grpc_client.RegisterNode - 1 total (0 active), Execution time: mean = 1.29ms, total = 1.29ms, Queueing time: mean = 0.00ms, max = -0.00ms, min = 9223372036854.78ms, total = 0.00ms
[state-dump] 	ClientConnection.async_read.ProcessMessage - 1 total (0 active), Execution time: mean = 3538.24ms, total = 3538.24ms, Queueing time: mean = 0.01ms, max = 0.01ms, min = 0.01ms, total = 0.01ms
[state-dump] 	ray::rpc::NodeInfoGcsService.grpc_client.RegisterNode.OnReplyReceived - 1 total (0 active), Execution time: mean = 0.68ms, total = 0.68ms, Queueing time: mean = 0.05ms, max = 0.05ms, min = 0.05ms, total = 0.05ms
[state-dump] 	NodeManagerService.grpc_server.GetSystemConfig - 1 total (0 active), Execution time: mean = 0.65ms, total = 0.65ms, Queueing time: mean = 0.00ms, max = -0.00ms, min = 9223372036854.78ms, total = 0.00ms
[state-dump] 	ray::rpc::JobInfoGcsService.grpc_client.GetAllJobInfo - 1 total (0 active), Execution time: mean = 0.76ms, total = 0.76ms, Queueing time: mean = 0.00ms, max = -0.00ms, min = 9223372036854.78ms, total = 0.00ms
[state-dump] 	ray::rpc::JobInfoGcsService.grpc_client.GetAllJobInfo.OnReplyReceived - 1 total (0 active), Execution time: mean = 0.03ms, total = 0.03ms, Queueing time: mean = 0.01ms, max = 0.01ms, min = 0.01ms, total = 0.01ms
[state-dump] 	 - 1 total (0 active), Execution time: mean = 0.00ms, total = 0.00ms, Queueing time: mean = 0.02ms, max = 0.02ms, min = 0.02ms, total = 0.02ms
[state-dump] 	RaySyncer.BroadcastMessage - 1 total (0 active), Execution time: mean = 0.09ms, total = 0.09ms, Queueing time: mean = 0.00ms, max = 0.00ms, min = 0.00ms, total = 0.00ms
[state-dump] 	ray::rpc::NodeInfoGcsService.grpc_client.GetAllNodeAddressAndLiveness - 1 total (0 active), Execution time: mean = 0.85ms, total = 0.85ms, Queueing time: mean = 0.00ms, max = -0.00ms, min = 9223372036854.78ms, total = 0.00ms
[state-dump] DebugString() time ms: 1
[state-dump] 
[state-dump] 
[2026-06-04 22:49:24,127 I 859 892] (raylet) store.cc:573: Plasma store debug dump: 
Current usage: 0 / 20.0817 GB
- num bytes created total: 0
0 pending objects of total size 0MB
- objects spillable: 0
- bytes spillable: 0
- objects unsealed: 0
- bytes unsealed: 0
- objects in use: 0
- bytes in use: 0
- objects evictable: 0
- bytes evictable: 0

- objects created by worker: 0
- bytes created by worker: 0
- objects restored: 0
- bytes restored: 0
- objects received: 0
- bytes received: 0
- objects errored: 0
- bytes errored: 0

[2026-06-04 22:49:24,183 I 859 859] (raylet) node_manager.cc:424: [state-dump] NodeManager:
[state-dump] Node ID: 11e184b7641b47dd66e5366c42f7fe51cb28f4bab1ca7ef8847590e4
[state-dump] Node name: 172.16.254.232
[state-dump] InitialConfigResources: {node:__internal_head__: 1, CPU: 192, node:172.16.254.232: 1, object_store_memory: 2.00817e+10, memory: 4.68574e+10}
[state-dump] ClusterLeaseManager:
[state-dump] ========== Node: 11e184b7641b47dd66e5366c42f7fe51cb28f4bab1ca7ef8847590e4 =================
[state-dump] Infeasible queue length: 0
[state-dump] Schedule queue length: 0
[state-dump] Grant queue length: 0
[state-dump] num_waiting_for_resource: 0
[state-dump] num_waiting_for_plasma_memory: 0
[state-dump] num_waiting_for_remote_node_resources: 0
[state-dump] num_worker_not_started_by_job_config_not_exist: 0
[state-dump] num_worker_not_started_by_registration_timeout: 0
[state-dump] num_tasks_waiting_for_workers: 0
[state-dump] num_cancelled_leases: 0
[state-dump] cluster_resource_scheduler state: 
[state-dump] Local id: 1457234449467745066 Local resources: {"total":{object_store_memory: [200817303550000], node:__internal_head__: [10000], memory: [468573708290000], CPU: [1920000], node:172.16.254.232: [10000]}}, "available": {memory: [468573708290000], CPU: [1920000], node:172.16.254.232: [10000], object_store_memory: [200817303550000], node:__internal_head__: [10000]}}, "labels":{"ray.io/node-id":"11e184b7641b47dd66e5366c42f7fe51cb28f4bab1ca7ef8847590e4",} is_draining: 0 is_idle: 1 Cluster resources (at most 20 nodes are shown): node id: 1457234449467745066{"total":{node:172.16.254.232: 10000, node:__internal_head__: 10000, memory: 468573708290000, object_store_memory: 200817303550000, CPU: 1920000}}, "available": {node:172.16.254.232: 10000, node:__internal_head__: 10000, memory: 468573708290000, CPU: 1920000, object_store_memory: 200817303550000}}, "labels":{"ray.io/node-id":"11e184b7641b47dd66e5366c42f7fe51cb28f4bab1ca7ef8847590e4",}, "is_draining": 0, "draining_deadline_timestamp_ms": -1} { "placement group locations": [], "node to bundles": []}
[state-dump] Waiting leases size: 0
[state-dump] Number of granted lease arguments: 0
[state-dump] Number of pinned lease arguments: 0
[state-dump] Number of total spilled leases: 0
[state-dump] Number of spilled waiting leases: 0
[state-dump] Number of spilled unschedulable leases: 0
[state-dump] Resource usage {
[state-dump] }
[state-dump] Backlog Size per scheduling descriptor :{workerId: num backlogs}:
[state-dump] 
[state-dump] Granted leases by scheduling class:
[state-dump] ==================================================
[state-dump] 
[state-dump] ClusterResources:
[state-dump] LocalObjectManager:
[state-dump] - num pinned objects: 0
[state-dump] - pinned objects size: 0
[state-dump] - num objects pending restore: 0
[state-dump] - num objects pending spill: 0
[state-dump] - num bytes pending spill: 0
[state-dump] - num bytes currently spilled: 0
[state-dump] - cumulative spill requests: 0
[state-dump] - cumulative restore requests: 0
[state-dump] - spilled objects pending delete: 0
[state-dump] 
[state-dump] ObjectManager:
[state-dump] - num local objects: 0
[state-dump] - num unfulfilled push requests: 0
[state-dump] - num object pull requests: 0
[state-dump] - num chunks received total: 0
[state-dump] - num chunks received failed (all): 0
[state-dump] - num chunks received failed / cancelled: 0
[state-dump] - num chunks received failed / plasma error: 0
[state-dump] Event stats:
[state-dump] Global stats: 0 total (0 active)
[state-dump] Queueing time: mean = -nanms, max = -0.00ms, min = 9223372036854.78ms, total = 0.00ms
[state-dump] Execution time:  mean = -nanms, total = 0.00ms
[state-dump] Event stats:
[state-dump] PushManager:
[state-dump] - num pushes remaining: 0
[state-dump] - num chunks in flight: 0
[state-dump] - num chunks remaining: 0
[state-dump] - max chunks allowed: 409
[state-dump] OwnershipBasedObjectDirectory:
[state-dump] - num listeners: 0
[state-dump] - cumulative location updates: 0
[state-dump] - num location updates per second: 0.000
[state-dump] - num location lookups per second: 0.000
[state-dump] - num locations added per second: 0.000
[state-dump] - num locations removed per second: 0.000
[state-dump] BufferPool:
[state-dump] - create buffer state map size: 0
[state-dump] PullManager:
[state-dump] - num bytes available for pulled objects: 20081730355
[state-dump] - num bytes being pulled (all): 0
[state-dump] - num bytes being pulled / pinned: 0
[state-dump] - get request bundles: BundlePullRequestQueue{0 total, 0 active, 0 inactive, 0 unpullable}
[state-dump] - wait request bundles: BundlePullRequestQueue{0 total, 0 active, 0 inactive, 0 unpullable}
[state-dump] - task request bundles: BundlePullRequestQueue{0 total, 0 active, 0 inactive, 0 unpullable}
[state-dump] - first get request bundle: N/A
[state-dump] - first wait request bundle: N/A
[state-dump] - first task request bundle: N/A
[state-dump] - num objects queued: 0
[state-dump] - num objects actively pulled (all): 0
[state-dump] - num objects actively pulled / pinned: 0
[state-dump] - num bundles being pulled: 0
[state-dump] - num pull retries: 0
[state-dump] - max timeout seconds: 0
[state-dump] - max timeout request is already processed. No entry.
[state-dump] 
[state-dump] WorkerPool:
[state-dump] - registered jobs: 1
[state-dump] - process_failed_job_config_missing: 0
[state-dump] - process_failed_rate_limited: 0
[state-dump] - process_failed_pending_registration: 192
[state-dump] - process_failed_runtime_env_setup_failed: 0
[state-dump] - num JAVA workers: 0
[state-dump] - num JAVA drivers: 0
[state-dump] - num JAVA pending start requests: 0
[state-dump] - num JAVA pending registration requests: 0
[state-dump] - num object spill callbacks queued: 0
[state-dump] - num object restore queued: 0
[state-dump] - num util functions queued: 0
[state-dump] - num PYTHON workers: 0
[state-dump] - num PYTHON drivers: 1
[state-dump] - num PYTHON pending start requests: 0
[state-dump] - num PYTHON pending registration requests: 0
[state-dump] - num object spill callbacks queued: 0
[state-dump] - num object restore queued: 0
[state-dump] - num util functions queued: 0
[state-dump] - num idle workers: 0
[state-dump] LeaseDependencyManager:
[state-dump] - lease deps map size: 0
[state-dump] - get req map size: 0
[state-dump] - wait req map size: 0
[state-dump] - local objects map size: 0
[state-dump] WaitManager:
[state-dump] - num active wait requests: 0
[state-dump] Subscriber:
[state-dump] Channel WORKER_OBJECT_LOCATIONS_CHANNEL
[state-dump] - cumulative subscribe requests: 0
[state-dump] - cumulative unsubscribe requests: 0
[state-dump] - active subscribed publishers: 0
[state-dump] - cumulative published messages: 0
[state-dump] - cumulative processed messages: 0
[state-dump] Channel WORKER_OBJECT_EVICTION
[state-dump] - cumulative subscribe requests: 0
[state-dump] - cumulative unsubscribe requests: 0
[state-dump] - active subscribed publishers: 0
[state-dump] - cumulative published messages: 0
[state-dump] - cumulative processed messages: 0
[state-dump] Channel WORKER_REF_REMOVED_CHANNEL
[state-dump] - cumulative subscribe requests: 0
[state-dump] - cumulative unsubscribe requests: 0
[state-dump] - active subscribed publishers: 0
[state-dump] - cumulative published messages: 0
[state-dump] - cumulative processed messages: 0
[state-dump] num async plasma notifications: 0
[state-dump] Event stats:
[state-dump] Global stats: 57276 total (16 active)
[state-dump] Queueing time: mean = 1.83ms, max = 3643.96ms, min = -95.24ms, total = 104574.24ms
[state-dump] Execution time:  mean = 21.26ms, total = 1217446.33ms
[state-dump] Event stats:
[state-dump] 	NodeManager.CheckGC - 12466 total (1 active), Execution time: mean = 0.01ms, total = 120.68ms, Queueing time: mean = 1.07ms, max = 3444.74ms, min = -95.24ms, total = 13356.24ms
[state-dump] 	RaySyncer.OnDemandBroadcasting - 12466 total (1 active), Execution time: mean = 0.01ms, total = 137.88ms, Queueing time: mean = 1.07ms, max = 3444.73ms, min = -0.02ms, total = 13340.75ms
[state-dump] 	ObjectManager.UpdateAvailableMemory - 12465 total (0 active), Execution time: mean = 0.00ms, total = 18.94ms, Queueing time: mean = 0.15ms, max = 100.68ms, min = 0.00ms, total = 1854.01ms
[state-dump] 	RayletWorkerPool.deadline_timer.kill_idle_workers - 6261 total (1 active), Execution time: mean = 0.00ms, total = 22.89ms, Queueing time: mean = 1.26ms, max = 3350.40ms, min = -0.00ms, total = 7893.20ms
[state-dump] 	MemoryMonitor.CheckIsMemoryUsageAboveThreshold - 4929 total (1 active), Execution time: mean = 3.66ms, total = 18046.02ms, Queueing time: mean = 2.01ms, max = 3291.29ms, min = -0.02ms, total = 9902.37ms
[state-dump] 	NodeManagerService.grpc_server.GetResourceLoad - 1259 total (0 active), Execution time: mean = 7.48ms, total = 9414.28ms, Queueing time: mean = 0.00ms, max = -0.00ms, min = 9223372036854.78ms, total = 0.00ms
[state-dump] 	NodeManagerService.grpc_server.GetResourceLoad.HandleRequestImpl - 1259 total (0 active), Execution time: mean = 0.13ms, total = 159.23ms, Queueing time: mean = 6.31ms, max = 3203.58ms, min = 0.01ms, total = 7940.00ms
[state-dump] 	NodeManager.deadline_timer.flush_free_objects - 1257 total (1 active), Execution time: mean = 0.00ms, total = 4.13ms, Queueing time: mean = 2.94ms, max = 2642.08ms, min = 0.00ms, total = 3691.95ms
[state-dump] 	NodeManager.CheckForUnexpectedWorkerDisconnects - 1257 total (1 active), Execution time: mean = 0.08ms, total = 103.11ms, Queueing time: mean = 2.86ms, max = 2644.57ms, min = -0.01ms, total = 3596.06ms
[state-dump] 	NodeManager.ScheduleAndGrantLeases - 1257 total (1 active), Execution time: mean = 0.01ms, total = 10.87ms, Queueing time: mean = 2.93ms, max = 2644.57ms, min = 0.00ms, total = 3688.50ms
[state-dump] 	NodeManager.deadline_timer.spill_objects_when_over_threshold - 1257 total (1 active), Execution time: mean = 0.00ms, total = 2.97ms, Queueing time: mean = 2.94ms, max = 2642.10ms, min = 0.00ms, total = 3693.16ms
[state-dump] 	ClusterResourceManager.ResetRemoteNodeView - 420 total (1 active), Execution time: mean = 0.00ms, total = 1.48ms, Queueing time: mean = 4.43ms, max = 1645.70ms, min = 0.01ms, total = 1859.53ms
[state-dump] 	NodeManager.deadline_timer.record_metrics - 252 total (1 active), Execution time: mean = 0.47ms, total = 118.51ms, Queueing time: mean = 1.77ms, max = 99.31ms, min = -0.00ms, total = 444.82ms
[state-dump] 	event_loop_lag_probe - 127 total (0 active), Execution time: mean = 0.02ms, total = 1.91ms, Queueing time: mean = 0.10ms, max = 6.45ms, min = 0.00ms, total = 12.78ms
[state-dump] 	NodeManager.deadline_timer.debug_state_dump - 126 total (1 active), Execution time: mean = 1.91ms, total = 241.26ms, Queueing time: mean = 1.22ms, max = 96.66ms, min = 0.01ms, total = 153.33ms
[state-dump] 	ReporterService.grpc_client.HealthCheck.OnReplyReceived - 31 total (0 active), Execution time: mean = 0.12ms, total = 3.62ms, Queueing time: mean = 0.17ms, max = 1.08ms, min = 0.01ms, total = 5.28ms
[state-dump] 	ReporterService.grpc_client.HealthCheck - 31 total (0 active), Execution time: mean = 19.15ms, total = 593.71ms, Queueing time: mean = 0.00ms, max = -0.00ms, min = 9223372036854.78ms, total = 0.00ms
[state-dump] 	MetricsAgentClient.WaitForServerReadyWithRetry - 30 total (0 active), Execution time: mean = 0.31ms, total = 9.18ms, Queueing time: mean = 1101.58ms, max = 3643.96ms, min = 1000.02ms, total = 33047.26ms
[state-dump] 	NodeManager.deadline_timer.print_event_loop_stats - 21 total (1 active, 1 running), Execution time: mean = 1.56ms, total = 32.74ms, Queueing time: mean = 0.02ms, max = 0.03ms, min = 0.01ms, total = 0.37ms
[state-dump] 	ray::rpc::NodeInfoGcsService.grpc_client.CheckAlive.OnReplyReceived - 21 total (0 active), Execution time: mean = 0.04ms, total = 0.85ms, Queueing time: mean = 0.03ms, max = 0.14ms, min = 0.02ms, total = 0.58ms
[state-dump] 	ray::rpc::NodeInfoGcsService.grpc_client.CheckAlive - 21 total (0 active), Execution time: mean = 2.92ms, total = 61.40ms, Queueing time: mean = 0.00ms, max = -0.00ms, min = 9223372036854.78ms, total = 0.00ms
[state-dump] 	NodeManager.GcsCheckAlive - 21 total (1 active), Execution time: mean = 0.24ms, total = 5.12ms, Queueing time: mean = 1.33ms, max = 1.67ms, min = 0.56ms, total = 28.01ms
[state-dump] 	PeriodicalRunner.RunFnPeriodically - 14 total (0 active), Execution time: mean = 0.23ms, total = 3.29ms, Queueing time: mean = 4.55ms, max = 12.98ms, min = 0.09ms, total = 63.65ms
[state-dump] 	ray::rpc::InternalPubSubGcsService.grpc_client.GcsSubscriberPoll - 3 total (1 active), Execution time: mean = 394920.31ms, total = 1184760.92ms, Queueing time: mean = 0.00ms, max = -0.00ms, min = 9223372036854.78ms, total = 0.00ms
[state-dump] 	ray::rpc::InternalPubSubGcsService.grpc_client.GcsSubscriberCommandBatch - 2 total (0 active), Execution time: mean = 0.92ms, total = 1.84ms, Queueing time: mean = 0.00ms, max = -0.00ms, min = 9223372036854.78ms, total = 0.00ms
[state-dump] 	RaySyncerRegister - 2 total (0 active), Execution time: mean = 0.00ms, total = 0.01ms, Queueing time: mean = 0.00ms, max = 0.00ms, min = 0.00ms, total = 0.00ms
[state-dump] 	NodeManager.GCTaskFailureReason - 2 total (1 active), Execution time: mean = 0.00ms, total = 0.00ms, Queueing time: mean = 0.01ms, max = 0.02ms, min = 0.02ms, total = 0.02ms
[state-dump] 	ray::rpc::InternalPubSubGcsService.grpc_client.GcsSubscriberCommandBatch.OnReplyReceived - 2 total (0 active), Execution time: mean = 0.10ms, total = 0.20ms, Queueing time: mean = 1.08ms, max = 2.01ms, min = 0.15ms, total = 2.16ms
[state-dump] 	ray::rpc::InternalPubSubGcsService.grpc_client.GcsSubscriberPoll.OnReplyReceived - 2 total (0 active), Execution time: mean = 0.28ms, total = 0.56ms, Queueing time: mean = 0.03ms, max = 0.03ms, min = 0.02ms, total = 0.05ms
[state-dump] 	ClientConnection.async_read.ProcessMessageHeader - 2 total (1 active), Execution time: mean = 0.00ms, total = 0.01ms, Queueing time: mean = 0.01ms, max = 0.02ms, min = 0.02ms, total = 0.02ms
[state-dump] 	ray::rpc::InternalKVGcsService.grpc_client.GetInternalConfig.OnReplyReceived - 1 total (0 active), Execution time: mean = 24.53ms, total = 24.53ms, Queueing time: mean = 0.03ms, max = 0.03ms, min = 0.03ms, total = 0.03ms
[state-dump] 	ray::rpc::InternalKVGcsService.grpc_client.GetInternalConfig - 1 total (0 active), Execution time: mean = 1.38ms, total = 1.38ms, Queueing time: mean = 0.00ms, max = -0.00ms, min = 9223372036854.78ms, total = 0.00ms
[state-dump] 	ray::rpc::NodeInfoGcsService.grpc_client.GetAllNodeAddressAndLiveness.OnReplyReceived - 1 total (0 active), Execution time: mean = 0.15ms, total = 0.15ms, Queueing time: mean = 0.01ms, max = 0.01ms, min = 0.01ms, total = 0.01ms
[state-dump] 	NodeManagerService.grpc_server.GetSystemConfig.HandleRequestImpl - 1 total (0 active), Execution time: mean = 0.09ms, total = 0.09ms, Queueing time: mean = 0.02ms, max = 0.02ms, min = 0.02ms, total = 0.02ms
[state-dump] 	ray::rpc::NodeInfoGcsService.grpc_client.RegisterNode - 1 total (0 active), Execution time: mean = 1.29ms, total = 1.29ms, Queueing time: mean = 0.00ms, max = -0.00ms, min = 9223372036854.78ms, total = 0.00ms
[state-dump] 	ClientConnection.async_read.ProcessMessage - 1 total (0 active), Execution time: mean = 3538.24ms, total = 3538.24ms, Queueing time: mean = 0.01ms, max = 0.01ms, min = 0.01ms, total = 0.01ms
[state-dump] 	ray::rpc::NodeInfoGcsService.grpc_client.RegisterNode.OnReplyReceived - 1 total (0 active), Execution time: mean = 0.68ms, total = 0.68ms, Queueing time: mean = 0.05ms, max = 0.05ms, min = 0.05ms, total = 0.05ms
[state-dump] 	NodeManagerService.grpc_server.GetSystemConfig - 1 total (0 active), Execution time: mean = 0.65ms, total = 0.65ms, Queueing time: mean = 0.00ms, max = -0.00ms, min = 9223372036854.78ms, total = 0.00ms
[state-dump] 	ray::rpc::JobInfoGcsService.grpc_client.GetAllJobInfo - 1 total (0 active), Execution time: mean = 0.76ms, total = 0.76ms, Queueing time: mean = 0.00ms, max = -0.00ms, min = 9223372036854.78ms, total = 0.00ms
[state-dump] 	ray::rpc::JobInfoGcsService.grpc_client.GetAllJobInfo.OnReplyReceived - 1 total (0 active), Execution time: mean = 0.03ms, total = 0.03ms, Queueing time: mean = 0.01ms, max = 0.01ms, min = 0.01ms, total = 0.01ms
[state-dump] 	 - 1 total (0 active), Execution time: mean = 0.00ms, total = 0.00ms, Queueing time: mean = 0.02ms, max = 0.02ms, min = 0.02ms, total = 0.02ms
[state-dump] 	RaySyncer.BroadcastMessage - 1 total (0 active), Execution time: mean = 0.09ms, total = 0.09ms, Queueing time: mean = 0.00ms, max = 0.00ms, min = 0.00ms, total = 0.00ms
[state-dump] 	ray::rpc::NodeInfoGcsService.grpc_client.GetAllNodeAddressAndLiveness - 1 total (0 active), Execution time: mean = 0.85ms, total = 0.85ms, Queueing time: mean = 0.00ms, max = -0.00ms, min = 9223372036854.78ms, total = 0.00ms
[state-dump] DebugString() time ms: 0
[state-dump] 
[state-dump] 
[2026-06-04 22:50:24,127 I 859 892] (raylet) store.cc:573: Plasma store debug dump: 
Current usage: 0 / 20.0817 GB
- num bytes created total: 0
0 pending objects of total size 0MB
- objects spillable: 0
- bytes spillable: 0
- objects unsealed: 0
- bytes unsealed: 0
- objects in use: 0
- bytes in use: 0
- objects evictable: 0
- bytes evictable: 0

- objects created by worker: 0
- bytes created by worker: 0
- objects restored: 0
- bytes restored: 0
- objects received: 0
- bytes received: 0
- objects errored: 0
- bytes errored: 0

[2026-06-04 22:50:24,185 I 859 859] (raylet) node_manager.cc:424: [state-dump] NodeManager:
[state-dump] Node ID: 11e184b7641b47dd66e5366c42f7fe51cb28f4bab1ca7ef8847590e4
[state-dump] Node name: 172.16.254.232
[state-dump] InitialConfigResources: {node:__internal_head__: 1, CPU: 192, node:172.16.254.232: 1, object_store_memory: 2.00817e+10, memory: 4.68574e+10}
[state-dump] ClusterLeaseManager:
[state-dump] ========== Node: 11e184b7641b47dd66e5366c42f7fe51cb28f4bab1ca7ef8847590e4 =================
[state-dump] Infeasible queue length: 0
[state-dump] Schedule queue length: 0
[state-dump] Grant queue length: 0
[state-dump] num_waiting_for_resource: 0
[state-dump] num_waiting_for_plasma_memory: 0
[state-dump] num_waiting_for_remote_node_resources: 0
[state-dump] num_worker_not_started_by_job_config_not_exist: 0
[state-dump] num_worker_not_started_by_registration_timeout: 0
[state-dump] num_tasks_waiting_for_workers: 0
[state-dump] num_cancelled_leases: 0
[state-dump] cluster_resource_scheduler state: 
[state-dump] Local id: 1457234449467745066 Local resources: {"total":{object_store_memory: [200817303550000], node:__internal_head__: [10000], memory: [468573708290000], CPU: [1920000], node:172.16.254.232: [10000]}}, "available": {memory: [468573708290000], CPU: [1920000], node:172.16.254.232: [10000], object_store_memory: [200817303550000], node:__internal_head__: [10000]}}, "labels":{"ray.io/node-id":"11e184b7641b47dd66e5366c42f7fe51cb28f4bab1ca7ef8847590e4",} is_draining: 0 is_idle: 1 Cluster resources (at most 20 nodes are shown): node id: 1457234449467745066{"total":{node:172.16.254.232: 10000, node:__internal_head__: 10000, memory: 468573708290000, object_store_memory: 200817303550000, CPU: 1920000}}, "available": {node:172.16.254.232: 10000, node:__internal_head__: 10000, memory: 468573708290000, CPU: 1920000, object_store_memory: 200817303550000}}, "labels":{"ray.io/node-id":"11e184b7641b47dd66e5366c42f7fe51cb28f4bab1ca7ef8847590e4",}, "is_draining": 0, "draining_deadline_timestamp_ms": -1} { "placement group locations": [], "node to bundles": []}
[state-dump] Waiting leases size: 0
[state-dump] Number of granted lease arguments: 0
[state-dump] Number of pinned lease arguments: 0
[state-dump] Number of total spilled leases: 0
[state-dump] Number of spilled waiting leases: 0
[state-dump] Number of spilled unschedulable leases: 0
[state-dump] Resource usage {
[state-dump] }
[state-dump] Backlog Size per scheduling descriptor :{workerId: num backlogs}:
[state-dump] 
[state-dump] Granted leases by scheduling class:
[state-dump] ==================================================
[state-dump] 
[state-dump] ClusterResources:
[state-dump] LocalObjectManager:
[state-dump] - num pinned objects: 0
[state-dump] - pinned objects size: 0
[state-dump] - num objects pending restore: 0
[state-dump] - num objects pending spill: 0
[state-dump] - num bytes pending spill: 0
[state-dump] - num bytes currently spilled: 0
[state-dump] - cumulative spill requests: 0
[state-dump] - cumulative restore requests: 0
[state-dump] - spilled objects pending delete: 0
[state-dump] 
[state-dump] ObjectManager:
[state-dump] - num local objects: 0
[state-dump] - num unfulfilled push requests: 0
[state-dump] - num object pull requests: 0
[state-dump] - num chunks received total: 0
[state-dump] - num chunks received failed (all): 0
[state-dump] - num chunks received failed / cancelled: 0
[state-dump] - num chunks received failed / plasma error: 0
[state-dump] Event stats:
[state-dump] Global stats: 0 total (0 active)
[state-dump] Queueing time: mean = -nanms, max = -0.00ms, min = 9223372036854.78ms, total = 0.00ms
[state-dump] Execution time:  mean = -nanms, total = 0.00ms
[state-dump] Event stats:
[state-dump] PushManager:
[state-dump] - num pushes remaining: 0
[state-dump] - num chunks in flight: 0
[state-dump] - num chunks remaining: 0
[state-dump] - max chunks allowed: 409
[state-dump] OwnershipBasedObjectDirectory:
[state-dump] - num listeners: 0
[state-dump] - cumulative location updates: 0
[state-dump] - num location updates per second: 0.000
[state-dump] - num location lookups per second: 0.000
[state-dump] - num locations added per second: 0.000
[state-dump] - num locations removed per second: 0.000
[state-dump] BufferPool:
[state-dump] - create buffer state map size: 0
[state-dump] PullManager:
[state-dump] - num bytes available for pulled objects: 20081730355
[state-dump] - num bytes being pulled (all): 0
[state-dump] - num bytes being pulled / pinned: 0
[state-dump] - get request bundles: BundlePullRequestQueue{0 total, 0 active, 0 inactive, 0 unpullable}
[state-dump] - wait request bundles: BundlePullRequestQueue{0 total, 0 active, 0 inactive, 0 unpullable}
[state-dump] - task request bundles: BundlePullRequestQueue{0 total, 0 active, 0 inactive, 0 unpullable}
[state-dump] - first get request bundle: N/A
[state-dump] - first wait request bundle: N/A
[state-dump] - first task request bundle: N/A
[state-dump] - num objects queued: 0
[state-dump] - num objects actively pulled (all): 0
[state-dump] - num objects actively pulled / pinned: 0
[state-dump] - num bundles being pulled: 0
[state-dump] - num pull retries: 0
[state-dump] - max timeout seconds: 0
[state-dump] - max timeout request is already processed. No entry.
[state-dump] 
[state-dump] WorkerPool:
[state-dump] - registered jobs: 1
[state-dump] - process_failed_job_config_missing: 0
[state-dump] - process_failed_rate_limited: 0
[state-dump] - process_failed_pending_registration: 192
[state-dump] - process_failed_runtime_env_setup_failed: 0
[state-dump] - num JAVA workers: 0
[state-dump] - num JAVA drivers: 0
[state-dump] - num JAVA pending start requests: 0
[state-dump] - num JAVA pending registration requests: 0
[state-dump] - num object spill callbacks queued: 0
[state-dump] - num object restore queued: 0
[state-dump] - num util functions queued: 0
[state-dump] - num PYTHON workers: 0
[state-dump] - num PYTHON drivers: 1
[state-dump] - num PYTHON pending start requests: 0
[state-dump] - num PYTHON pending registration requests: 0
[state-dump] - num object spill callbacks queued: 0
[state-dump] - num object restore queued: 0
[state-dump] - num util functions queued: 0
[state-dump] - num idle workers: 0
[state-dump] LeaseDependencyManager:
[state-dump] - lease deps map size: 0
[state-dump] - get req map size: 0
[state-dump] - wait req map size: 0
[state-dump] - local objects map size: 0
[state-dump] WaitManager:
[state-dump] - num active wait requests: 0
[state-dump] Subscriber:
[state-dump] Channel WORKER_OBJECT_LOCATIONS_CHANNEL
[state-dump] - cumulative subscribe requests: 0
[state-dump] - cumulative unsubscribe requests: 0
[state-dump] - active subscribed publishers: 0
[state-dump] - cumulative published messages: 0
[state-dump] - cumulative processed messages: 0
[state-dump] Channel WORKER_OBJECT_EVICTION
[state-dump] - cumulative subscribe requests: 0
[state-dump] - cumulative unsubscribe requests: 0
[state-dump] - active subscribed publishers: 0
[state-dump] - cumulative published messages: 0
[state-dump] - cumulative processed messages: 0
[state-dump] Channel WORKER_REF_REMOVED_CHANNEL
[state-dump] - cumulative subscribe requests: 0
[state-dump] - cumulative unsubscribe requests: 0
[state-dump] - active subscribed publishers: 0
[state-dump] - cumulative published messages: 0
[state-dump] - cumulative processed messages: 0
[state-dump] num async plasma notifications: 0
[state-dump] Event stats:
[state-dump] Global stats: 60019 total (16 active)
[state-dump] Queueing time: mean = 1.75ms, max = 3643.96ms, min = -95.24ms, total = 104836.49ms
[state-dump] Execution time:  mean = 20.29ms, total = 1217997.95ms
[state-dump] Event stats:
[state-dump] 	NodeManager.CheckGC - 13065 total (1 active), Execution time: mean = 0.01ms, total = 121.79ms, Queueing time: mean = 1.03ms, max = 3444.74ms, min = -95.24ms, total = 13462.84ms
[state-dump] 	RaySyncer.OnDemandBroadcasting - 13065 total (1 active), Execution time: mean = 0.01ms, total = 139.78ms, Queueing time: mean = 1.03ms, max = 3444.73ms, min = -0.02ms, total = 13446.63ms
[state-dump] 	ObjectManager.UpdateAvailableMemory - 13064 total (0 active), Execution time: mean = 0.00ms, total = 19.79ms, Queueing time: mean = 0.14ms, max = 100.68ms, min = 0.00ms, total = 1862.21ms
[state-dump] 	RayletWorkerPool.deadline_timer.kill_idle_workers - 6561 total (1 active), Execution time: mean = 0.00ms, total = 23.79ms, Queueing time: mean = 1.20ms, max = 3350.40ms, min = -0.00ms, total = 7900.53ms
[state-dump] 	MemoryMonitor.CheckIsMemoryUsageAboveThreshold - 5167 total (1 active), Execution time: mean = 3.59ms, total = 18542.65ms, Queueing time: mean = 1.92ms, max = 3291.29ms, min = -0.02ms, total = 9928.04ms
[state-dump] 	NodeManagerService.grpc_server.GetResourceLoad - 1319 total (0 active), Execution time: mean = 7.16ms, total = 9440.00ms, Queueing time: mean = 0.00ms, max = -0.00ms, min = 9223372036854.78ms, total = 0.00ms
[state-dump] 	NodeManagerService.grpc_server.GetResourceLoad.HandleRequestImpl - 1319 total (0 active), Execution time: mean = 0.13ms, total = 165.91ms, Queueing time: mean = 6.02ms, max = 3203.58ms, min = 0.01ms, total = 7941.17ms
[state-dump] 	NodeManager.deadline_timer.flush_free_objects - 1317 total (1 active), Execution time: mean = 0.00ms, total = 4.31ms, Queueing time: mean = 2.80ms, max = 2642.08ms, min = 0.00ms, total = 3693.29ms
[state-dump] 	NodeManager.CheckForUnexpectedWorkerDisconnects - 1317 total (1 active), Execution time: mean = 0.08ms, total = 103.55ms, Queueing time: mean = 2.73ms, max = 2644.57ms, min = -0.01ms, total = 3597.14ms
[state-dump] 	NodeManager.ScheduleAndGrantLeases - 1317 total (1 active), Execution time: mean = 0.01ms, total = 11.34ms, Queueing time: mean = 2.80ms, max = 2644.57ms, min = 0.00ms, total = 3689.56ms
[state-dump] 	NodeManager.deadline_timer.spill_objects_when_over_threshold - 1317 total (1 active), Execution time: mean = 0.00ms, total = 3.11ms, Queueing time: mean = 2.81ms, max = 2642.10ms, min = 0.00ms, total = 3694.54ms
[state-dump] 	ClusterResourceManager.ResetRemoteNodeView - 440 total (1 active), Execution time: mean = 0.00ms, total = 1.55ms, Queueing time: mean = 4.23ms, max = 1645.70ms, min = 0.01ms, total = 1859.99ms
[state-dump] 	NodeManager.deadline_timer.record_metrics - 264 total (1 active), Execution time: mean = 0.47ms, total = 124.05ms, Queueing time: mean = 1.69ms, max = 99.31ms, min = -0.00ms, total = 445.02ms
[state-dump] 	event_loop_lag_probe - 133 total (0 active), Execution time: mean = 0.02ms, total = 2.00ms, Queueing time: mean = 0.10ms, max = 6.45ms, min = 0.00ms, total = 12.82ms
[state-dump] 	NodeManager.deadline_timer.debug_state_dump - 132 total (1 active), Execution time: mean = 1.88ms, total = 248.74ms, Queueing time: mean = 1.16ms, max = 96.66ms, min = 0.01ms, total = 153.43ms
[state-dump] 	ReporterService.grpc_client.HealthCheck.OnReplyReceived - 31 total (0 active), Execution time: mean = 0.12ms, total = 3.62ms, Queueing time: mean = 0.17ms, max = 1.08ms, min = 0.01ms, total = 5.28ms
[state-dump] 	ReporterService.grpc_client.HealthCheck - 31 total (0 active), Execution time: mean = 19.15ms, total = 593.71ms, Queueing time: mean = 0.00ms, max = -0.00ms, min = 9223372036854.78ms, total = 0.00ms
[state-dump] 	MetricsAgentClient.WaitForServerReadyWithRetry - 30 total (0 active), Execution time: mean = 0.31ms, total = 9.18ms, Queueing time: mean = 1101.58ms, max = 3643.96ms, min = 1000.02ms, total = 33047.26ms
[state-dump] 	NodeManager.deadline_timer.print_event_loop_stats - 22 total (1 active, 1 running), Execution time: mean = 1.57ms, total = 34.57ms, Queueing time: mean = 0.02ms, max = 0.03ms, min = 0.01ms, total = 0.39ms
[state-dump] 	ray::rpc::NodeInfoGcsService.grpc_client.CheckAlive.OnReplyReceived - 22 total (0 active), Execution time: mean = 0.04ms, total = 0.90ms, Queueing time: mean = 0.03ms, max = 0.14ms, min = 0.02ms, total = 0.62ms
[state-dump] 	ray::rpc::NodeInfoGcsService.grpc_client.CheckAlive - 22 total (0 active), Execution time: mean = 2.85ms, total = 62.63ms, Queueing time: mean = 0.00ms, max = -0.00ms, min = 9223372036854.78ms, total = 0.00ms
[state-dump] 	NodeManager.GcsCheckAlive - 22 total (1 active), Execution time: mean = 0.25ms, total = 5.45ms, Queueing time: mean = 1.35ms, max = 1.67ms, min = 0.56ms, total = 29.68ms
[state-dump] 	PeriodicalRunner.RunFnPeriodically - 14 total (0 active), Execution time: mean = 0.23ms, total = 3.29ms, Queueing time: mean = 4.55ms, max = 12.98ms, min = 0.09ms, total = 63.65ms
[state-dump] 	ray::rpc::InternalPubSubGcsService.grpc_client.GcsSubscriberPoll - 3 total (1 active), Execution time: mean = 394920.31ms, total = 1184760.92ms, Queueing time: mean = 0.00ms, max = -0.00ms, min = 9223372036854.78ms, total = 0.00ms
[state-dump] 	ray::rpc::InternalPubSubGcsService.grpc_client.GcsSubscriberCommandBatch - 2 total (0 active), Execution time: mean = 0.92ms, total = 1.84ms, Queueing time: mean = 0.00ms, max = -0.00ms, min = 9223372036854.78ms, total = 0.00ms
[state-dump] 	RaySyncerRegister - 2 total (0 active), Execution time: mean = 0.00ms, total = 0.01ms, Queueing time: mean = 0.00ms, max = 0.00ms, min = 0.00ms, total = 0.00ms
[state-dump] 	NodeManager.GCTaskFailureReason - 2 total (1 active), Execution time: mean = 0.00ms, total = 0.00ms, Queueing time: mean = 0.01ms, max = 0.02ms, min = 0.02ms, total = 0.02ms
[state-dump] 	ray::rpc::InternalPubSubGcsService.grpc_client.GcsSubscriberCommandBatch.OnReplyReceived - 2 total (0 active), Execution time: mean = 0.10ms, total = 0.20ms, Queueing time: mean = 1.08ms, max = 2.01ms, min = 0.15ms, total = 2.16ms
[state-dump] 	ray::rpc::InternalPubSubGcsService.grpc_client.GcsSubscriberPoll.OnReplyReceived - 2 total (0 active), Execution time: mean = 0.28ms, total = 0.56ms, Queueing time: mean = 0.03ms, max = 0.03ms, min = 0.02ms, total = 0.05ms
[state-dump] 	ClientConnection.async_read.ProcessMessageHeader - 2 total (1 active), Execution time: mean = 0.00ms, total = 0.01ms, Queueing time: mean = 0.01ms, max = 0.02ms, min = 0.02ms, total = 0.02ms
[state-dump] 	ray::rpc::InternalKVGcsService.grpc_client.GetInternalConfig.OnReplyReceived - 1 total (0 active), Execution time: mean = 24.53ms, total = 24.53ms, Queueing time: mean = 0.03ms, max = 0.03ms, min = 0.03ms, total = 0.03ms
[state-dump] 	ray::rpc::InternalKVGcsService.grpc_client.GetInternalConfig - 1 total (0 active), Execution time: mean = 1.38ms, total = 1.38ms, Queueing time: mean = 0.00ms, max = -0.00ms, min = 9223372036854.78ms, total = 0.00ms
[state-dump] 	ray::rpc::NodeInfoGcsService.grpc_client.GetAllNodeAddressAndLiveness.OnReplyReceived - 1 total (0 active), Execution time: mean = 0.15ms, total = 0.15ms, Queueing time: mean = 0.01ms, max = 0.01ms, min = 0.01ms, total = 0.01ms
[state-dump] 	NodeManagerService.grpc_server.GetSystemConfig.HandleRequestImpl - 1 total (0 active), Execution time: mean = 0.09ms, total = 0.09ms, Queueing time: mean = 0.02ms, max = 0.02ms, min = 0.02ms, total = 0.02ms
[state-dump] 	ray::rpc::NodeInfoGcsService.grpc_client.RegisterNode - 1 total (0 active), Execution time: mean = 1.29ms, total = 1.29ms, Queueing time: mean = 0.00ms, max = -0.00ms, min = 9223372036854.78ms, total = 0.00ms
[state-dump] 	ClientConnection.async_read.ProcessMessage - 1 total (0 active), Execution time: mean = 3538.24ms, total = 3538.24ms, Queueing time: mean = 0.01ms, max = 0.01ms, min = 0.01ms, total = 0.01ms
[state-dump] 	ray::rpc::NodeInfoGcsService.grpc_client.RegisterNode.OnReplyReceived - 1 total (0 active), Execution time: mean = 0.68ms, total = 0.68ms, Queueing time: mean = 0.05ms, max = 0.05ms, min = 0.05ms, total = 0.05ms
[state-dump] 	NodeManagerService.grpc_server.GetSystemConfig - 1 total (0 active), Execution time: mean = 0.65ms, total = 0.65ms, Queueing time: mean = 0.00ms, max = -0.00ms, min = 9223372036854.78ms, total = 0.00ms
[state-dump] 	ray::rpc::JobInfoGcsService.grpc_client.GetAllJobInfo - 1 total (0 active), Execution time: mean = 0.76ms, total = 0.76ms, Queueing time: mean = 0.00ms, max = -0.00ms, min = 9223372036854.78ms, total = 0.00ms
[state-dump] 	ray::rpc::JobInfoGcsService.grpc_client.GetAllJobInfo.OnReplyReceived - 1 total (0 active), Execution time: mean = 0.03ms, total = 0.03ms, Queueing time: mean = 0.01ms, max = 0.01ms, min = 0.01ms, total = 0.01ms
[state-dump] 	 - 1 total (0 active), Execution time: mean = 0.00ms, total = 0.00ms, Queueing time: mean = 0.02ms, max = 0.02ms, min = 0.02ms, total = 0.02ms
[state-dump] 	RaySyncer.BroadcastMessage - 1 total (0 active), Execution time: mean = 0.09ms, total = 0.09ms, Queueing time: mean = 0.00ms, max = 0.00ms, min = 0.00ms, total = 0.00ms
[state-dump] 	ray::rpc::NodeInfoGcsService.grpc_client.GetAllNodeAddressAndLiveness - 1 total (0 active), Execution time: mean = 0.85ms, total = 0.85ms, Queueing time: mean = 0.00ms, max = -0.00ms, min = 9223372036854.78ms, total = 0.00ms
[state-dump] DebugString() time ms: 1
[state-dump] 
[state-dump] 
[2026-06-04 22:51:24,127 I 859 892] (raylet) store.cc:573: Plasma store debug dump: 
Current usage: 0 / 20.0817 GB
- num bytes created total: 0
0 pending objects of total size 0MB
- objects spillable: 0
- bytes spillable: 0
- objects unsealed: 0
- bytes unsealed: 0
- objects in use: 0
- bytes in use: 0
- objects evictable: 0
- bytes evictable: 0

- objects created by worker: 0
- bytes created by worker: 0
- objects restored: 0
- bytes restored: 0
- objects received: 0
- bytes received: 0
- objects errored: 0
- bytes errored: 0

[2026-06-04 22:51:24,186 I 859 859] (raylet) node_manager.cc:424: [state-dump] NodeManager:
[state-dump] Node ID: 11e184b7641b47dd66e5366c42f7fe51cb28f4bab1ca7ef8847590e4
[state-dump] Node name: 172.16.254.232
[state-dump] InitialConfigResources: {node:__internal_head__: 1, CPU: 192, node:172.16.254.232: 1, object_store_memory: 2.00817e+10, memory: 4.68574e+10}
[state-dump] ClusterLeaseManager:
[state-dump] ========== Node: 11e184b7641b47dd66e5366c42f7fe51cb28f4bab1ca7ef8847590e4 =================
[state-dump] Infeasible queue length: 0
[state-dump] Schedule queue length: 0
[state-dump] Grant queue length: 0
[state-dump] num_waiting_for_resource: 0
[state-dump] num_waiting_for_plasma_memory: 0
[state-dump] num_waiting_for_remote_node_resources: 0
[state-dump] num_worker_not_started_by_job_config_not_exist: 0
[state-dump] num_worker_not_started_by_registration_timeout: 0
[state-dump] num_tasks_waiting_for_workers: 0
[state-dump] num_cancelled_leases: 0
[state-dump] cluster_resource_scheduler state: 
[state-dump] Local id: 1457234449467745066 Local resources: {"total":{object_store_memory: [200817303550000], node:__internal_head__: [10000], memory: [468573708290000], CPU: [1920000], node:172.16.254.232: [10000]}}, "available": {memory: [468573708290000], CPU: [1920000], node:172.16.254.232: [10000], object_store_memory: [200817303550000], node:__internal_head__: [10000]}}, "labels":{"ray.io/node-id":"11e184b7641b47dd66e5366c42f7fe51cb28f4bab1ca7ef8847590e4",} is_draining: 0 is_idle: 1 Cluster resources (at most 20 nodes are shown): node id: 1457234449467745066{"total":{node:172.16.254.232: 10000, node:__internal_head__: 10000, memory: 468573708290000, object_store_memory: 200817303550000, CPU: 1920000}}, "available": {node:172.16.254.232: 10000, node:__internal_head__: 10000, memory: 468573708290000, CPU: 1920000, object_store_memory: 200817303550000}}, "labels":{"ray.io/node-id":"11e184b7641b47dd66e5366c42f7fe51cb28f4bab1ca7ef8847590e4",}, "is_draining": 0, "draining_deadline_timestamp_ms": -1} { "placement group locations": [], "node to bundles": []}
[state-dump] Waiting leases size: 0
[state-dump] Number of granted lease arguments: 0
[state-dump] Number of pinned lease arguments: 0
[state-dump] Number of total spilled leases: 0
[state-dump] Number of spilled waiting leases: 0
[state-dump] Number of spilled unschedulable leases: 0
[state-dump] Resource usage {
[state-dump] }
[state-dump] Backlog Size per scheduling descriptor :{workerId: num backlogs}:
[state-dump] 
[state-dump] Granted leases by scheduling class:
[state-dump] ==================================================
[state-dump] 
[state-dump] ClusterResources:
[state-dump] LocalObjectManager:
[state-dump] - num pinned objects: 0
[state-dump] - pinned objects size: 0
[state-dump] - num objects pending restore: 0
[state-dump] - num objects pending spill: 0
[state-dump] - num bytes pending spill: 0
[state-dump] - num bytes currently spilled: 0
[state-dump] - cumulative spill requests: 0
[state-dump] - cumulative restore requests: 0
[state-dump] - spilled objects pending delete: 0
[state-dump] 
[state-dump] ObjectManager:
[state-dump] - num local objects: 0
[state-dump] - num unfulfilled push requests: 0
[state-dump] - num object pull requests: 0
[state-dump] - num chunks received total: 0
[state-dump] - num chunks received failed (all): 0
[state-dump] - num chunks received failed / cancelled: 0
[state-dump] - num chunks received failed / plasma error: 0
[state-dump] Event stats:
[state-dump] Global stats: 0 total (0 active)
[state-dump] Queueing time: mean = -nanms, max = -0.00ms, min = 9223372036854.78ms, total = 0.00ms
[state-dump] Execution time:  mean = -nanms, total = 0.00ms
[state-dump] Event stats:
[state-dump] PushManager:
[state-dump] - num pushes remaining: 0
[state-dump] - num chunks in flight: 0
[state-dump] - num chunks remaining: 0
[state-dump] - max chunks allowed: 409
[state-dump] OwnershipBasedObjectDirectory:
[state-dump] - num listeners: 0
[state-dump] - cumulative location updates: 0
[state-dump] - num location updates per second: 0.000
[state-dump] - num location lookups per second: 0.000
[state-dump] - num locations added per second: 0.000
[state-dump] - num locations removed per second: 0.000
[state-dump] BufferPool:
[state-dump] - create buffer state map size: 0
[state-dump] PullManager:
[state-dump] - num bytes available for pulled objects: 20081730355
[state-dump] - num bytes being pulled (all): 0
[state-dump] - num bytes being pulled / pinned: 0
[state-dump] - get request bundles: BundlePullRequestQueue{0 total, 0 active, 0 inactive, 0 unpullable}
[state-dump] - wait request bundles: BundlePullRequestQueue{0 total, 0 active, 0 inactive, 0 unpullable}
[state-dump] - task request bundles: BundlePullRequestQueue{0 total, 0 active, 0 inactive, 0 unpullable}
[state-dump] - first get request bundle: N/A
[state-dump] - first wait request bundle: N/A
[state-dump] - first task request bundle: N/A
[state-dump] - num objects queued: 0
[state-dump] - num objects actively pulled (all): 0
[state-dump] - num objects actively pulled / pinned: 0
[state-dump] - num bundles being pulled: 0
[state-dump] - num pull retries: 0
[state-dump] - max timeout seconds: 0
[state-dump] - max timeout request is already processed. No entry.
[state-dump] 
[state-dump] WorkerPool:
[state-dump] - registered jobs: 1
[state-dump] - process_failed_job_config_missing: 0
[state-dump] - process_failed_rate_limited: 0
[state-dump] - process_failed_pending_registration: 192
[state-dump] - process_failed_runtime_env_setup_failed: 0
[state-dump] - num JAVA workers: 0
[state-dump] - num JAVA drivers: 0
[state-dump] - num JAVA pending start requests: 0
[state-dump] - num JAVA pending registration requests: 0
[state-dump] - num object spill callbacks queued: 0
[state-dump] - num object restore queued: 0
[state-dump] - num util functions queued: 0
[state-dump] - num PYTHON workers: 0
[state-dump] - num PYTHON drivers: 1
[state-dump] - num PYTHON pending start requests: 0
[state-dump] - num PYTHON pending registration requests: 0
[state-dump] - num object spill callbacks queued: 0
[state-dump] - num object restore queued: 0
[state-dump] - num util functions queued: 0
[state-dump] - num idle workers: 0
[state-dump] LeaseDependencyManager:
[state-dump] - lease deps map size: 0
[state-dump] - get req map size: 0
[state-dump] - wait req map size: 0
[state-dump] - local objects map size: 0
[state-dump] WaitManager:
[state-dump] - num active wait requests: 0
[state-dump] Subscriber:
[state-dump] Channel WORKER_OBJECT_LOCATIONS_CHANNEL
[state-dump] - cumulative subscribe requests: 0
[state-dump] - cumulative unsubscribe requests: 0
[state-dump] - active subscribed publishers: 0
[state-dump] - cumulative published messages: 0
[state-dump] - cumulative processed messages: 0
[state-dump] Channel WORKER_OBJECT_EVICTION
[state-dump] - cumulative subscribe requests: 0
[state-dump] - cumulative unsubscribe requests: 0
[state-dump] - active subscribed publishers: 0
[state-dump] - cumulative published messages: 0
[state-dump] - cumulative processed messages: 0
[state-dump] Channel WORKER_REF_REMOVED_CHANNEL
[state-dump] - cumulative subscribe requests: 0
[state-dump] - cumulative unsubscribe requests: 0
[state-dump] - active subscribed publishers: 0
[state-dump] - cumulative published messages: 0
[state-dump] - cumulative processed messages: 0
[state-dump] num async plasma notifications: 0
[state-dump] Event stats:
[state-dump] Global stats: 62765 total (16 active)
[state-dump] Queueing time: mean = 1.67ms, max = 3643.96ms, min = -95.24ms, total = 104912.05ms
[state-dump] Execution time:  mean = 19.41ms, total = 1218517.61ms
[state-dump] Event stats:
[state-dump] 	NodeManager.CheckGC - 13665 total (1 active), Execution time: mean = 0.01ms, total = 122.87ms, Queueing time: mean = 0.99ms, max = 3444.74ms, min = -95.24ms, total = 13487.78ms
[state-dump] 	RaySyncer.OnDemandBroadcasting - 13665 total (1 active), Execution time: mean = 0.01ms, total = 141.58ms, Queueing time: mean = 0.99ms, max = 3444.73ms, min = -0.02ms, total = 13470.90ms
[state-dump] 	ObjectManager.UpdateAvailableMemory - 13664 total (0 active), Execution time: mean = 0.00ms, total = 20.55ms, Queueing time: mean = 0.14ms, max = 100.68ms, min = 0.00ms, total = 1869.78ms
[state-dump] 	RayletWorkerPool.deadline_timer.kill_idle_workers - 6861 total (1 active), Execution time: mean = 0.00ms, total = 24.63ms, Queueing time: mean = 1.15ms, max = 3350.40ms, min = -0.00ms, total = 7906.25ms
[state-dump] 	MemoryMonitor.CheckIsMemoryUsageAboveThreshold - 5405 total (1 active), Execution time: mean = 3.52ms, total = 19011.00ms, Queueing time: mean = 1.84ms, max = 3291.29ms, min = -0.02ms, total = 9931.92ms
[state-dump] 	NodeManagerService.grpc_server.GetResourceLoad - 1379 total (0 active), Execution time: mean = 6.86ms, total = 9463.78ms, Queueing time: mean = 0.00ms, max = -0.00ms, min = 9223372036854.78ms, total = 0.00ms
[state-dump] 	NodeManagerService.grpc_server.GetResourceLoad.HandleRequestImpl - 1379 total (0 active), Execution time: mean = 0.13ms, total = 172.48ms, Queueing time: mean = 5.76ms, max = 3203.58ms, min = 0.01ms, total = 7942.31ms
[state-dump] 	NodeManager.deadline_timer.flush_free_objects - 1377 total (1 active), Execution time: mean = 0.00ms, total = 4.48ms, Queueing time: mean = 2.68ms, max = 2642.08ms, min = 0.00ms, total = 3694.90ms
[state-dump] 	NodeManager.CheckForUnexpectedWorkerDisconnects - 1377 total (1 active), Execution time: mean = 0.08ms, total = 103.96ms, Queueing time: mean = 2.61ms, max = 2644.57ms, min = -0.01ms, total = 3598.51ms
[state-dump] 	NodeManager.ScheduleAndGrantLeases - 1377 total (1 active), Execution time: mean = 0.01ms, total = 11.83ms, Queueing time: mean = 2.68ms, max = 2644.57ms, min = 0.00ms, total = 3690.86ms
[state-dump] 	NodeManager.deadline_timer.spill_objects_when_over_threshold - 1377 total (1 active), Execution time: mean = 0.00ms, total = 3.23ms, Queueing time: mean = 2.68ms, max = 2642.10ms, min = 0.00ms, total = 3696.19ms
[state-dump] 	ClusterResourceManager.ResetRemoteNodeView - 460 total (1 active), Execution time: mean = 0.00ms, total = 1.62ms, Queueing time: mean = 4.04ms, max = 1645.70ms, min = 0.01ms, total = 1860.33ms
[state-dump] 	NodeManager.deadline_timer.record_metrics - 276 total (1 active), Execution time: mean = 0.47ms, total = 129.14ms, Queueing time: mean = 1.61ms, max = 99.31ms, min = -0.00ms, total = 445.20ms
[state-dump] 	event_loop_lag_probe - 139 total (0 active), Execution time: mean = 0.01ms, total = 2.08ms, Queueing time: mean = 0.09ms, max = 6.45ms, min = 0.00ms, total = 12.85ms
[state-dump] 	NodeManager.deadline_timer.debug_state_dump - 138 total (1 active), Execution time: mean = 1.85ms, total = 255.78ms, Queueing time: mean = 1.11ms, max = 96.66ms, min = 0.01ms, total = 153.55ms
[state-dump] 	ReporterService.grpc_client.HealthCheck.OnReplyReceived - 31 total (0 active), Execution time: mean = 0.12ms, total = 3.62ms, Queueing time: mean = 0.17ms, max = 1.08ms, min = 0.01ms, total = 5.28ms
[state-dump] 	ReporterService.grpc_client.HealthCheck - 31 total (0 active), Execution time: mean = 19.15ms, total = 593.71ms, Queueing time: mean = 0.00ms, max = -0.00ms, min = 9223372036854.78ms, total = 0.00ms
[state-dump] 	MetricsAgentClient.WaitForServerReadyWithRetry - 30 total (0 active), Execution time: mean = 0.31ms, total = 9.18ms, Queueing time: mean = 1101.58ms, max = 3643.96ms, min = 1000.02ms, total = 33047.26ms
[state-dump] 	NodeManager.deadline_timer.print_event_loop_stats - 23 total (1 active, 1 running), Execution time: mean = 1.58ms, total = 36.29ms, Queueing time: mean = 0.02ms, max = 0.03ms, min = 0.01ms, total = 0.41ms
[state-dump] 	ray::rpc::NodeInfoGcsService.grpc_client.CheckAlive.OnReplyReceived - 23 total (0 active), Execution time: mean = 0.04ms, total = 0.94ms, Queueing time: mean = 0.03ms, max = 0.14ms, min = 0.02ms, total = 0.64ms
[state-dump] 	ray::rpc::NodeInfoGcsService.grpc_client.CheckAlive - 23 total (0 active), Execution time: mean = 2.77ms, total = 63.61ms, Queueing time: mean = 0.00ms, max = -0.00ms, min = 9223372036854.78ms, total = 0.00ms
[state-dump] 	NodeManager.GcsCheckAlive - 23 total (1 active), Execution time: mean = 0.25ms, total = 5.71ms, Queueing time: mean = 1.35ms, max = 1.67ms, min = 0.56ms, total = 31.09ms
[state-dump] 	PeriodicalRunner.RunFnPeriodically - 14 total (0 active), Execution time: mean = 0.23ms, total = 3.29ms, Queueing time: mean = 4.55ms, max = 12.98ms, min = 0.09ms, total = 63.65ms
[state-dump] 	ray::rpc::InternalPubSubGcsService.grpc_client.GcsSubscriberPoll - 3 total (1 active), Execution time: mean = 394920.31ms, total = 1184760.92ms, Queueing time: mean = 0.00ms, max = -0.00ms, min = 9223372036854.78ms, total = 0.00ms
[state-dump] 	ray::rpc::InternalPubSubGcsService.grpc_client.GcsSubscriberCommandBatch - 2 total (0 active), Execution time: mean = 0.92ms, total = 1.84ms, Queueing time: mean = 0.00ms, max = -0.00ms, min = 9223372036854.78ms, total = 0.00ms
[state-dump] 	RaySyncerRegister - 2 total (0 active), Execution time: mean = 0.00ms, total = 0.01ms, Queueing time: mean = 0.00ms, max = 0.00ms, min = 0.00ms, total = 0.00ms
[state-dump] 	NodeManager.GCTaskFailureReason - 2 total (1 active), Execution time: mean = 0.00ms, total = 0.00ms, Queueing time: mean = 0.01ms, max = 0.02ms, min = 0.02ms, total = 0.02ms
[state-dump] 	ray::rpc::InternalPubSubGcsService.grpc_client.GcsSubscriberCommandBatch.OnReplyReceived - 2 total (0 active), Execution time: mean = 0.10ms, total = 0.20ms, Queueing time: mean = 1.08ms, max = 2.01ms, min = 0.15ms, total = 2.16ms
[state-dump] 	ray::rpc::InternalPubSubGcsService.grpc_client.GcsSubscriberPoll.OnReplyReceived - 2 total (0 active), Execution time: mean = 0.28ms, total = 0.56ms, Queueing time: mean = 0.03ms, max = 0.03ms, min = 0.02ms, total = 0.05ms
[state-dump] 	ClientConnection.async_read.ProcessMessageHeader - 2 total (1 active), Execution time: mean = 0.00ms, total = 0.01ms, Queueing time: mean = 0.01ms, max = 0.02ms, min = 0.02ms, total = 0.02ms
[state-dump] 	ray::rpc::InternalKVGcsService.grpc_client.GetInternalConfig.OnReplyReceived - 1 total (0 active), Execution time: mean = 24.53ms, total = 24.53ms, Queueing time: mean = 0.03ms, max = 0.03ms, min = 0.03ms, total = 0.03ms
[state-dump] 	ray::rpc::InternalKVGcsService.grpc_client.GetInternalConfig - 1 total (0 active), Execution time: mean = 1.38ms, total = 1.38ms, Queueing time: mean = 0.00ms, max = -0.00ms, min = 9223372036854.78ms, total = 0.00ms
[state-dump] 	ray::rpc::NodeInfoGcsService.grpc_client.GetAllNodeAddressAndLiveness.OnReplyReceived - 1 total (0 active), Execution time: mean = 0.15ms, total = 0.15ms, Queueing time: mean = 0.01ms, max = 0.01ms, min = 0.01ms, total = 0.01ms
[state-dump] 	NodeManagerService.grpc_server.GetSystemConfig.HandleRequestImpl - 1 total (0 active), Execution time: mean = 0.09ms, total = 0.09ms, Queueing time: mean = 0.02ms, max = 0.02ms, min = 0.02ms, total = 0.02ms
[state-dump] 	ray::rpc::NodeInfoGcsService.grpc_client.RegisterNode - 1 total (0 active), Execution time: mean = 1.29ms, total = 1.29ms, Queueing time: mean = 0.00ms, max = -0.00ms, min = 9223372036854.78ms, total = 0.00ms
[state-dump] 	ClientConnection.async_read.ProcessMessage - 1 total (0 active), Execution time: mean = 3538.24ms, total = 3538.24ms, Queueing time: mean = 0.01ms, max = 0.01ms, min = 0.01ms, total = 0.01ms
[state-dump] 	ray::rpc::NodeInfoGcsService.grpc_client.RegisterNode.OnReplyReceived - 1 total (0 active), Execution time: mean = 0.68ms, total = 0.68ms, Queueing time: mean = 0.05ms, max = 0.05ms, min = 0.05ms, total = 0.05ms
[state-dump] 	NodeManagerService.grpc_server.GetSystemConfig - 1 total (0 active), Execution time: mean = 0.65ms, total = 0.65ms, Queueing time: mean = 0.00ms, max = -0.00ms, min = 9223372036854.78ms, total = 0.00ms
[state-dump] 	ray::rpc::JobInfoGcsService.grpc_client.GetAllJobInfo - 1 total (0 active), Execution time: mean = 0.76ms, total = 0.76ms, Queueing time: mean = 0.00ms, max = -0.00ms, min = 9223372036854.78ms, total = 0.00ms
[state-dump] 	ray::rpc::JobInfoGcsService.grpc_client.GetAllJobInfo.OnReplyReceived - 1 total (0 active), Execution time: mean = 0.03ms, total = 0.03ms, Queueing time: mean = 0.01ms, max = 0.01ms, min = 0.01ms, total = 0.01ms
[state-dump] 	 - 1 total (0 active), Execution time: mean = 0.00ms, total = 0.00ms, Queueing time: mean = 0.02ms, max = 0.02ms, min = 0.02ms, total = 0.02ms
[state-dump] 	RaySyncer.BroadcastMessage - 1 total (0 active), Execution time: mean = 0.09ms, total = 0.09ms, Queueing time: mean = 0.00ms, max = 0.00ms, min = 0.00ms, total = 0.00ms
[state-dump] 	ray::rpc::NodeInfoGcsService.grpc_client.GetAllNodeAddressAndLiveness - 1 total (0 active), Execution time: mean = 0.85ms, total = 0.85ms, Queueing time: mean = 0.00ms, max = -0.00ms, min = 9223372036854.78ms, total = 0.00ms
[state-dump] DebugString() time ms: 0
[state-dump] 
[state-dump] 
[2026-06-04 22:52:24,127 I 859 892] (raylet) store.cc:573: Plasma store debug dump: 
Current usage: 0 / 20.0817 GB
- num bytes created total: 0
0 pending objects of total size 0MB
- objects spillable: 0
- bytes spillable: 0
- objects unsealed: 0
- bytes unsealed: 0
- objects in use: 0
- bytes in use: 0
- objects evictable: 0
- bytes evictable: 0

- objects created by worker: 0
- bytes created by worker: 0
- objects restored: 0
- bytes restored: 0
- objects received: 0
- bytes received: 0
- objects errored: 0
- bytes errored: 0

[2026-06-04 22:52:24,188 I 859 859] (raylet) node_manager.cc:424: [state-dump] NodeManager:
[state-dump] Node ID: 11e184b7641b47dd66e5366c42f7fe51cb28f4bab1ca7ef8847590e4
[state-dump] Node name: 172.16.254.232
[state-dump] InitialConfigResources: {node:__internal_head__: 1, CPU: 192, node:172.16.254.232: 1, object_store_memory: 2.00817e+10, memory: 4.68574e+10}
[state-dump] ClusterLeaseManager:
[state-dump] ========== Node: 11e184b7641b47dd66e5366c42f7fe51cb28f4bab1ca7ef8847590e4 =================
[state-dump] Infeasible queue length: 0
[state-dump] Schedule queue length: 0
[state-dump] Grant queue length: 0
[state-dump] num_waiting_for_resource: 0
[state-dump] num_waiting_for_plasma_memory: 0
[state-dump] num_waiting_for_remote_node_resources: 0
[state-dump] num_worker_not_started_by_job_config_not_exist: 0
[state-dump] num_worker_not_started_by_registration_timeout: 0
[state-dump] num_tasks_waiting_for_workers: 0
[state-dump] num_cancelled_leases: 0
[state-dump] cluster_resource_scheduler state: 
[state-dump] Local id: 1457234449467745066 Local resources: {"total":{object_store_memory: [200817303550000], node:__internal_head__: [10000], memory: [468573708290000], CPU: [1920000], node:172.16.254.232: [10000]}}, "available": {memory: [468573708290000], CPU: [1920000], node:172.16.254.232: [10000], object_store_memory: [200817303550000], node:__internal_head__: [10000]}}, "labels":{"ray.io/node-id":"11e184b7641b47dd66e5366c42f7fe51cb28f4bab1ca7ef8847590e4",} is_draining: 0 is_idle: 1 Cluster resources (at most 20 nodes are shown): node id: 1457234449467745066{"total":{node:172.16.254.232: 10000, node:__internal_head__: 10000, memory: 468573708290000, object_store_memory: 200817303550000, CPU: 1920000}}, "available": {node:172.16.254.232: 10000, node:__internal_head__: 10000, memory: 468573708290000, CPU: 1920000, object_store_memory: 200817303550000}}, "labels":{"ray.io/node-id":"11e184b7641b47dd66e5366c42f7fe51cb28f4bab1ca7ef8847590e4",}, "is_draining": 0, "draining_deadline_timestamp_ms": -1} { "placement group locations": [], "node to bundles": []}
[state-dump] Waiting leases size: 0
[state-dump] Number of granted lease arguments: 0
[state-dump] Number of pinned lease arguments: 0
[state-dump] Number of total spilled leases: 0
[state-dump] Number of spilled waiting leases: 0
[state-dump] Number of spilled unschedulable leases: 0
[state-dump] Resource usage {
[state-dump] }
[state-dump] Backlog Size per scheduling descriptor :{workerId: num backlogs}:
[state-dump] 
[state-dump] Granted leases by scheduling class:
[state-dump] ==================================================
[state-dump] 
[state-dump] ClusterResources:
[state-dump] LocalObjectManager:
[state-dump] - num pinned objects: 0
[state-dump] - pinned objects size: 0
[state-dump] - num objects pending restore: 0
[state-dump] - num objects pending spill: 0
[state-dump] - num bytes pending spill: 0
[state-dump] - num bytes currently spilled: 0
[state-dump] - cumulative spill requests: 0
[state-dump] - cumulative restore requests: 0
[state-dump] - spilled objects pending delete: 0
[state-dump] 
[state-dump] ObjectManager:
[state-dump] - num local objects: 0
[state-dump] - num unfulfilled push requests: 0
[state-dump] - num object pull requests: 0
[state-dump] - num chunks received total: 0
[state-dump] - num chunks received failed (all): 0
[state-dump] - num chunks received failed / cancelled: 0
[state-dump] - num chunks received failed / plasma error: 0
[state-dump] Event stats:
[state-dump] Global stats: 0 total (0 active)
[state-dump] Queueing time: mean = -nanms, max = -0.00ms, min = 9223372036854.78ms, total = 0.00ms
[state-dump] Execution time:  mean = -nanms, total = 0.00ms
[state-dump] Event stats:
[state-dump] PushManager:
[state-dump] - num pushes remaining: 0
[state-dump] - num chunks in flight: 0
[state-dump] - num chunks remaining: 0
[state-dump] - max chunks allowed: 409
[state-dump] OwnershipBasedObjectDirectory:
[state-dump] - num listeners: 0
[state-dump] - cumulative location updates: 0
[state-dump] - num location updates per second: 0.000
[state-dump] - num location lookups per second: 0.000
[state-dump] - num locations added per second: 0.000
[state-dump] - num locations removed per second: 0.000
[state-dump] BufferPool:
[state-dump] - create buffer state map size: 0
[state-dump] PullManager:
[state-dump] - num bytes available for pulled objects: 20081730355
[state-dump] - num bytes being pulled (all): 0
[state-dump] - num bytes being pulled / pinned: 0
[state-dump] - get request bundles: BundlePullRequestQueue{0 total, 0 active, 0 inactive, 0 unpullable}
[state-dump] - wait request bundles: BundlePullRequestQueue{0 total, 0 active, 0 inactive, 0 unpullable}
[state-dump] - task request bundles: BundlePullRequestQueue{0 total, 0 active, 0 inactive, 0 unpullable}
[state-dump] - first get request bundle: N/A
[state-dump] - first wait request bundle: N/A
[state-dump] - first task request bundle: N/A
[state-dump] - num objects queued: 0
[state-dump] - num objects actively pulled (all): 0
[state-dump] - num objects actively pulled / pinned: 0
[state-dump] - num bundles being pulled: 0
[state-dump] - num pull retries: 0
[state-dump] - max timeout seconds: 0
[state-dump] - max timeout request is already processed. No entry.
[state-dump] 
[state-dump] WorkerPool:
[state-dump] - registered jobs: 1
[state-dump] - process_failed_job_config_missing: 0
[state-dump] - process_failed_rate_limited: 0
[state-dump] - process_failed_pending_registration: 192
[state-dump] - process_failed_runtime_env_setup_failed: 0
[state-dump] - num JAVA workers: 0
[state-dump] - num JAVA drivers: 0
[state-dump] - num JAVA pending start requests: 0
[state-dump] - num JAVA pending registration requests: 0
[state-dump] - num object spill callbacks queued: 0
[state-dump] - num object restore queued: 0
[state-dump] - num util functions queued: 0
[state-dump] - num PYTHON workers: 0
[state-dump] - num PYTHON drivers: 1
[state-dump] - num PYTHON pending start requests: 0
[state-dump] - num PYTHON pending registration requests: 0
[state-dump] - num object spill callbacks queued: 0
[state-dump] - num object restore queued: 0
[state-dump] - num util functions queued: 0
[state-dump] - num idle workers: 0
[state-dump] LeaseDependencyManager:
[state-dump] - lease deps map size: 0
[state-dump] - get req map size: 0
[state-dump] - wait req map size: 0
[state-dump] - local objects map size: 0
[state-dump] WaitManager:
[state-dump] - num active wait requests: 0
[state-dump] Subscriber:
[state-dump] Channel WORKER_OBJECT_LOCATIONS_CHANNEL
[state-dump] - cumulative subscribe requests: 0
[state-dump] - cumulative unsubscribe requests: 0
[state-dump] - active subscribed publishers: 0
[state-dump] - cumulative published messages: 0
[state-dump] - cumulative processed messages: 0
[state-dump] Channel WORKER_OBJECT_EVICTION
[state-dump] - cumulative subscribe requests: 0
[state-dump] - cumulative unsubscribe requests: 0
[state-dump] - active subscribed publishers: 0
[state-dump] - cumulative published messages: 0
[state-dump] - cumulative processed messages: 0
[state-dump] Channel WORKER_REF_REMOVED_CHANNEL
[state-dump] - cumulative subscribe requests: 0
[state-dump] - cumulative unsubscribe requests: 0
[state-dump] - active subscribed publishers: 0
[state-dump] - cumulative published messages: 0
[state-dump] - cumulative processed messages: 0
[state-dump] num async plasma notifications: 0
[state-dump] Event stats:
[state-dump] Global stats: 65511 total (16 active)
[state-dump] Queueing time: mean = 1.60ms, max = 3643.96ms, min = -95.24ms, total = 104974.97ms
[state-dump] Execution time:  mean = 18.61ms, total = 1219066.12ms
[state-dump] Event stats:
[state-dump] 	NodeManager.CheckGC - 14265 total (1 active), Execution time: mean = 0.01ms, total = 123.96ms, Queueing time: mean = 0.95ms, max = 3444.74ms, min = -95.24ms, total = 13504.63ms
[state-dump] 	RaySyncer.OnDemandBroadcasting - 14265 total (1 active), Execution time: mean = 0.01ms, total = 143.51ms, Queueing time: mean = 0.95ms, max = 3444.73ms, min = -0.02ms, total = 13486.98ms
[state-dump] 	ObjectManager.UpdateAvailableMemory - 14264 total (0 active), Execution time: mean = 0.00ms, total = 21.39ms, Queueing time: mean = 0.13ms, max = 100.68ms, min = 0.00ms, total = 1877.47ms
[state-dump] 	RayletWorkerPool.deadline_timer.kill_idle_workers - 7161 total (1 active), Execution time: mean = 0.00ms, total = 25.50ms, Queueing time: mean = 1.11ms, max = 3350.40ms, min = -0.00ms, total = 7913.50ms
[state-dump] 	MemoryMonitor.CheckIsMemoryUsageAboveThreshold - 5643 total (1 active), Execution time: mean = 3.46ms, total = 19504.78ms, Queueing time: mean = 1.76ms, max = 3291.29ms, min = -0.02ms, total = 9935.86ms
[state-dump] 	NodeManagerService.grpc_server.GetResourceLoad - 1439 total (0 active), Execution time: mean = 6.60ms, total = 9490.79ms, Queueing time: mean = 0.00ms, max = -0.00ms, min = 9223372036854.78ms, total = 0.00ms
[state-dump] 	NodeManagerService.grpc_server.GetResourceLoad.HandleRequestImpl - 1439 total (0 active), Execution time: mean = 0.12ms, total = 179.68ms, Queueing time: mean = 5.52ms, max = 3203.58ms, min = 0.01ms, total = 7945.73ms
[state-dump] 	NodeManager.deadline_timer.flush_free_objects - 1437 total (1 active), Execution time: mean = 0.00ms, total = 4.65ms, Queueing time: mean = 2.57ms, max = 2642.08ms, min = 0.00ms, total = 3696.67ms
[state-dump] 	NodeManager.CheckForUnexpectedWorkerDisconnects - 1437 total (1 active), Execution time: mean = 0.07ms, total = 104.40ms, Queueing time: mean = 2.51ms, max = 2644.57ms, min = -0.01ms, total = 3600.02ms
[state-dump] 	NodeManager.ScheduleAndGrantLeases - 1437 total (1 active), Execution time: mean = 0.01ms, total = 12.29ms, Queueing time: mean = 2.57ms, max = 2644.57ms, min = 0.00ms, total = 3692.36ms
[state-dump] 	NodeManager.deadline_timer.spill_objects_when_over_threshold - 1437 total (1 active), Execution time: mean = 0.00ms, total = 3.36ms, Queueing time: mean = 2.57ms, max = 2642.10ms, min = 0.00ms, total = 3698.01ms
[state-dump] 	ClusterResourceManager.ResetRemoteNodeView - 480 total (1 active), Execution time: mean = 0.00ms, total = 1.68ms, Queueing time: mean = 3.88ms, max = 1645.70ms, min = 0.01ms, total = 1860.66ms
[state-dump] 	NodeManager.deadline_timer.record_metrics - 288 total (1 active), Execution time: mean = 0.47ms, total = 134.56ms, Queueing time: mean = 1.55ms, max = 99.31ms, min = -0.00ms, total = 445.39ms
[state-dump] 	event_loop_lag_probe - 145 total (0 active), Execution time: mean = 0.01ms, total = 2.16ms, Queueing time: mean = 0.09ms, max = 6.45ms, min = 0.00ms, total = 12.89ms
[state-dump] 	NodeManager.deadline_timer.debug_state_dump - 144 total (1 active), Execution time: mean = 1.83ms, total = 263.10ms, Queueing time: mean = 1.07ms, max = 96.66ms, min = 0.01ms, total = 153.67ms
[state-dump] 	ReporterService.grpc_client.HealthCheck.OnReplyReceived - 31 total (0 active), Execution time: mean = 0.12ms, total = 3.62ms, Queueing time: mean = 0.17ms, max = 1.08ms, min = 0.01ms, total = 5.28ms
[state-dump] 	ReporterService.grpc_client.HealthCheck - 31 total (0 active), Execution time: mean = 19.15ms, total = 593.71ms, Queueing time: mean = 0.00ms, max = -0.00ms, min = 9223372036854.78ms, total = 0.00ms
[state-dump] 	MetricsAgentClient.WaitForServerReadyWithRetry - 30 total (0 active), Execution time: mean = 0.31ms, total = 9.18ms, Queueing time: mean = 1101.58ms, max = 3643.96ms, min = 1000.02ms, total = 33047.26ms
[state-dump] 	NodeManager.deadline_timer.print_event_loop_stats - 24 total (1 active, 1 running), Execution time: mean = 1.54ms, total = 36.93ms, Queueing time: mean = 0.02ms, max = 0.03ms, min = 0.01ms, total = 0.42ms
[state-dump] 	ray::rpc::NodeInfoGcsService.grpc_client.CheckAlive.OnReplyReceived - 24 total (0 active), Execution time: mean = 0.04ms, total = 0.97ms, Queueing time: mean = 0.03ms, max = 0.14ms, min = 0.01ms, total = 0.65ms
[state-dump] 	ray::rpc::NodeInfoGcsService.grpc_client.CheckAlive - 24 total (0 active), Execution time: mean = 2.69ms, total = 64.49ms, Queueing time: mean = 0.00ms, max = -0.00ms, min = 9223372036854.78ms, total = 0.00ms
[state-dump] 	NodeManager.GcsCheckAlive - 24 total (1 active), Execution time: mean = 0.24ms, total = 5.85ms, Queueing time: mean = 1.31ms, max = 1.67ms, min = 0.40ms, total = 31.49ms
[state-dump] 	PeriodicalRunner.RunFnPeriodically - 14 total (0 active), Execution time: mean = 0.23ms, total = 3.29ms, Queueing time: mean = 4.55ms, max = 12.98ms, min = 0.09ms, total = 63.65ms
[state-dump] 	ray::rpc::InternalPubSubGcsService.grpc_client.GcsSubscriberPoll - 3 total (1 active), Execution time: mean = 394920.31ms, total = 1184760.92ms, Queueing time: mean = 0.00ms, max = -0.00ms, min = 9223372036854.78ms, total = 0.00ms
[state-dump] 	ray::rpc::InternalPubSubGcsService.grpc_client.GcsSubscriberCommandBatch - 2 total (0 active), Execution time: mean = 0.92ms, total = 1.84ms, Queueing time: mean = 0.00ms, max = -0.00ms, min = 9223372036854.78ms, total = 0.00ms
[state-dump] 	RaySyncerRegister - 2 total (0 active), Execution time: mean = 0.00ms, total = 0.01ms, Queueing time: mean = 0.00ms, max = 0.00ms, min = 0.00ms, total = 0.00ms
[state-dump] 	NodeManager.GCTaskFailureReason - 2 total (1 active), Execution time: mean = 0.00ms, total = 0.00ms, Queueing time: mean = 0.01ms, max = 0.02ms, min = 0.02ms, total = 0.02ms
[state-dump] 	ray::rpc::InternalPubSubGcsService.grpc_client.GcsSubscriberCommandBatch.OnReplyReceived - 2 total (0 active), Execution time: mean = 0.10ms, total = 0.20ms, Queueing time: mean = 1.08ms, max = 2.01ms, min = 0.15ms, total = 2.16ms
[state-dump] 	ray::rpc::InternalPubSubGcsService.grpc_client.GcsSubscriberPoll.OnReplyReceived - 2 total (0 active), Execution time: mean = 0.28ms, total = 0.56ms, Queueing time: mean = 0.03ms, max = 0.03ms, min = 0.02ms, total = 0.05ms
[state-dump] 	ClientConnection.async_read.ProcessMessageHeader - 2 total (1 active), Execution time: mean = 0.00ms, total = 0.01ms, Queueing time: mean = 0.01ms, max = 0.02ms, min = 0.02ms, total = 0.02ms
[state-dump] 	ray::rpc::InternalKVGcsService.grpc_client.GetInternalConfig.OnReplyReceived - 1 total (0 active), Execution time: mean = 24.53ms, total = 24.53ms, Queueing time: mean = 0.03ms, max = 0.03ms, min = 0.03ms, total = 0.03ms
[state-dump] 	ray::rpc::InternalKVGcsService.grpc_client.GetInternalConfig - 1 total (0 active), Execution time: mean = 1.38ms, total = 1.38ms, Queueing time: mean = 0.00ms, max = -0.00ms, min = 9223372036854.78ms, total = 0.00ms
[state-dump] 	ray::rpc::NodeInfoGcsService.grpc_client.GetAllNodeAddressAndLiveness.OnReplyReceived - 1 total (0 active), Execution time: mean = 0.15ms, total = 0.15ms, Queueing time: mean = 0.01ms, max = 0.01ms, min = 0.01ms, total = 0.01ms
[state-dump] 	NodeManagerService.grpc_server.GetSystemConfig.HandleRequestImpl - 1 total (0 active), Execution time: mean = 0.09ms, total = 0.09ms, Queueing time: mean = 0.02ms, max = 0.02ms, min = 0.02ms, total = 0.02ms
[state-dump] 	ray::rpc::NodeInfoGcsService.grpc_client.RegisterNode - 1 total (0 active), Execution time: mean = 1.29ms, total = 1.29ms, Queueing time: mean = 0.00ms, max = -0.00ms, min = 9223372036854.78ms, total = 0.00ms
[state-dump] 	ClientConnection.async_read.ProcessMessage - 1 total (0 active), Execution time: mean = 3538.24ms, total = 3538.24ms, Queueing time: mean = 0.01ms, max = 0.01ms, min = 0.01ms, total = 0.01ms
[state-dump] 	ray::rpc::NodeInfoGcsService.grpc_client.RegisterNode.OnReplyReceived - 1 total (0 active), Execution time: mean = 0.68ms, total = 0.68ms, Queueing time: mean = 0.05ms, max = 0.05ms, min = 0.05ms, total = 0.05ms
[state-dump] 	NodeManagerService.grpc_server.GetSystemConfig - 1 total (0 active), Execution time: mean = 0.65ms, total = 0.65ms, Queueing time: mean = 0.00ms, max = -0.00ms, min = 9223372036854.78ms, total = 0.00ms
[state-dump] 	ray::rpc::JobInfoGcsService.grpc_client.GetAllJobInfo - 1 total (0 active), Execution time: mean = 0.76ms, total = 0.76ms, Queueing time: mean = 0.00ms, max = -0.00ms, min = 9223372036854.78ms, total = 0.00ms
[state-dump] 	ray::rpc::JobInfoGcsService.grpc_client.GetAllJobInfo.OnReplyReceived - 1 total (0 active), Execution time: mean = 0.03ms, total = 0.03ms, Queueing time: mean = 0.01ms, max = 0.01ms, min = 0.01ms, total = 0.01ms
[state-dump] 	 - 1 total (0 active), Execution time: mean = 0.00ms, total = 0.00ms, Queueing time: mean = 0.02ms, max = 0.02ms, min = 0.02ms, total = 0.02ms
[state-dump] 	RaySyncer.BroadcastMessage - 1 total (0 active), Execution time: mean = 0.09ms, total = 0.09ms, Queueing time: mean = 0.00ms, max = 0.00ms, min = 0.00ms, total = 0.00ms
[state-dump] 	ray::rpc::NodeInfoGcsService.grpc_client.GetAllNodeAddressAndLiveness - 1 total (0 active), Execution time: mean = 0.85ms, total = 0.85ms, Queueing time: mean = 0.00ms, max = -0.00ms, min = 9223372036854.78ms, total = 0.00ms
[state-dump] DebugString() time ms: 1
[state-dump] 
[state-dump] 
[2026-06-04 22:53:24,128 I 859 892] (raylet) store.cc:573: Plasma store debug dump: 
Current usage: 0 / 20.0817 GB
- num bytes created total: 0
0 pending objects of total size 0MB
- objects spillable: 0
- bytes spillable: 0
- objects unsealed: 0
- bytes unsealed: 0
- objects in use: 0
- bytes in use: 0
- objects evictable: 0
- bytes evictable: 0

- objects created by worker: 0
- bytes created by worker: 0
- objects restored: 0
- bytes restored: 0
- objects received: 0
- bytes received: 0
- objects errored: 0
- bytes errored: 0

[2026-06-04 22:53:24,189 I 859 859] (raylet) node_manager.cc:424: [state-dump] NodeManager:
[state-dump] Node ID: 11e184b7641b47dd66e5366c42f7fe51cb28f4bab1ca7ef8847590e4
[state-dump] Node name: 172.16.254.232
[state-dump] InitialConfigResources: {node:__internal_head__: 1, CPU: 192, node:172.16.254.232: 1, object_store_memory: 2.00817e+10, memory: 4.68574e+10}
[state-dump] ClusterLeaseManager:
[state-dump] ========== Node: 11e184b7641b47dd66e5366c42f7fe51cb28f4bab1ca7ef8847590e4 =================
[state-dump] Infeasible queue length: 0
[state-dump] Schedule queue length: 0
[state-dump] Grant queue length: 0
[state-dump] num_waiting_for_resource: 0
[state-dump] num_waiting_for_plasma_memory: 0
[state-dump] num_waiting_for_remote_node_resources: 0
[state-dump] num_worker_not_started_by_job_config_not_exist: 0
[state-dump] num_worker_not_started_by_registration_timeout: 0
[state-dump] num_tasks_waiting_for_workers: 0
[state-dump] num_cancelled_leases: 0
[state-dump] cluster_resource_scheduler state: 
[state-dump] Local id: 1457234449467745066 Local resources: {"total":{object_store_memory: [200817303550000], node:__internal_head__: [10000], memory: [468573708290000], CPU: [1920000], node:172.16.254.232: [10000]}}, "available": {memory: [468573708290000], CPU: [1920000], node:172.16.254.232: [10000], object_store_memory: [200817303550000], node:__internal_head__: [10000]}}, "labels":{"ray.io/node-id":"11e184b7641b47dd66e5366c42f7fe51cb28f4bab1ca7ef8847590e4",} is_draining: 0 is_idle: 1 Cluster resources (at most 20 nodes are shown): node id: 1457234449467745066{"total":{node:172.16.254.232: 10000, node:__internal_head__: 10000, memory: 468573708290000, object_store_memory: 200817303550000, CPU: 1920000}}, "available": {node:172.16.254.232: 10000, node:__internal_head__: 10000, memory: 468573708290000, CPU: 1920000, object_store_memory: 200817303550000}}, "labels":{"ray.io/node-id":"11e184b7641b47dd66e5366c42f7fe51cb28f4bab1ca7ef8847590e4",}, "is_draining": 0, "draining_deadline_timestamp_ms": -1} { "placement group locations": [], "node to bundles": []}
[state-dump] Waiting leases size: 0
[state-dump] Number of granted lease arguments: 0
[state-dump] Number of pinned lease arguments: 0
[state-dump] Number of total spilled leases: 0
[state-dump] Number of spilled waiting leases: 0
[state-dump] Number of spilled unschedulable leases: 0
[state-dump] Resource usage {
[state-dump] }
[state-dump] Backlog Size per scheduling descriptor :{workerId: num backlogs}:
[state-dump] 
[state-dump] Granted leases by scheduling class:
[state-dump] ==================================================
[state-dump] 
[state-dump] ClusterResources:
[state-dump] LocalObjectManager:
[state-dump] - num pinned objects: 0
[state-dump] - pinned objects size: 0
[state-dump] - num objects pending restore: 0
[state-dump] - num objects pending spill: 0
[state-dump] - num bytes pending spill: 0
[state-dump] - num bytes currently spilled: 0
[state-dump] - cumulative spill requests: 0
[state-dump] - cumulative restore requests: 0
[state-dump] - spilled objects pending delete: 0
[state-dump] 
[state-dump] ObjectManager:
[state-dump] - num local objects: 0
[state-dump] - num unfulfilled push requests: 0
[state-dump] - num object pull requests: 0
[state-dump] - num chunks received total: 0
[state-dump] - num chunks received failed (all): 0
[state-dump] - num chunks received failed / cancelled: 0
[state-dump] - num chunks received failed / plasma error: 0
[state-dump] Event stats:
[state-dump] Global stats: 0 total (0 active)
[state-dump] Queueing time: mean = -nanms, max = -0.00ms, min = 9223372036854.78ms, total = 0.00ms
[state-dump] Execution time:  mean = -nanms, total = 0.00ms
[state-dump] Event stats:
[state-dump] PushManager:
[state-dump] - num pushes remaining: 0
[state-dump] - num chunks in flight: 0
[state-dump] - num chunks remaining: 0
[state-dump] - max chunks allowed: 409
[state-dump] OwnershipBasedObjectDirectory:
[state-dump] - num listeners: 0
[state-dump] - cumulative location updates: 0
[state-dump] - num location updates per second: 0.000
[state-dump] - num location lookups per second: 0.000
[state-dump] - num locations added per second: 0.000
[state-dump] - num locations removed per second: 0.000
[state-dump] BufferPool:
[state-dump] - create buffer state map size: 0
[state-dump] PullManager:
[state-dump] - num bytes available for pulled objects: 20081730355
[state-dump] - num bytes being pulled (all): 0
[state-dump] - num bytes being pulled / pinned: 0
[state-dump] - get request bundles: BundlePullRequestQueue{0 total, 0 active, 0 inactive, 0 unpullable}
[state-dump] - wait request bundles: BundlePullRequestQueue{0 total, 0 active, 0 inactive, 0 unpullable}
[state-dump] - task request bundles: BundlePullRequestQueue{0 total, 0 active, 0 inactive, 0 unpullable}
[state-dump] - first get request bundle: N/A
[state-dump] - first wait request bundle: N/A
[state-dump] - first task request bundle: N/A
[state-dump] - num objects queued: 0
[state-dump] - num objects actively pulled (all): 0
[state-dump] - num objects actively pulled / pinned: 0
[state-dump] - num bundles being pulled: 0
[state-dump] - num pull retries: 0
[state-dump] - max timeout seconds: 0
[state-dump] - max timeout request is already processed. No entry.
[state-dump] 
[state-dump] WorkerPool:
[state-dump] - registered jobs: 1
[state-dump] - process_failed_job_config_missing: 0
[state-dump] - process_failed_rate_limited: 0
[state-dump] - process_failed_pending_registration: 192
[state-dump] - process_failed_runtime_env_setup_failed: 0
[state-dump] - num JAVA workers: 0
[state-dump] - num JAVA drivers: 0
[state-dump] - num JAVA pending start requests: 0
[state-dump] - num JAVA pending registration requests: 0
[state-dump] - num object spill callbacks queued: 0
[state-dump] - num object restore queued: 0
[state-dump] - num util functions queued: 0
[state-dump] - num PYTHON workers: 0
[state-dump] - num PYTHON drivers: 1
[state-dump] - num PYTHON pending start requests: 0
[state-dump] - num PYTHON pending registration requests: 0
[state-dump] - num object spill callbacks queued: 0
[state-dump] - num object restore queued: 0
[state-dump] - num util functions queued: 0
[state-dump] - num idle workers: 0
[state-dump] LeaseDependencyManager:
[state-dump] - lease deps map size: 0
[state-dump] - get req map size: 0
[state-dump] - wait req map size: 0
[state-dump] - local objects map size: 0
[state-dump] WaitManager:
[state-dump] - num active wait requests: 0
[state-dump] Subscriber:
[state-dump] Channel WORKER_OBJECT_LOCATIONS_CHANNEL
[state-dump] - cumulative subscribe requests: 0
[state-dump] - cumulative unsubscribe requests: 0
[state-dump] - active subscribed publishers: 0
[state-dump] - cumulative published messages: 0
[state-dump] - cumulative processed messages: 0
[state-dump] Channel WORKER_OBJECT_EVICTION
[state-dump] - cumulative subscribe requests: 0
[state-dump] - cumulative unsubscribe requests: 0
[state-dump] - active subscribed publishers: 0
[state-dump] - cumulative published messages: 0
[state-dump] - cumulative processed messages: 0
[state-dump] Channel WORKER_REF_REMOVED_CHANNEL
[state-dump] - cumulative subscribe requests: 0
[state-dump] - cumulative unsubscribe requests: 0
[state-dump] - active subscribed publishers: 0
[state-dump] - cumulative published messages: 0
[state-dump] - cumulative processed messages: 0
[state-dump] num async plasma notifications: 0
[state-dump] Event stats:
[state-dump] Global stats: 68254 total (16 active)
[state-dump] Queueing time: mean = 1.54ms, max = 3643.96ms, min = -95.24ms, total = 105045.96ms
[state-dump] Execution time:  mean = 17.87ms, total = 1219578.80ms
[state-dump] Event stats:
[state-dump] 	NodeManager.CheckGC - 14864 total (1 active), Execution time: mean = 0.01ms, total = 125.07ms, Queueing time: mean = 0.91ms, max = 3444.74ms, min = -95.24ms, total = 13523.01ms
[state-dump] 	RaySyncer.OnDemandBroadcasting - 14864 total (1 active), Execution time: mean = 0.01ms, total = 145.42ms, Queueing time: mean = 0.91ms, max = 3444.73ms, min = -0.02ms, total = 13504.63ms
[state-dump] 	ObjectManager.UpdateAvailableMemory - 14863 total (0 active), Execution time: mean = 0.00ms, total = 22.22ms, Queueing time: mean = 0.13ms, max = 100.68ms, min = 0.00ms, total = 1885.10ms
[state-dump] 	RayletWorkerPool.deadline_timer.kill_idle_workers - 7461 total (1 active), Execution time: mean = 0.00ms, total = 26.45ms, Queueing time: mean = 1.06ms, max = 3350.40ms, min = -0.00ms, total = 7918.48ms
[state-dump] 	MemoryMonitor.CheckIsMemoryUsageAboveThreshold - 5881 total (1 active), Execution time: mean = 3.40ms, total = 19966.40ms, Queueing time: mean = 1.69ms, max = 3291.29ms, min = -0.02ms, total = 9939.76ms
[state-dump] 	NodeManagerService.grpc_server.GetResourceLoad - 1499 total (0 active), Execution time: mean = 6.35ms, total = 9515.16ms, Queueing time: mean = 0.00ms, max = -0.00ms, min = 9223372036854.78ms, total = 0.00ms
[state-dump] 	NodeManagerService.grpc_server.GetResourceLoad.HandleRequestImpl - 1499 total (0 active), Execution time: mean = 0.12ms, total = 186.31ms, Queueing time: mean = 5.30ms, max = 3203.58ms, min = 0.01ms, total = 7946.84ms
[state-dump] 	NodeManager.deadline_timer.flush_free_objects - 1497 total (1 active), Execution time: mean = 0.00ms, total = 4.82ms, Queueing time: mean = 2.47ms, max = 2642.08ms, min = 0.00ms, total = 3700.48ms
[state-dump] 	NodeManager.CheckForUnexpectedWorkerDisconnects - 1497 total (1 active), Execution time: mean = 0.07ms, total = 104.84ms, Queueing time: mean = 2.41ms, max = 2644.57ms, min = -0.01ms, total = 3603.57ms
[state-dump] 	NodeManager.ScheduleAndGrantLeases - 1497 total (1 active), Execution time: mean = 0.01ms, total = 12.77ms, Queueing time: mean = 2.47ms, max = 2644.57ms, min = 0.00ms, total = 3695.87ms
[state-dump] 	NodeManager.deadline_timer.spill_objects_when_over_threshold - 1497 total (1 active), Execution time: mean = 0.00ms, total = 3.50ms, Queueing time: mean = 2.47ms, max = 2642.10ms, min = 0.00ms, total = 3701.86ms
[state-dump] 	ClusterResourceManager.ResetRemoteNodeView - 500 total (1 active), Execution time: mean = 0.00ms, total = 1.75ms, Queueing time: mean = 3.72ms, max = 1645.70ms, min = 0.01ms, total = 1860.99ms
[state-dump] 	NodeManager.deadline_timer.record_metrics - 300 total (1 active), Execution time: mean = 0.46ms, total = 139.41ms, Queueing time: mean = 1.49ms, max = 99.31ms, min = -0.00ms, total = 445.58ms
[state-dump] 	event_loop_lag_probe - 151 total (0 active), Execution time: mean = 0.01ms, total = 2.24ms, Queueing time: mean = 0.09ms, max = 6.45ms, min = 0.00ms, total = 12.92ms
[state-dump] 	NodeManager.deadline_timer.debug_state_dump - 150 total (1 active), Execution time: mean = 1.80ms, total = 269.58ms, Queueing time: mean = 1.03ms, max = 96.66ms, min = 0.01ms, total = 154.19ms
[state-dump] 	ReporterService.grpc_client.HealthCheck.OnReplyReceived - 31 total (0 active), Execution time: mean = 0.12ms, total = 3.62ms, Queueing time: mean = 0.17ms, max = 1.08ms, min = 0.01ms, total = 5.28ms
[state-dump] 	ReporterService.grpc_client.HealthCheck - 31 total (0 active), Execution time: mean = 19.15ms, total = 593.71ms, Queueing time: mean = 0.00ms, max = -0.00ms, min = 9223372036854.78ms, total = 0.00ms
[state-dump] 	MetricsAgentClient.WaitForServerReadyWithRetry - 30 total (0 active), Execution time: mean = 0.31ms, total = 9.18ms, Queueing time: mean = 1101.58ms, max = 3643.96ms, min = 1000.02ms, total = 33047.26ms
[state-dump] 	NodeManager.deadline_timer.print_event_loop_stats - 25 total (1 active, 1 running), Execution time: mean = 1.54ms, total = 38.55ms, Queueing time: mean = 0.02ms, max = 0.03ms, min = 0.01ms, total = 0.44ms
[state-dump] 	ray::rpc::NodeInfoGcsService.grpc_client.CheckAlive.OnReplyReceived - 25 total (0 active), Execution time: mean = 0.04ms, total = 1.00ms, Queueing time: mean = 0.03ms, max = 0.14ms, min = 0.01ms, total = 0.68ms
[state-dump] 	ray::rpc::NodeInfoGcsService.grpc_client.CheckAlive - 25 total (0 active), Execution time: mean = 2.61ms, total = 65.25ms, Queueing time: mean = 0.00ms, max = -0.00ms, min = 9223372036854.78ms, total = 0.00ms
[state-dump] 	NodeManager.GcsCheckAlive - 25 total (1 active), Execution time: mean = 0.24ms, total = 6.01ms, Queueing time: mean = 1.32ms, max = 1.67ms, min = 0.40ms, total = 32.98ms
[state-dump] 	PeriodicalRunner.RunFnPeriodically - 14 total (0 active), Execution time: mean = 0.23ms, total = 3.29ms, Queueing time: mean = 4.55ms, max = 12.98ms, min = 0.09ms, total = 63.65ms
[state-dump] 	ray::rpc::InternalPubSubGcsService.grpc_client.GcsSubscriberPoll - 3 total (1 active), Execution time: mean = 394920.31ms, total = 1184760.92ms, Queueing time: mean = 0.00ms, max = -0.00ms, min = 9223372036854.78ms, total = 0.00ms
[state-dump] 	ray::rpc::InternalPubSubGcsService.grpc_client.GcsSubscriberCommandBatch - 2 total (0 active), Execution time: mean = 0.92ms, total = 1.84ms, Queueing time: mean = 0.00ms, max = -0.00ms, min = 9223372036854.78ms, total = 0.00ms
[state-dump] 	RaySyncerRegister - 2 total (0 active), Execution time: mean = 0.00ms, total = 0.01ms, Queueing time: mean = 0.00ms, max = 0.00ms, min = 0.00ms, total = 0.00ms
[state-dump] 	NodeManager.GCTaskFailureReason - 2 total (1 active), Execution time: mean = 0.00ms, total = 0.00ms, Queueing time: mean = 0.01ms, max = 0.02ms, min = 0.02ms, total = 0.02ms
[state-dump] 	ray::rpc::InternalPubSubGcsService.grpc_client.GcsSubscriberCommandBatch.OnReplyReceived - 2 total (0 active), Execution time: mean = 0.10ms, total = 0.20ms, Queueing time: mean = 1.08ms, max = 2.01ms, min = 0.15ms, total = 2.16ms
[state-dump] 	ray::rpc::InternalPubSubGcsService.grpc_client.GcsSubscriberPoll.OnReplyReceived - 2 total (0 active), Execution time: mean = 0.28ms, total = 0.56ms, Queueing time: mean = 0.03ms, max = 0.03ms, min = 0.02ms, total = 0.05ms
[state-dump] 	ClientConnection.async_read.ProcessMessageHeader - 2 total (1 active), Execution time: mean = 0.00ms, total = 0.01ms, Queueing time: mean = 0.01ms, max = 0.02ms, min = 0.02ms, total = 0.02ms
[state-dump] 	ray::rpc::InternalKVGcsService.grpc_client.GetInternalConfig.OnReplyReceived - 1 total (0 active), Execution time: mean = 24.53ms, total = 24.53ms, Queueing time: mean = 0.03ms, max = 0.03ms, min = 0.03ms, total = 0.03ms
[state-dump] 	ray::rpc::InternalKVGcsService.grpc_client.GetInternalConfig - 1 total (0 active), Execution time: mean = 1.38ms, total = 1.38ms, Queueing time: mean = 0.00ms, max = -0.00ms, min = 9223372036854.78ms, total = 0.00ms
[state-dump] 	ray::rpc::NodeInfoGcsService.grpc_client.GetAllNodeAddressAndLiveness.OnReplyReceived - 1 total (0 active), Execution time: mean = 0.15ms, total = 0.15ms, Queueing time: mean = 0.01ms, max = 0.01ms, min = 0.01ms, total = 0.01ms
[state-dump] 	NodeManagerService.grpc_server.GetSystemConfig.HandleRequestImpl - 1 total (0 active), Execution time: mean = 0.09ms, total = 0.09ms, Queueing time: mean = 0.02ms, max = 0.02ms, min = 0.02ms, total = 0.02ms
[state-dump] 	ray::rpc::NodeInfoGcsService.grpc_client.RegisterNode - 1 total (0 active), Execution time: mean = 1.29ms, total = 1.29ms, Queueing time: mean = 0.00ms, max = -0.00ms, min = 9223372036854.78ms, total = 0.00ms
[state-dump] 	ClientConnection.async_read.ProcessMessage - 1 total (0 active), Execution time: mean = 3538.24ms, total = 3538.24ms, Queueing time: mean = 0.01ms, max = 0.01ms, min = 0.01ms, total = 0.01ms
[state-dump] 	ray::rpc::NodeInfoGcsService.grpc_client.RegisterNode.OnReplyReceived - 1 total (0 active), Execution time: mean = 0.68ms, total = 0.68ms, Queueing time: mean = 0.05ms, max = 0.05ms, min = 0.05ms, total = 0.05ms
[state-dump] 	NodeManagerService.grpc_server.GetSystemConfig - 1 total (0 active), Execution time: mean = 0.65ms, total = 0.65ms, Queueing time: mean = 0.00ms, max = -0.00ms, min = 9223372036854.78ms, total = 0.00ms
[state-dump] 	ray::rpc::JobInfoGcsService.grpc_client.GetAllJobInfo - 1 total (0 active), Execution time: mean = 0.76ms, total = 0.76ms, Queueing time: mean = 0.00ms, max = -0.00ms, min = 9223372036854.78ms, total = 0.00ms
[state-dump] 	ray::rpc::JobInfoGcsService.grpc_client.GetAllJobInfo.OnReplyReceived - 1 total (0 active), Execution time: mean = 0.03ms, total = 0.03ms, Queueing time: mean = 0.01ms, max = 0.01ms, min = 0.01ms, total = 0.01ms
[state-dump] 	 - 1 total (0 active), Execution time: mean = 0.00ms, total = 0.00ms, Queueing time: mean = 0.02ms, max = 0.02ms, min = 0.02ms, total = 0.02ms
[state-dump] 	RaySyncer.BroadcastMessage - 1 total (0 active), Execution time: mean = 0.09ms, total = 0.09ms, Queueing time: mean = 0.00ms, max = 0.00ms, min = 0.00ms, total = 0.00ms
[state-dump] 	ray::rpc::NodeInfoGcsService.grpc_client.GetAllNodeAddressAndLiveness - 1 total (0 active), Execution time: mean = 0.85ms, total = 0.85ms, Queueing time: mean = 0.00ms, max = -0.00ms, min = 9223372036854.78ms, total = 0.00ms
[state-dump] DebugString() time ms: 1
[state-dump] 
[state-dump] 
[2026-06-04 22:54:24,128 I 859 892] (raylet) store.cc:573: Plasma store debug dump: 
Current usage: 0 / 20.0817 GB
- num bytes created total: 0
0 pending objects of total size 0MB
- objects spillable: 0
- bytes spillable: 0
- objects unsealed: 0
- bytes unsealed: 0
- objects in use: 0
- bytes in use: 0
- objects evictable: 0
- bytes evictable: 0

- objects created by worker: 0
- bytes created by worker: 0
- objects restored: 0
- bytes restored: 0
- objects received: 0
- bytes received: 0
- objects errored: 0
- bytes errored: 0

[2026-06-04 22:54:24,191 I 859 859] (raylet) node_manager.cc:424: [state-dump] NodeManager:
[state-dump] Node ID: 11e184b7641b47dd66e5366c42f7fe51cb28f4bab1ca7ef8847590e4
[state-dump] Node name: 172.16.254.232
[state-dump] InitialConfigResources: {node:__internal_head__: 1, CPU: 192, node:172.16.254.232: 1, object_store_memory: 2.00817e+10, memory: 4.68574e+10}
[state-dump] ClusterLeaseManager:
[state-dump] ========== Node: 11e184b7641b47dd66e5366c42f7fe51cb28f4bab1ca7ef8847590e4 =================
[state-dump] Infeasible queue length: 0
[state-dump] Schedule queue length: 0
[state-dump] Grant queue length: 0
[state-dump] num_waiting_for_resource: 0
[state-dump] num_waiting_for_plasma_memory: 0
[state-dump] num_waiting_for_remote_node_resources: 0
[state-dump] num_worker_not_started_by_job_config_not_exist: 0
[state-dump] num_worker_not_started_by_registration_timeout: 0
[state-dump] num_tasks_waiting_for_workers: 0
[state-dump] num_cancelled_leases: 0
[state-dump] cluster_resource_scheduler state: 
[state-dump] Local id: 1457234449467745066 Local resources: {"total":{object_store_memory: [200817303550000], node:__internal_head__: [10000], memory: [468573708290000], CPU: [1920000], node:172.16.254.232: [10000]}}, "available": {memory: [468573708290000], CPU: [1920000], node:172.16.254.232: [10000], object_store_memory: [200817303550000], node:__internal_head__: [10000]}}, "labels":{"ray.io/node-id":"11e184b7641b47dd66e5366c42f7fe51cb28f4bab1ca7ef8847590e4",} is_draining: 0 is_idle: 1 Cluster resources (at most 20 nodes are shown): node id: 1457234449467745066{"total":{node:172.16.254.232: 10000, node:__internal_head__: 10000, memory: 468573708290000, object_store_memory: 200817303550000, CPU: 1920000}}, "available": {node:172.16.254.232: 10000, node:__internal_head__: 10000, memory: 468573708290000, CPU: 1920000, object_store_memory: 200817303550000}}, "labels":{"ray.io/node-id":"11e184b7641b47dd66e5366c42f7fe51cb28f4bab1ca7ef8847590e4",}, "is_draining": 0, "draining_deadline_timestamp_ms": -1} { "placement group locations": [], "node to bundles": []}
[state-dump] Waiting leases size: 0
[state-dump] Number of granted lease arguments: 0
[state-dump] Number of pinned lease arguments: 0
[state-dump] Number of total spilled leases: 0
[state-dump] Number of spilled waiting leases: 0
[state-dump] Number of spilled unschedulable leases: 0
[state-dump] Resource usage {
[state-dump] }
[state-dump] Backlog Size per scheduling descriptor :{workerId: num backlogs}:
[state-dump] 
[state-dump] Granted leases by scheduling class:
[state-dump] ==================================================
[state-dump] 
[state-dump] ClusterResources:
[state-dump] LocalObjectManager:
[state-dump] - num pinned objects: 0
[state-dump] - pinned objects size: 0
[state-dump] - num objects pending restore: 0
[state-dump] - num objects pending spill: 0
[state-dump] - num bytes pending spill: 0
[state-dump] - num bytes currently spilled: 0
[state-dump] - cumulative spill requests: 0
[state-dump] - cumulative restore requests: 0
[state-dump] - spilled objects pending delete: 0
[state-dump] 
[state-dump] ObjectManager:
[state-dump] - num local objects: 0
[state-dump] - num unfulfilled push requests: 0
[state-dump] - num object pull requests: 0
[state-dump] - num chunks received total: 0
[state-dump] - num chunks received failed (all): 0
[state-dump] - num chunks received failed / cancelled: 0
[state-dump] - num chunks received failed / plasma error: 0
[state-dump] Event stats:
[state-dump] Global stats: 0 total (0 active)
[state-dump] Queueing time: mean = -nanms, max = -0.00ms, min = 9223372036854.78ms, total = 0.00ms
[state-dump] Execution time:  mean = -nanms, total = 0.00ms
[state-dump] Event stats:
[state-dump] PushManager:
[state-dump] - num pushes remaining: 0
[state-dump] - num chunks in flight: 0
[state-dump] - num chunks remaining: 0
[state-dump] - max chunks allowed: 409
[state-dump] OwnershipBasedObjectDirectory:
[state-dump] - num listeners: 0
[state-dump] - cumulative location updates: 0
[state-dump] - num location updates per second: 0.000
[state-dump] - num location lookups per second: 0.000
[state-dump] - num locations added per second: 0.000
[state-dump] - num locations removed per second: 0.000
[state-dump] BufferPool:
[state-dump] - create buffer state map size: 0
[state-dump] PullManager:
[state-dump] - num bytes available for pulled objects: 20081730355
[state-dump] - num bytes being pulled (all): 0
[state-dump] - num bytes being pulled / pinned: 0
[state-dump] - get request bundles: BundlePullRequestQueue{0 total, 0 active, 0 inactive, 0 unpullable}
[state-dump] - wait request bundles: BundlePullRequestQueue{0 total, 0 active, 0 inactive, 0 unpullable}
[state-dump] - task request bundles: BundlePullRequestQueue{0 total, 0 active, 0 inactive, 0 unpullable}
[state-dump] - first get request bundle: N/A
[state-dump] - first wait request bundle: N/A
[state-dump] - first task request bundle: N/A
[state-dump] - num objects queued: 0
[state-dump] - num objects actively pulled (all): 0
[state-dump] - num objects actively pulled / pinned: 0
[state-dump] - num bundles being pulled: 0
[state-dump] - num pull retries: 0
[state-dump] - max timeout seconds: 0
[state-dump] - max timeout request is already processed. No entry.
[state-dump] 
[state-dump] WorkerPool:
[state-dump] - registered jobs: 1
[state-dump] - process_failed_job_config_missing: 0
[state-dump] - process_failed_rate_limited: 0
[state-dump] - process_failed_pending_registration: 192
[state-dump] - process_failed_runtime_env_setup_failed: 0
[state-dump] - num JAVA workers: 0
[state-dump] - num JAVA drivers: 0
[state-dump] - num JAVA pending start requests: 0
[state-dump] - num JAVA pending registration requests: 0
[state-dump] - num object spill callbacks queued: 0
[state-dump] - num object restore queued: 0
[state-dump] - num util functions queued: 0
[state-dump] - num PYTHON workers: 0
[state-dump] - num PYTHON drivers: 1
[state-dump] - num PYTHON pending start requests: 0
[state-dump] - num PYTHON pending registration requests: 0
[state-dump] - num object spill callbacks queued: 0
[state-dump] - num object restore queued: 0
[state-dump] - num util functions queued: 0
[state-dump] - num idle workers: 0
[state-dump] LeaseDependencyManager:
[state-dump] - lease deps map size: 0
[state-dump] - get req map size: 0
[state-dump] - wait req map size: 0
[state-dump] - local objects map size: 0
[state-dump] WaitManager:
[state-dump] - num active wait requests: 0
[state-dump] Subscriber:
[state-dump] Channel WORKER_OBJECT_LOCATIONS_CHANNEL
[state-dump] - cumulative subscribe requests: 0
[state-dump] - cumulative unsubscribe requests: 0
[state-dump] - active subscribed publishers: 0
[state-dump] - cumulative published messages: 0
[state-dump] - cumulative processed messages: 0
[state-dump] Channel WORKER_OBJECT_EVICTION
[state-dump] - cumulative subscribe requests: 0
[state-dump] - cumulative unsubscribe requests: 0
[state-dump] - active subscribed publishers: 0
[state-dump] - cumulative published messages: 0
[state-dump] - cumulative processed messages: 0
[state-dump] Channel WORKER_REF_REMOVED_CHANNEL
[state-dump] - cumulative subscribe requests: 0
[state-dump] - cumulative unsubscribe requests: 0
[state-dump] - active subscribed publishers: 0
[state-dump] - cumulative published messages: 0
[state-dump] - cumulative processed messages: 0
[state-dump] num async plasma notifications: 0
[state-dump] Event stats:
[state-dump] Global stats: 71000 total (16 active)
[state-dump] Queueing time: mean = 1.48ms, max = 3643.96ms, min = -95.24ms, total = 105110.40ms
[state-dump] Execution time:  mean = 17.18ms, total = 1220107.30ms
[state-dump] Event stats:
[state-dump] 	NodeManager.CheckGC - 15464 total (1 active), Execution time: mean = 0.01ms, total = 126.15ms, Queueing time: mean = 0.88ms, max = 3444.74ms, min = -95.24ms, total = 13540.21ms
[state-dump] 	RaySyncer.OnDemandBroadcasting - 15464 total (1 active), Execution time: mean = 0.01ms, total = 147.18ms, Queueing time: mean = 0.87ms, max = 3444.73ms, min = -0.02ms, total = 13521.19ms
[state-dump] 	ObjectManager.UpdateAvailableMemory - 15463 total (0 active), Execution time: mean = 0.00ms, total = 23.02ms, Queueing time: mean = 0.12ms, max = 100.68ms, min = 0.00ms, total = 1892.82ms
[state-dump] 	RayletWorkerPool.deadline_timer.kill_idle_workers - 7761 total (1 active), Execution time: mean = 0.00ms, total = 27.49ms, Queueing time: mean = 1.02ms, max = 3350.40ms, min = -0.00ms, total = 7928.75ms
[state-dump] 	MemoryMonitor.CheckIsMemoryUsageAboveThreshold - 6119 total (1 active), Execution time: mean = 3.34ms, total = 20443.52ms, Queueing time: mean = 1.63ms, max = 3291.29ms, min = -0.02ms, total = 9943.69ms
[state-dump] 	NodeManagerService.grpc_server.GetResourceLoad - 1559 total (0 active), Execution time: mean = 6.12ms, total = 9539.04ms, Queueing time: mean = 0.00ms, max = -0.00ms, min = 9223372036854.78ms, total = 0.00ms
[state-dump] 	NodeManagerService.grpc_server.GetResourceLoad.HandleRequestImpl - 1559 total (0 active), Execution time: mean = 0.12ms, total = 192.93ms, Queueing time: mean = 5.10ms, max = 3203.58ms, min = 0.01ms, total = 7947.96ms
[state-dump] 	NodeManager.deadline_timer.flush_free_objects - 1557 total (1 active), Execution time: mean = 0.00ms, total = 4.99ms, Queueing time: mean = 2.38ms, max = 2642.08ms, min = 0.00ms, total = 3701.94ms
[state-dump] 	NodeManager.CheckForUnexpectedWorkerDisconnects - 1557 total (1 active), Execution time: mean = 0.07ms, total = 105.26ms, Queueing time: mean = 2.32ms, max = 2644.57ms, min = -0.01ms, total = 3604.78ms
[state-dump] 	NodeManager.ScheduleAndGrantLeases - 1557 total (1 active), Execution time: mean = 0.01ms, total = 13.23ms, Queueing time: mean = 2.37ms, max = 2644.57ms, min = 0.00ms, total = 3697.05ms
[state-dump] 	NodeManager.deadline_timer.spill_objects_when_over_threshold - 1557 total (1 active), Execution time: mean = 0.00ms, total = 3.63ms, Queueing time: mean = 2.38ms, max = 2642.10ms, min = 0.00ms, total = 3703.36ms
[state-dump] 	ClusterResourceManager.ResetRemoteNodeView - 520 total (1 active), Execution time: mean = 0.00ms, total = 1.81ms, Queueing time: mean = 3.58ms, max = 1645.70ms, min = 0.01ms, total = 1861.38ms
[state-dump] 	NodeManager.deadline_timer.record_metrics - 312 total (1 active), Execution time: mean = 0.46ms, total = 144.63ms, Queueing time: mean = 1.43ms, max = 99.31ms, min = -0.00ms, total = 445.76ms
[state-dump] 	event_loop_lag_probe - 157 total (0 active), Execution time: mean = 0.01ms, total = 2.32ms, Queueing time: mean = 0.08ms, max = 6.45ms, min = 0.00ms, total = 12.96ms
[state-dump] 	NodeManager.deadline_timer.debug_state_dump - 156 total (1 active), Execution time: mean = 1.77ms, total = 276.51ms, Queueing time: mean = 0.99ms, max = 96.66ms, min = 0.01ms, total = 154.29ms
[state-dump] 	ReporterService.grpc_client.HealthCheck.OnReplyReceived - 31 total (0 active), Execution time: mean = 0.12ms, total = 3.62ms, Queueing time: mean = 0.17ms, max = 1.08ms, min = 0.01ms, total = 5.28ms
[state-dump] 	ReporterService.grpc_client.HealthCheck - 31 total (0 active), Execution time: mean = 19.15ms, total = 593.71ms, Queueing time: mean = 0.00ms, max = -0.00ms, min = 9223372036854.78ms, total = 0.00ms
[state-dump] 	MetricsAgentClient.WaitForServerReadyWithRetry - 30 total (0 active), Execution time: mean = 0.31ms, total = 9.18ms, Queueing time: mean = 1101.58ms, max = 3643.96ms, min = 1000.02ms, total = 33047.26ms
[state-dump] 	NodeManager.deadline_timer.print_event_loop_stats - 26 total (1 active, 1 running), Execution time: mean = 1.55ms, total = 40.23ms, Queueing time: mean = 0.02ms, max = 0.03ms, min = 0.01ms, total = 0.46ms
[state-dump] 	ray::rpc::NodeInfoGcsService.grpc_client.CheckAlive.OnReplyReceived - 26 total (0 active), Execution time: mean = 0.04ms, total = 1.02ms, Queueing time: mean = 0.03ms, max = 0.14ms, min = 0.01ms, total = 0.69ms
[state-dump] 	ray::rpc::NodeInfoGcsService.grpc_client.CheckAlive - 26 total (0 active), Execution time: mean = 2.54ms, total = 66.09ms, Queueing time: mean = 0.00ms, max = -0.00ms, min = 9223372036854.78ms, total = 0.00ms
[state-dump] 	NodeManager.GcsCheckAlive - 26 total (1 active), Execution time: mean = 0.24ms, total = 6.21ms, Queueing time: mean = 1.33ms, max = 1.67ms, min = 0.40ms, total = 34.53ms
[state-dump] 	PeriodicalRunner.RunFnPeriodically - 14 total (0 active), Execution time: mean = 0.23ms, total = 3.29ms, Queueing time: mean = 4.55ms, max = 12.98ms, min = 0.09ms, total = 63.65ms
[state-dump] 	ray::rpc::InternalPubSubGcsService.grpc_client.GcsSubscriberPoll - 3 total (1 active), Execution time: mean = 394920.31ms, total = 1184760.92ms, Queueing time: mean = 0.00ms, max = -0.00ms, min = 9223372036854.78ms, total = 0.00ms
[state-dump] 	ray::rpc::InternalPubSubGcsService.grpc_client.GcsSubscriberCommandBatch - 2 total (0 active), Execution time: mean = 0.92ms, total = 1.84ms, Queueing time: mean = 0.00ms, max = -0.00ms, min = 9223372036854.78ms, total = 0.00ms
[state-dump] 	RaySyncerRegister - 2 total (0 active), Execution time: mean = 0.00ms, total = 0.01ms, Queueing time: mean = 0.00ms, max = 0.00ms, min = 0.00ms, total = 0.00ms
[state-dump] 	NodeManager.GCTaskFailureReason - 2 total (1 active), Execution time: mean = 0.00ms, total = 0.00ms, Queueing time: mean = 0.01ms, max = 0.02ms, min = 0.02ms, total = 0.02ms
[state-dump] 	ray::rpc::InternalPubSubGcsService.grpc_client.GcsSubscriberCommandBatch.OnReplyReceived - 2 total (0 active), Execution time: mean = 0.10ms, total = 0.20ms, Queueing time: mean = 1.08ms, max = 2.01ms, min = 0.15ms, total = 2.16ms
[state-dump] 	ray::rpc::InternalPubSubGcsService.grpc_client.GcsSubscriberPoll.OnReplyReceived - 2 total (0 active), Execution time: mean = 0.28ms, total = 0.56ms, Queueing time: mean = 0.03ms, max = 0.03ms, min = 0.02ms, total = 0.05ms
[state-dump] 	ClientConnection.async_read.ProcessMessageHeader - 2 total (1 active), Execution time: mean = 0.00ms, total = 0.01ms, Queueing time: mean = 0.01ms, max = 0.02ms, min = 0.02ms, total = 0.02ms
[state-dump] 	ray::rpc::InternalKVGcsService.grpc_client.GetInternalConfig.OnReplyReceived - 1 total (0 active), Execution time: mean = 24.53ms, total = 24.53ms, Queueing time: mean = 0.03ms, max = 0.03ms, min = 0.03ms, total = 0.03ms
[state-dump] 	ray::rpc::InternalKVGcsService.grpc_client.GetInternalConfig - 1 total (0 active), Execution time: mean = 1.38ms, total = 1.38ms, Queueing time: mean = 0.00ms, max = -0.00ms, min = 9223372036854.78ms, total = 0.00ms
[state-dump] 	ray::rpc::NodeInfoGcsService.grpc_client.GetAllNodeAddressAndLiveness.OnReplyReceived - 1 total (0 active), Execution time: mean = 0.15ms, total = 0.15ms, Queueing time: mean = 0.01ms, max = 0.01ms, min = 0.01ms, total = 0.01ms
[state-dump] 	NodeManagerService.grpc_server.GetSystemConfig.HandleRequestImpl - 1 total (0 active), Execution time: mean = 0.09ms, total = 0.09ms, Queueing time: mean = 0.02ms, max = 0.02ms, min = 0.02ms, total = 0.02ms
[state-dump] 	ray::rpc::NodeInfoGcsService.grpc_client.RegisterNode - 1 total (0 active), Execution time: mean = 1.29ms, total = 1.29ms, Queueing time: mean = 0.00ms, max = -0.00ms, min = 9223372036854.78ms, total = 0.00ms
[state-dump] 	ClientConnection.async_read.ProcessMessage - 1 total (0 active), Execution time: mean = 3538.24ms, total = 3538.24ms, Queueing time: mean = 0.01ms, max = 0.01ms, min = 0.01ms, total = 0.01ms
[state-dump] 	ray::rpc::NodeInfoGcsService.grpc_client.RegisterNode.OnReplyReceived - 1 total (0 active), Execution time: mean = 0.68ms, total = 0.68ms, Queueing time: mean = 0.05ms, max = 0.05ms, min = 0.05ms, total = 0.05ms
[state-dump] 	NodeManagerService.grpc_server.GetSystemConfig - 1 total (0 active), Execution time: mean = 0.65ms, total = 0.65ms, Queueing time: mean = 0.00ms, max = -0.00ms, min = 9223372036854.78ms, total = 0.00ms
[state-dump] 	ray::rpc::JobInfoGcsService.grpc_client.GetAllJobInfo - 1 total (0 active), Execution time: mean = 0.76ms, total = 0.76ms, Queueing time: mean = 0.00ms, max = -0.00ms, min = 9223372036854.78ms, total = 0.00ms
[state-dump] 	ray::rpc::JobInfoGcsService.grpc_client.GetAllJobInfo.OnReplyReceived - 1 total (0 active), Execution time: mean = 0.03ms, total = 0.03ms, Queueing time: mean = 0.01ms, max = 0.01ms, min = 0.01ms, total = 0.01ms
[state-dump] 	 - 1 total (0 active), Execution time: mean = 0.00ms, total = 0.00ms, Queueing time: mean = 0.02ms, max = 0.02ms, min = 0.02ms, total = 0.02ms
[state-dump] 	RaySyncer.BroadcastMessage - 1 total (0 active), Execution time: mean = 0.09ms, total = 0.09ms, Queueing time: mean = 0.00ms, max = 0.00ms, min = 0.00ms, total = 0.00ms
[state-dump] 	ray::rpc::NodeInfoGcsService.grpc_client.GetAllNodeAddressAndLiveness - 1 total (0 active), Execution time: mean = 0.85ms, total = 0.85ms, Queueing time: mean = 0.00ms, max = -0.00ms, min = 9223372036854.78ms, total = 0.00ms
[state-dump] DebugString() time ms: 1
[state-dump] 
[state-dump] 
[2026-06-04 22:55:24,128 I 859 892] (raylet) store.cc:573: Plasma store debug dump: 
Current usage: 0 / 20.0817 GB
- num bytes created total: 0
0 pending objects of total size 0MB
- objects spillable: 0
- bytes spillable: 0
- objects unsealed: 0
- bytes unsealed: 0
- objects in use: 0
- bytes in use: 0
- objects evictable: 0
- bytes evictable: 0

- objects created by worker: 0
- bytes created by worker: 0
- objects restored: 0
- bytes restored: 0
- objects received: 0
- bytes received: 0
- objects errored: 0
- bytes errored: 0

[2026-06-04 22:55:24,290 I 859 859] (raylet) node_manager.cc:424: [state-dump] NodeManager:
[state-dump] Node ID: 11e184b7641b47dd66e5366c42f7fe51cb28f4bab1ca7ef8847590e4
[state-dump] Node name: 172.16.254.232
[state-dump] InitialConfigResources: {node:__internal_head__: 1, CPU: 192, node:172.16.254.232: 1, object_store_memory: 2.00817e+10, memory: 4.68574e+10}
[state-dump] ClusterLeaseManager:
[state-dump] ========== Node: 11e184b7641b47dd66e5366c42f7fe51cb28f4bab1ca7ef8847590e4 =================
[state-dump] Infeasible queue length: 0
[state-dump] Schedule queue length: 0
[state-dump] Grant queue length: 0
[state-dump] num_waiting_for_resource: 0
[state-dump] num_waiting_for_plasma_memory: 0
[state-dump] num_waiting_for_remote_node_resources: 0
[state-dump] num_worker_not_started_by_job_config_not_exist: 0
[state-dump] num_worker_not_started_by_registration_timeout: 0
[state-dump] num_tasks_waiting_for_workers: 0
[state-dump] num_cancelled_leases: 0
[state-dump] cluster_resource_scheduler state: 
[state-dump] Local id: 1457234449467745066 Local resources: {"total":{object_store_memory: [200817303550000], node:__internal_head__: [10000], memory: [468573708290000], CPU: [1920000], node:172.16.254.232: [10000]}}, "available": {memory: [468573708290000], CPU: [1920000], node:172.16.254.232: [10000], object_store_memory: [200817303550000], node:__internal_head__: [10000]}}, "labels":{"ray.io/node-id":"11e184b7641b47dd66e5366c42f7fe51cb28f4bab1ca7ef8847590e4",} is_draining: 0 is_idle: 1 Cluster resources (at most 20 nodes are shown): node id: 1457234449467745066{"total":{node:172.16.254.232: 10000, node:__internal_head__: 10000, memory: 468573708290000, object_store_memory: 200817303550000, CPU: 1920000}}, "available": {node:172.16.254.232: 10000, node:__internal_head__: 10000, memory: 468573708290000, CPU: 1920000, object_store_memory: 200817303550000}}, "labels":{"ray.io/node-id":"11e184b7641b47dd66e5366c42f7fe51cb28f4bab1ca7ef8847590e4",}, "is_draining": 0, "draining_deadline_timestamp_ms": -1} { "placement group locations": [], "node to bundles": []}
[state-dump] Waiting leases size: 0
[state-dump] Number of granted lease arguments: 0
[state-dump] Number of pinned lease arguments: 0
[state-dump] Number of total spilled leases: 0
[state-dump] Number of spilled waiting leases: 0
[state-dump] Number of spilled unschedulable leases: 0
[state-dump] Resource usage {
[state-dump] }
[state-dump] Backlog Size per scheduling descriptor :{workerId: num backlogs}:
[state-dump] 
[state-dump] Granted leases by scheduling class:
[state-dump] ==================================================
[state-dump] 
[state-dump] ClusterResources:
[state-dump] LocalObjectManager:
[state-dump] - num pinned objects: 0
[state-dump] - pinned objects size: 0
[state-dump] - num objects pending restore: 0
[state-dump] - num objects pending spill: 0
[state-dump] - num bytes pending spill: 0
[state-dump] - num bytes currently spilled: 0
[state-dump] - cumulative spill requests: 0
[state-dump] - cumulative restore requests: 0
[state-dump] - spilled objects pending delete: 0
[state-dump] 
[state-dump] ObjectManager:
[state-dump] - num local objects: 0
[state-dump] - num unfulfilled push requests: 0
[state-dump] - num object pull requests: 0
[state-dump] - num chunks received total: 0
[state-dump] - num chunks received failed (all): 0
[state-dump] - num chunks received failed / cancelled: 0
[state-dump] - num chunks received failed / plasma error: 0
[state-dump] Event stats:
[state-dump] Global stats: 0 total (0 active)
[state-dump] Queueing time: mean = -nanms, max = -0.00ms, min = 9223372036854.78ms, total = 0.00ms
[state-dump] Execution time:  mean = -nanms, total = 0.00ms
[state-dump] Event stats:
[state-dump] PushManager:
[state-dump] - num pushes remaining: 0
[state-dump] - num chunks in flight: 0
[state-dump] - num chunks remaining: 0
[state-dump] - max chunks allowed: 409
[state-dump] OwnershipBasedObjectDirectory:
[state-dump] - num listeners: 0
[state-dump] - cumulative location updates: 0
[state-dump] - num location updates per second: 0.000
[state-dump] - num location lookups per second: 0.000
[state-dump] - num locations added per second: 0.000
[state-dump] - num locations removed per second: 0.000
[state-dump] BufferPool:
[state-dump] - create buffer state map size: 0
[state-dump] PullManager:
[state-dump] - num bytes available for pulled objects: 20081730355
[state-dump] - num bytes being pulled (all): 0
[state-dump] - num bytes being pulled / pinned: 0
[state-dump] - get request bundles: BundlePullRequestQueue{0 total, 0 active, 0 inactive, 0 unpullable}
[state-dump] - wait request bundles: BundlePullRequestQueue{0 total, 0 active, 0 inactive, 0 unpullable}
[state-dump] - task request bundles: BundlePullRequestQueue{0 total, 0 active, 0 inactive, 0 unpullable}
[state-dump] - first get request bundle: N/A
[state-dump] - first wait request bundle: N/A
[state-dump] - first task request bundle: N/A
[state-dump] - num objects queued: 0
[state-dump] - num objects actively pulled (all): 0
[state-dump] - num objects actively pulled / pinned: 0
[state-dump] - num bundles being pulled: 0
[state-dump] - num pull retries: 0
[state-dump] - max timeout seconds: 0
[state-dump] - max timeout request is already processed. No entry.
[state-dump] 
[state-dump] WorkerPool:
[state-dump] - registered jobs: 1
[state-dump] - process_failed_job_config_missing: 0
[state-dump] - process_failed_rate_limited: 0
[state-dump] - process_failed_pending_registration: 192
[state-dump] - process_failed_runtime_env_setup_failed: 0
[state-dump] - num JAVA workers: 0
[state-dump] - num JAVA drivers: 0
[state-dump] - num JAVA pending start requests: 0
[state-dump] - num JAVA pending registration requests: 0
[state-dump] - num object spill callbacks queued: 0
[state-dump] - num object restore queued: 0
[state-dump] - num util functions queued: 0
[state-dump] - num PYTHON workers: 0
[state-dump] - num PYTHON drivers: 1
[state-dump] - num PYTHON pending start requests: 0
[state-dump] - num PYTHON pending registration requests: 0
[state-dump] - num object spill callbacks queued: 0
[state-dump] - num object restore queued: 0
[state-dump] - num util functions queued: 0
[state-dump] - num idle workers: 0
[state-dump] LeaseDependencyManager:
[state-dump] - lease deps map size: 0
[state-dump] - get req map size: 0
[state-dump] - wait req map size: 0
[state-dump] - local objects map size: 0
[state-dump] WaitManager:
[state-dump] - num active wait requests: 0
[state-dump] Subscriber:
[state-dump] Channel WORKER_OBJECT_LOCATIONS_CHANNEL
[state-dump] - cumulative subscribe requests: 0
[state-dump] - cumulative unsubscribe requests: 0
[state-dump] - active subscribed publishers: 0
[state-dump] - cumulative published messages: 0
[state-dump] - cumulative processed messages: 0
[state-dump] Channel WORKER_OBJECT_EVICTION
[state-dump] - cumulative subscribe requests: 0
[state-dump] - cumulative unsubscribe requests: 0
[state-dump] - active subscribed publishers: 0
[state-dump] - cumulative published messages: 0
[state-dump] - cumulative processed messages: 0
[state-dump] Channel WORKER_REF_REMOVED_CHANNEL
[state-dump] - cumulative subscribe requests: 0
[state-dump] - cumulative unsubscribe requests: 0
[state-dump] - active subscribed publishers: 0
[state-dump] - cumulative published messages: 0
[state-dump] - cumulative processed messages: 0
[state-dump] num async plasma notifications: 0
[state-dump] Event stats:
[state-dump] Global stats: 73746 total (16 active)
[state-dump] Queueing time: mean = 1.43ms, max = 3643.96ms, min = -95.24ms, total = 105188.55ms
[state-dump] Execution time:  mean = 16.55ms, total = 1220667.29ms
[state-dump] Event stats:
[state-dump] 	NodeManager.CheckGC - 16064 total (1 active), Execution time: mean = 0.01ms, total = 127.23ms, Queueing time: mean = 0.84ms, max = 3444.74ms, min = -95.24ms, total = 13558.78ms
[state-dump] 	RaySyncer.OnDemandBroadcasting - 16064 total (1 active), Execution time: mean = 0.01ms, total = 148.95ms, Queueing time: mean = 0.84ms, max = 3444.73ms, min = -0.02ms, total = 13539.14ms
[state-dump] 	ObjectManager.UpdateAvailableMemory - 16063 total (0 active), Execution time: mean = 0.00ms, total = 23.78ms, Queueing time: mean = 0.12ms, max = 100.68ms, min = 0.00ms, total = 1900.60ms
[state-dump] 	RayletWorkerPool.deadline_timer.kill_idle_workers - 8061 total (1 active), Execution time: mean = 0.00ms, total = 28.50ms, Queueing time: mean = 0.98ms, max = 3350.40ms, min = -0.00ms, total = 7936.66ms
[state-dump] 	MemoryMonitor.CheckIsMemoryUsageAboveThreshold - 6357 total (1 active), Execution time: mean = 3.30ms, total = 20951.64ms, Queueing time: mean = 1.56ms, max = 3291.29ms, min = -0.02ms, total = 9947.55ms
[state-dump] 	NodeManagerService.grpc_server.GetResourceLoad - 1619 total (0 active), Execution time: mean = 5.91ms, total = 9563.08ms, Queueing time: mean = 0.00ms, max = -0.00ms, min = 9223372036854.78ms, total = 0.00ms
[state-dump] 	NodeManagerService.grpc_server.GetResourceLoad.HandleRequestImpl - 1619 total (0 active), Execution time: mean = 0.12ms, total = 199.55ms, Queueing time: mean = 4.91ms, max = 3203.58ms, min = 0.01ms, total = 7949.02ms
[state-dump] 	NodeManager.deadline_timer.flush_free_objects - 1617 total (1 active), Execution time: mean = 0.00ms, total = 5.16ms, Queueing time: mean = 2.29ms, max = 2642.08ms, min = 0.00ms, total = 3706.77ms
[state-dump] 	NodeManager.CheckForUnexpectedWorkerDisconnects - 1617 total (1 active), Execution time: mean = 0.07ms, total = 105.67ms, Queueing time: mean = 2.23ms, max = 2644.57ms, min = -0.01ms, total = 3609.37ms
[state-dump] 	NodeManager.ScheduleAndGrantLeases - 1617 total (1 active), Execution time: mean = 0.01ms, total = 13.70ms, Queueing time: mean = 2.29ms, max = 2644.57ms, min = 0.00ms, total = 3701.58ms
[state-dump] 	NodeManager.deadline_timer.spill_objects_when_over_threshold - 1617 total (1 active), Execution time: mean = 0.00ms, total = 3.76ms, Queueing time: mean = 2.29ms, max = 2642.10ms, min = 0.00ms, total = 3708.24ms
[state-dump] 	ClusterResourceManager.ResetRemoteNodeView - 540 total (1 active), Execution time: mean = 0.00ms, total = 1.88ms, Queueing time: mean = 3.45ms, max = 1645.70ms, min = 0.01ms, total = 1861.72ms
[state-dump] 	NodeManager.deadline_timer.record_metrics - 324 total (1 active), Execution time: mean = 0.46ms, total = 150.00ms, Queueing time: mean = 1.38ms, max = 99.31ms, min = -0.00ms, total = 445.94ms
[state-dump] 	event_loop_lag_probe - 163 total (0 active), Execution time: mean = 0.01ms, total = 2.40ms, Queueing time: mean = 0.08ms, max = 6.45ms, min = 0.00ms, total = 12.99ms
[state-dump] 	NodeManager.deadline_timer.debug_state_dump - 162 total (1 active), Execution time: mean = 1.75ms, total = 283.56ms, Queueing time: mean = 0.95ms, max = 96.66ms, min = 0.01ms, total = 154.39ms
[state-dump] 	ReporterService.grpc_client.HealthCheck.OnReplyReceived - 31 total (0 active), Execution time: mean = 0.12ms, total = 3.62ms, Queueing time: mean = 0.17ms, max = 1.08ms, min = 0.01ms, total = 5.28ms
[state-dump] 	ReporterService.grpc_client.HealthCheck - 31 total (0 active), Execution time: mean = 19.15ms, total = 593.71ms, Queueing time: mean = 0.00ms, max = -0.00ms, min = 9223372036854.78ms, total = 0.00ms
[state-dump] 	MetricsAgentClient.WaitForServerReadyWithRetry - 30 total (0 active), Execution time: mean = 0.31ms, total = 9.18ms, Queueing time: mean = 1101.58ms, max = 3643.96ms, min = 1000.02ms, total = 33047.26ms
[state-dump] 	NodeManager.deadline_timer.print_event_loop_stats - 27 total (1 active, 1 running), Execution time: mean = 1.55ms, total = 41.92ms, Queueing time: mean = 0.02ms, max = 0.03ms, min = 0.01ms, total = 0.48ms
[state-dump] 	ray::rpc::NodeInfoGcsService.grpc_client.CheckAlive.OnReplyReceived - 27 total (0 active), Execution time: mean = 0.04ms, total = 1.06ms, Queueing time: mean = 0.03ms, max = 0.14ms, min = 0.01ms, total = 0.72ms
[state-dump] 	ray::rpc::NodeInfoGcsService.grpc_client.CheckAlive - 27 total (0 active), Execution time: mean = 2.48ms, total = 66.95ms, Queueing time: mean = 0.00ms, max = -0.00ms, min = 9223372036854.78ms, total = 0.00ms
[state-dump] 	NodeManager.GcsCheckAlive - 27 total (1 active), Execution time: mean = 0.24ms, total = 6.46ms, Queueing time: mean = 1.33ms, max = 1.67ms, min = 0.40ms, total = 36.03ms
[state-dump] 	PeriodicalRunner.RunFnPeriodically - 14 total (0 active), Execution time: mean = 0.23ms, total = 3.29ms, Queueing time: mean = 4.55ms, max = 12.98ms, min = 0.09ms, total = 63.65ms
[state-dump] 	ray::rpc::InternalPubSubGcsService.grpc_client.GcsSubscriberPoll - 3 total (1 active), Execution time: mean = 394920.31ms, total = 1184760.92ms, Queueing time: mean = 0.00ms, max = -0.00ms, min = 9223372036854.78ms, total = 0.00ms
[state-dump] 	ray::rpc::InternalPubSubGcsService.grpc_client.GcsSubscriberCommandBatch - 2 total (0 active), Execution time: mean = 0.92ms, total = 1.84ms, Queueing time: mean = 0.00ms, max = -0.00ms, min = 9223372036854.78ms, total = 0.00ms
[state-dump] 	RaySyncerRegister - 2 total (0 active), Execution time: mean = 0.00ms, total = 0.01ms, Queueing time: mean = 0.00ms, max = 0.00ms, min = 0.00ms, total = 0.00ms
[state-dump] 	NodeManager.GCTaskFailureReason - 2 total (1 active), Execution time: mean = 0.00ms, total = 0.00ms, Queueing time: mean = 0.01ms, max = 0.02ms, min = 0.02ms, total = 0.02ms
[state-dump] 	ray::rpc::InternalPubSubGcsService.grpc_client.GcsSubscriberCommandBatch.OnReplyReceived - 2 total (0 active), Execution time: mean = 0.10ms, total = 0.20ms, Queueing time: mean = 1.08ms, max = 2.01ms, min = 0.15ms, total = 2.16ms
[state-dump] 	ray::rpc::InternalPubSubGcsService.grpc_client.GcsSubscriberPoll.OnReplyReceived - 2 total (0 active), Execution time: mean = 0.28ms, total = 0.56ms, Queueing time: mean = 0.03ms, max = 0.03ms, min = 0.02ms, total = 0.05ms
[state-dump] 	ClientConnection.async_read.ProcessMessageHeader - 2 total (1 active), Execution time: mean = 0.00ms, total = 0.01ms, Queueing time: mean = 0.01ms, max = 0.02ms, min = 0.02ms, total = 0.02ms
[state-dump] 	ray::rpc::InternalKVGcsService.grpc_client.GetInternalConfig.OnReplyReceived - 1 total (0 active), Execution time: mean = 24.53ms, total = 24.53ms, Queueing time: mean = 0.03ms, max = 0.03ms, min = 0.03ms, total = 0.03ms
[state-dump] 	ray::rpc::InternalKVGcsService.grpc_client.GetInternalConfig - 1 total (0 active), Execution time: mean = 1.38ms, total = 1.38ms, Queueing time: mean = 0.00ms, max = -0.00ms, min = 9223372036854.78ms, total = 0.00ms
[state-dump] 	ray::rpc::NodeInfoGcsService.grpc_client.GetAllNodeAddressAndLiveness.OnReplyReceived - 1 total (0 active), Execution time: mean = 0.15ms, total = 0.15ms, Queueing time: mean = 0.01ms, max = 0.01ms, min = 0.01ms, total = 0.01ms
[state-dump] 	NodeManagerService.grpc_server.GetSystemConfig.HandleRequestImpl - 1 total (0 active), Execution time: mean = 0.09ms, total = 0.09ms, Queueing time: mean = 0.02ms, max = 0.02ms, min = 0.02ms, total = 0.02ms
[state-dump] 	ray::rpc::NodeInfoGcsService.grpc_client.RegisterNode - 1 total (0 active), Execution time: mean = 1.29ms, total = 1.29ms, Queueing time: mean = 0.00ms, max = -0.00ms, min = 9223372036854.78ms, total = 0.00ms
[state-dump] 	ClientConnection.async_read.ProcessMessage - 1 total (0 active), Execution time: mean = 3538.24ms, total = 3538.24ms, Queueing time: mean = 0.01ms, max = 0.01ms, min = 0.01ms, total = 0.01ms
[state-dump] 	ray::rpc::NodeInfoGcsService.grpc_client.RegisterNode.OnReplyReceived - 1 total (0 active), Execution time: mean = 0.68ms, total = 0.68ms, Queueing time: mean = 0.05ms, max = 0.05ms, min = 0.05ms, total = 0.05ms
[state-dump] 	NodeManagerService.grpc_server.GetSystemConfig - 1 total (0 active), Execution time: mean = 0.65ms, total = 0.65ms, Queueing time: mean = 0.00ms, max = -0.00ms, min = 9223372036854.78ms, total = 0.00ms
[state-dump] 	ray::rpc::JobInfoGcsService.grpc_client.GetAllJobInfo - 1 total (0 active), Execution time: mean = 0.76ms, total = 0.76ms, Queueing time: mean = 0.00ms, max = -0.00ms, min = 9223372036854.78ms, total = 0.00ms
[state-dump] 	ray::rpc::JobInfoGcsService.grpc_client.GetAllJobInfo.OnReplyReceived - 1 total (0 active), Execution time: mean = 0.03ms, total = 0.03ms, Queueing time: mean = 0.01ms, max = 0.01ms, min = 0.01ms, total = 0.01ms
[state-dump] 	 - 1 total (0 active), Execution time: mean = 0.00ms, total = 0.00ms, Queueing time: mean = 0.02ms, max = 0.02ms, min = 0.02ms, total = 0.02ms
[state-dump] 	RaySyncer.BroadcastMessage - 1 total (0 active), Execution time: mean = 0.09ms, total = 0.09ms, Queueing time: mean = 0.00ms, max = 0.00ms, min = 0.00ms, total = 0.00ms
[state-dump] 	ray::rpc::NodeInfoGcsService.grpc_client.GetAllNodeAddressAndLiveness - 1 total (0 active), Execution time: mean = 0.85ms, total = 0.85ms, Queueing time: mean = 0.00ms, max = -0.00ms, min = 9223372036854.78ms, total = 0.00ms
[state-dump] DebugString() time ms: 0
[state-dump] 
[state-dump] 
[2026-06-04 22:56:24,128 I 859 892] (raylet) store.cc:573: Plasma store debug dump: 
Current usage: 0 / 20.0817 GB
- num bytes created total: 0
0 pending objects of total size 0MB
- objects spillable: 0
- bytes spillable: 0
- objects unsealed: 0
- bytes unsealed: 0
- objects in use: 0
- bytes in use: 0
- objects evictable: 0
- bytes evictable: 0

- objects created by worker: 0
- bytes created by worker: 0
- objects restored: 0
- bytes restored: 0
- objects received: 0
- bytes received: 0
- objects errored: 0
- bytes errored: 0

[2026-06-04 22:56:24,291 I 859 859] (raylet) node_manager.cc:424: [state-dump] NodeManager:
[state-dump] Node ID: 11e184b7641b47dd66e5366c42f7fe51cb28f4bab1ca7ef8847590e4
[state-dump] Node name: 172.16.254.232
[state-dump] InitialConfigResources: {node:__internal_head__: 1, CPU: 192, node:172.16.254.232: 1, object_store_memory: 2.00817e+10, memory: 4.68574e+10}
[state-dump] ClusterLeaseManager:
[state-dump] ========== Node: 11e184b7641b47dd66e5366c42f7fe51cb28f4bab1ca7ef8847590e4 =================
[state-dump] Infeasible queue length: 0
[state-dump] Schedule queue length: 0
[state-dump] Grant queue length: 0
[state-dump] num_waiting_for_resource: 0
[state-dump] num_waiting_for_plasma_memory: 0
[state-dump] num_waiting_for_remote_node_resources: 0
[state-dump] num_worker_not_started_by_job_config_not_exist: 0
[state-dump] num_worker_not_started_by_registration_timeout: 0
[state-dump] num_tasks_waiting_for_workers: 0
[state-dump] num_cancelled_leases: 0
[state-dump] cluster_resource_scheduler state: 
[state-dump] Local id: 1457234449467745066 Local resources: {"total":{object_store_memory: [200817303550000], node:__internal_head__: [10000], memory: [468573708290000], CPU: [1920000], node:172.16.254.232: [10000]}}, "available": {memory: [468573708290000], CPU: [1920000], node:172.16.254.232: [10000], object_store_memory: [200817303550000], node:__internal_head__: [10000]}}, "labels":{"ray.io/node-id":"11e184b7641b47dd66e5366c42f7fe51cb28f4bab1ca7ef8847590e4",} is_draining: 0 is_idle: 1 Cluster resources (at most 20 nodes are shown): node id: 1457234449467745066{"total":{node:172.16.254.232: 10000, node:__internal_head__: 10000, memory: 468573708290000, object_store_memory: 200817303550000, CPU: 1920000}}, "available": {node:172.16.254.232: 10000, node:__internal_head__: 10000, memory: 468573708290000, CPU: 1920000, object_store_memory: 200817303550000}}, "labels":{"ray.io/node-id":"11e184b7641b47dd66e5366c42f7fe51cb28f4bab1ca7ef8847590e4",}, "is_draining": 0, "draining_deadline_timestamp_ms": -1} { "placement group locations": [], "node to bundles": []}
[state-dump] Waiting leases size: 0
[state-dump] Number of granted lease arguments: 0
[state-dump] Number of pinned lease arguments: 0
[state-dump] Number of total spilled leases: 0
[state-dump] Number of spilled waiting leases: 0
[state-dump] Number of spilled unschedulable leases: 0
[state-dump] Resource usage {
[state-dump] }
[state-dump] Backlog Size per scheduling descriptor :{workerId: num backlogs}:
[state-dump] 
[state-dump] Granted leases by scheduling class:
[state-dump] ==================================================
[state-dump] 
[state-dump] ClusterResources:
[state-dump] LocalObjectManager:
[state-dump] - num pinned objects: 0
[state-dump] - pinned objects size: 0
[state-dump] - num objects pending restore: 0
[state-dump] - num objects pending spill: 0
[state-dump] - num bytes pending spill: 0
[state-dump] - num bytes currently spilled: 0
[state-dump] - cumulative spill requests: 0
[state-dump] - cumulative restore requests: 0
[state-dump] - spilled objects pending delete: 0
[state-dump] 
[state-dump] ObjectManager:
[state-dump] - num local objects: 0
[state-dump] - num unfulfilled push requests: 0
[state-dump] - num object pull requests: 0
[state-dump] - num chunks received total: 0
[state-dump] - num chunks received failed (all): 0
[state-dump] - num chunks received failed / cancelled: 0
[state-dump] - num chunks received failed / plasma error: 0
[state-dump] Event stats:
[state-dump] Global stats: 0 total (0 active)
[state-dump] Queueing time: mean = -nanms, max = -0.00ms, min = 9223372036854.78ms, total = 0.00ms
[state-dump] Execution time:  mean = -nanms, total = 0.00ms
[state-dump] Event stats:
[state-dump] PushManager:
[state-dump] - num pushes remaining: 0
[state-dump] - num chunks in flight: 0
[state-dump] - num chunks remaining: 0
[state-dump] - max chunks allowed: 409
[state-dump] OwnershipBasedObjectDirectory:
[state-dump] - num listeners: 0
[state-dump] - cumulative location updates: 0
[state-dump] - num location updates per second: 0.000
[state-dump] - num location lookups per second: 0.000
[state-dump] - num locations added per second: 0.000
[state-dump] - num locations removed per second: 0.000
[state-dump] BufferPool:
[state-dump] - create buffer state map size: 0
[state-dump] PullManager:
[state-dump] - num bytes available for pulled objects: 20081730355
[state-dump] - num bytes being pulled (all): 0
[state-dump] - num bytes being pulled / pinned: 0
[state-dump] - get request bundles: BundlePullRequestQueue{0 total, 0 active, 0 inactive, 0 unpullable}
[state-dump] - wait request bundles: BundlePullRequestQueue{0 total, 0 active, 0 inactive, 0 unpullable}
[state-dump] - task request bundles: BundlePullRequestQueue{0 total, 0 active, 0 inactive, 0 unpullable}
[state-dump] - first get request bundle: N/A
[state-dump] - first wait request bundle: N/A
[state-dump] - first task request bundle: N/A
[state-dump] - num objects queued: 0
[state-dump] - num objects actively pulled (all): 0
[state-dump] - num objects actively pulled / pinned: 0
[state-dump] - num bundles being pulled: 0
[state-dump] - num pull retries: 0
[state-dump] - max timeout seconds: 0
[state-dump] - max timeout request is already processed. No entry.
[state-dump] 
[state-dump] WorkerPool:
[state-dump] - registered jobs: 1
[state-dump] - process_failed_job_config_missing: 0
[state-dump] - process_failed_rate_limited: 0
[state-dump] - process_failed_pending_registration: 192
[state-dump] - process_failed_runtime_env_setup_failed: 0
[state-dump] - num JAVA workers: 0
[state-dump] - num JAVA drivers: 0
[state-dump] - num JAVA pending start requests: 0
[state-dump] - num JAVA pending registration requests: 0
[state-dump] - num object spill callbacks queued: 0
[state-dump] - num object restore queued: 0
[state-dump] - num util functions queued: 0
[state-dump] - num PYTHON workers: 0
[state-dump] - num PYTHON drivers: 1
[state-dump] - num PYTHON pending start requests: 0
[state-dump] - num PYTHON pending registration requests: 0
[state-dump] - num object spill callbacks queued: 0
[state-dump] - num object restore queued: 0
[state-dump] - num util functions queued: 0
[state-dump] - num idle workers: 0
[state-dump] LeaseDependencyManager:
[state-dump] - lease deps map size: 0
[state-dump] - get req map size: 0
[state-dump] - wait req map size: 0
[state-dump] - local objects map size: 0
[state-dump] WaitManager:
[state-dump] - num active wait requests: 0
[state-dump] Subscriber:
[state-dump] Channel WORKER_OBJECT_LOCATIONS_CHANNEL
[state-dump] - cumulative subscribe requests: 0
[state-dump] - cumulative unsubscribe requests: 0
[state-dump] - active subscribed publishers: 0
[state-dump] - cumulative published messages: 0
[state-dump] - cumulative processed messages: 0
[state-dump] Channel WORKER_OBJECT_EVICTION
[state-dump] - cumulative subscribe requests: 0
[state-dump] - cumulative unsubscribe requests: 0
[state-dump] - active subscribed publishers: 0
[state-dump] - cumulative published messages: 0
[state-dump] - cumulative processed messages: 0
[state-dump] Channel WORKER_REF_REMOVED_CHANNEL
[state-dump] - cumulative subscribe requests: 0
[state-dump] - cumulative unsubscribe requests: 0
[state-dump] - active subscribed publishers: 0
[state-dump] - cumulative published messages: 0
[state-dump] - cumulative processed messages: 0
[state-dump] num async plasma notifications: 0
[state-dump] Event stats:
[state-dump] Global stats: 76493 total (16 active)
[state-dump] Queueing time: mean = 1.38ms, max = 3643.96ms, min = -95.24ms, total = 105578.19ms
[state-dump] Execution time:  mean = 15.96ms, total = 1221204.05ms
[state-dump] Event stats:
[state-dump] 	NodeManager.CheckGC - 16664 total (1 active), Execution time: mean = 0.01ms, total = 128.29ms, Queueing time: mean = 0.82ms, max = 3444.74ms, min = -95.24ms, total = 13640.27ms
[state-dump] 	RaySyncer.OnDemandBroadcasting - 16664 total (1 active), Execution time: mean = 0.01ms, total = 150.71ms, Queueing time: mean = 0.82ms, max = 3444.73ms, min = -0.02ms, total = 13619.97ms
[state-dump] 	ObjectManager.UpdateAvailableMemory - 16663 total (0 active), Execution time: mean = 0.00ms, total = 24.55ms, Queueing time: mean = 0.11ms, max = 100.68ms, min = 0.00ms, total = 1908.67ms
[state-dump] 	RayletWorkerPool.deadline_timer.kill_idle_workers - 8361 total (1 active), Execution time: mean = 0.00ms, total = 29.39ms, Queueing time: mean = 0.95ms, max = 3350.40ms, min = -0.03ms, total = 7944.38ms
[state-dump] 	MemoryMonitor.CheckIsMemoryUsageAboveThreshold - 6596 total (1 active), Execution time: mean = 3.25ms, total = 21436.24ms, Queueing time: mean = 1.51ms, max = 3291.29ms, min = -0.02ms, total = 9954.75ms
[state-dump] 	NodeManagerService.grpc_server.GetResourceLoad - 1679 total (0 active), Execution time: mean = 5.71ms, total = 9588.73ms, Queueing time: mean = 0.00ms, max = -0.00ms, min = 9223372036854.78ms, total = 0.00ms
[state-dump] 	NodeManagerService.grpc_server.GetResourceLoad.HandleRequestImpl - 1679 total (0 active), Execution time: mean = 0.12ms, total = 206.33ms, Queueing time: mean = 4.74ms, max = 3203.58ms, min = 0.01ms, total = 7950.25ms
[state-dump] 	NodeManager.deadline_timer.flush_free_objects - 1677 total (1 active), Execution time: mean = 0.00ms, total = 5.33ms, Queueing time: mean = 2.21ms, max = 2642.08ms, min = 0.00ms, total = 3708.46ms
[state-dump] 	NodeManager.CheckForUnexpectedWorkerDisconnects - 1677 total (1 active), Execution time: mean = 0.06ms, total = 106.10ms, Queueing time: mean = 2.15ms, max = 2644.57ms, min = -0.01ms, total = 3610.82ms
[state-dump] 	NodeManager.ScheduleAndGrantLeases - 1677 total (1 active), Execution time: mean = 0.01ms, total = 14.20ms, Queueing time: mean = 2.21ms, max = 2644.57ms, min = 0.00ms, total = 3702.97ms
[state-dump] 	NodeManager.deadline_timer.spill_objects_when_over_threshold - 1677 total (1 active), Execution time: mean = 0.00ms, total = 3.89ms, Queueing time: mean = 2.21ms, max = 2642.10ms, min = 0.00ms, total = 3709.98ms
[state-dump] 	ClusterResourceManager.ResetRemoteNodeView - 560 total (1 active), Execution time: mean = 0.00ms, total = 1.94ms, Queueing time: mean = 3.33ms, max = 1645.70ms, min = 0.01ms, total = 1862.02ms
[state-dump] 	NodeManager.deadline_timer.record_metrics - 336 total (1 active), Execution time: mean = 0.46ms, total = 155.34ms, Queueing time: mean = 1.33ms, max = 99.31ms, min = -0.00ms, total = 446.12ms
[state-dump] 	event_loop_lag_probe - 169 total (0 active), Execution time: mean = 0.01ms, total = 2.47ms, Queueing time: mean = 0.08ms, max = 6.45ms, min = 0.00ms, total = 13.04ms
[state-dump] 	NodeManager.deadline_timer.debug_state_dump - 168 total (1 active), Execution time: mean = 1.73ms, total = 290.68ms, Queueing time: mean = 0.92ms, max = 96.66ms, min = 0.01ms, total = 154.50ms
[state-dump] 	ReporterService.grpc_client.HealthCheck.OnReplyReceived - 31 total (0 active), Execution time: mean = 0.12ms, total = 3.62ms, Queueing time: mean = 0.17ms, max = 1.08ms, min = 0.01ms, total = 5.28ms
[state-dump] 	ReporterService.grpc_client.HealthCheck - 31 total (0 active), Execution time: mean = 19.15ms, total = 593.71ms, Queueing time: mean = 0.00ms, max = -0.00ms, min = 9223372036854.78ms, total = 0.00ms
[state-dump] 	MetricsAgentClient.WaitForServerReadyWithRetry - 30 total (0 active), Execution time: mean = 0.31ms, total = 9.18ms, Queueing time: mean = 1101.58ms, max = 3643.96ms, min = 1000.02ms, total = 33047.26ms
[state-dump] 	NodeManager.deadline_timer.print_event_loop_stats - 28 total (1 active, 1 running), Execution time: mean = 1.52ms, total = 42.65ms, Queueing time: mean = 3.51ms, max = 97.85ms, min = 0.01ms, total = 98.33ms
[state-dump] 	ray::rpc::NodeInfoGcsService.grpc_client.CheckAlive.OnReplyReceived - 28 total (0 active), Execution time: mean = 0.04ms, total = 1.09ms, Queueing time: mean = 0.03ms, max = 0.14ms, min = 0.01ms, total = 0.73ms
[state-dump] 	ray::rpc::NodeInfoGcsService.grpc_client.CheckAlive - 28 total (0 active), Execution time: mean = 2.41ms, total = 67.48ms, Queueing time: mean = 0.00ms, max = -0.00ms, min = 9223372036854.78ms, total = 0.00ms
[state-dump] 	NodeManager.GcsCheckAlive - 28 total (1 active), Execution time: mean = 0.24ms, total = 6.60ms, Queueing time: mean = 4.80ms, max = 98.32ms, min = 0.40ms, total = 134.35ms
[state-dump] 	PeriodicalRunner.RunFnPeriodically - 14 total (0 active), Execution time: mean = 0.23ms, total = 3.29ms, Queueing time: mean = 4.55ms, max = 12.98ms, min = 0.09ms, total = 63.65ms
[state-dump] 	ray::rpc::InternalPubSubGcsService.grpc_client.GcsSubscriberPoll - 3 total (1 active), Execution time: mean = 394920.31ms, total = 1184760.92ms, Queueing time: mean = 0.00ms, max = -0.00ms, min = 9223372036854.78ms, total = 0.00ms
[state-dump] 	ray::rpc::InternalPubSubGcsService.grpc_client.GcsSubscriberCommandBatch - 2 total (0 active), Execution time: mean = 0.92ms, total = 1.84ms, Queueing time: mean = 0.00ms, max = -0.00ms, min = 9223372036854.78ms, total = 0.00ms
[state-dump] 	RaySyncerRegister - 2 total (0 active), Execution time: mean = 0.00ms, total = 0.01ms, Queueing time: mean = 0.00ms, max = 0.00ms, min = 0.00ms, total = 0.00ms
[state-dump] 	NodeManager.GCTaskFailureReason - 2 total (1 active), Execution time: mean = 0.00ms, total = 0.00ms, Queueing time: mean = 0.01ms, max = 0.02ms, min = 0.02ms, total = 0.02ms
[state-dump] 	ray::rpc::InternalPubSubGcsService.grpc_client.GcsSubscriberCommandBatch.OnReplyReceived - 2 total (0 active), Execution time: mean = 0.10ms, total = 0.20ms, Queueing time: mean = 1.08ms, max = 2.01ms, min = 0.15ms, total = 2.16ms
[state-dump] 	ray::rpc::InternalPubSubGcsService.grpc_client.GcsSubscriberPoll.OnReplyReceived - 2 total (0 active), Execution time: mean = 0.28ms, total = 0.56ms, Queueing time: mean = 0.03ms, max = 0.03ms, min = 0.02ms, total = 0.05ms
[state-dump] 	ClientConnection.async_read.ProcessMessageHeader - 2 total (1 active), Execution time: mean = 0.00ms, total = 0.01ms, Queueing time: mean = 0.01ms, max = 0.02ms, min = 0.02ms, total = 0.02ms
[state-dump] 	ray::rpc::InternalKVGcsService.grpc_client.GetInternalConfig.OnReplyReceived - 1 total (0 active), Execution time: mean = 24.53ms, total = 24.53ms, Queueing time: mean = 0.03ms, max = 0.03ms, min = 0.03ms, total = 0.03ms
[state-dump] 	ray::rpc::InternalKVGcsService.grpc_client.GetInternalConfig - 1 total (0 active), Execution time: mean = 1.38ms, total = 1.38ms, Queueing time: mean = 0.00ms, max = -0.00ms, min = 9223372036854.78ms, total = 0.00ms
[state-dump] 	ray::rpc::NodeInfoGcsService.grpc_client.GetAllNodeAddressAndLiveness.OnReplyReceived - 1 total (0 active), Execution time: mean = 0.15ms, total = 0.15ms, Queueing time: mean = 0.01ms, max = 0.01ms, min = 0.01ms, total = 0.01ms
[state-dump] 	NodeManagerService.grpc_server.GetSystemConfig.HandleRequestImpl - 1 total (0 active), Execution time: mean = 0.09ms, total = 0.09ms, Queueing time: mean = 0.02ms, max = 0.02ms, min = 0.02ms, total = 0.02ms
[state-dump] 	ray::rpc::NodeInfoGcsService.grpc_client.RegisterNode - 1 total (0 active), Execution time: mean = 1.29ms, total = 1.29ms, Queueing time: mean = 0.00ms, max = -0.00ms, min = 9223372036854.78ms, total = 0.00ms
[state-dump] 	ClientConnection.async_read.ProcessMessage - 1 total (0 active), Execution time: mean = 3538.24ms, total = 3538.24ms, Queueing time: mean = 0.01ms, max = 0.01ms, min = 0.01ms, total = 0.01ms
[state-dump] 	ray::rpc::NodeInfoGcsService.grpc_client.RegisterNode.OnReplyReceived - 1 total (0 active), Execution time: mean = 0.68ms, total = 0.68ms, Queueing time: mean = 0.05ms, max = 0.05ms, min = 0.05ms, total = 0.05ms
[state-dump] 	NodeManagerService.grpc_server.GetSystemConfig - 1 total (0 active), Execution time: mean = 0.65ms, total = 0.65ms, Queueing time: mean = 0.00ms, max = -0.00ms, min = 9223372036854.78ms, total = 0.00ms
[state-dump] 	ray::rpc::JobInfoGcsService.grpc_client.GetAllJobInfo - 1 total (0 active), Execution time: mean = 0.76ms, total = 0.76ms, Queueing time: mean = 0.00ms, max = -0.00ms, min = 9223372036854.78ms, total = 0.00ms
[state-dump] 	ray::rpc::JobInfoGcsService.grpc_client.GetAllJobInfo.OnReplyReceived - 1 total (0 active), Execution time: mean = 0.03ms, total = 0.03ms, Queueing time: mean = 0.01ms, max = 0.01ms, min = 0.01ms, total = 0.01ms
[state-dump] 	 - 1 total (0 active), Execution time: mean = 0.00ms, total = 0.00ms, Queueing time: mean = 0.02ms, max = 0.02ms, min = 0.02ms, total = 0.02ms
[state-dump] 	RaySyncer.BroadcastMessage - 1 total (0 active), Execution time: mean = 0.09ms, total = 0.09ms, Queueing time: mean = 0.00ms, max = 0.00ms, min = 0.00ms, total = 0.00ms
[state-dump] 	ray::rpc::NodeInfoGcsService.grpc_client.GetAllNodeAddressAndLiveness - 1 total (0 active), Execution time: mean = 0.85ms, total = 0.85ms, Queueing time: mean = 0.00ms, max = -0.00ms, min = 9223372036854.78ms, total = 0.00ms
[state-dump] DebugString() time ms: 1
[state-dump] 
[state-dump] 
[2026-06-04 22:57:24,129 I 859 892] (raylet) store.cc:573: Plasma store debug dump: 
Current usage: 0 / 20.0817 GB
- num bytes created total: 0
0 pending objects of total size 0MB
- objects spillable: 0
- bytes spillable: 0
- objects unsealed: 0
- bytes unsealed: 0
- objects in use: 0
- bytes in use: 0
- objects evictable: 0
- bytes evictable: 0

- objects created by worker: 0
- bytes created by worker: 0
- objects restored: 0
- bytes restored: 0
- objects received: 0
- bytes received: 0
- objects errored: 0
- bytes errored: 0

[2026-06-04 22:57:24,292 I 859 859] (raylet) node_manager.cc:424: [state-dump] NodeManager:
[state-dump] Node ID: 11e184b7641b47dd66e5366c42f7fe51cb28f4bab1ca7ef8847590e4
[state-dump] Node name: 172.16.254.232
[state-dump] InitialConfigResources: {node:__internal_head__: 1, CPU: 192, node:172.16.254.232: 1, object_store_memory: 2.00817e+10, memory: 4.68574e+10}
[state-dump] ClusterLeaseManager:
[state-dump] ========== Node: 11e184b7641b47dd66e5366c42f7fe51cb28f4bab1ca7ef8847590e4 =================
[state-dump] Infeasible queue length: 0
[state-dump] Schedule queue length: 0
[state-dump] Grant queue length: 0
[state-dump] num_waiting_for_resource: 0
[state-dump] num_waiting_for_plasma_memory: 0
[state-dump] num_waiting_for_remote_node_resources: 0
[state-dump] num_worker_not_started_by_job_config_not_exist: 0
[state-dump] num_worker_not_started_by_registration_timeout: 0
[state-dump] num_tasks_waiting_for_workers: 0
[state-dump] num_cancelled_leases: 0
[state-dump] cluster_resource_scheduler state: 
[state-dump] Local id: 1457234449467745066 Local resources: {"total":{object_store_memory: [200817303550000], node:__internal_head__: [10000], memory: [468573708290000], CPU: [1920000], node:172.16.254.232: [10000]}}, "available": {memory: [468573708290000], CPU: [1920000], node:172.16.254.232: [10000], object_store_memory: [200817303550000], node:__internal_head__: [10000]}}, "labels":{"ray.io/node-id":"11e184b7641b47dd66e5366c42f7fe51cb28f4bab1ca7ef8847590e4",} is_draining: 0 is_idle: 1 Cluster resources (at most 20 nodes are shown): node id: 1457234449467745066{"total":{node:172.16.254.232: 10000, node:__internal_head__: 10000, memory: 468573708290000, object_store_memory: 200817303550000, CPU: 1920000}}, "available": {node:172.16.254.232: 10000, node:__internal_head__: 10000, memory: 468573708290000, CPU: 1920000, object_store_memory: 200817303550000}}, "labels":{"ray.io/node-id":"11e184b7641b47dd66e5366c42f7fe51cb28f4bab1ca7ef8847590e4",}, "is_draining": 0, "draining_deadline_timestamp_ms": -1} { "placement group locations": [], "node to bundles": []}
[state-dump] Waiting leases size: 0
[state-dump] Number of granted lease arguments: 0
[state-dump] Number of pinned lease arguments: 0
[state-dump] Number of total spilled leases: 0
[state-dump] Number of spilled waiting leases: 0
[state-dump] Number of spilled unschedulable leases: 0
[state-dump] Resource usage {
[state-dump] }
[state-dump] Backlog Size per scheduling descriptor :{workerId: num backlogs}:
[state-dump] 
[state-dump] Granted leases by scheduling class:
[state-dump] ==================================================
[state-dump] 
[state-dump] ClusterResources:
[state-dump] LocalObjectManager:
[state-dump] - num pinned objects: 0
[state-dump] - pinned objects size: 0
[state-dump] - num objects pending restore: 0
[state-dump] - num objects pending spill: 0
[state-dump] - num bytes pending spill: 0
[state-dump] - num bytes currently spilled: 0
[state-dump] - cumulative spill requests: 0
[state-dump] - cumulative restore requests: 0
[state-dump] - spilled objects pending delete: 0
[state-dump] 
[state-dump] ObjectManager:
[state-dump] - num local objects: 0
[state-dump] - num unfulfilled push requests: 0
[state-dump] - num object pull requests: 0
[state-dump] - num chunks received total: 0
[state-dump] - num chunks received failed (all): 0
[state-dump] - num chunks received failed / cancelled: 0
[state-dump] - num chunks received failed / plasma error: 0
[state-dump] Event stats:
[state-dump] Global stats: 0 total (0 active)
[state-dump] Queueing time: mean = -nanms, max = -0.00ms, min = 9223372036854.78ms, total = 0.00ms
[state-dump] Execution time:  mean = -nanms, total = 0.00ms
[state-dump] Event stats:
[state-dump] PushManager:
[state-dump] - num pushes remaining: 0
[state-dump] - num chunks in flight: 0
[state-dump] - num chunks remaining: 0
[state-dump] - max chunks allowed: 409
[state-dump] OwnershipBasedObjectDirectory:
[state-dump] - num listeners: 0
[state-dump] - cumulative location updates: 0
[state-dump] - num location updates per second: 0.000
[state-dump] - num location lookups per second: 0.000
[state-dump] - num locations added per second: 0.000
[state-dump] - num locations removed per second: 0.000
[state-dump] BufferPool:
[state-dump] - create buffer state map size: 0
[state-dump] PullManager:
[state-dump] - num bytes available for pulled objects: 20081730355
[state-dump] - num bytes being pulled (all): 0
[state-dump] - num bytes being pulled / pinned: 0
[state-dump] - get request bundles: BundlePullRequestQueue{0 total, 0 active, 0 inactive, 0 unpullable}
[state-dump] - wait request bundles: BundlePullRequestQueue{0 total, 0 active, 0 inactive, 0 unpullable}
[state-dump] - task request bundles: BundlePullRequestQueue{0 total, 0 active, 0 inactive, 0 unpullable}
[state-dump] - first get request bundle: N/A
[state-dump] - first wait request bundle: N/A
[state-dump] - first task request bundle: N/A
[state-dump] - num objects queued: 0
[state-dump] - num objects actively pulled (all): 0
[state-dump] - num objects actively pulled / pinned: 0
[state-dump] - num bundles being pulled: 0
[state-dump] - num pull retries: 0
[state-dump] - max timeout seconds: 0
[state-dump] - max timeout request is already processed. No entry.
[state-dump] 
[state-dump] WorkerPool:
[state-dump] - registered jobs: 1
[state-dump] - process_failed_job_config_missing: 0
[state-dump] - process_failed_rate_limited: 0
[state-dump] - process_failed_pending_registration: 192
[state-dump] - process_failed_runtime_env_setup_failed: 0
[state-dump] - num JAVA workers: 0
[state-dump] - num JAVA drivers: 0
[state-dump] - num JAVA pending start requests: 0
[state-dump] - num JAVA pending registration requests: 0
[state-dump] - num object spill callbacks queued: 0
[state-dump] - num object restore queued: 0
[state-dump] - num util functions queued: 0
[state-dump] - num PYTHON workers: 0
[state-dump] - num PYTHON drivers: 1
[state-dump] - num PYTHON pending start requests: 0
[state-dump] - num PYTHON pending registration requests: 0
[state-dump] - num object spill callbacks queued: 0
[state-dump] - num object restore queued: 0
[state-dump] - num util functions queued: 0
[state-dump] - num idle workers: 0
[state-dump] LeaseDependencyManager:
[state-dump] - lease deps map size: 0
[state-dump] - get req map size: 0
[state-dump] - wait req map size: 0
[state-dump] - local objects map size: 0
[state-dump] WaitManager:
[state-dump] - num active wait requests: 0
[state-dump] Subscriber:
[state-dump] Channel WORKER_OBJECT_LOCATIONS_CHANNEL
[state-dump] - cumulative subscribe requests: 0
[state-dump] - cumulative unsubscribe requests: 0
[state-dump] - active subscribed publishers: 0
[state-dump] - cumulative published messages: 0
[state-dump] - cumulative processed messages: 0
[state-dump] Channel WORKER_OBJECT_EVICTION
[state-dump] - cumulative subscribe requests: 0
[state-dump] - cumulative unsubscribe requests: 0
[state-dump] - active subscribed publishers: 0
[state-dump] - cumulative published messages: 0
[state-dump] - cumulative processed messages: 0
[state-dump] Channel WORKER_REF_REMOVED_CHANNEL
[state-dump] - cumulative subscribe requests: 0
[state-dump] - cumulative unsubscribe requests: 0
[state-dump] - active subscribed publishers: 0
[state-dump] - cumulative published messages: 0
[state-dump] - cumulative processed messages: 0
[state-dump] num async plasma notifications: 0
[state-dump] Event stats:
[state-dump] Global stats: 79238 total (16 active)
[state-dump] Queueing time: mean = 1.33ms, max = 3643.96ms, min = -95.24ms, total = 105653.65ms
[state-dump] Execution time:  mean = 15.42ms, total = 1221798.05ms
[state-dump] Event stats:
[state-dump] 	NodeManager.CheckGC - 17264 total (1 active), Execution time: mean = 0.01ms, total = 129.35ms, Queueing time: mean = 0.79ms, max = 3444.74ms, min = -95.24ms, total = 13661.83ms
[state-dump] 	RaySyncer.OnDemandBroadcasting - 17264 total (1 active), Execution time: mean = 0.01ms, total = 152.47ms, Queueing time: mean = 0.79ms, max = 3444.73ms, min = -0.02ms, total = 13640.89ms
[state-dump] 	ObjectManager.UpdateAvailableMemory - 17263 total (0 active), Execution time: mean = 0.00ms, total = 25.33ms, Queueing time: mean = 0.11ms, max = 100.68ms, min = 0.00ms, total = 1917.89ms
[state-dump] 	RayletWorkerPool.deadline_timer.kill_idle_workers - 8661 total (1 active), Execution time: mean = 0.00ms, total = 30.36ms, Queueing time: mean = 0.92ms, max = 3350.40ms, min = -0.03ms, total = 7953.84ms
[state-dump] 	MemoryMonitor.CheckIsMemoryUsageAboveThreshold - 6833 total (1 active), Execution time: mean = 3.22ms, total = 21971.25ms, Queueing time: mean = 1.46ms, max = 3291.29ms, min = -0.02ms, total = 9959.24ms
[state-dump] 	NodeManagerService.grpc_server.GetResourceLoad - 1739 total (0 active), Execution time: mean = 5.53ms, total = 9618.79ms, Queueing time: mean = 0.00ms, max = -0.00ms, min = 9223372036854.78ms, total = 0.00ms
[state-dump] 	NodeManagerService.grpc_server.GetResourceLoad.HandleRequestImpl - 1739 total (0 active), Execution time: mean = 0.12ms, total = 214.01ms, Queueing time: mean = 4.57ms, max = 3203.58ms, min = 0.01ms, total = 7952.45ms
[state-dump] 	NodeManager.deadline_timer.flush_free_objects - 1737 total (1 active), Execution time: mean = 0.00ms, total = 5.53ms, Queueing time: mean = 2.14ms, max = 2642.08ms, min = 0.00ms, total = 3710.06ms
[state-dump] 	NodeManager.CheckForUnexpectedWorkerDisconnects - 1737 total (1 active), Execution time: mean = 0.06ms, total = 106.56ms, Queueing time: mean = 2.08ms, max = 2644.57ms, min = -0.01ms, total = 3612.15ms
[state-dump] 	NodeManager.ScheduleAndGrantLeases - 1737 total (1 active), Execution time: mean = 0.01ms, total = 14.69ms, Queueing time: mean = 2.13ms, max = 2644.57ms, min = 0.00ms, total = 3704.28ms
[state-dump] 	NodeManager.deadline_timer.spill_objects_when_over_threshold - 1737 total (1 active), Execution time: mean = 0.00ms, total = 4.03ms, Queueing time: mean = 2.14ms, max = 2642.10ms, min = 0.00ms, total = 3711.63ms
[state-dump] 	ClusterResourceManager.ResetRemoteNodeView - 580 total (1 active), Execution time: mean = 0.00ms, total = 2.02ms, Queueing time: mean = 3.21ms, max = 1645.70ms, min = 0.01ms, total = 1862.42ms
[state-dump] 	NodeManager.deadline_timer.record_metrics - 348 total (1 active), Execution time: mean = 0.46ms, total = 161.01ms, Queueing time: mean = 1.28ms, max = 99.31ms, min = -0.00ms, total = 446.34ms
[state-dump] 	event_loop_lag_probe - 175 total (0 active), Execution time: mean = 0.01ms, total = 2.55ms, Queueing time: mean = 0.07ms, max = 6.45ms, min = 0.00ms, total = 13.07ms
[state-dump] 	NodeManager.deadline_timer.debug_state_dump - 174 total (1 active), Execution time: mean = 1.71ms, total = 298.17ms, Queueing time: mean = 0.89ms, max = 96.66ms, min = 0.01ms, total = 154.62ms
[state-dump] 	ReporterService.grpc_client.HealthCheck.OnReplyReceived - 31 total (0 active), Execution time: mean = 0.12ms, total = 3.62ms, Queueing time: mean = 0.17ms, max = 1.08ms, min = 0.01ms, total = 5.28ms
[state-dump] 	ReporterService.grpc_client.HealthCheck - 31 total (0 active), Execution time: mean = 19.15ms, total = 593.71ms, Queueing time: mean = 0.00ms, max = -0.00ms, min = 9223372036854.78ms, total = 0.00ms
[state-dump] 	MetricsAgentClient.WaitForServerReadyWithRetry - 30 total (0 active), Execution time: mean = 0.31ms, total = 9.18ms, Queueing time: mean = 1101.58ms, max = 3643.96ms, min = 1000.02ms, total = 33047.26ms
[state-dump] 	NodeManager.deadline_timer.print_event_loop_stats - 29 total (1 active, 1 running), Execution time: mean = 1.51ms, total = 43.70ms, Queueing time: mean = 3.39ms, max = 97.85ms, min = 0.01ms, total = 98.34ms
[state-dump] 	ray::rpc::NodeInfoGcsService.grpc_client.CheckAlive.OnReplyReceived - 29 total (0 active), Execution time: mean = 0.04ms, total = 1.12ms, Queueing time: mean = 0.03ms, max = 0.14ms, min = 0.01ms, total = 0.75ms
[state-dump] 	ray::rpc::NodeInfoGcsService.grpc_client.CheckAlive - 29 total (0 active), Execution time: mean = 2.35ms, total = 68.29ms, Queueing time: mean = 0.00ms, max = -0.00ms, min = 9223372036854.78ms, total = 0.00ms
[state-dump] 	NodeManager.GcsCheckAlive - 29 total (1 active), Execution time: mean = 0.23ms, total = 6.78ms, Queueing time: mean = 4.67ms, max = 98.32ms, min = 0.40ms, total = 135.29ms
[state-dump] 	PeriodicalRunner.RunFnPeriodically - 14 total (0 active), Execution time: mean = 0.23ms, total = 3.29ms, Queueing time: mean = 4.55ms, max = 12.98ms, min = 0.09ms, total = 63.65ms
[state-dump] 	ray::rpc::InternalPubSubGcsService.grpc_client.GcsSubscriberPoll - 3 total (1 active), Execution time: mean = 394920.31ms, total = 1184760.92ms, Queueing time: mean = 0.00ms, max = -0.00ms, min = 9223372036854.78ms, total = 0.00ms
[state-dump] 	ray::rpc::InternalPubSubGcsService.grpc_client.GcsSubscriberCommandBatch - 2 total (0 active), Execution time: mean = 0.92ms, total = 1.84ms, Queueing time: mean = 0.00ms, max = -0.00ms, min = 9223372036854.78ms, total = 0.00ms
[state-dump] 	RaySyncerRegister - 2 total (0 active), Execution time: mean = 0.00ms, total = 0.01ms, Queueing time: mean = 0.00ms, max = 0.00ms, min = 0.00ms, total = 0.00ms
[state-dump] 	NodeManager.GCTaskFailureReason - 2 total (1 active), Execution time: mean = 0.00ms, total = 0.00ms, Queueing time: mean = 0.01ms, max = 0.02ms, min = 0.02ms, total = 0.02ms
[state-dump] 	ray::rpc::InternalPubSubGcsService.grpc_client.GcsSubscriberCommandBatch.OnReplyReceived - 2 total (0 active), Execution time: mean = 0.10ms, total = 0.20ms, Queueing time: mean = 1.08ms, max = 2.01ms, min = 0.15ms, total = 2.16ms
[state-dump] 	ray::rpc::InternalPubSubGcsService.grpc_client.GcsSubscriberPoll.OnReplyReceived - 2 total (0 active), Execution time: mean = 0.28ms, total = 0.56ms, Queueing time: mean = 0.03ms, max = 0.03ms, min = 0.02ms, total = 0.05ms
[state-dump] 	ClientConnection.async_read.ProcessMessageHeader - 2 total (1 active), Execution time: mean = 0.00ms, total = 0.01ms, Queueing time: mean = 0.01ms, max = 0.02ms, min = 0.02ms, total = 0.02ms
[state-dump] 	ray::rpc::InternalKVGcsService.grpc_client.GetInternalConfig.OnReplyReceived - 1 total (0 active), Execution time: mean = 24.53ms, total = 24.53ms, Queueing time: mean = 0.03ms, max = 0.03ms, min = 0.03ms, total = 0.03ms
[state-dump] 	ray::rpc::InternalKVGcsService.grpc_client.GetInternalConfig - 1 total (0 active), Execution time: mean = 1.38ms, total = 1.38ms, Queueing time: mean = 0.00ms, max = -0.00ms, min = 9223372036854.78ms, total = 0.00ms
[state-dump] 	ray::rpc::NodeInfoGcsService.grpc_client.GetAllNodeAddressAndLiveness.OnReplyReceived - 1 total (0 active), Execution time: mean = 0.15ms, total = 0.15ms, Queueing time: mean = 0.01ms, max = 0.01ms, min = 0.01ms, total = 0.01ms
[state-dump] 	NodeManagerService.grpc_server.GetSystemConfig.HandleRequestImpl - 1 total (0 active), Execution time: mean = 0.09ms, total = 0.09ms, Queueing time: mean = 0.02ms, max = 0.02ms, min = 0.02ms, total = 0.02ms
[state-dump] 	ray::rpc::NodeInfoGcsService.grpc_client.RegisterNode - 1 total (0 active), Execution time: mean = 1.29ms, total = 1.29ms, Queueing time: mean = 0.00ms, max = -0.00ms, min = 9223372036854.78ms, total = 0.00ms
[state-dump] 	ClientConnection.async_read.ProcessMessage - 1 total (0 active), Execution time: mean = 3538.24ms, total = 3538.24ms, Queueing time: mean = 0.01ms, max = 0.01ms, min = 0.01ms, total = 0.01ms
[state-dump] 	ray::rpc::NodeInfoGcsService.grpc_client.RegisterNode.OnReplyReceived - 1 total (0 active), Execution time: mean = 0.68ms, total = 0.68ms, Queueing time: mean = 0.05ms, max = 0.05ms, min = 0.05ms, total = 0.05ms
[state-dump] 	NodeManagerService.grpc_server.GetSystemConfig - 1 total (0 active), Execution time: mean = 0.65ms, total = 0.65ms, Queueing time: mean = 0.00ms, max = -0.00ms, min = 9223372036854.78ms, total = 0.00ms
[state-dump] 	ray::rpc::JobInfoGcsService.grpc_client.GetAllJobInfo - 1 total (0 active), Execution time: mean = 0.76ms, total = 0.76ms, Queueing time: mean = 0.00ms, max = -0.00ms, min = 9223372036854.78ms, total = 0.00ms
[state-dump] 	ray::rpc::JobInfoGcsService.grpc_client.GetAllJobInfo.OnReplyReceived - 1 total (0 active), Execution time: mean = 0.03ms, total = 0.03ms, Queueing time: mean = 0.01ms, max = 0.01ms, min = 0.01ms, total = 0.01ms
[state-dump] 	 - 1 total (0 active), Execution time: mean = 0.00ms, total = 0.00ms, Queueing time: mean = 0.02ms, max = 0.02ms, min = 0.02ms, total = 0.02ms
[state-dump] 	RaySyncer.BroadcastMessage - 1 total (0 active), Execution time: mean = 0.09ms, total = 0.09ms, Queueing time: mean = 0.00ms, max = 0.00ms, min = 0.00ms, total = 0.00ms
[state-dump] 	ray::rpc::NodeInfoGcsService.grpc_client.GetAllNodeAddressAndLiveness - 1 total (0 active), Execution time: mean = 0.85ms, total = 0.85ms, Queueing time: mean = 0.00ms, max = -0.00ms, min = 9223372036854.78ms, total = 0.00ms
[state-dump] DebugString() time ms: 1
[state-dump] 
[state-dump] 
[2026-06-04 22:58:24,129 I 859 892] (raylet) store.cc:573: Plasma store debug dump: 
Current usage: 0 / 20.0817 GB
- num bytes created total: 0
0 pending objects of total size 0MB
- objects spillable: 0
- bytes spillable: 0
- objects unsealed: 0
- bytes unsealed: 0
- objects in use: 0
- bytes in use: 0
- objects evictable: 0
- bytes evictable: 0

- objects created by worker: 0
- bytes created by worker: 0
- objects restored: 0
- bytes restored: 0
- objects received: 0
- bytes received: 0
- objects errored: 0
- bytes errored: 0

[2026-06-04 22:58:24,294 I 859 859] (raylet) node_manager.cc:424: [state-dump] NodeManager:
[state-dump] Node ID: 11e184b7641b47dd66e5366c42f7fe51cb28f4bab1ca7ef8847590e4
[state-dump] Node name: 172.16.254.232
[state-dump] InitialConfigResources: {node:__internal_head__: 1, CPU: 192, node:172.16.254.232: 1, object_store_memory: 2.00817e+10, memory: 4.68574e+10}
[state-dump] ClusterLeaseManager:
[state-dump] ========== Node: 11e184b7641b47dd66e5366c42f7fe51cb28f4bab1ca7ef8847590e4 =================
[state-dump] Infeasible queue length: 0
[state-dump] Schedule queue length: 0
[state-dump] Grant queue length: 0
[state-dump] num_waiting_for_resource: 0
[state-dump] num_waiting_for_plasma_memory: 0
[state-dump] num_waiting_for_remote_node_resources: 0
[state-dump] num_worker_not_started_by_job_config_not_exist: 0
[state-dump] num_worker_not_started_by_registration_timeout: 0
[state-dump] num_tasks_waiting_for_workers: 0
[state-dump] num_cancelled_leases: 0
[state-dump] cluster_resource_scheduler state: 
[state-dump] Local id: 1457234449467745066 Local resources: {"total":{object_store_memory: [200817303550000], node:__internal_head__: [10000], memory: [468573708290000], CPU: [1920000], node:172.16.254.232: [10000]}}, "available": {memory: [468573708290000], CPU: [1920000], node:172.16.254.232: [10000], object_store_memory: [200817303550000], node:__internal_head__: [10000]}}, "labels":{"ray.io/node-id":"11e184b7641b47dd66e5366c42f7fe51cb28f4bab1ca7ef8847590e4",} is_draining: 0 is_idle: 1 Cluster resources (at most 20 nodes are shown): node id: 1457234449467745066{"total":{node:172.16.254.232: 10000, node:__internal_head__: 10000, memory: 468573708290000, object_store_memory: 200817303550000, CPU: 1920000}}, "available": {node:172.16.254.232: 10000, node:__internal_head__: 10000, memory: 468573708290000, CPU: 1920000, object_store_memory: 200817303550000}}, "labels":{"ray.io/node-id":"11e184b7641b47dd66e5366c42f7fe51cb28f4bab1ca7ef8847590e4",}, "is_draining": 0, "draining_deadline_timestamp_ms": -1} { "placement group locations": [], "node to bundles": []}
[state-dump] Waiting leases size: 0
[state-dump] Number of granted lease arguments: 0
[state-dump] Number of pinned lease arguments: 0
[state-dump] Number of total spilled leases: 0
[state-dump] Number of spilled waiting leases: 0
[state-dump] Number of spilled unschedulable leases: 0
[state-dump] Resource usage {
[state-dump] }
[state-dump] Backlog Size per scheduling descriptor :{workerId: num backlogs}:
[state-dump] 
[state-dump] Granted leases by scheduling class:
[state-dump] ==================================================
[state-dump] 
[state-dump] ClusterResources:
[state-dump] LocalObjectManager:
[state-dump] - num pinned objects: 0
[state-dump] - pinned objects size: 0
[state-dump] - num objects pending restore: 0
[state-dump] - num objects pending spill: 0
[state-dump] - num bytes pending spill: 0
[state-dump] - num bytes currently spilled: 0
[state-dump] - cumulative spill requests: 0
[state-dump] - cumulative restore requests: 0
[state-dump] - spilled objects pending delete: 0
[state-dump] 
[state-dump] ObjectManager:
[state-dump] - num local objects: 0
[state-dump] - num unfulfilled push requests: 0
[state-dump] - num object pull requests: 0
[state-dump] - num chunks received total: 0
[state-dump] - num chunks received failed (all): 0
[state-dump] - num chunks received failed / cancelled: 0
[state-dump] - num chunks received failed / plasma error: 0
[state-dump] Event stats:
[state-dump] Global stats: 0 total (0 active)
[state-dump] Queueing time: mean = -nanms, max = -0.00ms, min = 9223372036854.78ms, total = 0.00ms
[state-dump] Execution time:  mean = -nanms, total = 0.00ms
[state-dump] Event stats:
[state-dump] PushManager:
[state-dump] - num pushes remaining: 0
[state-dump] - num chunks in flight: 0
[state-dump] - num chunks remaining: 0
[state-dump] - max chunks allowed: 409
[state-dump] OwnershipBasedObjectDirectory:
[state-dump] - num listeners: 0
[state-dump] - cumulative location updates: 0
[state-dump] - num location updates per second: 0.000
[state-dump] - num location lookups per second: 0.000
[state-dump] - num locations added per second: 0.000
[state-dump] - num locations removed per second: 0.000
[state-dump] BufferPool:
[state-dump] - create buffer state map size: 0
[state-dump] PullManager:
[state-dump] - num bytes available for pulled objects: 20081730355
[state-dump] - num bytes being pulled (all): 0
[state-dump] - num bytes being pulled / pinned: 0
[state-dump] - get request bundles: BundlePullRequestQueue{0 total, 0 active, 0 inactive, 0 unpullable}
[state-dump] - wait request bundles: BundlePullRequestQueue{0 total, 0 active, 0 inactive, 0 unpullable}
[state-dump] - task request bundles: BundlePullRequestQueue{0 total, 0 active, 0 inactive, 0 unpullable}
[state-dump] - first get request bundle: N/A
[state-dump] - first wait request bundle: N/A
[state-dump] - first task request bundle: N/A
[state-dump] - num objects queued: 0
[state-dump] - num objects actively pulled (all): 0
[state-dump] - num objects actively pulled / pinned: 0
[state-dump] - num bundles being pulled: 0
[state-dump] - num pull retries: 0
[state-dump] - max timeout seconds: 0
[state-dump] - max timeout request is already processed. No entry.
[state-dump] 
[state-dump] WorkerPool:
[state-dump] - registered jobs: 1
[state-dump] - process_failed_job_config_missing: 0
[state-dump] - process_failed_rate_limited: 0
[state-dump] - process_failed_pending_registration: 192
[state-dump] - process_failed_runtime_env_setup_failed: 0
[state-dump] - num JAVA workers: 0
[state-dump] - num JAVA drivers: 0
[state-dump] - num JAVA pending start requests: 0
[state-dump] - num JAVA pending registration requests: 0
[state-dump] - num object spill callbacks queued: 0
[state-dump] - num object restore queued: 0
[state-dump] - num util functions queued: 0
[state-dump] - num PYTHON workers: 0
[state-dump] - num PYTHON drivers: 1
[state-dump] - num PYTHON pending start requests: 0
[state-dump] - num PYTHON pending registration requests: 0
[state-dump] - num object spill callbacks queued: 0
[state-dump] - num object restore queued: 0
[state-dump] - num util functions queued: 0
[state-dump] - num idle workers: 0
[state-dump] LeaseDependencyManager:
[state-dump] - lease deps map size: 0
[state-dump] - get req map size: 0
[state-dump] - wait req map size: 0
[state-dump] - local objects map size: 0
[state-dump] WaitManager:
[state-dump] - num active wait requests: 0
[state-dump] Subscriber:
[state-dump] Channel WORKER_OBJECT_LOCATIONS_CHANNEL
[state-dump] - cumulative subscribe requests: 0
[state-dump] - cumulative unsubscribe requests: 0
[state-dump] - active subscribed publishers: 0
[state-dump] - cumulative published messages: 0
[state-dump] - cumulative processed messages: 0
[state-dump] Channel WORKER_OBJECT_EVICTION
[state-dump] - cumulative subscribe requests: 0
[state-dump] - cumulative unsubscribe requests: 0
[state-dump] - active subscribed publishers: 0
[state-dump] - cumulative published messages: 0
[state-dump] - cumulative processed messages: 0
[state-dump] Channel WORKER_REF_REMOVED_CHANNEL
[state-dump] - cumulative subscribe requests: 0
[state-dump] - cumulative unsubscribe requests: 0
[state-dump] - active subscribed publishers: 0
[state-dump] - cumulative published messages: 0
[state-dump] - cumulative processed messages: 0
[state-dump] num async plasma notifications: 0
[state-dump] Event stats:
[state-dump] Global stats: 81987 total (16 active)
[state-dump] Queueing time: mean = 1.29ms, max = 3643.96ms, min = -95.24ms, total = 105735.73ms
[state-dump] Execution time:  mean = 22.23ms, total = 1822432.15ms
[state-dump] Event stats:
[state-dump] 	NodeManager.CheckGC - 17864 total (1 active), Execution time: mean = 0.01ms, total = 130.43ms, Queueing time: mean = 0.77ms, max = 3444.74ms, min = -95.24ms, total = 13684.19ms
[state-dump] 	RaySyncer.OnDemandBroadcasting - 17864 total (1 active), Execution time: mean = 0.01ms, total = 154.31ms, Queueing time: mean = 0.76ms, max = 3444.73ms, min = -0.02ms, total = 13662.55ms
[state-dump] 	ObjectManager.UpdateAvailableMemory - 17863 total (0 active), Execution time: mean = 0.00ms, total = 26.14ms, Queueing time: mean = 0.11ms, max = 100.68ms, min = 0.00ms, total = 1928.19ms
[state-dump] 	RayletWorkerPool.deadline_timer.kill_idle_workers - 8961 total (1 active), Execution time: mean = 0.00ms, total = 31.41ms, Queueing time: mean = 0.89ms, max = 3350.40ms, min = -0.03ms, total = 7964.16ms
[state-dump] 	MemoryMonitor.CheckIsMemoryUsageAboveThreshold - 7071 total (1 active), Execution time: mean = 3.19ms, total = 22543.17ms, Queueing time: mean = 1.41ms, max = 3291.29ms, min = -0.02ms, total = 9963.71ms
[state-dump] 	NodeManagerService.grpc_server.GetResourceLoad - 1799 total (0 active), Execution time: mean = 5.36ms, total = 9649.75ms, Queueing time: mean = 0.00ms, max = -0.00ms, min = 9223372036854.78ms, total = 0.00ms
[state-dump] 	NodeManagerService.grpc_server.GetResourceLoad.HandleRequestImpl - 1799 total (0 active), Execution time: mean = 0.12ms, total = 221.74ms, Queueing time: mean = 4.42ms, max = 3203.58ms, min = 0.01ms, total = 7953.97ms
[state-dump] 	NodeManager.deadline_timer.flush_free_objects - 1797 total (1 active), Execution time: mean = 0.00ms, total = 5.73ms, Queueing time: mean = 2.07ms, max = 2642.08ms, min = 0.00ms, total = 3711.63ms
[state-dump] 	NodeManager.CheckForUnexpectedWorkerDisconnects - 1797 total (1 active), Execution time: mean = 0.06ms, total = 107.05ms, Queueing time: mean = 2.01ms, max = 2644.57ms, min = -0.01ms, total = 3613.43ms
[state-dump] 	NodeManager.ScheduleAndGrantLeases - 1797 total (1 active), Execution time: mean = 0.01ms, total = 15.24ms, Queueing time: mean = 2.06ms, max = 2644.57ms, min = 0.00ms, total = 3705.51ms
[state-dump] 	NodeManager.deadline_timer.spill_objects_when_over_threshold - 1797 total (1 active), Execution time: mean = 0.00ms, total = 4.17ms, Queueing time: mean = 2.07ms, max = 2642.10ms, min = 0.00ms, total = 3713.26ms
[state-dump] 	ClusterResourceManager.ResetRemoteNodeView - 600 total (1 active), Execution time: mean = 0.00ms, total = 2.09ms, Queueing time: mean = 3.10ms, max = 1645.70ms, min = 0.01ms, total = 1862.81ms
[state-dump] 	NodeManager.deadline_timer.record_metrics - 360 total (1 active), Execution time: mean = 0.46ms, total = 166.92ms, Queueing time: mean = 1.25ms, max = 99.31ms, min = -0.00ms, total = 449.82ms
[state-dump] 	event_loop_lag_probe - 181 total (0 active), Execution time: mean = 0.01ms, total = 2.64ms, Queueing time: mean = 0.07ms, max = 6.45ms, min = 0.00ms, total = 13.11ms
[state-dump] 	NodeManager.deadline_timer.debug_state_dump - 180 total (1 active), Execution time: mean = 1.70ms, total = 305.51ms, Queueing time: mean = 0.86ms, max = 96.66ms, min = 0.01ms, total = 154.74ms
[state-dump] 	ReporterService.grpc_client.HealthCheck.OnReplyReceived - 31 total (0 active), Execution time: mean = 0.12ms, total = 3.62ms, Queueing time: mean = 0.17ms, max = 1.08ms, min = 0.01ms, total = 5.28ms
[state-dump] 	ReporterService.grpc_client.HealthCheck - 31 total (0 active), Execution time: mean = 19.15ms, total = 593.71ms, Queueing time: mean = 0.00ms, max = -0.00ms, min = 9223372036854.78ms, total = 0.00ms
[state-dump] 	MetricsAgentClient.WaitForServerReadyWithRetry - 30 total (0 active), Execution time: mean = 0.31ms, total = 9.18ms, Queueing time: mean = 1101.58ms, max = 3643.96ms, min = 1000.02ms, total = 33047.26ms
[state-dump] 	ray::rpc::NodeInfoGcsService.grpc_client.CheckAlive.OnReplyReceived - 30 total (0 active), Execution time: mean = 0.04ms, total = 1.17ms, Queueing time: mean = 0.03ms, max = 0.14ms, min = 0.01ms, total = 0.77ms
[state-dump] 	NodeManager.deadline_timer.print_event_loop_stats - 30 total (1 active, 1 running), Execution time: mean = 1.51ms, total = 45.45ms, Queueing time: mean = 3.28ms, max = 97.85ms, min = 0.01ms, total = 98.36ms
[state-dump] 	ray::rpc::NodeInfoGcsService.grpc_client.CheckAlive - 30 total (0 active), Execution time: mean = 2.32ms, total = 69.49ms, Queueing time: mean = 0.00ms, max = -0.00ms, min = 9223372036854.78ms, total = 0.00ms
[state-dump] 	NodeManager.GcsCheckAlive - 30 total (1 active), Execution time: mean = 0.24ms, total = 7.11ms, Queueing time: mean = 4.56ms, max = 98.32ms, min = 0.40ms, total = 136.87ms
[state-dump] 	PeriodicalRunner.RunFnPeriodically - 14 total (0 active), Execution time: mean = 0.23ms, total = 3.29ms, Queueing time: mean = 4.55ms, max = 12.98ms, min = 0.09ms, total = 63.65ms
[state-dump] 	ray::rpc::InternalPubSubGcsService.grpc_client.GcsSubscriberPoll - 4 total (1 active), Execution time: mean = 446190.25ms, total = 1784761.02ms, Queueing time: mean = 0.00ms, max = -0.00ms, min = 9223372036854.78ms, total = 0.00ms
[state-dump] 	NodeManager.GCTaskFailureReason - 3 total (1 active), Execution time: mean = 0.00ms, total = 0.01ms, Queueing time: mean = 0.01ms, max = 0.02ms, min = 0.02ms, total = 0.04ms
[state-dump] 	ray::rpc::InternalPubSubGcsService.grpc_client.GcsSubscriberPoll.OnReplyReceived - 3 total (0 active), Execution time: mean = 0.34ms, total = 1.03ms, Queueing time: mean = 0.03ms, max = 0.03ms, min = 0.02ms, total = 0.08ms
[state-dump] 	ray::rpc::InternalPubSubGcsService.grpc_client.GcsSubscriberCommandBatch - 2 total (0 active), Execution time: mean = 0.92ms, total = 1.84ms, Queueing time: mean = 0.00ms, max = -0.00ms, min = 9223372036854.78ms, total = 0.00ms
[state-dump] 	RaySyncerRegister - 2 total (0 active), Execution time: mean = 0.00ms, total = 0.01ms, Queueing time: mean = 0.00ms, max = 0.00ms, min = 0.00ms, total = 0.00ms
[state-dump] 	ray::rpc::InternalPubSubGcsService.grpc_client.GcsSubscriberCommandBatch.OnReplyReceived - 2 total (0 active), Execution time: mean = 0.10ms, total = 0.20ms, Queueing time: mean = 1.08ms, max = 2.01ms, min = 0.15ms, total = 2.16ms
[state-dump] 	ClientConnection.async_read.ProcessMessageHeader - 2 total (1 active), Execution time: mean = 0.00ms, total = 0.01ms, Queueing time: mean = 0.01ms, max = 0.02ms, min = 0.02ms, total = 0.02ms
[state-dump] 	ray::rpc::InternalKVGcsService.grpc_client.GetInternalConfig.OnReplyReceived - 1 total (0 active), Execution time: mean = 24.53ms, total = 24.53ms, Queueing time: mean = 0.03ms, max = 0.03ms, min = 0.03ms, total = 0.03ms
[state-dump] 	ray::rpc::InternalKVGcsService.grpc_client.GetInternalConfig - 1 total (0 active), Execution time: mean = 1.38ms, total = 1.38ms, Queueing time: mean = 0.00ms, max = -0.00ms, min = 9223372036854.78ms, total = 0.00ms
[state-dump] 	ray::rpc::NodeInfoGcsService.grpc_client.GetAllNodeAddressAndLiveness.OnReplyReceived - 1 total (0 active), Execution time: mean = 0.15ms, total = 0.15ms, Queueing time: mean = 0.01ms, max = 0.01ms, min = 0.01ms, total = 0.01ms
[state-dump] 	NodeManagerService.grpc_server.GetSystemConfig.HandleRequestImpl - 1 total (0 active), Execution time: mean = 0.09ms, total = 0.09ms, Queueing time: mean = 0.02ms, max = 0.02ms, min = 0.02ms, total = 0.02ms
[state-dump] 	ray::rpc::NodeInfoGcsService.grpc_client.RegisterNode - 1 total (0 active), Execution time: mean = 1.29ms, total = 1.29ms, Queueing time: mean = 0.00ms, max = -0.00ms, min = 9223372036854.78ms, total = 0.00ms
[state-dump] 	ClientConnection.async_read.ProcessMessage - 1 total (0 active), Execution time: mean = 3538.24ms, total = 3538.24ms, Queueing time: mean = 0.01ms, max = 0.01ms, min = 0.01ms, total = 0.01ms
[state-dump] 	ray::rpc::NodeInfoGcsService.grpc_client.RegisterNode.OnReplyReceived - 1 total (0 active), Execution time: mean = 0.68ms, total = 0.68ms, Queueing time: mean = 0.05ms, max = 0.05ms, min = 0.05ms, total = 0.05ms
[state-dump] 	NodeManagerService.grpc_server.GetSystemConfig - 1 total (0 active), Execution time: mean = 0.65ms, total = 0.65ms, Queueing time: mean = 0.00ms, max = -0.00ms, min = 9223372036854.78ms, total = 0.00ms
[state-dump] 	ray::rpc::JobInfoGcsService.grpc_client.GetAllJobInfo - 1 total (0 active), Execution time: mean = 0.76ms, total = 0.76ms, Queueing time: mean = 0.00ms, max = -0.00ms, min = 9223372036854.78ms, total = 0.00ms
[state-dump] 	ray::rpc::JobInfoGcsService.grpc_client.GetAllJobInfo.OnReplyReceived - 1 total (0 active), Execution time: mean = 0.03ms, total = 0.03ms, Queueing time: mean = 0.01ms, max = 0.01ms, min = 0.01ms, total = 0.01ms
[state-dump] 	 - 1 total (0 active), Execution time: mean = 0.00ms, total = 0.00ms, Queueing time: mean = 0.02ms, max = 0.02ms, min = 0.02ms, total = 0.02ms
[state-dump] 	RaySyncer.BroadcastMessage - 1 total (0 active), Execution time: mean = 0.09ms, total = 0.09ms, Queueing time: mean = 0.00ms, max = 0.00ms, min = 0.00ms, total = 0.00ms
[state-dump] 	ray::rpc::NodeInfoGcsService.grpc_client.GetAllNodeAddressAndLiveness - 1 total (0 active), Execution time: mean = 0.85ms, total = 0.85ms, Queueing time: mean = 0.00ms, max = -0.00ms, min = 9223372036854.78ms, total = 0.00ms
[state-dump] DebugString() time ms: 1
[state-dump] 
[state-dump] 
[2026-06-04 22:59:24,130 I 859 892] (raylet) store.cc:573: Plasma store debug dump: 
Current usage: 0 / 20.0817 GB
- num bytes created total: 0
0 pending objects of total size 0MB
- objects spillable: 0
- bytes spillable: 0
- objects unsealed: 0
- bytes unsealed: 0
- objects in use: 0
- bytes in use: 0
- objects evictable: 0
- bytes evictable: 0

- objects created by worker: 0
- bytes created by worker: 0
- objects restored: 0
- bytes restored: 0
- objects received: 0
- bytes received: 0
- objects errored: 0
- bytes errored: 0

[2026-06-04 22:59:24,296 I 859 859] (raylet) node_manager.cc:424: [state-dump] NodeManager:
[state-dump] Node ID: 11e184b7641b47dd66e5366c42f7fe51cb28f4bab1ca7ef8847590e4
[state-dump] Node name: 172.16.254.232
[state-dump] InitialConfigResources: {node:__internal_head__: 1, CPU: 192, node:172.16.254.232: 1, object_store_memory: 2.00817e+10, memory: 4.68574e+10}
[state-dump] ClusterLeaseManager:
[state-dump] ========== Node: 11e184b7641b47dd66e5366c42f7fe51cb28f4bab1ca7ef8847590e4 =================
[state-dump] Infeasible queue length: 0
[state-dump] Schedule queue length: 0
[state-dump] Grant queue length: 0
[state-dump] num_waiting_for_resource: 0
[state-dump] num_waiting_for_plasma_memory: 0
[state-dump] num_waiting_for_remote_node_resources: 0
[state-dump] num_worker_not_started_by_job_config_not_exist: 0
[state-dump] num_worker_not_started_by_registration_timeout: 0
[state-dump] num_tasks_waiting_for_workers: 0
[state-dump] num_cancelled_leases: 0
[state-dump] cluster_resource_scheduler state: 
[state-dump] Local id: 1457234449467745066 Local resources: {"total":{object_store_memory: [200817303550000], node:__internal_head__: [10000], memory: [468573708290000], CPU: [1920000], node:172.16.254.232: [10000]}}, "available": {memory: [468573708290000], CPU: [1920000], node:172.16.254.232: [10000], object_store_memory: [200817303550000], node:__internal_head__: [10000]}}, "labels":{"ray.io/node-id":"11e184b7641b47dd66e5366c42f7fe51cb28f4bab1ca7ef8847590e4",} is_draining: 0 is_idle: 1 Cluster resources (at most 20 nodes are shown): node id: 1457234449467745066{"total":{node:172.16.254.232: 10000, node:__internal_head__: 10000, memory: 468573708290000, object_store_memory: 200817303550000, CPU: 1920000}}, "available": {node:172.16.254.232: 10000, node:__internal_head__: 10000, memory: 468573708290000, CPU: 1920000, object_store_memory: 200817303550000}}, "labels":{"ray.io/node-id":"11e184b7641b47dd66e5366c42f7fe51cb28f4bab1ca7ef8847590e4",}, "is_draining": 0, "draining_deadline_timestamp_ms": -1} { "placement group locations": [], "node to bundles": []}
[state-dump] Waiting leases size: 0
[state-dump] Number of granted lease arguments: 0
[state-dump] Number of pinned lease arguments: 0
[state-dump] Number of total spilled leases: 0
[state-dump] Number of spilled waiting leases: 0
[state-dump] Number of spilled unschedulable leases: 0
[state-dump] Resource usage {
[state-dump] }
[state-dump] Backlog Size per scheduling descriptor :{workerId: num backlogs}:
[state-dump] 
[state-dump] Granted leases by scheduling class:
[state-dump] ==================================================
[state-dump] 
[state-dump] ClusterResources:
[state-dump] LocalObjectManager:
[state-dump] - num pinned objects: 0
[state-dump] - pinned objects size: 0
[state-dump] - num objects pending restore: 0
[state-dump] - num objects pending spill: 0
[state-dump] - num bytes pending spill: 0
[state-dump] - num bytes currently spilled: 0
[state-dump] - cumulative spill requests: 0
[state-dump] - cumulative restore requests: 0
[state-dump] - spilled objects pending delete: 0
[state-dump] 
[state-dump] ObjectManager:
[state-dump] - num local objects: 0
[state-dump] - num unfulfilled push requests: 0
[state-dump] - num object pull requests: 0
[state-dump] - num chunks received total: 0
[state-dump] - num chunks received failed (all): 0
[state-dump] - num chunks received failed / cancelled: 0
[state-dump] - num chunks received failed / plasma error: 0
[state-dump] Event stats:
[state-dump] Global stats: 0 total (0 active)
[state-dump] Queueing time: mean = -nanms, max = -0.00ms, min = 9223372036854.78ms, total = 0.00ms
[state-dump] Execution time:  mean = -nanms, total = 0.00ms
[state-dump] Event stats:
[state-dump] PushManager:
[state-dump] - num pushes remaining: 0
[state-dump] - num chunks in flight: 0
[state-dump] - num chunks remaining: 0
[state-dump] - max chunks allowed: 409
[state-dump] OwnershipBasedObjectDirectory:
[state-dump] - num listeners: 0
[state-dump] - cumulative location updates: 0
[state-dump] - num location updates per second: 0.000
[state-dump] - num location lookups per second: 0.000
[state-dump] - num locations added per second: 0.000
[state-dump] - num locations removed per second: 0.000
[state-dump] BufferPool:
[state-dump] - create buffer state map size: 0
[state-dump] PullManager:
[state-dump] - num bytes available for pulled objects: 20081730355
[state-dump] - num bytes being pulled (all): 0
[state-dump] - num bytes being pulled / pinned: 0
[state-dump] - get request bundles: BundlePullRequestQueue{0 total, 0 active, 0 inactive, 0 unpullable}
[state-dump] - wait request bundles: BundlePullRequestQueue{0 total, 0 active, 0 inactive, 0 unpullable}
[state-dump] - task request bundles: BundlePullRequestQueue{0 total, 0 active, 0 inactive, 0 unpullable}
[state-dump] - first get request bundle: N/A
[state-dump] - first wait request bundle: N/A
[state-dump] - first task request bundle: N/A
[state-dump] - num objects queued: 0
[state-dump] - num objects actively pulled (all): 0
[state-dump] - num objects actively pulled / pinned: 0
[state-dump] - num bundles being pulled: 0
[state-dump] - num pull retries: 0
[state-dump] - max timeout seconds: 0
[state-dump] - max timeout request is already processed. No entry.
[state-dump] 
[state-dump] WorkerPool:
[state-dump] - registered jobs: 1
[state-dump] - process_failed_job_config_missing: 0
[state-dump] - process_failed_rate_limited: 0
[state-dump] - process_failed_pending_registration: 192
[state-dump] - process_failed_runtime_env_setup_failed: 0
[state-dump] - num JAVA workers: 0
[state-dump] - num JAVA drivers: 0
[state-dump] - num JAVA pending start requests: 0
[state-dump] - num JAVA pending registration requests: 0
[state-dump] - num object spill callbacks queued: 0
[state-dump] - num object restore queued: 0
[state-dump] - num util functions queued: 0
[state-dump] - num PYTHON workers: 0
[state-dump] - num PYTHON drivers: 1
[state-dump] - num PYTHON pending start requests: 0
[state-dump] - num PYTHON pending registration requests: 0
[state-dump] - num object spill callbacks queued: 0
[state-dump] - num object restore queued: 0
[state-dump] - num util functions queued: 0
[state-dump] - num idle workers: 0
[state-dump] LeaseDependencyManager:
[state-dump] - lease deps map size: 0
[state-dump] - get req map size: 0
[state-dump] - wait req map size: 0
[state-dump] - local objects map size: 0
[state-dump] WaitManager:
[state-dump] - num active wait requests: 0
[state-dump] Subscriber:
[state-dump] Channel WORKER_OBJECT_LOCATIONS_CHANNEL
[state-dump] - cumulative subscribe requests: 0
[state-dump] - cumulative unsubscribe requests: 0
[state-dump] - active subscribed publishers: 0
[state-dump] - cumulative published messages: 0
[state-dump] - cumulative processed messages: 0
[state-dump] Channel WORKER_OBJECT_EVICTION
[state-dump] - cumulative subscribe requests: 0
[state-dump] - cumulative unsubscribe requests: 0
[state-dump] - active subscribed publishers: 0
[state-dump] - cumulative published messages: 0
[state-dump] - cumulative processed messages: 0
[state-dump] Channel WORKER_REF_REMOVED_CHANNEL
[state-dump] - cumulative subscribe requests: 0
[state-dump] - cumulative unsubscribe requests: 0
[state-dump] - active subscribed publishers: 0
[state-dump] - cumulative published messages: 0
[state-dump] - cumulative processed messages: 0
[state-dump] num async plasma notifications: 0
[state-dump] Event stats:
[state-dump] Global stats: 84733 total (16 active)
[state-dump] Queueing time: mean = 1.25ms, max = 3643.96ms, min = -95.24ms, total = 105840.71ms
[state-dump] Execution time:  mean = 21.52ms, total = 1823108.50ms
[state-dump] Event stats:
[state-dump] 	NodeManager.CheckGC - 18464 total (1 active), Execution time: mean = 0.01ms, total = 131.57ms, Queueing time: mean = 0.74ms, max = 3444.74ms, min = -95.24ms, total = 13714.80ms
[state-dump] 	RaySyncer.OnDemandBroadcasting - 18464 total (1 active), Execution time: mean = 0.01ms, total = 156.34ms, Queueing time: mean = 0.74ms, max = 3444.73ms, min = -0.02ms, total = 13692.37ms
[state-dump] 	ObjectManager.UpdateAvailableMemory - 18463 total (0 active), Execution time: mean = 0.00ms, total = 27.03ms, Queueing time: mean = 0.10ms, max = 100.68ms, min = 0.00ms, total = 1938.41ms
[state-dump] 	RayletWorkerPool.deadline_timer.kill_idle_workers - 9261 total (1 active), Execution time: mean = 0.00ms, total = 32.45ms, Queueing time: mean = 0.86ms, max = 3350.40ms, min = -0.03ms, total = 7979.99ms
[state-dump] 	MemoryMonitor.CheckIsMemoryUsageAboveThreshold - 7309 total (1 active), Execution time: mean = 3.17ms, total = 23155.19ms, Queueing time: mean = 1.36ms, max = 3291.29ms, min = -0.02ms, total = 9968.71ms
[state-dump] 	NodeManagerService.grpc_server.GetResourceLoad - 1859 total (0 active), Execution time: mean = 5.21ms, total = 9681.75ms, Queueing time: mean = 0.00ms, max = -0.00ms, min = 9223372036854.78ms, total = 0.00ms
[state-dump] 	NodeManagerService.grpc_server.GetResourceLoad.HandleRequestImpl - 1859 total (0 active), Execution time: mean = 0.12ms, total = 229.72ms, Queueing time: mean = 4.28ms, max = 3203.58ms, min = 0.01ms, total = 7956.56ms
[state-dump] 	NodeManager.deadline_timer.flush_free_objects - 1857 total (1 active), Execution time: mean = 0.00ms, total = 5.92ms, Queueing time: mean = 2.00ms, max = 2642.08ms, min = 0.00ms, total = 3713.92ms
[state-dump] 	NodeManager.CheckForUnexpectedWorkerDisconnects - 1857 total (1 active), Execution time: mean = 0.06ms, total = 107.55ms, Queueing time: mean = 1.95ms, max = 2644.57ms, min = -0.01ms, total = 3615.43ms
[state-dump] 	NodeManager.ScheduleAndGrantLeases - 1857 total (1 active), Execution time: mean = 0.01ms, total = 15.79ms, Queueing time: mean = 2.00ms, max = 2644.57ms, min = 0.00ms, total = 3707.48ms
[state-dump] 	NodeManager.deadline_timer.spill_objects_when_over_threshold - 1857 total (1 active), Execution time: mean = 0.00ms, total = 4.32ms, Queueing time: mean = 2.00ms, max = 2642.10ms, min = 0.00ms, total = 3715.61ms
[state-dump] 	ClusterResourceManager.ResetRemoteNodeView - 620 total (1 active), Execution time: mean = 0.00ms, total = 2.17ms, Queueing time: mean = 3.01ms, max = 1645.70ms, min = 0.01ms, total = 1863.25ms
[state-dump] 	NodeManager.deadline_timer.record_metrics - 372 total (1 active), Execution time: mean = 0.47ms, total = 173.20ms, Queueing time: mean = 1.21ms, max = 99.31ms, min = -0.00ms, total = 450.05ms
[state-dump] 	event_loop_lag_probe - 187 total (0 active), Execution time: mean = 0.01ms, total = 2.72ms, Queueing time: mean = 0.07ms, max = 6.45ms, min = 0.00ms, total = 13.15ms
[state-dump] 	NodeManager.deadline_timer.debug_state_dump - 186 total (1 active), Execution time: mean = 1.69ms, total = 313.52ms, Queueing time: mean = 0.83ms, max = 96.66ms, min = 0.01ms, total = 154.87ms
[state-dump] 	NodeManager.GcsCheckAlive - 31 total (1 active), Execution time: mean = 0.24ms, total = 7.38ms, Queueing time: mean = 4.46ms, max = 98.32ms, min = 0.40ms, total = 138.31ms
[state-dump] 	ray::rpc::NodeInfoGcsService.grpc_client.CheckAlive - 31 total (0 active), Execution time: mean = 2.28ms, total = 70.80ms, Queueing time: mean = 0.00ms, max = -0.00ms, min = 9223372036854.78ms, total = 0.00ms
[state-dump] 	ReporterService.grpc_client.HealthCheck.OnReplyReceived - 31 total (0 active), Execution time: mean = 0.12ms, total = 3.62ms, Queueing time: mean = 0.17ms, max = 1.08ms, min = 0.01ms, total = 5.28ms
[state-dump] 	NodeManager.deadline_timer.print_event_loop_stats - 31 total (1 active, 1 running), Execution time: mean = 1.52ms, total = 47.20ms, Queueing time: mean = 3.17ms, max = 97.85ms, min = 0.01ms, total = 98.37ms
[state-dump] 	ReporterService.grpc_client.HealthCheck - 31 total (0 active), Execution time: mean = 19.15ms, total = 593.71ms, Queueing time: mean = 0.00ms, max = -0.00ms, min = 9223372036854.78ms, total = 0.00ms
[state-dump] 	ray::rpc::NodeInfoGcsService.grpc_client.CheckAlive.OnReplyReceived - 31 total (0 active), Execution time: mean = 0.04ms, total = 1.22ms, Queueing time: mean = 0.03ms, max = 0.14ms, min = 0.01ms, total = 0.80ms
[state-dump] 	MetricsAgentClient.WaitForServerReadyWithRetry - 30 total (0 active), Execution time: mean = 0.31ms, total = 9.18ms, Queueing time: mean = 1101.58ms, max = 3643.96ms, min = 1000.02ms, total = 33047.26ms
[state-dump] 	PeriodicalRunner.RunFnPeriodically - 14 total (0 active), Execution time: mean = 0.23ms, total = 3.29ms, Queueing time: mean = 4.55ms, max = 12.98ms, min = 0.09ms, total = 63.65ms
[state-dump] 	ray::rpc::InternalPubSubGcsService.grpc_client.GcsSubscriberPoll - 4 total (1 active), Execution time: mean = 446190.25ms, total = 1784761.02ms, Queueing time: mean = 0.00ms, max = -0.00ms, min = 9223372036854.78ms, total = 0.00ms
[state-dump] 	NodeManager.GCTaskFailureReason - 3 total (1 active), Execution time: mean = 0.00ms, total = 0.01ms, Queueing time: mean = 0.01ms, max = 0.02ms, min = 0.02ms, total = 0.04ms
[state-dump] 	ray::rpc::InternalPubSubGcsService.grpc_client.GcsSubscriberPoll.OnReplyReceived - 3 total (0 active), Execution time: mean = 0.34ms, total = 1.03ms, Queueing time: mean = 0.03ms, max = 0.03ms, min = 0.02ms, total = 0.08ms
[state-dump] 	RaySyncerRegister - 2 total (0 active), Execution time: mean = 0.00ms, total = 0.01ms, Queueing time: mean = 0.00ms, max = 0.00ms, min = 0.00ms, total = 0.00ms
[state-dump] 	ray::rpc::InternalPubSubGcsService.grpc_client.GcsSubscriberCommandBatch - 2 total (0 active), Execution time: mean = 0.92ms, total = 1.84ms, Queueing time: mean = 0.00ms, max = -0.00ms, min = 9223372036854.78ms, total = 0.00ms
[state-dump] 	ray::rpc::InternalPubSubGcsService.grpc_client.GcsSubscriberCommandBatch.OnReplyReceived - 2 total (0 active), Execution time: mean = 0.10ms, total = 0.20ms, Queueing time: mean = 1.08ms, max = 2.01ms, min = 0.15ms, total = 2.16ms
[state-dump] 	ClientConnection.async_read.ProcessMessageHeader - 2 total (1 active), Execution time: mean = 0.00ms, total = 0.01ms, Queueing time: mean = 0.01ms, max = 0.02ms, min = 0.02ms, total = 0.02ms
[state-dump] 	ray::rpc::InternalKVGcsService.grpc_client.GetInternalConfig.OnReplyReceived - 1 total (0 active), Execution time: mean = 24.53ms, total = 24.53ms, Queueing time: mean = 0.03ms, max = 0.03ms, min = 0.03ms, total = 0.03ms
[state-dump] 	ray::rpc::InternalKVGcsService.grpc_client.GetInternalConfig - 1 total (0 active), Execution time: mean = 1.38ms, total = 1.38ms, Queueing time: mean = 0.00ms, max = -0.00ms, min = 9223372036854.78ms, total = 0.00ms
[state-dump] 	ray::rpc::NodeInfoGcsService.grpc_client.GetAllNodeAddressAndLiveness.OnReplyReceived - 1 total (0 active), Execution time: mean = 0.15ms, total = 0.15ms, Queueing time: mean = 0.01ms, max = 0.01ms, min = 0.01ms, total = 0.01ms
[state-dump] 	NodeManagerService.grpc_server.GetSystemConfig.HandleRequestImpl - 1 total (0 active), Execution time: mean = 0.09ms, total = 0.09ms, Queueing time: mean = 0.02ms, max = 0.02ms, min = 0.02ms, total = 0.02ms
[state-dump] 	ray::rpc::NodeInfoGcsService.grpc_client.RegisterNode - 1 total (0 active), Execution time: mean = 1.29ms, total = 1.29ms, Queueing time: mean = 0.00ms, max = -0.00ms, min = 9223372036854.78ms, total = 0.00ms
[state-dump] 	ClientConnection.async_read.ProcessMessage - 1 total (0 active), Execution time: mean = 3538.24ms, total = 3538.24ms, Queueing time: mean = 0.01ms, max = 0.01ms, min = 0.01ms, total = 0.01ms
[state-dump] 	ray::rpc::NodeInfoGcsService.grpc_client.RegisterNode.OnReplyReceived - 1 total (0 active), Execution time: mean = 0.68ms, total = 0.68ms, Queueing time: mean = 0.05ms, max = 0.05ms, min = 0.05ms, total = 0.05ms
[state-dump] 	NodeManagerService.grpc_server.GetSystemConfig - 1 total (0 active), Execution time: mean = 0.65ms, total = 0.65ms, Queueing time: mean = 0.00ms, max = -0.00ms, min = 9223372036854.78ms, total = 0.00ms
[state-dump] 	ray::rpc::JobInfoGcsService.grpc_client.GetAllJobInfo - 1 total (0 active), Execution time: mean = 0.76ms, total = 0.76ms, Queueing time: mean = 0.00ms, max = -0.00ms, min = 9223372036854.78ms, total = 0.00ms
[state-dump] 	ray::rpc::JobInfoGcsService.grpc_client.GetAllJobInfo.OnReplyReceived - 1 total (0 active), Execution time: mean = 0.03ms, total = 0.03ms, Queueing time: mean = 0.01ms, max = 0.01ms, min = 0.01ms, total = 0.01ms
[state-dump] 	 - 1 total (0 active), Execution time: mean = 0.00ms, total = 0.00ms, Queueing time: mean = 0.02ms, max = 0.02ms, min = 0.02ms, total = 0.02ms
[state-dump] 	RaySyncer.BroadcastMessage - 1 total (0 active), Execution time: mean = 0.09ms, total = 0.09ms, Queueing time: mean = 0.00ms, max = 0.00ms, min = 0.00ms, total = 0.00ms
[state-dump] 	ray::rpc::NodeInfoGcsService.grpc_client.GetAllNodeAddressAndLiveness - 1 total (0 active), Execution time: mean = 0.85ms, total = 0.85ms, Queueing time: mean = 0.00ms, max = -0.00ms, min = 9223372036854.78ms, total = 0.00ms
[state-dump] DebugString() time ms: 1
[state-dump] 
[state-dump] 
[2026-06-04 23:00:24,130 I 859 892] (raylet) store.cc:573: Plasma store debug dump: 
Current usage: 0 / 20.0817 GB
- num bytes created total: 0
0 pending objects of total size 0MB
- objects spillable: 0
- bytes spillable: 0
- objects unsealed: 0
- bytes unsealed: 0
- objects in use: 0
- bytes in use: 0
- objects evictable: 0
- bytes evictable: 0

- objects created by worker: 0
- bytes created by worker: 0
- objects restored: 0
- bytes restored: 0
- objects received: 0
- bytes received: 0
- objects errored: 0
- bytes errored: 0

[2026-06-04 23:00:24,297 I 859 859] (raylet) node_manager.cc:424: [state-dump] NodeManager:
[state-dump] Node ID: 11e184b7641b47dd66e5366c42f7fe51cb28f4bab1ca7ef8847590e4
[state-dump] Node name: 172.16.254.232
[state-dump] InitialConfigResources: {node:__internal_head__: 1, CPU: 192, node:172.16.254.232: 1, object_store_memory: 2.00817e+10, memory: 4.68574e+10}
[state-dump] ClusterLeaseManager:
[state-dump] ========== Node: 11e184b7641b47dd66e5366c42f7fe51cb28f4bab1ca7ef8847590e4 =================
[state-dump] Infeasible queue length: 0
[state-dump] Schedule queue length: 0
[state-dump] Grant queue length: 0
[state-dump] num_waiting_for_resource: 0
[state-dump] num_waiting_for_plasma_memory: 0
[state-dump] num_waiting_for_remote_node_resources: 0
[state-dump] num_worker_not_started_by_job_config_not_exist: 0
[state-dump] num_worker_not_started_by_registration_timeout: 0
[state-dump] num_tasks_waiting_for_workers: 0
[state-dump] num_cancelled_leases: 0
[state-dump] cluster_resource_scheduler state: 
[state-dump] Local id: 1457234449467745066 Local resources: {"total":{object_store_memory: [200817303550000], node:__internal_head__: [10000], memory: [468573708290000], CPU: [1920000], node:172.16.254.232: [10000]}}, "available": {memory: [468573708290000], CPU: [1920000], node:172.16.254.232: [10000], object_store_memory: [200817303550000], node:__internal_head__: [10000]}}, "labels":{"ray.io/node-id":"11e184b7641b47dd66e5366c42f7fe51cb28f4bab1ca7ef8847590e4",} is_draining: 0 is_idle: 1 Cluster resources (at most 20 nodes are shown): node id: 1457234449467745066{"total":{node:172.16.254.232: 10000, node:__internal_head__: 10000, memory: 468573708290000, object_store_memory: 200817303550000, CPU: 1920000}}, "available": {node:172.16.254.232: 10000, node:__internal_head__: 10000, memory: 468573708290000, CPU: 1920000, object_store_memory: 200817303550000}}, "labels":{"ray.io/node-id":"11e184b7641b47dd66e5366c42f7fe51cb28f4bab1ca7ef8847590e4",}, "is_draining": 0, "draining_deadline_timestamp_ms": -1} { "placement group locations": [], "node to bundles": []}
[state-dump] Waiting leases size: 0
[state-dump] Number of granted lease arguments: 0
[state-dump] Number of pinned lease arguments: 0
[state-dump] Number of total spilled leases: 0
[state-dump] Number of spilled waiting leases: 0
[state-dump] Number of spilled unschedulable leases: 0
[state-dump] Resource usage {
[state-dump] }
[state-dump] Backlog Size per scheduling descriptor :{workerId: num backlogs}:
[state-dump] 
[state-dump] Granted leases by scheduling class:
[state-dump] ==================================================
[state-dump] 
[state-dump] ClusterResources:
[state-dump] LocalObjectManager:
[state-dump] - num pinned objects: 0
[state-dump] - pinned objects size: 0
[state-dump] - num objects pending restore: 0
[state-dump] - num objects pending spill: 0
[state-dump] - num bytes pending spill: 0
[state-dump] - num bytes currently spilled: 0
[state-dump] - cumulative spill requests: 0
[state-dump] - cumulative restore requests: 0
[state-dump] - spilled objects pending delete: 0
[state-dump] 
[state-dump] ObjectManager:
[state-dump] - num local objects: 0
[state-dump] - num unfulfilled push requests: 0
[state-dump] - num object pull requests: 0
[state-dump] - num chunks received total: 0
[state-dump] - num chunks received failed (all): 0
[state-dump] - num chunks received failed / cancelled: 0
[state-dump] - num chunks received failed / plasma error: 0
[state-dump] Event stats:
[state-dump] Global stats: 0 total (0 active)
[state-dump] Queueing time: mean = -nanms, max = -0.00ms, min = 9223372036854.78ms, total = 0.00ms
[state-dump] Execution time:  mean = -nanms, total = 0.00ms
[state-dump] Event stats:
[state-dump] PushManager:
[state-dump] - num pushes remaining: 0
[state-dump] - num chunks in flight: 0
[state-dump] - num chunks remaining: 0
[state-dump] - max chunks allowed: 409
[state-dump] OwnershipBasedObjectDirectory:
[state-dump] - num listeners: 0
[state-dump] - cumulative location updates: 0
[state-dump] - num location updates per second: 0.000
[state-dump] - num location lookups per second: 0.000
[state-dump] - num locations added per second: 0.000
[state-dump] - num locations removed per second: 0.000
[state-dump] BufferPool:
[state-dump] - create buffer state map size: 0
[state-dump] PullManager:
[state-dump] - num bytes available for pulled objects: 20081730355
[state-dump] - num bytes being pulled (all): 0
[state-dump] - num bytes being pulled / pinned: 0
[state-dump] - get request bundles: BundlePullRequestQueue{0 total, 0 active, 0 inactive, 0 unpullable}
[state-dump] - wait request bundles: BundlePullRequestQueue{0 total, 0 active, 0 inactive, 0 unpullable}
[state-dump] - task request bundles: BundlePullRequestQueue{0 total, 0 active, 0 inactive, 0 unpullable}
[state-dump] - first get request bundle: N/A
[state-dump] - first wait request bundle: N/A
[state-dump] - first task request bundle: N/A
[state-dump] - num objects queued: 0
[state-dump] - num objects actively pulled (all): 0
[state-dump] - num objects actively pulled / pinned: 0
[state-dump] - num bundles being pulled: 0
[state-dump] - num pull retries: 0
[state-dump] - max timeout seconds: 0
[state-dump] - max timeout request is already processed. No entry.
[state-dump] 
[state-dump] WorkerPool:
[state-dump] - registered jobs: 1
[state-dump] - process_failed_job_config_missing: 0
[state-dump] - process_failed_rate_limited: 0
[state-dump] - process_failed_pending_registration: 192
[state-dump] - process_failed_runtime_env_setup_failed: 0
[state-dump] - num JAVA workers: 0
[state-dump] - num JAVA drivers: 0
[state-dump] - num JAVA pending start requests: 0
[state-dump] - num JAVA pending registration requests: 0
[state-dump] - num object spill callbacks queued: 0
[state-dump] - num object restore queued: 0
[state-dump] - num util functions queued: 0
[state-dump] - num PYTHON workers: 0
[state-dump] - num PYTHON drivers: 1
[state-dump] - num PYTHON pending start requests: 0
[state-dump] - num PYTHON pending registration requests: 0
[state-dump] - num object spill callbacks queued: 0
[state-dump] - num object restore queued: 0
[state-dump] - num util functions queued: 0
[state-dump] - num idle workers: 0
[state-dump] LeaseDependencyManager:
[state-dump] - lease deps map size: 0
[state-dump] - get req map size: 0
[state-dump] - wait req map size: 0
[state-dump] - local objects map size: 0
[state-dump] WaitManager:
[state-dump] - num active wait requests: 0
[state-dump] Subscriber:
[state-dump] Channel WORKER_OBJECT_LOCATIONS_CHANNEL
[state-dump] - cumulative subscribe requests: 0
[state-dump] - cumulative unsubscribe requests: 0
[state-dump] - active subscribed publishers: 0
[state-dump] - cumulative published messages: 0
[state-dump] - cumulative processed messages: 0
[state-dump] Channel WORKER_OBJECT_EVICTION
[state-dump] - cumulative subscribe requests: 0
[state-dump] - cumulative unsubscribe requests: 0
[state-dump] - active subscribed publishers: 0
[state-dump] - cumulative published messages: 0
[state-dump] - cumulative processed messages: 0
[state-dump] Channel WORKER_REF_REMOVED_CHANNEL
[state-dump] - cumulative subscribe requests: 0
[state-dump] - cumulative unsubscribe requests: 0
[state-dump] - active subscribed publishers: 0
[state-dump] - cumulative published messages: 0
[state-dump] - cumulative processed messages: 0
[state-dump] num async plasma notifications: 0
[state-dump] Event stats:
[state-dump] Global stats: 87476 total (16 active)
[state-dump] Queueing time: mean = 1.21ms, max = 3643.96ms, min = -95.24ms, total = 105913.33ms
[state-dump] Execution time:  mean = 20.85ms, total = 1823672.53ms
[state-dump] Event stats:
[state-dump] 	NodeManager.CheckGC - 19063 total (1 active), Execution time: mean = 0.01ms, total = 132.64ms, Queueing time: mean = 0.72ms, max = 3444.74ms, min = -95.24ms, total = 13735.99ms
[state-dump] 	RaySyncer.OnDemandBroadcasting - 19063 total (1 active), Execution time: mean = 0.01ms, total = 158.07ms, Queueing time: mean = 0.72ms, max = 3444.73ms, min = -0.02ms, total = 13712.95ms
[state-dump] 	ObjectManager.UpdateAvailableMemory - 19062 total (0 active), Execution time: mean = 0.00ms, total = 27.76ms, Queueing time: mean = 0.10ms, max = 100.68ms, min = 0.00ms, total = 1947.17ms
[state-dump] 	RayletWorkerPool.deadline_timer.kill_idle_workers - 9561 total (1 active), Execution time: mean = 0.00ms, total = 33.37ms, Queueing time: mean = 0.84ms, max = 3350.40ms, min = -0.03ms, total = 7988.91ms
[state-dump] 	MemoryMonitor.CheckIsMemoryUsageAboveThreshold - 7547 total (1 active), Execution time: mean = 3.14ms, total = 23664.14ms, Queueing time: mean = 1.32ms, max = 3291.29ms, min = -0.02ms, total = 9972.78ms
[state-dump] 	NodeManagerService.grpc_server.GetResourceLoad - 1919 total (0 active), Execution time: mean = 5.06ms, total = 9708.77ms, Queueing time: mean = 0.00ms, max = -0.00ms, min = 9223372036854.78ms, total = 0.00ms
[state-dump] 	NodeManagerService.grpc_server.GetResourceLoad.HandleRequestImpl - 1919 total (0 active), Execution time: mean = 0.12ms, total = 236.74ms, Queueing time: mean = 4.15ms, max = 3203.58ms, min = 0.01ms, total = 7957.88ms
[state-dump] 	NodeManager.deadline_timer.flush_free_objects - 1917 total (1 active), Execution time: mean = 0.00ms, total = 6.10ms, Queueing time: mean = 1.94ms, max = 2642.08ms, min = 0.00ms, total = 3715.44ms
[state-dump] 	NodeManager.CheckForUnexpectedWorkerDisconnects - 1917 total (1 active), Execution time: mean = 0.06ms, total = 108.00ms, Queueing time: mean = 1.89ms, max = 2644.57ms, min = -0.01ms, total = 3616.68ms
[state-dump] 	NodeManager.ScheduleAndGrantLeases - 1917 total (1 active), Execution time: mean = 0.01ms, total = 16.25ms, Queueing time: mean = 1.93ms, max = 2644.57ms, min = 0.00ms, total = 3708.72ms
[state-dump] 	NodeManager.deadline_timer.spill_objects_when_over_threshold - 1917 total (1 active), Execution time: mean = 0.00ms, total = 4.46ms, Queueing time: mean = 1.94ms, max = 2642.10ms, min = 0.00ms, total = 3717.18ms
[state-dump] 	ClusterResourceManager.ResetRemoteNodeView - 640 total (1 active), Execution time: mean = 0.00ms, total = 2.24ms, Queueing time: mean = 2.91ms, max = 1645.70ms, min = 0.01ms, total = 1863.57ms
[state-dump] 	NodeManager.deadline_timer.record_metrics - 384 total (1 active), Execution time: mean = 0.46ms, total = 178.44ms, Queueing time: mean = 1.17ms, max = 99.31ms, min = -0.00ms, total = 450.27ms
[state-dump] 	event_loop_lag_probe - 193 total (0 active), Execution time: mean = 0.01ms, total = 2.81ms, Queueing time: mean = 0.07ms, max = 6.45ms, min = 0.00ms, total = 13.18ms
[state-dump] 	NodeManager.deadline_timer.debug_state_dump - 192 total (1 active), Execution time: mean = 1.67ms, total = 320.29ms, Queueing time: mean = 0.81ms, max = 96.66ms, min = 0.01ms, total = 154.98ms
[state-dump] 	NodeManager.GcsCheckAlive - 32 total (1 active), Execution time: mean = 0.24ms, total = 7.71ms, Queueing time: mean = 4.37ms, max = 98.32ms, min = 0.40ms, total = 139.80ms
[state-dump] 	ray::rpc::NodeInfoGcsService.grpc_client.CheckAlive - 32 total (0 active), Execution time: mean = 2.25ms, total = 71.93ms, Queueing time: mean = 0.00ms, max = -0.00ms, min = 9223372036854.78ms, total = 0.00ms
[state-dump] 	NodeManager.deadline_timer.print_event_loop_stats - 32 total (1 active, 1 running), Execution time: mean = 1.53ms, total = 48.94ms, Queueing time: mean = 3.07ms, max = 97.85ms, min = 0.01ms, total = 98.39ms
[state-dump] 	ray::rpc::NodeInfoGcsService.grpc_client.CheckAlive.OnReplyReceived - 32 total (0 active), Execution time: mean = 0.04ms, total = 1.26ms, Queueing time: mean = 0.03ms, max = 0.14ms, min = 0.01ms, total = 0.82ms
[state-dump] 	ReporterService.grpc_client.HealthCheck.OnReplyReceived - 31 total (0 active), Execution time: mean = 0.12ms, total = 3.62ms, Queueing time: mean = 0.17ms, max = 1.08ms, min = 0.01ms, total = 5.28ms
[state-dump] 	ReporterService.grpc_client.HealthCheck - 31 total (0 active), Execution time: mean = 19.15ms, total = 593.71ms, Queueing time: mean = 0.00ms, max = -0.00ms, min = 9223372036854.78ms, total = 0.00ms
[state-dump] 	MetricsAgentClient.WaitForServerReadyWithRetry - 30 total (0 active), Execution time: mean = 0.31ms, total = 9.18ms, Queueing time: mean = 1101.58ms, max = 3643.96ms, min = 1000.02ms, total = 33047.26ms
[state-dump] 	PeriodicalRunner.RunFnPeriodically - 14 total (0 active), Execution time: mean = 0.23ms, total = 3.29ms, Queueing time: mean = 4.55ms, max = 12.98ms, min = 0.09ms, total = 63.65ms
[state-dump] 	ray::rpc::InternalPubSubGcsService.grpc_client.GcsSubscriberPoll - 4 total (1 active), Execution time: mean = 446190.25ms, total = 1784761.02ms, Queueing time: mean = 0.00ms, max = -0.00ms, min = 9223372036854.78ms, total = 0.00ms
[state-dump] 	NodeManager.GCTaskFailureReason - 3 total (1 active), Execution time: mean = 0.00ms, total = 0.01ms, Queueing time: mean = 0.01ms, max = 0.02ms, min = 0.02ms, total = 0.04ms
[state-dump] 	ray::rpc::InternalPubSubGcsService.grpc_client.GcsSubscriberPoll.OnReplyReceived - 3 total (0 active), Execution time: mean = 0.34ms, total = 1.03ms, Queueing time: mean = 0.03ms, max = 0.03ms, min = 0.02ms, total = 0.08ms
[state-dump] 	RaySyncerRegister - 2 total (0 active), Execution time: mean = 0.00ms, total = 0.01ms, Queueing time: mean = 0.00ms, max = 0.00ms, min = 0.00ms, total = 0.00ms
[state-dump] 	ray::rpc::InternalPubSubGcsService.grpc_client.GcsSubscriberCommandBatch - 2 total (0 active), Execution time: mean = 0.92ms, total = 1.84ms, Queueing time: mean = 0.00ms, max = -0.00ms, min = 9223372036854.78ms, total = 0.00ms
[state-dump] 	ray::rpc::InternalPubSubGcsService.grpc_client.GcsSubscriberCommandBatch.OnReplyReceived - 2 total (0 active), Execution time: mean = 0.10ms, total = 0.20ms, Queueing time: mean = 1.08ms, max = 2.01ms, min = 0.15ms, total = 2.16ms
[state-dump] 	ClientConnection.async_read.ProcessMessageHeader - 2 total (1 active), Execution time: mean = 0.00ms, total = 0.01ms, Queueing time: mean = 0.01ms, max = 0.02ms, min = 0.02ms, total = 0.02ms
[state-dump] 	ray::rpc::InternalKVGcsService.grpc_client.GetInternalConfig.OnReplyReceived - 1 total (0 active), Execution time: mean = 24.53ms, total = 24.53ms, Queueing time: mean = 0.03ms, max = 0.03ms, min = 0.03ms, total = 0.03ms
[state-dump] 	ray::rpc::InternalKVGcsService.grpc_client.GetInternalConfig - 1 total (0 active), Execution time: mean = 1.38ms, total = 1.38ms, Queueing time: mean = 0.00ms, max = -0.00ms, min = 9223372036854.78ms, total = 0.00ms
[state-dump] 	ray::rpc::NodeInfoGcsService.grpc_client.GetAllNodeAddressAndLiveness.OnReplyReceived - 1 total (0 active), Execution time: mean = 0.15ms, total = 0.15ms, Queueing time: mean = 0.01ms, max = 0.01ms, min = 0.01ms, total = 0.01ms
[state-dump] 	NodeManagerService.grpc_server.GetSystemConfig.HandleRequestImpl - 1 total (0 active), Execution time: mean = 0.09ms, total = 0.09ms, Queueing time: mean = 0.02ms, max = 0.02ms, min = 0.02ms, total = 0.02ms
[state-dump] 	ray::rpc::NodeInfoGcsService.grpc_client.RegisterNode - 1 total (0 active), Execution time: mean = 1.29ms, total = 1.29ms, Queueing time: mean = 0.00ms, max = -0.00ms, min = 9223372036854.78ms, total = 0.00ms
[state-dump] 	ClientConnection.async_read.ProcessMessage - 1 total (0 active), Execution time: mean = 3538.24ms, total = 3538.24ms, Queueing time: mean = 0.01ms, max = 0.01ms, min = 0.01ms, total = 0.01ms
[state-dump] 	ray::rpc::NodeInfoGcsService.grpc_client.RegisterNode.OnReplyReceived - 1 total (0 active), Execution time: mean = 0.68ms, total = 0.68ms, Queueing time: mean = 0.05ms, max = 0.05ms, min = 0.05ms, total = 0.05ms
[state-dump] 	NodeManagerService.grpc_server.GetSystemConfig - 1 total (0 active), Execution time: mean = 0.65ms, total = 0.65ms, Queueing time: mean = 0.00ms, max = -0.00ms, min = 9223372036854.78ms, total = 0.00ms
[state-dump] 	ray::rpc::JobInfoGcsService.grpc_client.GetAllJobInfo - 1 total (0 active), Execution time: mean = 0.76ms, total = 0.76ms, Queueing time: mean = 0.00ms, max = -0.00ms, min = 9223372036854.78ms, total = 0.00ms
[state-dump] 	ray::rpc::JobInfoGcsService.grpc_client.GetAllJobInfo.OnReplyReceived - 1 total (0 active), Execution time: mean = 0.03ms, total = 0.03ms, Queueing time: mean = 0.01ms, max = 0.01ms, min = 0.01ms, total = 0.01ms
[state-dump] 	 - 1 total (0 active), Execution time: mean = 0.00ms, total = 0.00ms, Queueing time: mean = 0.02ms, max = 0.02ms, min = 0.02ms, total = 0.02ms
[state-dump] 	RaySyncer.BroadcastMessage - 1 total (0 active), Execution time: mean = 0.09ms, total = 0.09ms, Queueing time: mean = 0.00ms, max = 0.00ms, min = 0.00ms, total = 0.00ms
[state-dump] 	ray::rpc::NodeInfoGcsService.grpc_client.GetAllNodeAddressAndLiveness - 1 total (0 active), Execution time: mean = 0.85ms, total = 0.85ms, Queueing time: mean = 0.00ms, max = -0.00ms, min = 9223372036854.78ms, total = 0.00ms
[state-dump] DebugString() time ms: 0
[state-dump] 
[state-dump] 
[2026-06-04 23:01:24,130 I 859 892] (raylet) store.cc:573: Plasma store debug dump: 
Current usage: 0 / 20.0817 GB
- num bytes created total: 0
0 pending objects of total size 0MB
- objects spillable: 0
- bytes spillable: 0
- objects unsealed: 0
- bytes unsealed: 0
- objects in use: 0
- bytes in use: 0
- objects evictable: 0
- bytes evictable: 0

- objects created by worker: 0
- bytes created by worker: 0
- objects restored: 0
- bytes restored: 0
- objects received: 0
- bytes received: 0
- objects errored: 0
- bytes errored: 0

[2026-06-04 23:01:24,298 I 859 859] (raylet) node_manager.cc:424: [state-dump] NodeManager:
[state-dump] Node ID: 11e184b7641b47dd66e5366c42f7fe51cb28f4bab1ca7ef8847590e4
[state-dump] Node name: 172.16.254.232
[state-dump] InitialConfigResources: {node:__internal_head__: 1, CPU: 192, node:172.16.254.232: 1, object_store_memory: 2.00817e+10, memory: 4.68574e+10}
[state-dump] ClusterLeaseManager:
[state-dump] ========== Node: 11e184b7641b47dd66e5366c42f7fe51cb28f4bab1ca7ef8847590e4 =================
[state-dump] Infeasible queue length: 0
[state-dump] Schedule queue length: 0
[state-dump] Grant queue length: 0
[state-dump] num_waiting_for_resource: 0
[state-dump] num_waiting_for_plasma_memory: 0
[state-dump] num_waiting_for_remote_node_resources: 0
[state-dump] num_worker_not_started_by_job_config_not_exist: 0
[state-dump] num_worker_not_started_by_registration_timeout: 0
[state-dump] num_tasks_waiting_for_workers: 0
[state-dump] num_cancelled_leases: 0
[state-dump] cluster_resource_scheduler state: 
[state-dump] Local id: 1457234449467745066 Local resources: {"total":{object_store_memory: [200817303550000], node:__internal_head__: [10000], memory: [468573708290000], CPU: [1920000], node:172.16.254.232: [10000]}}, "available": {memory: [468573708290000], CPU: [1920000], node:172.16.254.232: [10000], object_store_memory: [200817303550000], node:__internal_head__: [10000]}}, "labels":{"ray.io/node-id":"11e184b7641b47dd66e5366c42f7fe51cb28f4bab1ca7ef8847590e4",} is_draining: 0 is_idle: 1 Cluster resources (at most 20 nodes are shown): node id: 1457234449467745066{"total":{node:172.16.254.232: 10000, node:__internal_head__: 10000, memory: 468573708290000, object_store_memory: 200817303550000, CPU: 1920000}}, "available": {node:172.16.254.232: 10000, node:__internal_head__: 10000, memory: 468573708290000, CPU: 1920000, object_store_memory: 200817303550000}}, "labels":{"ray.io/node-id":"11e184b7641b47dd66e5366c42f7fe51cb28f4bab1ca7ef8847590e4",}, "is_draining": 0, "draining_deadline_timestamp_ms": -1} { "placement group locations": [], "node to bundles": []}
[state-dump] Waiting leases size: 0
[state-dump] Number of granted lease arguments: 0
[state-dump] Number of pinned lease arguments: 0
[state-dump] Number of total spilled leases: 0
[state-dump] Number of spilled waiting leases: 0
[state-dump] Number of spilled unschedulable leases: 0
[state-dump] Resource usage {
[state-dump] }
[state-dump] Backlog Size per scheduling descriptor :{workerId: num backlogs}:
[state-dump] 
[state-dump] Granted leases by scheduling class:
[state-dump] ==================================================
[state-dump] 
[state-dump] ClusterResources:
[state-dump] LocalObjectManager:
[state-dump] - num pinned objects: 0
[state-dump] - pinned objects size: 0
[state-dump] - num objects pending restore: 0
[state-dump] - num objects pending spill: 0
[state-dump] - num bytes pending spill: 0
[state-dump] - num bytes currently spilled: 0
[state-dump] - cumulative spill requests: 0
[state-dump] - cumulative restore requests: 0
[state-dump] - spilled objects pending delete: 0
[state-dump] 
[state-dump] ObjectManager:
[state-dump] - num local objects: 0
[state-dump] - num unfulfilled push requests: 0
[state-dump] - num object pull requests: 0
[state-dump] - num chunks received total: 0
[state-dump] - num chunks received failed (all): 0
[state-dump] - num chunks received failed / cancelled: 0
[state-dump] - num chunks received failed / plasma error: 0
[state-dump] Event stats:
[state-dump] Global stats: 0 total (0 active)
[state-dump] Queueing time: mean = -nanms, max = -0.00ms, min = 9223372036854.78ms, total = 0.00ms
[state-dump] Execution time:  mean = -nanms, total = 0.00ms
[state-dump] Event stats:
[state-dump] PushManager:
[state-dump] - num pushes remaining: 0
[state-dump] - num chunks in flight: 0
[state-dump] - num chunks remaining: 0
[state-dump] - max chunks allowed: 409
[state-dump] OwnershipBasedObjectDirectory:
[state-dump] - num listeners: 0
[state-dump] - cumulative location updates: 0
[state-dump] - num location updates per second: 0.000
[state-dump] - num location lookups per second: 0.000
[state-dump] - num locations added per second: 0.000
[state-dump] - num locations removed per second: 0.000
[state-dump] BufferPool:
[state-dump] - create buffer state map size: 0
[state-dump] PullManager:
[state-dump] - num bytes available for pulled objects: 20081730355
[state-dump] - num bytes being pulled (all): 0
[state-dump] - num bytes being pulled / pinned: 0
[state-dump] - get request bundles: BundlePullRequestQueue{0 total, 0 active, 0 inactive, 0 unpullable}
[state-dump] - wait request bundles: BundlePullRequestQueue{0 total, 0 active, 0 inactive, 0 unpullable}
[state-dump] - task request bundles: BundlePullRequestQueue{0 total, 0 active, 0 inactive, 0 unpullable}
[state-dump] - first get request bundle: N/A
[state-dump] - first wait request bundle: N/A
[state-dump] - first task request bundle: N/A
[state-dump] - num objects queued: 0
[state-dump] - num objects actively pulled (all): 0
[state-dump] - num objects actively pulled / pinned: 0
[state-dump] - num bundles being pulled: 0
[state-dump] - num pull retries: 0
[state-dump] - max timeout seconds: 0
[state-dump] - max timeout request is already processed. No entry.
[state-dump] 
[state-dump] WorkerPool:
[state-dump] - registered jobs: 1
[state-dump] - process_failed_job_config_missing: 0
[state-dump] - process_failed_rate_limited: 0
[state-dump] - process_failed_pending_registration: 192
[state-dump] - process_failed_runtime_env_setup_failed: 0
[state-dump] - num JAVA workers: 0
[state-dump] - num JAVA drivers: 0
[state-dump] - num JAVA pending start requests: 0
[state-dump] - num JAVA pending registration requests: 0
[state-dump] - num object spill callbacks queued: 0
[state-dump] - num object restore queued: 0
[state-dump] - num util functions queued: 0
[state-dump] - num PYTHON workers: 0
[state-dump] - num PYTHON drivers: 1
[state-dump] - num PYTHON pending start requests: 0
[state-dump] - num PYTHON pending registration requests: 0
[state-dump] - num object spill callbacks queued: 0
[state-dump] - num object restore queued: 0
[state-dump] - num util functions queued: 0
[state-dump] - num idle workers: 0
[state-dump] LeaseDependencyManager:
[state-dump] - lease deps map size: 0
[state-dump] - get req map size: 0
[state-dump] - wait req map size: 0
[state-dump] - local objects map size: 0
[state-dump] WaitManager:
[state-dump] - num active wait requests: 0
[state-dump] Subscriber:
[state-dump] Channel WORKER_OBJECT_LOCATIONS_CHANNEL
[state-dump] - cumulative subscribe requests: 0
[state-dump] - cumulative unsubscribe requests: 0
[state-dump] - active subscribed publishers: 0
[state-dump] - cumulative published messages: 0
[state-dump] - cumulative processed messages: 0
[state-dump] Channel WORKER_OBJECT_EVICTION
[state-dump] - cumulative subscribe requests: 0
[state-dump] - cumulative unsubscribe requests: 0
[state-dump] - active subscribed publishers: 0
[state-dump] - cumulative published messages: 0
[state-dump] - cumulative processed messages: 0
[state-dump] Channel WORKER_REF_REMOVED_CHANNEL
[state-dump] - cumulative subscribe requests: 0
[state-dump] - cumulative unsubscribe requests: 0
[state-dump] - active subscribed publishers: 0
[state-dump] - cumulative published messages: 0
[state-dump] - cumulative processed messages: 0
[state-dump] num async plasma notifications: 0
[state-dump] Event stats:
[state-dump] Global stats: 90222 total (16 active)
[state-dump] Queueing time: mean = 1.18ms, max = 3643.96ms, min = -95.24ms, total = 106436.30ms
[state-dump] Execution time:  mean = 20.22ms, total = 1824240.68ms
[state-dump] Event stats:
[state-dump] 	NodeManager.CheckGC - 19663 total (1 active), Execution time: mean = 0.01ms, total = 133.74ms, Queueing time: mean = 0.70ms, max = 3444.74ms, min = -95.24ms, total = 13802.59ms
[state-dump] 	RaySyncer.OnDemandBroadcasting - 19663 total (1 active), Execution time: mean = 0.01ms, total = 159.74ms, Queueing time: mean = 0.70ms, max = 3444.73ms, min = -0.02ms, total = 13779.01ms
[state-dump] 	ObjectManager.UpdateAvailableMemory - 19662 total (0 active), Execution time: mean = 0.00ms, total = 28.47ms, Queueing time: mean = 0.10ms, max = 100.68ms, min = 0.00ms, total = 1955.96ms
[state-dump] 	RayletWorkerPool.deadline_timer.kill_idle_workers - 9861 total (1 active), Execution time: mean = 0.00ms, total = 34.31ms, Queueing time: mean = 0.81ms, max = 3350.40ms, min = -0.03ms, total = 7997.33ms
[state-dump] 	MemoryMonitor.CheckIsMemoryUsageAboveThreshold - 7785 total (1 active), Execution time: mean = 3.11ms, total = 24175.51ms, Queueing time: mean = 1.28ms, max = 3291.29ms, min = -0.02ms, total = 9977.03ms
[state-dump] 	NodeManagerService.grpc_server.GetResourceLoad - 1979 total (0 active), Execution time: mean = 4.92ms, total = 9737.43ms, Queueing time: mean = 0.00ms, max = -0.00ms, min = 9223372036854.78ms, total = 0.00ms
[state-dump] 	NodeManagerService.grpc_server.GetResourceLoad.HandleRequestImpl - 1979 total (0 active), Execution time: mean = 0.12ms, total = 244.10ms, Queueing time: mean = 4.02ms, max = 3203.58ms, min = 0.01ms, total = 7959.33ms
[state-dump] 	NodeManager.deadline_timer.flush_free_objects - 1977 total (1 active), Execution time: mean = 0.00ms, total = 6.29ms, Queueing time: mean = 1.93ms, max = 2642.08ms, min = 0.00ms, total = 3806.84ms
[state-dump] 	NodeManager.CheckForUnexpectedWorkerDisconnects - 1977 total (1 active), Execution time: mean = 0.05ms, total = 108.45ms, Queueing time: mean = 1.88ms, max = 2644.57ms, min = -0.01ms, total = 3707.82ms
[state-dump] 	NodeManager.ScheduleAndGrantLeases - 1977 total (1 active), Execution time: mean = 0.01ms, total = 16.72ms, Queueing time: mean = 1.92ms, max = 2644.57ms, min = 0.00ms, total = 3799.85ms
[state-dump] 	NodeManager.deadline_timer.spill_objects_when_over_threshold - 1977 total (1 active), Execution time: mean = 0.00ms, total = 4.59ms, Queueing time: mean = 1.93ms, max = 2642.10ms, min = 0.00ms, total = 3808.62ms
[state-dump] 	ClusterResourceManager.ResetRemoteNodeView - 660 total (1 active), Execution time: mean = 0.00ms, total = 2.31ms, Queueing time: mean = 2.82ms, max = 1645.70ms, min = 0.01ms, total = 1863.94ms
[state-dump] 	NodeManager.deadline_timer.record_metrics - 396 total (1 active), Execution time: mean = 0.46ms, total = 183.99ms, Queueing time: mean = 1.14ms, max = 99.31ms, min = -0.00ms, total = 451.00ms
[state-dump] 	event_loop_lag_probe - 199 total (0 active), Execution time: mean = 0.01ms, total = 2.90ms, Queueing time: mean = 0.07ms, max = 6.45ms, min = 0.00ms, total = 13.21ms
[state-dump] 	NodeManager.deadline_timer.debug_state_dump - 198 total (1 active), Execution time: mean = 1.65ms, total = 327.14ms, Queueing time: mean = 0.78ms, max = 96.66ms, min = 0.01ms, total = 155.08ms
[state-dump] 	NodeManager.GcsCheckAlive - 33 total (1 active), Execution time: mean = 0.24ms, total = 7.93ms, Queueing time: mean = 4.27ms, max = 98.32ms, min = 0.40ms, total = 140.83ms
[state-dump] 	ray::rpc::NodeInfoGcsService.grpc_client.CheckAlive - 33 total (0 active), Execution time: mean = 2.21ms, total = 72.83ms, Queueing time: mean = 0.00ms, max = -0.00ms, min = 9223372036854.78ms, total = 0.00ms
[state-dump] 	NodeManager.deadline_timer.print_event_loop_stats - 33 total (1 active, 1 running), Execution time: mean = 1.52ms, total = 50.28ms, Queueing time: mean = 2.98ms, max = 97.85ms, min = 0.01ms, total = 98.40ms
[state-dump] 	ray::rpc::NodeInfoGcsService.grpc_client.CheckAlive.OnReplyReceived - 33 total (0 active), Execution time: mean = 0.04ms, total = 1.31ms, Queueing time: mean = 0.03ms, max = 0.14ms, min = 0.01ms, total = 0.84ms
[state-dump] 	ReporterService.grpc_client.HealthCheck.OnReplyReceived - 31 total (0 active), Execution time: mean = 0.12ms, total = 3.62ms, Queueing time: mean = 0.17ms, max = 1.08ms, min = 0.01ms, total = 5.28ms
[state-dump] 	ReporterService.grpc_client.HealthCheck - 31 total (0 active), Execution time: mean = 19.15ms, total = 593.71ms, Queueing time: mean = 0.00ms, max = -0.00ms, min = 9223372036854.78ms, total = 0.00ms
[state-dump] 	MetricsAgentClient.WaitForServerReadyWithRetry - 30 total (0 active), Execution time: mean = 0.31ms, total = 9.18ms, Queueing time: mean = 1101.58ms, max = 3643.96ms, min = 1000.02ms, total = 33047.26ms
[state-dump] 	PeriodicalRunner.RunFnPeriodically - 14 total (0 active), Execution time: mean = 0.23ms, total = 3.29ms, Queueing time: mean = 4.55ms, max = 12.98ms, min = 0.09ms, total = 63.65ms
[state-dump] 	ray::rpc::InternalPubSubGcsService.grpc_client.GcsSubscriberPoll - 4 total (1 active), Execution time: mean = 446190.25ms, total = 1784761.02ms, Queueing time: mean = 0.00ms, max = -0.00ms, min = 9223372036854.78ms, total = 0.00ms
[state-dump] 	NodeManager.GCTaskFailureReason - 3 total (1 active), Execution time: mean = 0.00ms, total = 0.01ms, Queueing time: mean = 0.01ms, max = 0.02ms, min = 0.02ms, total = 0.04ms
[state-dump] 	ray::rpc::InternalPubSubGcsService.grpc_client.GcsSubscriberPoll.OnReplyReceived - 3 total (0 active), Execution time: mean = 0.34ms, total = 1.03ms, Queueing time: mean = 0.03ms, max = 0.03ms, min = 0.02ms, total = 0.08ms
[state-dump] 	RaySyncerRegister - 2 total (0 active), Execution time: mean = 0.00ms, total = 0.01ms, Queueing time: mean = 0.00ms, max = 0.00ms, min = 0.00ms, total = 0.00ms
[state-dump] 	ray::rpc::InternalPubSubGcsService.grpc_client.GcsSubscriberCommandBatch - 2 total (0 active), Execution time: mean = 0.92ms, total = 1.84ms, Queueing time: mean = 0.00ms, max = -0.00ms, min = 9223372036854.78ms, total = 0.00ms
[state-dump] 	ray::rpc::InternalPubSubGcsService.grpc_client.GcsSubscriberCommandBatch.OnReplyReceived - 2 total (0 active), Execution time: mean = 0.10ms, total = 0.20ms, Queueing time: mean = 1.08ms, max = 2.01ms, min = 0.15ms, total = 2.16ms
[state-dump] 	ClientConnection.async_read.ProcessMessageHeader - 2 total (1 active), Execution time: mean = 0.00ms, total = 0.01ms, Queueing time: mean = 0.01ms, max = 0.02ms, min = 0.02ms, total = 0.02ms
[state-dump] 	ray::rpc::InternalKVGcsService.grpc_client.GetInternalConfig.OnReplyReceived - 1 total (0 active), Execution time: mean = 24.53ms, total = 24.53ms, Queueing time: mean = 0.03ms, max = 0.03ms, min = 0.03ms, total = 0.03ms
[state-dump] 	ray::rpc::InternalKVGcsService.grpc_client.GetInternalConfig - 1 total (0 active), Execution time: mean = 1.38ms, total = 1.38ms, Queueing time: mean = 0.00ms, max = -0.00ms, min = 9223372036854.78ms, total = 0.00ms
[state-dump] 	ray::rpc::NodeInfoGcsService.grpc_client.GetAllNodeAddressAndLiveness.OnReplyReceived - 1 total (0 active), Execution time: mean = 0.15ms, total = 0.15ms, Queueing time: mean = 0.01ms, max = 0.01ms, min = 0.01ms, total = 0.01ms
[state-dump] 	NodeManagerService.grpc_server.GetSystemConfig.HandleRequestImpl - 1 total (0 active), Execution time: mean = 0.09ms, total = 0.09ms, Queueing time: mean = 0.02ms, max = 0.02ms, min = 0.02ms, total = 0.02ms
[state-dump] 	ray::rpc::NodeInfoGcsService.grpc_client.RegisterNode - 1 total (0 active), Execution time: mean = 1.29ms, total = 1.29ms, Queueing time: mean = 0.00ms, max = -0.00ms, min = 9223372036854.78ms, total = 0.00ms
[state-dump] 	ClientConnection.async_read.ProcessMessage - 1 total (0 active), Execution time: mean = 3538.24ms, total = 3538.24ms, Queueing time: mean = 0.01ms, max = 0.01ms, min = 0.01ms, total = 0.01ms
[state-dump] 	ray::rpc::NodeInfoGcsService.grpc_client.RegisterNode.OnReplyReceived - 1 total (0 active), Execution time: mean = 0.68ms, total = 0.68ms, Queueing time: mean = 0.05ms, max = 0.05ms, min = 0.05ms, total = 0.05ms
[state-dump] 	NodeManagerService.grpc_server.GetSystemConfig - 1 total (0 active), Execution time: mean = 0.65ms, total = 0.65ms, Queueing time: mean = 0.00ms, max = -0.00ms, min = 9223372036854.78ms, total = 0.00ms
[state-dump] 	ray::rpc::JobInfoGcsService.grpc_client.GetAllJobInfo - 1 total (0 active), Execution time: mean = 0.76ms, total = 0.76ms, Queueing time: mean = 0.00ms, max = -0.00ms, min = 9223372036854.78ms, total = 0.00ms
[state-dump] 	ray::rpc::JobInfoGcsService.grpc_client.GetAllJobInfo.OnReplyReceived - 1 total (0 active), Execution time: mean = 0.03ms, total = 0.03ms, Queueing time: mean = 0.01ms, max = 0.01ms, min = 0.01ms, total = 0.01ms
[state-dump] 	 - 1 total (0 active), Execution time: mean = 0.00ms, total = 0.00ms, Queueing time: mean = 0.02ms, max = 0.02ms, min = 0.02ms, total = 0.02ms
[state-dump] 	RaySyncer.BroadcastMessage - 1 total (0 active), Execution time: mean = 0.09ms, total = 0.09ms, Queueing time: mean = 0.00ms, max = 0.00ms, min = 0.00ms, total = 0.00ms
[state-dump] 	ray::rpc::NodeInfoGcsService.grpc_client.GetAllNodeAddressAndLiveness - 1 total (0 active), Execution time: mean = 0.85ms, total = 0.85ms, Queueing time: mean = 0.00ms, max = -0.00ms, min = 9223372036854.78ms, total = 0.00ms
[state-dump] DebugString() time ms: 1
[state-dump] 
[state-dump] 
[2026-06-04 23:02:24,130 I 859 892] (raylet) store.cc:573: Plasma store debug dump: 
Current usage: 0 / 20.0817 GB
- num bytes created total: 0
0 pending objects of total size 0MB
- objects spillable: 0
- bytes spillable: 0
- objects unsealed: 0
- bytes unsealed: 0
- objects in use: 0
- bytes in use: 0
- objects evictable: 0
- bytes evictable: 0

- objects created by worker: 0
- bytes created by worker: 0
- objects restored: 0
- bytes restored: 0
- objects received: 0
- bytes received: 0
- objects errored: 0
- bytes errored: 0

[2026-06-04 23:02:24,300 I 859 859] (raylet) node_manager.cc:424: [state-dump] NodeManager:
[state-dump] Node ID: 11e184b7641b47dd66e5366c42f7fe51cb28f4bab1ca7ef8847590e4
[state-dump] Node name: 172.16.254.232
[state-dump] InitialConfigResources: {node:__internal_head__: 1, CPU: 192, node:172.16.254.232: 1, object_store_memory: 2.00817e+10, memory: 4.68574e+10}
[state-dump] ClusterLeaseManager:
[state-dump] ========== Node: 11e184b7641b47dd66e5366c42f7fe51cb28f4bab1ca7ef8847590e4 =================
[state-dump] Infeasible queue length: 0
[state-dump] Schedule queue length: 0
[state-dump] Grant queue length: 0
[state-dump] num_waiting_for_resource: 0
[state-dump] num_waiting_for_plasma_memory: 0
[state-dump] num_waiting_for_remote_node_resources: 0
[state-dump] num_worker_not_started_by_job_config_not_exist: 0
[state-dump] num_worker_not_started_by_registration_timeout: 0
[state-dump] num_tasks_waiting_for_workers: 0
[state-dump] num_cancelled_leases: 0
[state-dump] cluster_resource_scheduler state: 
[state-dump] Local id: 1457234449467745066 Local resources: {"total":{object_store_memory: [200817303550000], node:__internal_head__: [10000], memory: [468573708290000], CPU: [1920000], node:172.16.254.232: [10000]}}, "available": {memory: [468573708290000], CPU: [1920000], node:172.16.254.232: [10000], object_store_memory: [200817303550000], node:__internal_head__: [10000]}}, "labels":{"ray.io/node-id":"11e184b7641b47dd66e5366c42f7fe51cb28f4bab1ca7ef8847590e4",} is_draining: 0 is_idle: 1 Cluster resources (at most 20 nodes are shown): node id: 1457234449467745066{"total":{node:172.16.254.232: 10000, node:__internal_head__: 10000, memory: 468573708290000, object_store_memory: 200817303550000, CPU: 1920000}}, "available": {node:172.16.254.232: 10000, node:__internal_head__: 10000, memory: 468573708290000, CPU: 1920000, object_store_memory: 200817303550000}}, "labels":{"ray.io/node-id":"11e184b7641b47dd66e5366c42f7fe51cb28f4bab1ca7ef8847590e4",}, "is_draining": 0, "draining_deadline_timestamp_ms": -1} { "placement group locations": [], "node to bundles": []}
[state-dump] Waiting leases size: 0
[state-dump] Number of granted lease arguments: 0
[state-dump] Number of pinned lease arguments: 0
[state-dump] Number of total spilled leases: 0
[state-dump] Number of spilled waiting leases: 0
[state-dump] Number of spilled unschedulable leases: 0
[state-dump] Resource usage {
[state-dump] }
[state-dump] Backlog Size per scheduling descriptor :{workerId: num backlogs}:
[state-dump] 
[state-dump] Granted leases by scheduling class:
[state-dump] ==================================================
[state-dump] 
[state-dump] ClusterResources:
[state-dump] LocalObjectManager:
[state-dump] - num pinned objects: 0
[state-dump] - pinned objects size: 0
[state-dump] - num objects pending restore: 0
[state-dump] - num objects pending spill: 0
[state-dump] - num bytes pending spill: 0
[state-dump] - num bytes currently spilled: 0
[state-dump] - cumulative spill requests: 0
[state-dump] - cumulative restore requests: 0
[state-dump] - spilled objects pending delete: 0
[state-dump] 
[state-dump] ObjectManager:
[state-dump] - num local objects: 0
[state-dump] - num unfulfilled push requests: 0
[state-dump] - num object pull requests: 0
[state-dump] - num chunks received total: 0
[state-dump] - num chunks received failed (all): 0
[state-dump] - num chunks received failed / cancelled: 0
[state-dump] - num chunks received failed / plasma error: 0
[state-dump] Event stats:
[state-dump] Global stats: 0 total (0 active)
[state-dump] Queueing time: mean = -nanms, max = -0.00ms, min = 9223372036854.78ms, total = 0.00ms
[state-dump] Execution time:  mean = -nanms, total = 0.00ms
[state-dump] Event stats:
[state-dump] PushManager:
[state-dump] - num pushes remaining: 0
[state-dump] - num chunks in flight: 0
[state-dump] - num chunks remaining: 0
[state-dump] - max chunks allowed: 409
[state-dump] OwnershipBasedObjectDirectory:
[state-dump] - num listeners: 0
[state-dump] - cumulative location updates: 0
[state-dump] - num location updates per second: 0.000
[state-dump] - num location lookups per second: 0.000
[state-dump] - num locations added per second: 0.000
[state-dump] - num locations removed per second: 0.000
[state-dump] BufferPool:
[state-dump] - create buffer state map size: 0
[state-dump] PullManager:
[state-dump] - num bytes available for pulled objects: 20081730355
[state-dump] - num bytes being pulled (all): 0
[state-dump] - num bytes being pulled / pinned: 0
[state-dump] - get request bundles: BundlePullRequestQueue{0 total, 0 active, 0 inactive, 0 unpullable}
[state-dump] - wait request bundles: BundlePullRequestQueue{0 total, 0 active, 0 inactive, 0 unpullable}
[state-dump] - task request bundles: BundlePullRequestQueue{0 total, 0 active, 0 inactive, 0 unpullable}
[state-dump] - first get request bundle: N/A
[state-dump] - first wait request bundle: N/A
[state-dump] - first task request bundle: N/A
[state-dump] - num objects queued: 0
[state-dump] - num objects actively pulled (all): 0
[state-dump] - num objects actively pulled / pinned: 0
[state-dump] - num bundles being pulled: 0
[state-dump] - num pull retries: 0
[state-dump] - max timeout seconds: 0
[state-dump] - max timeout request is already processed. No entry.
[state-dump] 
[state-dump] WorkerPool:
[state-dump] - registered jobs: 1
[state-dump] - process_failed_job_config_missing: 0
[state-dump] - process_failed_rate_limited: 0
[state-dump] - process_failed_pending_registration: 192
[state-dump] - process_failed_runtime_env_setup_failed: 0
[state-dump] - num JAVA workers: 0
[state-dump] - num JAVA drivers: 0
[state-dump] - num JAVA pending start requests: 0
[state-dump] - num JAVA pending registration requests: 0
[state-dump] - num object spill callbacks queued: 0
[state-dump] - num object restore queued: 0
[state-dump] - num util functions queued: 0
[state-dump] - num PYTHON workers: 0
[state-dump] - num PYTHON drivers: 1
[state-dump] - num PYTHON pending start requests: 0
[state-dump] - num PYTHON pending registration requests: 0
[state-dump] - num object spill callbacks queued: 0
[state-dump] - num object restore queued: 0
[state-dump] - num util functions queued: 0
[state-dump] - num idle workers: 0
[state-dump] LeaseDependencyManager:
[state-dump] - lease deps map size: 0
[state-dump] - get req map size: 0
[state-dump] - wait req map size: 0
[state-dump] - local objects map size: 0
[state-dump] WaitManager:
[state-dump] - num active wait requests: 0
[state-dump] Subscriber:
[state-dump] Channel WORKER_OBJECT_LOCATIONS_CHANNEL
[state-dump] - cumulative subscribe requests: 0
[state-dump] - cumulative unsubscribe requests: 0
[state-dump] - active subscribed publishers: 0
[state-dump] - cumulative published messages: 0
[state-dump] - cumulative processed messages: 0
[state-dump] Channel WORKER_OBJECT_EVICTION
[state-dump] - cumulative subscribe requests: 0
[state-dump] - cumulative unsubscribe requests: 0
[state-dump] - active subscribed publishers: 0
[state-dump] - cumulative published messages: 0
[state-dump] - cumulative processed messages: 0
[state-dump] Channel WORKER_REF_REMOVED_CHANNEL
[state-dump] - cumulative subscribe requests: 0
[state-dump] - cumulative unsubscribe requests: 0
[state-dump] - active subscribed publishers: 0
[state-dump] - cumulative published messages: 0
[state-dump] - cumulative processed messages: 0
[state-dump] num async plasma notifications: 0
[state-dump] Event stats:
[state-dump] Global stats: 92964 total (16 active)
[state-dump] Queueing time: mean = 1.15ms, max = 3643.96ms, min = -95.24ms, total = 106513.20ms
[state-dump] Execution time:  mean = 19.63ms, total = 1824838.81ms
[state-dump] Event stats:
[state-dump] 	NodeManager.CheckGC - 20262 total (1 active), Execution time: mean = 0.01ms, total = 134.93ms, Queueing time: mean = 0.68ms, max = 3444.74ms, min = -95.24ms, total = 13825.03ms
[state-dump] 	RaySyncer.OnDemandBroadcasting - 20262 total (1 active), Execution time: mean = 0.01ms, total = 161.65ms, Queueing time: mean = 0.68ms, max = 3444.73ms, min = -0.02ms, total = 13800.81ms
[state-dump] 	ObjectManager.UpdateAvailableMemory - 20261 total (0 active), Execution time: mean = 0.00ms, total = 29.33ms, Queueing time: mean = 0.10ms, max = 100.68ms, min = 0.00ms, total = 1966.39ms
[state-dump] 	RayletWorkerPool.deadline_timer.kill_idle_workers - 10161 total (1 active), Execution time: mean = 0.00ms, total = 35.39ms, Queueing time: mean = 0.79ms, max = 3350.40ms, min = -0.03ms, total = 8005.62ms
[state-dump] 	MemoryMonitor.CheckIsMemoryUsageAboveThreshold - 8022 total (1 active), Execution time: mean = 3.08ms, total = 24714.51ms, Queueing time: mean = 1.24ms, max = 3291.29ms, min = -0.02ms, total = 9981.58ms
[state-dump] 	NodeManagerService.grpc_server.GetResourceLoad - 2039 total (0 active), Execution time: mean = 4.79ms, total = 9767.24ms, Queueing time: mean = 0.00ms, max = -0.00ms, min = 9223372036854.78ms, total = 0.00ms
[state-dump] 	NodeManagerService.grpc_server.GetResourceLoad.HandleRequestImpl - 2039 total (0 active), Execution time: mean = 0.12ms, total = 251.86ms, Queueing time: mean = 3.90ms, max = 3203.58ms, min = 0.01ms, total = 7960.83ms
[state-dump] 	NodeManager.deadline_timer.flush_free_objects - 2037 total (1 active), Execution time: mean = 0.00ms, total = 6.49ms, Queueing time: mean = 1.87ms, max = 2642.08ms, min = 0.00ms, total = 3808.52ms
[state-dump] 	NodeManager.CheckForUnexpectedWorkerDisconnects - 2037 total (1 active), Execution time: mean = 0.05ms, total = 108.95ms, Queueing time: mean = 1.82ms, max = 2644.57ms, min = -0.01ms, total = 3709.20ms
[state-dump] 	NodeManager.ScheduleAndGrantLeases - 2037 total (1 active), Execution time: mean = 0.01ms, total = 17.23ms, Queueing time: mean = 1.87ms, max = 2644.57ms, min = 0.00ms, total = 3801.23ms
[state-dump] 	NodeManager.deadline_timer.spill_objects_when_over_threshold - 2037 total (1 active), Execution time: mean = 0.00ms, total = 4.74ms, Queueing time: mean = 1.87ms, max = 2642.10ms, min = 0.00ms, total = 3810.36ms
[state-dump] 	ClusterResourceManager.ResetRemoteNodeView - 680 total (1 active), Execution time: mean = 0.00ms, total = 2.38ms, Queueing time: mean = 2.74ms, max = 1645.70ms, min = 0.01ms, total = 1864.38ms
[state-dump] 	NodeManager.deadline_timer.record_metrics - 408 total (1 active), Execution time: mean = 0.47ms, total = 190.03ms, Queueing time: mean = 1.11ms, max = 99.31ms, min = -0.00ms, total = 451.21ms
[state-dump] 	event_loop_lag_probe - 205 total (0 active), Execution time: mean = 0.01ms, total = 2.98ms, Queueing time: mean = 0.06ms, max = 6.45ms, min = 0.00ms, total = 13.25ms
[state-dump] 	NodeManager.deadline_timer.debug_state_dump - 204 total (1 active), Execution time: mean = 1.64ms, total = 334.11ms, Queueing time: mean = 0.76ms, max = 96.66ms, min = 0.01ms, total = 155.19ms
[state-dump] 	NodeManager.GcsCheckAlive - 34 total (1 active), Execution time: mean = 0.24ms, total = 8.11ms, Queueing time: mean = 4.17ms, max = 98.32ms, min = 0.40ms, total = 141.71ms
[state-dump] 	ray::rpc::NodeInfoGcsService.grpc_client.CheckAlive - 34 total (0 active), Execution time: mean = 2.16ms, total = 73.53ms, Queueing time: mean = 0.00ms, max = -0.00ms, min = 9223372036854.78ms, total = 0.00ms
[state-dump] 	NodeManager.deadline_timer.print_event_loop_stats - 34 total (1 active, 1 running), Execution time: mean = 1.51ms, total = 51.38ms, Queueing time: mean = 2.89ms, max = 97.85ms, min = 0.01ms, total = 98.41ms
[state-dump] 	ray::rpc::NodeInfoGcsService.grpc_client.CheckAlive.OnReplyReceived - 34 total (0 active), Execution time: mean = 0.04ms, total = 1.34ms, Queueing time: mean = 0.03ms, max = 0.14ms, min = 0.01ms, total = 0.86ms
[state-dump] 	ReporterService.grpc_client.HealthCheck.OnReplyReceived - 31 total (0 active), Execution time: mean = 0.12ms, total = 3.62ms, Queueing time: mean = 0.17ms, max = 1.08ms, min = 0.01ms, total = 5.28ms
[state-dump] 	ReporterService.grpc_client.HealthCheck - 31 total (0 active), Execution time: mean = 19.15ms, total = 593.71ms, Queueing time: mean = 0.00ms, max = -0.00ms, min = 9223372036854.78ms, total = 0.00ms
[state-dump] 	MetricsAgentClient.WaitForServerReadyWithRetry - 30 total (0 active), Execution time: mean = 0.31ms, total = 9.18ms, Queueing time: mean = 1101.58ms, max = 3643.96ms, min = 1000.02ms, total = 33047.26ms
[state-dump] 	PeriodicalRunner.RunFnPeriodically - 14 total (0 active), Execution time: mean = 0.23ms, total = 3.29ms, Queueing time: mean = 4.55ms, max = 12.98ms, min = 0.09ms, total = 63.65ms
[state-dump] 	ray::rpc::InternalPubSubGcsService.grpc_client.GcsSubscriberPoll - 4 total (1 active), Execution time: mean = 446190.25ms, total = 1784761.02ms, Queueing time: mean = 0.00ms, max = -0.00ms, min = 9223372036854.78ms, total = 0.00ms
[state-dump] 	NodeManager.GCTaskFailureReason - 3 total (1 active), Execution time: mean = 0.00ms, total = 0.01ms, Queueing time: mean = 0.01ms, max = 0.02ms, min = 0.02ms, total = 0.04ms
[state-dump] 	ray::rpc::InternalPubSubGcsService.grpc_client.GcsSubscriberPoll.OnReplyReceived - 3 total (0 active), Execution time: mean = 0.34ms, total = 1.03ms, Queueing time: mean = 0.03ms, max = 0.03ms, min = 0.02ms, total = 0.08ms
[state-dump] 	RaySyncerRegister - 2 total (0 active), Execution time: mean = 0.00ms, total = 0.01ms, Queueing time: mean = 0.00ms, max = 0.00ms, min = 0.00ms, total = 0.00ms
[state-dump] 	ray::rpc::InternalPubSubGcsService.grpc_client.GcsSubscriberCommandBatch - 2 total (0 active), Execution time: mean = 0.92ms, total = 1.84ms, Queueing time: mean = 0.00ms, max = -0.00ms, min = 9223372036854.78ms, total = 0.00ms
[state-dump] 	ray::rpc::InternalPubSubGcsService.grpc_client.GcsSubscriberCommandBatch.OnReplyReceived - 2 total (0 active), Execution time: mean = 0.10ms, total = 0.20ms, Queueing time: mean = 1.08ms, max = 2.01ms, min = 0.15ms, total = 2.16ms
[state-dump] 	ClientConnection.async_read.ProcessMessageHeader - 2 total (1 active), Execution time: mean = 0.00ms, total = 0.01ms, Queueing time: mean = 0.01ms, max = 0.02ms, min = 0.02ms, total = 0.02ms
[state-dump] 	ray::rpc::InternalKVGcsService.grpc_client.GetInternalConfig.OnReplyReceived - 1 total (0 active), Execution time: mean = 24.53ms, total = 24.53ms, Queueing time: mean = 0.03ms, max = 0.03ms, min = 0.03ms, total = 0.03ms
[state-dump] 	ray::rpc::InternalKVGcsService.grpc_client.GetInternalConfig - 1 total (0 active), Execution time: mean = 1.38ms, total = 1.38ms, Queueing time: mean = 0.00ms, max = -0.00ms, min = 9223372036854.78ms, total = 0.00ms
[state-dump] 	ray::rpc::NodeInfoGcsService.grpc_client.GetAllNodeAddressAndLiveness.OnReplyReceived - 1 total (0 active), Execution time: mean = 0.15ms, total = 0.15ms, Queueing time: mean = 0.01ms, max = 0.01ms, min = 0.01ms, total = 0.01ms
[state-dump] 	NodeManagerService.grpc_server.GetSystemConfig.HandleRequestImpl - 1 total (0 active), Execution time: mean = 0.09ms, total = 0.09ms, Queueing time: mean = 0.02ms, max = 0.02ms, min = 0.02ms, total = 0.02ms
[state-dump] 	ray::rpc::NodeInfoGcsService.grpc_client.RegisterNode - 1 total (0 active), Execution time: mean = 1.29ms, total = 1.29ms, Queueing time: mean = 0.00ms, max = -0.00ms, min = 9223372036854.78ms, total = 0.00ms
[state-dump] 	ClientConnection.async_read.ProcessMessage - 1 total (0 active), Execution time: mean = 3538.24ms, total = 3538.24ms, Queueing time: mean = 0.01ms, max = 0.01ms, min = 0.01ms, total = 0.01ms
[state-dump] 	ray::rpc::NodeInfoGcsService.grpc_client.RegisterNode.OnReplyReceived - 1 total (0 active), Execution time: mean = 0.68ms, total = 0.68ms, Queueing time: mean = 0.05ms, max = 0.05ms, min = 0.05ms, total = 0.05ms
[state-dump] 	NodeManagerService.grpc_server.GetSystemConfig - 1 total (0 active), Execution time: mean = 0.65ms, total = 0.65ms, Queueing time: mean = 0.00ms, max = -0.00ms, min = 9223372036854.78ms, total = 0.00ms
[state-dump] 	ray::rpc::JobInfoGcsService.grpc_client.GetAllJobInfo - 1 total (0 active), Execution time: mean = 0.76ms, total = 0.76ms, Queueing time: mean = 0.00ms, max = -0.00ms, min = 9223372036854.78ms, total = 0.00ms
[state-dump] 	ray::rpc::JobInfoGcsService.grpc_client.GetAllJobInfo.OnReplyReceived - 1 total (0 active), Execution time: mean = 0.03ms, total = 0.03ms, Queueing time: mean = 0.01ms, max = 0.01ms, min = 0.01ms, total = 0.01ms
[state-dump] 	 - 1 total (0 active), Execution time: mean = 0.00ms, total = 0.00ms, Queueing time: mean = 0.02ms, max = 0.02ms, min = 0.02ms, total = 0.02ms
[state-dump] 	RaySyncer.BroadcastMessage - 1 total (0 active), Execution time: mean = 0.09ms, total = 0.09ms, Queueing time: mean = 0.00ms, max = 0.00ms, min = 0.00ms, total = 0.00ms
[state-dump] 	ray::rpc::NodeInfoGcsService.grpc_client.GetAllNodeAddressAndLiveness - 1 total (0 active), Execution time: mean = 0.85ms, total = 0.85ms, Queueing time: mean = 0.00ms, max = -0.00ms, min = 9223372036854.78ms, total = 0.00ms
[state-dump] DebugString() time ms: 1
[state-dump] 
[state-dump] 
[2026-06-04 23:03:24,131 I 859 892] (raylet) store.cc:573: Plasma store debug dump: 
Current usage: 0 / 20.0817 GB
- num bytes created total: 0
0 pending objects of total size 0MB
- objects spillable: 0
- bytes spillable: 0
- objects unsealed: 0
- bytes unsealed: 0
- objects in use: 0
- bytes in use: 0
- objects evictable: 0
- bytes evictable: 0

- objects created by worker: 0
- bytes created by worker: 0
- objects restored: 0
- bytes restored: 0
- objects received: 0
- bytes received: 0
- objects errored: 0
- bytes errored: 0

[2026-06-04 23:03:24,302 I 859 859] (raylet) node_manager.cc:424: [state-dump] NodeManager:
[state-dump] Node ID: 11e184b7641b47dd66e5366c42f7fe51cb28f4bab1ca7ef8847590e4
[state-dump] Node name: 172.16.254.232
[state-dump] InitialConfigResources: {node:__internal_head__: 1, CPU: 192, node:172.16.254.232: 1, object_store_memory: 2.00817e+10, memory: 4.68574e+10}
[state-dump] ClusterLeaseManager:
[state-dump] ========== Node: 11e184b7641b47dd66e5366c42f7fe51cb28f4bab1ca7ef8847590e4 =================
[state-dump] Infeasible queue length: 0
[state-dump] Schedule queue length: 0
[state-dump] Grant queue length: 0
[state-dump] num_waiting_for_resource: 0
[state-dump] num_waiting_for_plasma_memory: 0
[state-dump] num_waiting_for_remote_node_resources: 0
[state-dump] num_worker_not_started_by_job_config_not_exist: 0
[state-dump] num_worker_not_started_by_registration_timeout: 0
[state-dump] num_tasks_waiting_for_workers: 0
[state-dump] num_cancelled_leases: 0
[state-dump] cluster_resource_scheduler state: 
[state-dump] Local id: 1457234449467745066 Local resources: {"total":{object_store_memory: [200817303550000], node:__internal_head__: [10000], memory: [468573708290000], CPU: [1920000], node:172.16.254.232: [10000]}}, "available": {memory: [468573708290000], CPU: [1920000], node:172.16.254.232: [10000], object_store_memory: [200817303550000], node:__internal_head__: [10000]}}, "labels":{"ray.io/node-id":"11e184b7641b47dd66e5366c42f7fe51cb28f4bab1ca7ef8847590e4",} is_draining: 0 is_idle: 1 Cluster resources (at most 20 nodes are shown): node id: 1457234449467745066{"total":{node:172.16.254.232: 10000, node:__internal_head__: 10000, memory: 468573708290000, object_store_memory: 200817303550000, CPU: 1920000}}, "available": {node:172.16.254.232: 10000, node:__internal_head__: 10000, memory: 468573708290000, CPU: 1920000, object_store_memory: 200817303550000}}, "labels":{"ray.io/node-id":"11e184b7641b47dd66e5366c42f7fe51cb28f4bab1ca7ef8847590e4",}, "is_draining": 0, "draining_deadline_timestamp_ms": -1} { "placement group locations": [], "node to bundles": []}
[state-dump] Waiting leases size: 0
[state-dump] Number of granted lease arguments: 0
[state-dump] Number of pinned lease arguments: 0
[state-dump] Number of total spilled leases: 0
[state-dump] Number of spilled waiting leases: 0
[state-dump] Number of spilled unschedulable leases: 0
[state-dump] Resource usage {
[state-dump] }
[state-dump] Backlog Size per scheduling descriptor :{workerId: num backlogs}:
[state-dump] 
[state-dump] Granted leases by scheduling class:
[state-dump] ==================================================
[state-dump] 
[state-dump] ClusterResources:
[state-dump] LocalObjectManager:
[state-dump] - num pinned objects: 0
[state-dump] - pinned objects size: 0
[state-dump] - num objects pending restore: 0
[state-dump] - num objects pending spill: 0
[state-dump] - num bytes pending spill: 0
[state-dump] - num bytes currently spilled: 0
[state-dump] - cumulative spill requests: 0
[state-dump] - cumulative restore requests: 0
[state-dump] - spilled objects pending delete: 0
[state-dump] 
[state-dump] ObjectManager:
[state-dump] - num local objects: 0
[state-dump] - num unfulfilled push requests: 0
[state-dump] - num object pull requests: 0
[state-dump] - num chunks received total: 0
[state-dump] - num chunks received failed (all): 0
[state-dump] - num chunks received failed / cancelled: 0
[state-dump] - num chunks received failed / plasma error: 0
[state-dump] Event stats:
[state-dump] Global stats: 0 total (0 active)
[state-dump] Queueing time: mean = -nanms, max = -0.00ms, min = 9223372036854.78ms, total = 0.00ms
[state-dump] Execution time:  mean = -nanms, total = 0.00ms
[state-dump] Event stats:
[state-dump] PushManager:
[state-dump] - num pushes remaining: 0
[state-dump] - num chunks in flight: 0
[state-dump] - num chunks remaining: 0
[state-dump] - max chunks allowed: 409
[state-dump] OwnershipBasedObjectDirectory:
[state-dump] - num listeners: 0
[state-dump] - cumulative location updates: 0
[state-dump] - num location updates per second: 0.000
[state-dump] - num location lookups per second: 0.000
[state-dump] - num locations added per second: 0.000
[state-dump] - num locations removed per second: 0.000
[state-dump] BufferPool:
[state-dump] - create buffer state map size: 0
[state-dump] PullManager:
[state-dump] - num bytes available for pulled objects: 20081730355
[state-dump] - num bytes being pulled (all): 0
[state-dump] - num bytes being pulled / pinned: 0
[state-dump] - get request bundles: BundlePullRequestQueue{0 total, 0 active, 0 inactive, 0 unpullable}
[state-dump] - wait request bundles: BundlePullRequestQueue{0 total, 0 active, 0 inactive, 0 unpullable}
[state-dump] - task request bundles: BundlePullRequestQueue{0 total, 0 active, 0 inactive, 0 unpullable}
[state-dump] - first get request bundle: N/A
[state-dump] - first wait request bundle: N/A
[state-dump] - first task request bundle: N/A
[state-dump] - num objects queued: 0
[state-dump] - num objects actively pulled (all): 0
[state-dump] - num objects actively pulled / pinned: 0
[state-dump] - num bundles being pulled: 0
[state-dump] - num pull retries: 0
[state-dump] - max timeout seconds: 0
[state-dump] - max timeout request is already processed. No entry.
[state-dump] 
[state-dump] WorkerPool:
[state-dump] - registered jobs: 1
[state-dump] - process_failed_job_config_missing: 0
[state-dump] - process_failed_rate_limited: 0
[state-dump] - process_failed_pending_registration: 192
[state-dump] - process_failed_runtime_env_setup_failed: 0
[state-dump] - num JAVA workers: 0
[state-dump] - num JAVA drivers: 0
[state-dump] - num JAVA pending start requests: 0
[state-dump] - num JAVA pending registration requests: 0
[state-dump] - num object spill callbacks queued: 0
[state-dump] - num object restore queued: 0
[state-dump] - num util functions queued: 0
[state-dump] - num PYTHON workers: 0
[state-dump] - num PYTHON drivers: 1
[state-dump] - num PYTHON pending start requests: 0
[state-dump] - num PYTHON pending registration requests: 0
[state-dump] - num object spill callbacks queued: 0
[state-dump] - num object restore queued: 0
[state-dump] - num util functions queued: 0
[state-dump] - num idle workers: 0
[state-dump] LeaseDependencyManager:
[state-dump] - lease deps map size: 0
[state-dump] - get req map size: 0
[state-dump] - wait req map size: 0
[state-dump] - local objects map size: 0
[state-dump] WaitManager:
[state-dump] - num active wait requests: 0
[state-dump] Subscriber:
[state-dump] Channel WORKER_OBJECT_LOCATIONS_CHANNEL
[state-dump] - cumulative subscribe requests: 0
[state-dump] - cumulative unsubscribe requests: 0
[state-dump] - active subscribed publishers: 0
[state-dump] - cumulative published messages: 0
[state-dump] - cumulative processed messages: 0
[state-dump] Channel WORKER_OBJECT_EVICTION
[state-dump] - cumulative subscribe requests: 0
[state-dump] - cumulative unsubscribe requests: 0
[state-dump] - active subscribed publishers: 0
[state-dump] - cumulative published messages: 0
[state-dump] - cumulative processed messages: 0
[state-dump] Channel WORKER_REF_REMOVED_CHANNEL
[state-dump] - cumulative subscribe requests: 0
[state-dump] - cumulative unsubscribe requests: 0
[state-dump] - active subscribed publishers: 0
[state-dump] - cumulative published messages: 0
[state-dump] - cumulative processed messages: 0
[state-dump] num async plasma notifications: 0
[state-dump] Event stats:
[state-dump] Global stats: 95710 total (16 active)
[state-dump] Queueing time: mean = 1.11ms, max = 3643.96ms, min = -95.24ms, total = 106622.16ms
[state-dump] Execution time:  mean = 19.07ms, total = 1825471.62ms
[state-dump] Event stats:
[state-dump] 	NodeManager.CheckGC - 20862 total (1 active), Execution time: mean = 0.01ms, total = 136.19ms, Queueing time: mean = 0.66ms, max = 3444.74ms, min = -95.24ms, total = 13859.45ms
[state-dump] 	RaySyncer.OnDemandBroadcasting - 20862 total (1 active), Execution time: mean = 0.01ms, total = 163.73ms, Queueing time: mean = 0.66ms, max = 3444.73ms, min = -0.02ms, total = 13834.49ms
[state-dump] 	ObjectManager.UpdateAvailableMemory - 20861 total (0 active), Execution time: mean = 0.00ms, total = 30.26ms, Queueing time: mean = 0.09ms, max = 100.68ms, min = 0.00ms, total = 1976.69ms
[state-dump] 	RayletWorkerPool.deadline_timer.kill_idle_workers - 10461 total (1 active), Execution time: mean = 0.00ms, total = 36.60ms, Queueing time: mean = 0.77ms, max = 3350.40ms, min = -0.03ms, total = 8020.84ms
[state-dump] 	MemoryMonitor.CheckIsMemoryUsageAboveThreshold - 8260 total (1 active), Execution time: mean = 3.06ms, total = 25282.98ms, Queueing time: mean = 1.21ms, max = 3291.29ms, min = -0.02ms, total = 9986.59ms
[state-dump] 	NodeManagerService.grpc_server.GetResourceLoad - 2099 total (0 active), Execution time: mean = 4.67ms, total = 9799.04ms, Queueing time: mean = 0.00ms, max = -0.00ms, min = 9223372036854.78ms, total = 0.00ms
[state-dump] 	NodeManagerService.grpc_server.GetResourceLoad.HandleRequestImpl - 2099 total (0 active), Execution time: mean = 0.12ms, total = 259.95ms, Queueing time: mean = 3.79ms, max = 3203.58ms, min = 0.01ms, total = 7962.35ms
[state-dump] 	NodeManager.deadline_timer.flush_free_objects - 2097 total (1 active), Execution time: mean = 0.00ms, total = 6.69ms, Queueing time: mean = 1.82ms, max = 2642.08ms, min = 0.00ms, total = 3810.28ms
[state-dump] 	NodeManager.CheckForUnexpectedWorkerDisconnects - 2097 total (1 active), Execution time: mean = 0.05ms, total = 109.49ms, Queueing time: mean = 1.77ms, max = 2644.57ms, min = -0.01ms, total = 3710.64ms
[state-dump] 	NodeManager.ScheduleAndGrantLeases - 2097 total (1 active), Execution time: mean = 0.01ms, total = 17.79ms, Queueing time: mean = 1.81ms, max = 2644.57ms, min = 0.00ms, total = 3802.64ms
[state-dump] 	NodeManager.deadline_timer.spill_objects_when_over_threshold - 2097 total (1 active), Execution time: mean = 0.00ms, total = 4.90ms, Queueing time: mean = 1.82ms, max = 2642.10ms, min = 0.00ms, total = 3812.18ms
[state-dump] 	ClusterResourceManager.ResetRemoteNodeView - 700 total (1 active), Execution time: mean = 0.00ms, total = 2.46ms, Queueing time: mean = 2.66ms, max = 1645.70ms, min = 0.01ms, total = 1864.78ms
[state-dump] 	NodeManager.deadline_timer.record_metrics - 420 total (1 active), Execution time: mean = 0.47ms, total = 196.17ms, Queueing time: mean = 1.07ms, max = 99.31ms, min = -0.00ms, total = 451.39ms
[state-dump] 	event_loop_lag_probe - 211 total (0 active), Execution time: mean = 0.01ms, total = 3.08ms, Queueing time: mean = 0.06ms, max = 6.45ms, min = 0.00ms, total = 13.29ms
[state-dump] 	NodeManager.deadline_timer.debug_state_dump - 210 total (1 active), Execution time: mean = 1.63ms, total = 342.14ms, Queueing time: mean = 0.74ms, max = 96.66ms, min = 0.01ms, total = 155.32ms
[state-dump] 	NodeManager.GcsCheckAlive - 35 total (1 active), Execution time: mean = 0.24ms, total = 8.33ms, Queueing time: mean = 4.09ms, max = 98.32ms, min = 0.40ms, total = 143.28ms
[state-dump] 	ray::rpc::NodeInfoGcsService.grpc_client.CheckAlive - 35 total (0 active), Execution time: mean = 2.13ms, total = 74.66ms, Queueing time: mean = 0.00ms, max = -0.00ms, min = 9223372036854.78ms, total = 0.00ms
[state-dump] 	NodeManager.deadline_timer.print_event_loop_stats - 35 total (1 active, 1 running), Execution time: mean = 1.52ms, total = 53.11ms, Queueing time: mean = 2.81ms, max = 97.85ms, min = 0.01ms, total = 98.44ms
[state-dump] 	ray::rpc::NodeInfoGcsService.grpc_client.CheckAlive.OnReplyReceived - 35 total (0 active), Execution time: mean = 0.04ms, total = 1.43ms, Queueing time: mean = 0.03ms, max = 0.14ms, min = 0.01ms, total = 0.89ms
[state-dump] 	ReporterService.grpc_client.HealthCheck.OnReplyReceived - 31 total (0 active), Execution time: mean = 0.12ms, total = 3.62ms, Queueing time: mean = 0.17ms, max = 1.08ms, min = 0.01ms, total = 5.28ms
[state-dump] 	ReporterService.grpc_client.HealthCheck - 31 total (0 active), Execution time: mean = 19.15ms, total = 593.71ms, Queueing time: mean = 0.00ms, max = -0.00ms, min = 9223372036854.78ms, total = 0.00ms
[state-dump] 	MetricsAgentClient.WaitForServerReadyWithRetry - 30 total (0 active), Execution time: mean = 0.31ms, total = 9.18ms, Queueing time: mean = 1101.58ms, max = 3643.96ms, min = 1000.02ms, total = 33047.26ms
[state-dump] 	PeriodicalRunner.RunFnPeriodically - 14 total (0 active), Execution time: mean = 0.23ms, total = 3.29ms, Queueing time: mean = 4.55ms, max = 12.98ms, min = 0.09ms, total = 63.65ms
[state-dump] 	ray::rpc::InternalPubSubGcsService.grpc_client.GcsSubscriberPoll - 4 total (1 active), Execution time: mean = 446190.25ms, total = 1784761.02ms, Queueing time: mean = 0.00ms, max = -0.00ms, min = 9223372036854.78ms, total = 0.00ms
[state-dump] 	NodeManager.GCTaskFailureReason - 3 total (1 active), Execution time: mean = 0.00ms, total = 0.01ms, Queueing time: mean = 0.01ms, max = 0.02ms, min = 0.02ms, total = 0.04ms
[state-dump] 	ray::rpc::InternalPubSubGcsService.grpc_client.GcsSubscriberPoll.OnReplyReceived - 3 total (0 active), Execution time: mean = 0.34ms, total = 1.03ms, Queueing time: mean = 0.03ms, max = 0.03ms, min = 0.02ms, total = 0.08ms
[state-dump] 	RaySyncerRegister - 2 total (0 active), Execution time: mean = 0.00ms, total = 0.01ms, Queueing time: mean = 0.00ms, max = 0.00ms, min = 0.00ms, total = 0.00ms
[state-dump] 	ray::rpc::InternalPubSubGcsService.grpc_client.GcsSubscriberCommandBatch - 2 total (0 active), Execution time: mean = 0.92ms, total = 1.84ms, Queueing time: mean = 0.00ms, max = -0.00ms, min = 9223372036854.78ms, total = 0.00ms
[state-dump] 	ray::rpc::InternalPubSubGcsService.grpc_client.GcsSubscriberCommandBatch.OnReplyReceived - 2 total (0 active), Execution time: mean = 0.10ms, total = 0.20ms, Queueing time: mean = 1.08ms, max = 2.01ms, min = 0.15ms, total = 2.16ms
[state-dump] 	ClientConnection.async_read.ProcessMessageHeader - 2 total (1 active), Execution time: mean = 0.00ms, total = 0.01ms, Queueing time: mean = 0.01ms, max = 0.02ms, min = 0.02ms, total = 0.02ms
[state-dump] 	ray::rpc::InternalKVGcsService.grpc_client.GetInternalConfig.OnReplyReceived - 1 total (0 active), Execution time: mean = 24.53ms, total = 24.53ms, Queueing time: mean = 0.03ms, max = 0.03ms, min = 0.03ms, total = 0.03ms
[state-dump] 	ray::rpc::InternalKVGcsService.grpc_client.GetInternalConfig - 1 total (0 active), Execution time: mean = 1.38ms, total = 1.38ms, Queueing time: mean = 0.00ms, max = -0.00ms, min = 9223372036854.78ms, total = 0.00ms
[state-dump] 	ray::rpc::NodeInfoGcsService.grpc_client.GetAllNodeAddressAndLiveness.OnReplyReceived - 1 total (0 active), Execution time: mean = 0.15ms, total = 0.15ms, Queueing time: mean = 0.01ms, max = 0.01ms, min = 0.01ms, total = 0.01ms
[state-dump] 	NodeManagerService.grpc_server.GetSystemConfig.HandleRequestImpl - 1 total (0 active), Execution time: mean = 0.09ms, total = 0.09ms, Queueing time: mean = 0.02ms, max = 0.02ms, min = 0.02ms, total = 0.02ms
[state-dump] 	ray::rpc::NodeInfoGcsService.grpc_client.RegisterNode - 1 total (0 active), Execution time: mean = 1.29ms, total = 1.29ms, Queueing time: mean = 0.00ms, max = -0.00ms, min = 9223372036854.78ms, total = 0.00ms
[state-dump] 	ClientConnection.async_read.ProcessMessage - 1 total (0 active), Execution time: mean = 3538.24ms, total = 3538.24ms, Queueing time: mean = 0.01ms, max = 0.01ms, min = 0.01ms, total = 0.01ms
[state-dump] 	ray::rpc::NodeInfoGcsService.grpc_client.RegisterNode.OnReplyReceived - 1 total (0 active), Execution time: mean = 0.68ms, total = 0.68ms, Queueing time: mean = 0.05ms, max = 0.05ms, min = 0.05ms, total = 0.05ms
[state-dump] 	NodeManagerService.grpc_server.GetSystemConfig - 1 total (0 active), Execution time: mean = 0.65ms, total = 0.65ms, Queueing time: mean = 0.00ms, max = -0.00ms, min = 9223372036854.78ms, total = 0.00ms
[state-dump] 	ray::rpc::JobInfoGcsService.grpc_client.GetAllJobInfo - 1 total (0 active), Execution time: mean = 0.76ms, total = 0.76ms, Queueing time: mean = 0.00ms, max = -0.00ms, min = 9223372036854.78ms, total = 0.00ms
[state-dump] 	ray::rpc::JobInfoGcsService.grpc_client.GetAllJobInfo.OnReplyReceived - 1 total (0 active), Execution time: mean = 0.03ms, total = 0.03ms, Queueing time: mean = 0.01ms, max = 0.01ms, min = 0.01ms, total = 0.01ms
[state-dump] 	 - 1 total (0 active), Execution time: mean = 0.00ms, total = 0.00ms, Queueing time: mean = 0.02ms, max = 0.02ms, min = 0.02ms, total = 0.02ms
[state-dump] 	RaySyncer.BroadcastMessage - 1 total (0 active), Execution time: mean = 0.09ms, total = 0.09ms, Queueing time: mean = 0.00ms, max = 0.00ms, min = 0.00ms, total = 0.00ms
[state-dump] 	ray::rpc::NodeInfoGcsService.grpc_client.GetAllNodeAddressAndLiveness - 1 total (0 active), Execution time: mean = 0.85ms, total = 0.85ms, Queueing time: mean = 0.00ms, max = -0.00ms, min = 9223372036854.78ms, total = 0.00ms
[state-dump] DebugString() time ms: 1
[state-dump] 
[state-dump] 
[2026-06-04 23:04:24,131 I 859 892] (raylet) store.cc:573: Plasma store debug dump: 
Current usage: 0 / 20.0817 GB
- num bytes created total: 0
0 pending objects of total size 0MB
- objects spillable: 0
- bytes spillable: 0
- objects unsealed: 0
- bytes unsealed: 0
- objects in use: 0
- bytes in use: 0
- objects evictable: 0
- bytes evictable: 0

- objects created by worker: 0
- bytes created by worker: 0
- objects restored: 0
- bytes restored: 0
- objects received: 0
- bytes received: 0
- objects errored: 0
- bytes errored: 0

[2026-06-04 23:04:24,304 I 859 859] (raylet) node_manager.cc:424: [state-dump] NodeManager:
[state-dump] Node ID: 11e184b7641b47dd66e5366c42f7fe51cb28f4bab1ca7ef8847590e4
[state-dump] Node name: 172.16.254.232
[state-dump] InitialConfigResources: {node:__internal_head__: 1, CPU: 192, node:172.16.254.232: 1, object_store_memory: 2.00817e+10, memory: 4.68574e+10}
[state-dump] ClusterLeaseManager:
[state-dump] ========== Node: 11e184b7641b47dd66e5366c42f7fe51cb28f4bab1ca7ef8847590e4 =================
[state-dump] Infeasible queue length: 0
[state-dump] Schedule queue length: 0
[state-dump] Grant queue length: 0
[state-dump] num_waiting_for_resource: 0
[state-dump] num_waiting_for_plasma_memory: 0
[state-dump] num_waiting_for_remote_node_resources: 0
[state-dump] num_worker_not_started_by_job_config_not_exist: 0
[state-dump] num_worker_not_started_by_registration_timeout: 0
[state-dump] num_tasks_waiting_for_workers: 0
[state-dump] num_cancelled_leases: 0
[state-dump] cluster_resource_scheduler state: 
[state-dump] Local id: 1457234449467745066 Local resources: {"total":{object_store_memory: [200817303550000], node:__internal_head__: [10000], memory: [468573708290000], CPU: [1920000], node:172.16.254.232: [10000]}}, "available": {memory: [468573708290000], CPU: [1920000], node:172.16.254.232: [10000], object_store_memory: [200817303550000], node:__internal_head__: [10000]}}, "labels":{"ray.io/node-id":"11e184b7641b47dd66e5366c42f7fe51cb28f4bab1ca7ef8847590e4",} is_draining: 0 is_idle: 1 Cluster resources (at most 20 nodes are shown): node id: 1457234449467745066{"total":{node:172.16.254.232: 10000, node:__internal_head__: 10000, memory: 468573708290000, object_store_memory: 200817303550000, CPU: 1920000}}, "available": {node:172.16.254.232: 10000, node:__internal_head__: 10000, memory: 468573708290000, CPU: 1920000, object_store_memory: 200817303550000}}, "labels":{"ray.io/node-id":"11e184b7641b47dd66e5366c42f7fe51cb28f4bab1ca7ef8847590e4",}, "is_draining": 0, "draining_deadline_timestamp_ms": -1} { "placement group locations": [], "node to bundles": []}
[state-dump] Waiting leases size: 0
[state-dump] Number of granted lease arguments: 0
[state-dump] Number of pinned lease arguments: 0
[state-dump] Number of total spilled leases: 0
[state-dump] Number of spilled waiting leases: 0
[state-dump] Number of spilled unschedulable leases: 0
[state-dump] Resource usage {
[state-dump] }
[state-dump] Backlog Size per scheduling descriptor :{workerId: num backlogs}:
[state-dump] 
[state-dump] Granted leases by scheduling class:
[state-dump] ==================================================
[state-dump] 
[state-dump] ClusterResources:
[state-dump] LocalObjectManager:
[state-dump] - num pinned objects: 0
[state-dump] - pinned objects size: 0
[state-dump] - num objects pending restore: 0
[state-dump] - num objects pending spill: 0
[state-dump] - num bytes pending spill: 0
[state-dump] - num bytes currently spilled: 0
[state-dump] - cumulative spill requests: 0
[state-dump] - cumulative restore requests: 0
[state-dump] - spilled objects pending delete: 0
[state-dump] 
[state-dump] ObjectManager:
[state-dump] - num local objects: 0
[state-dump] - num unfulfilled push requests: 0
[state-dump] - num object pull requests: 0
[state-dump] - num chunks received total: 0
[state-dump] - num chunks received failed (all): 0
[state-dump] - num chunks received failed / cancelled: 0
[state-dump] - num chunks received failed / plasma error: 0
[state-dump] Event stats:
[state-dump] Global stats: 0 total (0 active)
[state-dump] Queueing time: mean = -nanms, max = -0.00ms, min = 9223372036854.78ms, total = 0.00ms
[state-dump] Execution time:  mean = -nanms, total = 0.00ms
[state-dump] Event stats:
[state-dump] PushManager:
[state-dump] - num pushes remaining: 0
[state-dump] - num chunks in flight: 0
[state-dump] - num chunks remaining: 0
[state-dump] - max chunks allowed: 409
[state-dump] OwnershipBasedObjectDirectory:
[state-dump] - num listeners: 0
[state-dump] - cumulative location updates: 0
[state-dump] - num location updates per second: 0.000
[state-dump] - num location lookups per second: 0.000
[state-dump] - num locations added per second: 0.000
[state-dump] - num locations removed per second: 0.000
[state-dump] BufferPool:
[state-dump] - create buffer state map size: 0
[state-dump] PullManager:
[state-dump] - num bytes available for pulled objects: 20081730355
[state-dump] - num bytes being pulled (all): 0
[state-dump] - num bytes being pulled / pinned: 0
[state-dump] - get request bundles: BundlePullRequestQueue{0 total, 0 active, 0 inactive, 0 unpullable}
[state-dump] - wait request bundles: BundlePullRequestQueue{0 total, 0 active, 0 inactive, 0 unpullable}
[state-dump] - task request bundles: BundlePullRequestQueue{0 total, 0 active, 0 inactive, 0 unpullable}
[state-dump] - first get request bundle: N/A
[state-dump] - first wait request bundle: N/A
[state-dump] - first task request bundle: N/A
[state-dump] - num objects queued: 0
[state-dump] - num objects actively pulled (all): 0
[state-dump] - num objects actively pulled / pinned: 0
[state-dump] - num bundles being pulled: 0
[state-dump] - num pull retries: 0
[state-dump] - max timeout seconds: 0
[state-dump] - max timeout request is already processed. No entry.
[state-dump] 
[state-dump] WorkerPool:
[state-dump] - registered jobs: 1
[state-dump] - process_failed_job_config_missing: 0
[state-dump] - process_failed_rate_limited: 0
[state-dump] - process_failed_pending_registration: 192
[state-dump] - process_failed_runtime_env_setup_failed: 0
[state-dump] - num JAVA workers: 0
[state-dump] - num JAVA drivers: 0
[state-dump] - num JAVA pending start requests: 0
[state-dump] - num JAVA pending registration requests: 0
[state-dump] - num object spill callbacks queued: 0
[state-dump] - num object restore queued: 0
[state-dump] - num util functions queued: 0
[state-dump] - num PYTHON workers: 0
[state-dump] - num PYTHON drivers: 1
[state-dump] - num PYTHON pending start requests: 0
[state-dump] - num PYTHON pending registration requests: 0
[state-dump] - num object spill callbacks queued: 0
[state-dump] - num object restore queued: 0
[state-dump] - num util functions queued: 0
[state-dump] - num idle workers: 0
[state-dump] LeaseDependencyManager:
[state-dump] - lease deps map size: 0
[state-dump] - get req map size: 0
[state-dump] - wait req map size: 0
[state-dump] - local objects map size: 0
[state-dump] WaitManager:
[state-dump] - num active wait requests: 0
[state-dump] Subscriber:
[state-dump] Channel WORKER_OBJECT_LOCATIONS_CHANNEL
[state-dump] - cumulative subscribe requests: 0
[state-dump] - cumulative unsubscribe requests: 0
[state-dump] - active subscribed publishers: 0
[state-dump] - cumulative published messages: 0
[state-dump] - cumulative processed messages: 0
[state-dump] Channel WORKER_OBJECT_EVICTION
[state-dump] - cumulative subscribe requests: 0
[state-dump] - cumulative unsubscribe requests: 0
[state-dump] - active subscribed publishers: 0
[state-dump] - cumulative published messages: 0
[state-dump] - cumulative processed messages: 0
[state-dump] Channel WORKER_REF_REMOVED_CHANNEL
[state-dump] - cumulative subscribe requests: 0
[state-dump] - cumulative unsubscribe requests: 0
[state-dump] - active subscribed publishers: 0
[state-dump] - cumulative published messages: 0
[state-dump] - cumulative processed messages: 0
[state-dump] num async plasma notifications: 0
[state-dump] Event stats:
[state-dump] Global stats: 98456 total (16 active)
[state-dump] Queueing time: mean = 1.08ms, max = 3643.96ms, min = -95.24ms, total = 106716.63ms
[state-dump] Execution time:  mean = 18.55ms, total = 1826041.83ms
[state-dump] Event stats:
[state-dump] 	NodeManager.CheckGC - 21462 total (1 active), Execution time: mean = 0.01ms, total = 137.43ms, Queueing time: mean = 0.65ms, max = 3444.74ms, min = -95.24ms, total = 13883.30ms
[state-dump] 	RaySyncer.OnDemandBroadcasting - 21462 total (1 active), Execution time: mean = 0.01ms, total = 165.69ms, Queueing time: mean = 0.65ms, max = 3444.73ms, min = -0.02ms, total = 13857.70ms
[state-dump] 	ObjectManager.UpdateAvailableMemory - 21461 total (0 active), Execution time: mean = 0.00ms, total = 31.19ms, Queueing time: mean = 0.09ms, max = 100.68ms, min = 0.00ms, total = 1989.02ms
[state-dump] 	RayletWorkerPool.deadline_timer.kill_idle_workers - 10761 total (1 active), Execution time: mean = 0.00ms, total = 37.65ms, Queueing time: mean = 0.75ms, max = 3350.40ms, min = -0.03ms, total = 8032.01ms
[state-dump] 	MemoryMonitor.CheckIsMemoryUsageAboveThreshold - 8498 total (1 active), Execution time: mean = 3.04ms, total = 25792.31ms, Queueing time: mean = 1.18ms, max = 3291.29ms, min = -0.02ms, total = 9991.86ms
[state-dump] 	NodeManagerService.grpc_server.GetResourceLoad - 2159 total (0 active), Execution time: mean = 4.55ms, total = 9828.60ms, Queueing time: mean = 0.00ms, max = -0.00ms, min = 9223372036854.78ms, total = 0.00ms
[state-dump] 	NodeManagerService.grpc_server.GetResourceLoad.HandleRequestImpl - 2159 total (0 active), Execution time: mean = 0.12ms, total = 267.51ms, Queueing time: mean = 3.69ms, max = 3203.58ms, min = 0.01ms, total = 7963.92ms
[state-dump] 	NodeManager.deadline_timer.flush_free_objects - 2157 total (1 active), Execution time: mean = 0.00ms, total = 6.89ms, Queueing time: mean = 1.77ms, max = 2642.08ms, min = 0.00ms, total = 3814.08ms
[state-dump] 	NodeManager.CheckForUnexpectedWorkerDisconnects - 2157 total (1 active), Execution time: mean = 0.05ms, total = 109.98ms, Queueing time: mean = 1.72ms, max = 2644.57ms, min = -0.01ms, total = 3714.15ms
[state-dump] 	NodeManager.ScheduleAndGrantLeases - 2157 total (1 active), Execution time: mean = 0.01ms, total = 18.32ms, Queueing time: mean = 1.76ms, max = 2644.57ms, min = 0.00ms, total = 3806.12ms
[state-dump] 	NodeManager.deadline_timer.spill_objects_when_over_threshold - 2157 total (1 active), Execution time: mean = 0.00ms, total = 5.04ms, Queueing time: mean = 1.77ms, max = 2642.10ms, min = 0.00ms, total = 3816.04ms
[state-dump] 	ClusterResourceManager.ResetRemoteNodeView - 720 total (1 active), Execution time: mean = 0.00ms, total = 2.53ms, Queueing time: mean = 2.59ms, max = 1645.70ms, min = 0.01ms, total = 1865.13ms
[state-dump] 	NodeManager.deadline_timer.record_metrics - 432 total (1 active), Execution time: mean = 0.47ms, total = 202.07ms, Queueing time: mean = 1.05ms, max = 99.31ms, min = -0.00ms, total = 451.66ms
[state-dump] 	event_loop_lag_probe - 217 total (0 active), Execution time: mean = 0.01ms, total = 3.17ms, Queueing time: mean = 0.06ms, max = 6.45ms, min = 0.00ms, total = 13.32ms
[state-dump] 	NodeManager.deadline_timer.debug_state_dump - 216 total (1 active), Execution time: mean = 1.62ms, total = 349.89ms, Queueing time: mean = 0.72ms, max = 96.66ms, min = 0.01ms, total = 155.43ms
[state-dump] 	NodeManager.GcsCheckAlive - 36 total (1 active), Execution time: mean = 0.24ms, total = 8.65ms, Queueing time: mean = 4.02ms, max = 98.32ms, min = 0.40ms, total = 144.88ms
[state-dump] 	ray::rpc::NodeInfoGcsService.grpc_client.CheckAlive - 36 total (0 active), Execution time: mean = 2.11ms, total = 75.92ms, Queueing time: mean = 0.00ms, max = -0.00ms, min = 9223372036854.78ms, total = 0.00ms
[state-dump] 	NodeManager.deadline_timer.print_event_loop_stats - 36 total (1 active, 1 running), Execution time: mean = 1.52ms, total = 54.89ms, Queueing time: mean = 2.74ms, max = 97.85ms, min = 0.01ms, total = 98.47ms
[state-dump] 	ray::rpc::NodeInfoGcsService.grpc_client.CheckAlive.OnReplyReceived - 36 total (0 active), Execution time: mean = 0.04ms, total = 1.48ms, Queueing time: mean = 0.03ms, max = 0.14ms, min = 0.01ms, total = 0.92ms
[state-dump] 	ReporterService.grpc_client.HealthCheck.OnReplyReceived - 31 total (0 active), Execution time: mean = 0.12ms, total = 3.62ms, Queueing time: mean = 0.17ms, max = 1.08ms, min = 0.01ms, total = 5.28ms
[state-dump] 	ReporterService.grpc_client.HealthCheck - 31 total (0 active), Execution time: mean = 19.15ms, total = 593.71ms, Queueing time: mean = 0.00ms, max = -0.00ms, min = 9223372036854.78ms, total = 0.00ms
[state-dump] 	MetricsAgentClient.WaitForServerReadyWithRetry - 30 total (0 active), Execution time: mean = 0.31ms, total = 9.18ms, Queueing time: mean = 1101.58ms, max = 3643.96ms, min = 1000.02ms, total = 33047.26ms
[state-dump] 	PeriodicalRunner.RunFnPeriodically - 14 total (0 active), Execution time: mean = 0.23ms, total = 3.29ms, Queueing time: mean = 4.55ms, max = 12.98ms, min = 0.09ms, total = 63.65ms
[state-dump] 	ray::rpc::InternalPubSubGcsService.grpc_client.GcsSubscriberPoll - 4 total (1 active), Execution time: mean = 446190.25ms, total = 1784761.02ms, Queueing time: mean = 0.00ms, max = -0.00ms, min = 9223372036854.78ms, total = 0.00ms
[state-dump] 	NodeManager.GCTaskFailureReason - 3 total (1 active), Execution time: mean = 0.00ms, total = 0.01ms, Queueing time: mean = 0.01ms, max = 0.02ms, min = 0.02ms, total = 0.04ms
[state-dump] 	ray::rpc::InternalPubSubGcsService.grpc_client.GcsSubscriberPoll.OnReplyReceived - 3 total (0 active), Execution time: mean = 0.34ms, total = 1.03ms, Queueing time: mean = 0.03ms, max = 0.03ms, min = 0.02ms, total = 0.08ms
[state-dump] 	RaySyncerRegister - 2 total (0 active), Execution time: mean = 0.00ms, total = 0.01ms, Queueing time: mean = 0.00ms, max = 0.00ms, min = 0.00ms, total = 0.00ms
[state-dump] 	ray::rpc::InternalPubSubGcsService.grpc_client.GcsSubscriberCommandBatch - 2 total (0 active), Execution time: mean = 0.92ms, total = 1.84ms, Queueing time: mean = 0.00ms, max = -0.00ms, min = 9223372036854.78ms, total = 0.00ms
[state-dump] 	ray::rpc::InternalPubSubGcsService.grpc_client.GcsSubscriberCommandBatch.OnReplyReceived - 2 total (0 active), Execution time: mean = 0.10ms, total = 0.20ms, Queueing time: mean = 1.08ms, max = 2.01ms, min = 0.15ms, total = 2.16ms
[state-dump] 	ClientConnection.async_read.ProcessMessageHeader - 2 total (1 active), Execution time: mean = 0.00ms, total = 0.01ms, Queueing time: mean = 0.01ms, max = 0.02ms, min = 0.02ms, total = 0.02ms
[state-dump] 	ray::rpc::InternalKVGcsService.grpc_client.GetInternalConfig.OnReplyReceived - 1 total (0 active), Execution time: mean = 24.53ms, total = 24.53ms, Queueing time: mean = 0.03ms, max = 0.03ms, min = 0.03ms, total = 0.03ms
[state-dump] 	ray::rpc::InternalKVGcsService.grpc_client.GetInternalConfig - 1 total (0 active), Execution time: mean = 1.38ms, total = 1.38ms, Queueing time: mean = 0.00ms, max = -0.00ms, min = 9223372036854.78ms, total = 0.00ms
[state-dump] 	ray::rpc::NodeInfoGcsService.grpc_client.GetAllNodeAddressAndLiveness.OnReplyReceived - 1 total (0 active), Execution time: mean = 0.15ms, total = 0.15ms, Queueing time: mean = 0.01ms, max = 0.01ms, min = 0.01ms, total = 0.01ms
[state-dump] 	NodeManagerService.grpc_server.GetSystemConfig.HandleRequestImpl - 1 total (0 active), Execution time: mean = 0.09ms, total = 0.09ms, Queueing time: mean = 0.02ms, max = 0.02ms, min = 0.02ms, total = 0.02ms
[state-dump] 	ray::rpc::NodeInfoGcsService.grpc_client.RegisterNode - 1 total (0 active), Execution time: mean = 1.29ms, total = 1.29ms, Queueing time: mean = 0.00ms, max = -0.00ms, min = 9223372036854.78ms, total = 0.00ms
[state-dump] 	ClientConnection.async_read.ProcessMessage - 1 total (0 active), Execution time: mean = 3538.24ms, total = 3538.24ms, Queueing time: mean = 0.01ms, max = 0.01ms, min = 0.01ms, total = 0.01ms
[state-dump] 	ray::rpc::NodeInfoGcsService.grpc_client.RegisterNode.OnReplyReceived - 1 total (0 active), Execution time: mean = 0.68ms, total = 0.68ms, Queueing time: mean = 0.05ms, max = 0.05ms, min = 0.05ms, total = 0.05ms
[state-dump] 	NodeManagerService.grpc_server.GetSystemConfig - 1 total (0 active), Execution time: mean = 0.65ms, total = 0.65ms, Queueing time: mean = 0.00ms, max = -0.00ms, min = 9223372036854.78ms, total = 0.00ms
[state-dump] 	ray::rpc::JobInfoGcsService.grpc_client.GetAllJobInfo - 1 total (0 active), Execution time: mean = 0.76ms, total = 0.76ms, Queueing time: mean = 0.00ms, max = -0.00ms, min = 9223372036854.78ms, total = 0.00ms
[state-dump] 	ray::rpc::JobInfoGcsService.grpc_client.GetAllJobInfo.OnReplyReceived - 1 total (0 active), Execution time: mean = 0.03ms, total = 0.03ms, Queueing time: mean = 0.01ms, max = 0.01ms, min = 0.01ms, total = 0.01ms
[state-dump] 	 - 1 total (0 active), Execution time: mean = 0.00ms, total = 0.00ms, Queueing time: mean = 0.02ms, max = 0.02ms, min = 0.02ms, total = 0.02ms
[state-dump] 	RaySyncer.BroadcastMessage - 1 total (0 active), Execution time: mean = 0.09ms, total = 0.09ms, Queueing time: mean = 0.00ms, max = 0.00ms, min = 0.00ms, total = 0.00ms
[state-dump] 	ray::rpc::NodeInfoGcsService.grpc_client.GetAllNodeAddressAndLiveness - 1 total (0 active), Execution time: mean = 0.85ms, total = 0.85ms, Queueing time: mean = 0.00ms, max = -0.00ms, min = 9223372036854.78ms, total = 0.00ms
[state-dump] DebugString() time ms: 1
[state-dump] 
[state-dump] 
[2026-06-04 23:05:24,131 I 859 892] (raylet) store.cc:573: Plasma store debug dump: 
Current usage: 0 / 20.0817 GB
- num bytes created total: 0
0 pending objects of total size 0MB
- objects spillable: 0
- bytes spillable: 0
- objects unsealed: 0
- bytes unsealed: 0
- objects in use: 0
- bytes in use: 0
- objects evictable: 0
- bytes evictable: 0

- objects created by worker: 0
- bytes created by worker: 0
- objects restored: 0
- bytes restored: 0
- objects received: 0
- bytes received: 0
- objects errored: 0
- bytes errored: 0

[2026-06-04 23:05:24,305 I 859 859] (raylet) node_manager.cc:424: [state-dump] NodeManager:
[state-dump] Node ID: 11e184b7641b47dd66e5366c42f7fe51cb28f4bab1ca7ef8847590e4
[state-dump] Node name: 172.16.254.232
[state-dump] InitialConfigResources: {node:__internal_head__: 1, CPU: 192, node:172.16.254.232: 1, object_store_memory: 2.00817e+10, memory: 4.68574e+10}
[state-dump] ClusterLeaseManager:
[state-dump] ========== Node: 11e184b7641b47dd66e5366c42f7fe51cb28f4bab1ca7ef8847590e4 =================
[state-dump] Infeasible queue length: 0
[state-dump] Schedule queue length: 0
[state-dump] Grant queue length: 0
[state-dump] num_waiting_for_resource: 0
[state-dump] num_waiting_for_plasma_memory: 0
[state-dump] num_waiting_for_remote_node_resources: 0
[state-dump] num_worker_not_started_by_job_config_not_exist: 0
[state-dump] num_worker_not_started_by_registration_timeout: 0
[state-dump] num_tasks_waiting_for_workers: 0
[state-dump] num_cancelled_leases: 0
[state-dump] cluster_resource_scheduler state: 
[state-dump] Local id: 1457234449467745066 Local resources: {"total":{object_store_memory: [200817303550000], node:__internal_head__: [10000], memory: [468573708290000], CPU: [1920000], node:172.16.254.232: [10000]}}, "available": {memory: [468573708290000], CPU: [1920000], node:172.16.254.232: [10000], object_store_memory: [200817303550000], node:__internal_head__: [10000]}}, "labels":{"ray.io/node-id":"11e184b7641b47dd66e5366c42f7fe51cb28f4bab1ca7ef8847590e4",} is_draining: 0 is_idle: 1 Cluster resources (at most 20 nodes are shown): node id: 1457234449467745066{"total":{node:172.16.254.232: 10000, node:__internal_head__: 10000, memory: 468573708290000, object_store_memory: 200817303550000, CPU: 1920000}}, "available": {node:172.16.254.232: 10000, node:__internal_head__: 10000, memory: 468573708290000, CPU: 1920000, object_store_memory: 200817303550000}}, "labels":{"ray.io/node-id":"11e184b7641b47dd66e5366c42f7fe51cb28f4bab1ca7ef8847590e4",}, "is_draining": 0, "draining_deadline_timestamp_ms": -1} { "placement group locations": [], "node to bundles": []}
[state-dump] Waiting leases size: 0
[state-dump] Number of granted lease arguments: 0
[state-dump] Number of pinned lease arguments: 0
[state-dump] Number of total spilled leases: 0
[state-dump] Number of spilled waiting leases: 0
[state-dump] Number of spilled unschedulable leases: 0
[state-dump] Resource usage {
[state-dump] }
[state-dump] Backlog Size per scheduling descriptor :{workerId: num backlogs}:
[state-dump] 
[state-dump] Granted leases by scheduling class:
[state-dump] ==================================================
[state-dump] 
[state-dump] ClusterResources:
[state-dump] LocalObjectManager:
[state-dump] - num pinned objects: 0
[state-dump] - pinned objects size: 0
[state-dump] - num objects pending restore: 0
[state-dump] - num objects pending spill: 0
[state-dump] - num bytes pending spill: 0
[state-dump] - num bytes currently spilled: 0
[state-dump] - cumulative spill requests: 0
[state-dump] - cumulative restore requests: 0
[state-dump] - spilled objects pending delete: 0
[state-dump] 
[state-dump] ObjectManager:
[state-dump] - num local objects: 0
[state-dump] - num unfulfilled push requests: 0
[state-dump] - num object pull requests: 0
[state-dump] - num chunks received total: 0
[state-dump] - num chunks received failed (all): 0
[state-dump] - num chunks received failed / cancelled: 0
[state-dump] - num chunks received failed / plasma error: 0
[state-dump] Event stats:
[state-dump] Global stats: 0 total (0 active)
[state-dump] Queueing time: mean = -nanms, max = -0.00ms, min = 9223372036854.78ms, total = 0.00ms
[state-dump] Execution time:  mean = -nanms, total = 0.00ms
[state-dump] Event stats:
[state-dump] PushManager:
[state-dump] - num pushes remaining: 0
[state-dump] - num chunks in flight: 0
[state-dump] - num chunks remaining: 0
[state-dump] - max chunks allowed: 409
[state-dump] OwnershipBasedObjectDirectory:
[state-dump] - num listeners: 0
[state-dump] - cumulative location updates: 0
[state-dump] - num location updates per second: 0.000
[state-dump] - num location lookups per second: 0.000
[state-dump] - num locations added per second: 0.000
[state-dump] - num locations removed per second: 0.000
[state-dump] BufferPool:
[state-dump] - create buffer state map size: 0
[state-dump] PullManager:
[state-dump] - num bytes available for pulled objects: 20081730355
[state-dump] - num bytes being pulled (all): 0
[state-dump] - num bytes being pulled / pinned: 0
[state-dump] - get request bundles: BundlePullRequestQueue{0 total, 0 active, 0 inactive, 0 unpullable}
[state-dump] - wait request bundles: BundlePullRequestQueue{0 total, 0 active, 0 inactive, 0 unpullable}
[state-dump] - task request bundles: BundlePullRequestQueue{0 total, 0 active, 0 inactive, 0 unpullable}
[state-dump] - first get request bundle: N/A
[state-dump] - first wait request bundle: N/A
[state-dump] - first task request bundle: N/A
[state-dump] - num objects queued: 0
[state-dump] - num objects actively pulled (all): 0
[state-dump] - num objects actively pulled / pinned: 0
[state-dump] - num bundles being pulled: 0
[state-dump] - num pull retries: 0
[state-dump] - max timeout seconds: 0
[state-dump] - max timeout request is already processed. No entry.
[state-dump] 
[state-dump] WorkerPool:
[state-dump] - registered jobs: 1
[state-dump] - process_failed_job_config_missing: 0
[state-dump] - process_failed_rate_limited: 0
[state-dump] - process_failed_pending_registration: 192
[state-dump] - process_failed_runtime_env_setup_failed: 0
[state-dump] - num JAVA workers: 0
[state-dump] - num JAVA drivers: 0
[state-dump] - num JAVA pending start requests: 0
[state-dump] - num JAVA pending registration requests: 0
[state-dump] - num object spill callbacks queued: 0
[state-dump] - num object restore queued: 0
[state-dump] - num util functions queued: 0
[state-dump] - num PYTHON workers: 0
[state-dump] - num PYTHON drivers: 1
[state-dump] - num PYTHON pending start requests: 0
[state-dump] - num PYTHON pending registration requests: 0
[state-dump] - num object spill callbacks queued: 0
[state-dump] - num object restore queued: 0
[state-dump] - num util functions queued: 0
[state-dump] - num idle workers: 0
[state-dump] LeaseDependencyManager:
[state-dump] - lease deps map size: 0
[state-dump] - get req map size: 0
[state-dump] - wait req map size: 0
[state-dump] - local objects map size: 0
[state-dump] WaitManager:
[state-dump] - num active wait requests: 0
[state-dump] Subscriber:
[state-dump] Channel WORKER_OBJECT_LOCATIONS_CHANNEL
[state-dump] - cumulative subscribe requests: 0
[state-dump] - cumulative unsubscribe requests: 0
[state-dump] - active subscribed publishers: 0
[state-dump] - cumulative published messages: 0
[state-dump] - cumulative processed messages: 0
[state-dump] Channel WORKER_OBJECT_EVICTION
[state-dump] - cumulative subscribe requests: 0
[state-dump] - cumulative unsubscribe requests: 0
[state-dump] - active subscribed publishers: 0
[state-dump] - cumulative published messages: 0
[state-dump] - cumulative processed messages: 0
[state-dump] Channel WORKER_REF_REMOVED_CHANNEL
[state-dump] - cumulative subscribe requests: 0
[state-dump] - cumulative unsubscribe requests: 0
[state-dump] - active subscribed publishers: 0
[state-dump] - cumulative published messages: 0
[state-dump] - cumulative processed messages: 0
[state-dump] num async plasma notifications: 0
[state-dump] Event stats:
[state-dump] Global stats: 101202 total (16 active)
[state-dump] Queueing time: mean = 1.06ms, max = 3643.96ms, min = -95.24ms, total = 106809.24ms
[state-dump] Execution time:  mean = 18.05ms, total = 1826637.80ms
[state-dump] Event stats:
[state-dump] 	NodeManager.CheckGC - 22062 total (1 active), Execution time: mean = 0.01ms, total = 138.63ms, Queueing time: mean = 0.63ms, max = 3444.74ms, min = -95.24ms, total = 13912.52ms
[state-dump] 	RaySyncer.OnDemandBroadcasting - 22062 total (1 active), Execution time: mean = 0.01ms, total = 167.87ms, Queueing time: mean = 0.63ms, max = 3444.73ms, min = -0.02ms, total = 13886.04ms
[state-dump] 	ObjectManager.UpdateAvailableMemory - 22061 total (0 active), Execution time: mean = 0.00ms, total = 32.13ms, Queueing time: mean = 0.09ms, max = 100.68ms, min = 0.00ms, total = 1998.69ms
[state-dump] 	RayletWorkerPool.deadline_timer.kill_idle_workers - 11061 total (1 active), Execution time: mean = 0.00ms, total = 38.77ms, Queueing time: mean = 0.73ms, max = 3350.40ms, min = -0.03ms, total = 8042.20ms
[state-dump] 	MemoryMonitor.CheckIsMemoryUsageAboveThreshold - 8736 total (1 active), Execution time: mean = 3.01ms, total = 26325.97ms, Queueing time: mean = 1.14ms, max = 3291.29ms, min = -0.02ms, total = 9996.41ms
[state-dump] 	NodeManagerService.grpc_server.GetResourceLoad - 2219 total (0 active), Execution time: mean = 4.44ms, total = 9859.12ms, Queueing time: mean = 0.00ms, max = -0.00ms, min = 9223372036854.78ms, total = 0.00ms
[state-dump] 	NodeManagerService.grpc_server.GetResourceLoad.HandleRequestImpl - 2219 total (0 active), Execution time: mean = 0.12ms, total = 275.38ms, Queueing time: mean = 3.59ms, max = 3203.58ms, min = 0.01ms, total = 7966.26ms
[state-dump] 	NodeManager.deadline_timer.flush_free_objects - 2217 total (1 active), Execution time: mean = 0.00ms, total = 7.09ms, Queueing time: mean = 1.72ms, max = 2642.08ms, min = 0.00ms, total = 3815.79ms
[state-dump] 	NodeManager.CheckForUnexpectedWorkerDisconnects - 2217 total (1 active), Execution time: mean = 0.05ms, total = 110.50ms, Queueing time: mean = 1.68ms, max = 2644.57ms, min = -0.01ms, total = 3715.55ms
[state-dump] 	NodeManager.ScheduleAndGrantLeases - 2217 total (1 active), Execution time: mean = 0.01ms, total = 18.89ms, Queueing time: mean = 1.72ms, max = 2644.57ms, min = 0.00ms, total = 3807.48ms
[state-dump] 	NodeManager.deadline_timer.spill_objects_when_over_threshold - 2217 total (1 active), Execution time: mean = 0.00ms, total = 5.21ms, Queueing time: mean = 1.72ms, max = 2642.10ms, min = 0.00ms, total = 3817.78ms
[state-dump] 	ClusterResourceManager.ResetRemoteNodeView - 740 total (1 active), Execution time: mean = 0.00ms, total = 2.61ms, Queueing time: mean = 2.52ms, max = 1645.70ms, min = 0.01ms, total = 1865.52ms
[state-dump] 	NodeManager.deadline_timer.record_metrics - 444 total (1 active), Execution time: mean = 0.47ms, total = 208.37ms, Queueing time: mean = 1.02ms, max = 99.31ms, min = -0.00ms, total = 451.91ms
[state-dump] 	event_loop_lag_probe - 223 total (0 active), Execution time: mean = 0.01ms, total = 3.27ms, Queueing time: mean = 0.06ms, max = 6.45ms, min = 0.00ms, total = 13.36ms
[state-dump] 	NodeManager.deadline_timer.debug_state_dump - 222 total (1 active), Execution time: mean = 1.61ms, total = 357.79ms, Queueing time: mean = 0.70ms, max = 96.66ms, min = 0.01ms, total = 155.56ms
[state-dump] 	NodeManager.GcsCheckAlive - 37 total (1 active), Execution time: mean = 0.24ms, total = 8.83ms, Queueing time: mean = 3.95ms, max = 98.32ms, min = 0.40ms, total = 146.12ms
[state-dump] 	ray::rpc::NodeInfoGcsService.grpc_client.CheckAlive - 37 total (0 active), Execution time: mean = 2.08ms, total = 76.81ms, Queueing time: mean = 0.00ms, max = -0.00ms, min = 9223372036854.78ms, total = 0.00ms
[state-dump] 	NodeManager.deadline_timer.print_event_loop_stats - 37 total (1 active, 1 running), Execution time: mean = 1.53ms, total = 56.45ms, Queueing time: mean = 2.66ms, max = 97.85ms, min = 0.01ms, total = 98.49ms
[state-dump] 	ray::rpc::NodeInfoGcsService.grpc_client.CheckAlive.OnReplyReceived - 37 total (0 active), Execution time: mean = 0.04ms, total = 1.51ms, Queueing time: mean = 0.03ms, max = 0.14ms, min = 0.01ms, total = 0.94ms
[state-dump] 	ReporterService.grpc_client.HealthCheck.OnReplyReceived - 31 total (0 active), Execution time: mean = 0.12ms, total = 3.62ms, Queueing time: mean = 0.17ms, max = 1.08ms, min = 0.01ms, total = 5.28ms
[state-dump] 	ReporterService.grpc_client.HealthCheck - 31 total (0 active), Execution time: mean = 19.15ms, total = 593.71ms, Queueing time: mean = 0.00ms, max = -0.00ms, min = 9223372036854.78ms, total = 0.00ms
[state-dump] 	MetricsAgentClient.WaitForServerReadyWithRetry - 30 total (0 active), Execution time: mean = 0.31ms, total = 9.18ms, Queueing time: mean = 1101.58ms, max = 3643.96ms, min = 1000.02ms, total = 33047.26ms
[state-dump] 	PeriodicalRunner.RunFnPeriodically - 14 total (0 active), Execution time: mean = 0.23ms, total = 3.29ms, Queueing time: mean = 4.55ms, max = 12.98ms, min = 0.09ms, total = 63.65ms
[state-dump] 	ray::rpc::InternalPubSubGcsService.grpc_client.GcsSubscriberPoll - 4 total (1 active), Execution time: mean = 446190.25ms, total = 1784761.02ms, Queueing time: mean = 0.00ms, max = -0.00ms, min = 9223372036854.78ms, total = 0.00ms
[state-dump] 	NodeManager.GCTaskFailureReason - 3 total (1 active), Execution time: mean = 0.00ms, total = 0.01ms, Queueing time: mean = 0.01ms, max = 0.02ms, min = 0.02ms, total = 0.04ms
[state-dump] 	ray::rpc::InternalPubSubGcsService.grpc_client.GcsSubscriberPoll.OnReplyReceived - 3 total (0 active), Execution time: mean = 0.34ms, total = 1.03ms, Queueing time: mean = 0.03ms, max = 0.03ms, min = 0.02ms, total = 0.08ms
[state-dump] 	RaySyncerRegister - 2 total (0 active), Execution time: mean = 0.00ms, total = 0.01ms, Queueing time: mean = 0.00ms, max = 0.00ms, min = 0.00ms, total = 0.00ms
[state-dump] 	ray::rpc::InternalPubSubGcsService.grpc_client.GcsSubscriberCommandBatch - 2 total (0 active), Execution time: mean = 0.92ms, total = 1.84ms, Queueing time: mean = 0.00ms, max = -0.00ms, min = 9223372036854.78ms, total = 0.00ms
[state-dump] 	ray::rpc::InternalPubSubGcsService.grpc_client.GcsSubscriberCommandBatch.OnReplyReceived - 2 total (0 active), Execution time: mean = 0.10ms, total = 0.20ms, Queueing time: mean = 1.08ms, max = 2.01ms, min = 0.15ms, total = 2.16ms
[state-dump] 	ClientConnection.async_read.ProcessMessageHeader - 2 total (1 active), Execution time: mean = 0.00ms, total = 0.01ms, Queueing time: mean = 0.01ms, max = 0.02ms, min = 0.02ms, total = 0.02ms
[state-dump] 	ray::rpc::InternalKVGcsService.grpc_client.GetInternalConfig.OnReplyReceived - 1 total (0 active), Execution time: mean = 24.53ms, total = 24.53ms, Queueing time: mean = 0.03ms, max = 0.03ms, min = 0.03ms, total = 0.03ms
[state-dump] 	ray::rpc::InternalKVGcsService.grpc_client.GetInternalConfig - 1 total (0 active), Execution time: mean = 1.38ms, total = 1.38ms, Queueing time: mean = 0.00ms, max = -0.00ms, min = 9223372036854.78ms, total = 0.00ms
[state-dump] 	ray::rpc::NodeInfoGcsService.grpc_client.GetAllNodeAddressAndLiveness.OnReplyReceived - 1 total (0 active), Execution time: mean = 0.15ms, total = 0.15ms, Queueing time: mean = 0.01ms, max = 0.01ms, min = 0.01ms, total = 0.01ms
[state-dump] 	NodeManagerService.grpc_server.GetSystemConfig.HandleRequestImpl - 1 total (0 active), Execution time: mean = 0.09ms, total = 0.09ms, Queueing time: mean = 0.02ms, max = 0.02ms, min = 0.02ms, total = 0.02ms
[state-dump] 	ray::rpc::NodeInfoGcsService.grpc_client.RegisterNode - 1 total (0 active), Execution time: mean = 1.29ms, total = 1.29ms, Queueing time: mean = 0.00ms, max = -0.00ms, min = 9223372036854.78ms, total = 0.00ms
[state-dump] 	ClientConnection.async_read.ProcessMessage - 1 total (0 active), Execution time: mean = 3538.24ms, total = 3538.24ms, Queueing time: mean = 0.01ms, max = 0.01ms, min = 0.01ms, total = 0.01ms
[state-dump] 	ray::rpc::NodeInfoGcsService.grpc_client.RegisterNode.OnReplyReceived - 1 total (0 active), Execution time: mean = 0.68ms, total = 0.68ms, Queueing time: mean = 0.05ms, max = 0.05ms, min = 0.05ms, total = 0.05ms
[state-dump] 	NodeManagerService.grpc_server.GetSystemConfig - 1 total (0 active), Execution time: mean = 0.65ms, total = 0.65ms, Queueing time: mean = 0.00ms, max = -0.00ms, min = 9223372036854.78ms, total = 0.00ms
[state-dump] 	ray::rpc::JobInfoGcsService.grpc_client.GetAllJobInfo - 1 total (0 active), Execution time: mean = 0.76ms, total = 0.76ms, Queueing time: mean = 0.00ms, max = -0.00ms, min = 9223372036854.78ms, total = 0.00ms
[state-dump] 	ray::rpc::JobInfoGcsService.grpc_client.GetAllJobInfo.OnReplyReceived - 1 total (0 active), Execution time: mean = 0.03ms, total = 0.03ms, Queueing time: mean = 0.01ms, max = 0.01ms, min = 0.01ms, total = 0.01ms
[state-dump] 	 - 1 total (0 active), Execution time: mean = 0.00ms, total = 0.00ms, Queueing time: mean = 0.02ms, max = 0.02ms, min = 0.02ms, total = 0.02ms
[state-dump] 	RaySyncer.BroadcastMessage - 1 total (0 active), Execution time: mean = 0.09ms, total = 0.09ms, Queueing time: mean = 0.00ms, max = 0.00ms, min = 0.00ms, total = 0.00ms
[state-dump] 	ray::rpc::NodeInfoGcsService.grpc_client.GetAllNodeAddressAndLiveness - 1 total (0 active), Execution time: mean = 0.85ms, total = 0.85ms, Queueing time: mean = 0.00ms, max = -0.00ms, min = 9223372036854.78ms, total = 0.00ms
[state-dump] DebugString() time ms: 1
[state-dump] 
[state-dump] 
[2026-06-04 23:06:24,131 I 859 892] (raylet) store.cc:573: Plasma store debug dump: 
Current usage: 0 / 20.0817 GB
- num bytes created total: 0
0 pending objects of total size 0MB
- objects spillable: 0
- bytes spillable: 0
- objects unsealed: 0
- bytes unsealed: 0
- objects in use: 0
- bytes in use: 0
- objects evictable: 0
- bytes evictable: 0

- objects created by worker: 0
- bytes created by worker: 0
- objects restored: 0
- bytes restored: 0
- objects received: 0
- bytes received: 0
- objects errored: 0
- bytes errored: 0

[2026-06-04 23:06:24,307 I 859 859] (raylet) node_manager.cc:424: [state-dump] NodeManager:
[state-dump] Node ID: 11e184b7641b47dd66e5366c42f7fe51cb28f4bab1ca7ef8847590e4
[state-dump] Node name: 172.16.254.232
[state-dump] InitialConfigResources: {node:__internal_head__: 1, CPU: 192, node:172.16.254.232: 1, object_store_memory: 2.00817e+10, memory: 4.68574e+10}
[state-dump] ClusterLeaseManager:
[state-dump] ========== Node: 11e184b7641b47dd66e5366c42f7fe51cb28f4bab1ca7ef8847590e4 =================
[state-dump] Infeasible queue length: 0
[state-dump] Schedule queue length: 0
[state-dump] Grant queue length: 0
[state-dump] num_waiting_for_resource: 0
[state-dump] num_waiting_for_plasma_memory: 0
[state-dump] num_waiting_for_remote_node_resources: 0
[state-dump] num_worker_not_started_by_job_config_not_exist: 0
[state-dump] num_worker_not_started_by_registration_timeout: 0
[state-dump] num_tasks_waiting_for_workers: 0
[state-dump] num_cancelled_leases: 0
[state-dump] cluster_resource_scheduler state: 
[state-dump] Local id: 1457234449467745066 Local resources: {"total":{object_store_memory: [200817303550000], node:__internal_head__: [10000], memory: [468573708290000], CPU: [1920000], node:172.16.254.232: [10000]}}, "available": {memory: [468573708290000], CPU: [1920000], node:172.16.254.232: [10000], object_store_memory: [200817303550000], node:__internal_head__: [10000]}}, "labels":{"ray.io/node-id":"11e184b7641b47dd66e5366c42f7fe51cb28f4bab1ca7ef8847590e4",} is_draining: 0 is_idle: 1 Cluster resources (at most 20 nodes are shown): node id: 1457234449467745066{"total":{node:172.16.254.232: 10000, node:__internal_head__: 10000, memory: 468573708290000, object_store_memory: 200817303550000, CPU: 1920000}}, "available": {node:172.16.254.232: 10000, node:__internal_head__: 10000, memory: 468573708290000, CPU: 1920000, object_store_memory: 200817303550000}}, "labels":{"ray.io/node-id":"11e184b7641b47dd66e5366c42f7fe51cb28f4bab1ca7ef8847590e4",}, "is_draining": 0, "draining_deadline_timestamp_ms": -1} { "placement group locations": [], "node to bundles": []}
[state-dump] Waiting leases size: 0
[state-dump] Number of granted lease arguments: 0
[state-dump] Number of pinned lease arguments: 0
[state-dump] Number of total spilled leases: 0
[state-dump] Number of spilled waiting leases: 0
[state-dump] Number of spilled unschedulable leases: 0
[state-dump] Resource usage {
[state-dump] }
[state-dump] Backlog Size per scheduling descriptor :{workerId: num backlogs}:
[state-dump] 
[state-dump] Granted leases by scheduling class:
[state-dump] ==================================================
[state-dump] 
[state-dump] ClusterResources:
[state-dump] LocalObjectManager:
[state-dump] - num pinned objects: 0
[state-dump] - pinned objects size: 0
[state-dump] - num objects pending restore: 0
[state-dump] - num objects pending spill: 0
[state-dump] - num bytes pending spill: 0
[state-dump] - num bytes currently spilled: 0
[state-dump] - cumulative spill requests: 0
[state-dump] - cumulative restore requests: 0
[state-dump] - spilled objects pending delete: 0
[state-dump] 
[state-dump] ObjectManager:
[state-dump] - num local objects: 0
[state-dump] - num unfulfilled push requests: 0
[state-dump] - num object pull requests: 0
[state-dump] - num chunks received total: 0
[state-dump] - num chunks received failed (all): 0
[state-dump] - num chunks received failed / cancelled: 0
[state-dump] - num chunks received failed / plasma error: 0
[state-dump] Event stats:
[state-dump] Global stats: 0 total (0 active)
[state-dump] Queueing time: mean = -nanms, max = -0.00ms, min = 9223372036854.78ms, total = 0.00ms
[state-dump] Execution time:  mean = -nanms, total = 0.00ms
[state-dump] Event stats:
[state-dump] PushManager:
[state-dump] - num pushes remaining: 0
[state-dump] - num chunks in flight: 0
[state-dump] - num chunks remaining: 0
[state-dump] - max chunks allowed: 409
[state-dump] OwnershipBasedObjectDirectory:
[state-dump] - num listeners: 0
[state-dump] - cumulative location updates: 0
[state-dump] - num location updates per second: 0.000
[state-dump] - num location lookups per second: 0.000
[state-dump] - num locations added per second: 0.000
[state-dump] - num locations removed per second: 0.000
[state-dump] BufferPool:
[state-dump] - create buffer state map size: 0
[state-dump] PullManager:
[state-dump] - num bytes available for pulled objects: 20081730355
[state-dump] - num bytes being pulled (all): 0
[state-dump] - num bytes being pulled / pinned: 0
[state-dump] - get request bundles: BundlePullRequestQueue{0 total, 0 active, 0 inactive, 0 unpullable}
[state-dump] - wait request bundles: BundlePullRequestQueue{0 total, 0 active, 0 inactive, 0 unpullable}
[state-dump] - task request bundles: BundlePullRequestQueue{0 total, 0 active, 0 inactive, 0 unpullable}
[state-dump] - first get request bundle: N/A
[state-dump] - first wait request bundle: N/A
[state-dump] - first task request bundle: N/A
[state-dump] - num objects queued: 0
[state-dump] - num objects actively pulled (all): 0
[state-dump] - num objects actively pulled / pinned: 0
[state-dump] - num bundles being pulled: 0
[state-dump] - num pull retries: 0
[state-dump] - max timeout seconds: 0
[state-dump] - max timeout request is already processed. No entry.
[state-dump] 
[state-dump] WorkerPool:
[state-dump] - registered jobs: 1
[state-dump] - process_failed_job_config_missing: 0
[state-dump] - process_failed_rate_limited: 0
[state-dump] - process_failed_pending_registration: 192
[state-dump] - process_failed_runtime_env_setup_failed: 0
[state-dump] - num JAVA workers: 0
[state-dump] - num JAVA drivers: 0
[state-dump] - num JAVA pending start requests: 0
[state-dump] - num JAVA pending registration requests: 0
[state-dump] - num object spill callbacks queued: 0
[state-dump] - num object restore queued: 0
[state-dump] - num util functions queued: 0
[state-dump] - num PYTHON workers: 0
[state-dump] - num PYTHON drivers: 1
[state-dump] - num PYTHON pending start requests: 0
[state-dump] - num PYTHON pending registration requests: 0
[state-dump] - num object spill callbacks queued: 0
[state-dump] - num object restore queued: 0
[state-dump] - num util functions queued: 0
[state-dump] - num idle workers: 0
[state-dump] LeaseDependencyManager:
[state-dump] - lease deps map size: 0
[state-dump] - get req map size: 0
[state-dump] - wait req map size: 0
[state-dump] - local objects map size: 0
[state-dump] WaitManager:
[state-dump] - num active wait requests: 0
[state-dump] Subscriber:
[state-dump] Channel WORKER_OBJECT_LOCATIONS_CHANNEL
[state-dump] - cumulative subscribe requests: 0
[state-dump] - cumulative unsubscribe requests: 0
[state-dump] - active subscribed publishers: 0
[state-dump] - cumulative published messages: 0
[state-dump] - cumulative processed messages: 0
[state-dump] Channel WORKER_OBJECT_EVICTION
[state-dump] - cumulative subscribe requests: 0
[state-dump] - cumulative unsubscribe requests: 0
[state-dump] - active subscribed publishers: 0
[state-dump] - cumulative published messages: 0
[state-dump] - cumulative processed messages: 0
[state-dump] Channel WORKER_REF_REMOVED_CHANNEL
[state-dump] - cumulative subscribe requests: 0
[state-dump] - cumulative unsubscribe requests: 0
[state-dump] - active subscribed publishers: 0
[state-dump] - cumulative published messages: 0
[state-dump] - cumulative processed messages: 0
[state-dump] num async plasma notifications: 0
[state-dump] Event stats:
[state-dump] Global stats: 103941 total (16 active)
[state-dump] Queueing time: mean = 1.03ms, max = 3643.96ms, min = -95.24ms, total = 107057.12ms
[state-dump] Execution time:  mean = 17.58ms, total = 1827305.71ms
[state-dump] Event stats:
[state-dump] 	NodeManager.CheckGC - 22661 total (1 active), Execution time: mean = 0.01ms, total = 139.87ms, Queueing time: mean = 0.62ms, max = 3444.74ms, min = -95.24ms, total = 13958.10ms
[state-dump] 	RaySyncer.OnDemandBroadcasting - 22661 total (1 active), Execution time: mean = 0.01ms, total = 170.15ms, Queueing time: mean = 0.61ms, max = 3444.73ms, min = -0.02ms, total = 13930.71ms
[state-dump] 	ObjectManager.UpdateAvailableMemory - 22660 total (0 active), Execution time: mean = 0.00ms, total = 33.24ms, Queueing time: mean = 0.09ms, max = 100.68ms, min = 0.00ms, total = 2008.70ms
[state-dump] 	RayletWorkerPool.deadline_timer.kill_idle_workers - 11360 total (1 active), Execution time: mean = 0.00ms, total = 40.04ms, Queueing time: mean = 0.72ms, max = 3350.40ms, min = -0.03ms, total = 8139.87ms
[state-dump] 	MemoryMonitor.CheckIsMemoryUsageAboveThreshold - 8973 total (1 active), Execution time: mean = 3.00ms, total = 26927.83ms, Queueing time: mean = 1.12ms, max = 3291.29ms, min = -0.02ms, total = 10026.33ms
[state-dump] 	NodeManagerService.grpc_server.GetResourceLoad - 2278 total (0 active), Execution time: mean = 4.34ms, total = 9892.83ms, Queueing time: mean = 0.00ms, max = -0.00ms, min = 9223372036854.78ms, total = 0.00ms
[state-dump] 	NodeManagerService.grpc_server.GetResourceLoad.HandleRequestImpl - 2278 total (0 active), Execution time: mean = 0.12ms, total = 283.09ms, Queueing time: mean = 3.50ms, max = 3203.58ms, min = 0.01ms, total = 7971.15ms
[state-dump] 	NodeManager.deadline_timer.flush_free_objects - 2277 total (1 active), Execution time: mean = 0.00ms, total = 7.29ms, Queueing time: mean = 1.68ms, max = 2642.08ms, min = 0.00ms, total = 3819.09ms
[state-dump] 	NodeManager.CheckForUnexpectedWorkerDisconnects - 2277 total (1 active), Execution time: mean = 0.05ms, total = 111.02ms, Queueing time: mean = 1.63ms, max = 2644.57ms, min = -0.01ms, total = 3718.54ms
[state-dump] 	NodeManager.ScheduleAndGrantLeases - 2277 total (1 active), Execution time: mean = 0.01ms, total = 19.42ms, Queueing time: mean = 1.67ms, max = 2644.57ms, min = 0.00ms, total = 3810.45ms
[state-dump] 	NodeManager.deadline_timer.spill_objects_when_over_threshold - 2277 total (1 active), Execution time: mean = 0.00ms, total = 5.36ms, Queueing time: mean = 1.68ms, max = 2642.10ms, min = 0.00ms, total = 3821.13ms
[state-dump] 	ClusterResourceManager.ResetRemoteNodeView - 760 total (1 active), Execution time: mean = 0.00ms, total = 2.69ms, Queueing time: mean = 2.46ms, max = 1645.70ms, min = 0.01ms, total = 1865.96ms
[state-dump] 	NodeManager.deadline_timer.record_metrics - 456 total (1 active), Execution time: mean = 0.47ms, total = 214.40ms, Queueing time: mean = 0.99ms, max = 99.31ms, min = -0.00ms, total = 452.17ms
[state-dump] 	event_loop_lag_probe - 229 total (0 active), Execution time: mean = 0.01ms, total = 3.35ms, Queueing time: mean = 0.06ms, max = 6.45ms, min = 0.00ms, total = 13.40ms
[state-dump] 	NodeManager.deadline_timer.debug_state_dump - 228 total (1 active), Execution time: mean = 1.60ms, total = 365.86ms, Queueing time: mean = 0.68ms, max = 96.66ms, min = 0.01ms, total = 155.70ms
[state-dump] 	NodeManager.GcsCheckAlive - 38 total (1 active), Execution time: mean = 0.24ms, total = 9.12ms, Queueing time: mean = 3.89ms, max = 98.32ms, min = 0.40ms, total = 147.73ms
[state-dump] 	ray::rpc::NodeInfoGcsService.grpc_client.CheckAlive - 38 total (0 active), Execution time: mean = 2.05ms, total = 77.79ms, Queueing time: mean = 0.00ms, max = -0.00ms, min = 9223372036854.78ms, total = 0.00ms
[state-dump] 	NodeManager.deadline_timer.print_event_loop_stats - 38 total (1 active, 1 running), Execution time: mean = 1.53ms, total = 58.20ms, Queueing time: mean = 2.59ms, max = 97.85ms, min = 0.01ms, total = 98.51ms
[state-dump] 	ray::rpc::NodeInfoGcsService.grpc_client.CheckAlive.OnReplyReceived - 38 total (0 active), Execution time: mean = 0.04ms, total = 1.54ms, Queueing time: mean = 0.03ms, max = 0.14ms, min = 0.01ms, total = 0.96ms
[state-dump] 	ReporterService.grpc_client.HealthCheck.OnReplyReceived - 31 total (0 active), Execution time: mean = 0.12ms, total = 3.62ms, Queueing time: mean = 0.17ms, max = 1.08ms, min = 0.01ms, total = 5.28ms
[state-dump] 	ReporterService.grpc_client.HealthCheck - 31 total (0 active), Execution time: mean = 19.15ms, total = 593.71ms, Queueing time: mean = 0.00ms, max = -0.00ms, min = 9223372036854.78ms, total = 0.00ms
[state-dump] 	MetricsAgentClient.WaitForServerReadyWithRetry - 30 total (0 active), Execution time: mean = 0.31ms, total = 9.18ms, Queueing time: mean = 1101.58ms, max = 3643.96ms, min = 1000.02ms, total = 33047.26ms
[state-dump] 	PeriodicalRunner.RunFnPeriodically - 14 total (0 active), Execution time: mean = 0.23ms, total = 3.29ms, Queueing time: mean = 4.55ms, max = 12.98ms, min = 0.09ms, total = 63.65ms
[state-dump] 	ray::rpc::InternalPubSubGcsService.grpc_client.GcsSubscriberPoll - 4 total (1 active), Execution time: mean = 446190.25ms, total = 1784761.02ms, Queueing time: mean = 0.00ms, max = -0.00ms, min = 9223372036854.78ms, total = 0.00ms
[state-dump] 	NodeManager.GCTaskFailureReason - 3 total (1 active), Execution time: mean = 0.00ms, total = 0.01ms, Queueing time: mean = 0.01ms, max = 0.02ms, min = 0.02ms, total = 0.04ms
[state-dump] 	ray::rpc::InternalPubSubGcsService.grpc_client.GcsSubscriberPoll.OnReplyReceived - 3 total (0 active), Execution time: mean = 0.34ms, total = 1.03ms, Queueing time: mean = 0.03ms, max = 0.03ms, min = 0.02ms, total = 0.08ms
[state-dump] 	RaySyncerRegister - 2 total (0 active), Execution time: mean = 0.00ms, total = 0.01ms, Queueing time: mean = 0.00ms, max = 0.00ms, min = 0.00ms, total = 0.00ms
[state-dump] 	ray::rpc::InternalPubSubGcsService.grpc_client.GcsSubscriberCommandBatch - 2 total (0 active), Execution time: mean = 0.92ms, total = 1.84ms, Queueing time: mean = 0.00ms, max = -0.00ms, min = 9223372036854.78ms, total = 0.00ms
[state-dump] 	ray::rpc::InternalPubSubGcsService.grpc_client.GcsSubscriberCommandBatch.OnReplyReceived - 2 total (0 active), Execution time: mean = 0.10ms, total = 0.20ms, Queueing time: mean = 1.08ms, max = 2.01ms, min = 0.15ms, total = 2.16ms
[state-dump] 	ClientConnection.async_read.ProcessMessageHeader - 2 total (1 active), Execution time: mean = 0.00ms, total = 0.01ms, Queueing time: mean = 0.01ms, max = 0.02ms, min = 0.02ms, total = 0.02ms
[state-dump] 	ray::rpc::InternalKVGcsService.grpc_client.GetInternalConfig.OnReplyReceived - 1 total (0 active), Execution time: mean = 24.53ms, total = 24.53ms, Queueing time: mean = 0.03ms, max = 0.03ms, min = 0.03ms, total = 0.03ms
[state-dump] 	ray::rpc::InternalKVGcsService.grpc_client.GetInternalConfig - 1 total (0 active), Execution time: mean = 1.38ms, total = 1.38ms, Queueing time: mean = 0.00ms, max = -0.00ms, min = 9223372036854.78ms, total = 0.00ms
[state-dump] 	ray::rpc::NodeInfoGcsService.grpc_client.GetAllNodeAddressAndLiveness.OnReplyReceived - 1 total (0 active), Execution time: mean = 0.15ms, total = 0.15ms, Queueing time: mean = 0.01ms, max = 0.01ms, min = 0.01ms, total = 0.01ms
[state-dump] 	NodeManagerService.grpc_server.GetSystemConfig.HandleRequestImpl - 1 total (0 active), Execution time: mean = 0.09ms, total = 0.09ms, Queueing time: mean = 0.02ms, max = 0.02ms, min = 0.02ms, total = 0.02ms
[state-dump] 	ray::rpc::NodeInfoGcsService.grpc_client.RegisterNode - 1 total (0 active), Execution time: mean = 1.29ms, total = 1.29ms, Queueing time: mean = 0.00ms, max = -0.00ms, min = 9223372036854.78ms, total = 0.00ms
[state-dump] 	ClientConnection.async_read.ProcessMessage - 1 total (0 active), Execution time: mean = 3538.24ms, total = 3538.24ms, Queueing time: mean = 0.01ms, max = 0.01ms, min = 0.01ms, total = 0.01ms
[state-dump] 	ray::rpc::NodeInfoGcsService.grpc_client.RegisterNode.OnReplyReceived - 1 total (0 active), Execution time: mean = 0.68ms, total = 0.68ms, Queueing time: mean = 0.05ms, max = 0.05ms, min = 0.05ms, total = 0.05ms
[state-dump] 	NodeManagerService.grpc_server.GetSystemConfig - 1 total (0 active), Execution time: mean = 0.65ms, total = 0.65ms, Queueing time: mean = 0.00ms, max = -0.00ms, min = 9223372036854.78ms, total = 0.00ms
[state-dump] 	ray::rpc::JobInfoGcsService.grpc_client.GetAllJobInfo - 1 total (0 active), Execution time: mean = 0.76ms, total = 0.76ms, Queueing time: mean = 0.00ms, max = -0.00ms, min = 9223372036854.78ms, total = 0.00ms
[state-dump] 	ray::rpc::JobInfoGcsService.grpc_client.GetAllJobInfo.OnReplyReceived - 1 total (0 active), Execution time: mean = 0.03ms, total = 0.03ms, Queueing time: mean = 0.01ms, max = 0.01ms, min = 0.01ms, total = 0.01ms
[state-dump] 	 - 1 total (0 active), Execution time: mean = 0.00ms, total = 0.00ms, Queueing time: mean = 0.02ms, max = 0.02ms, min = 0.02ms, total = 0.02ms
[state-dump] 	RaySyncer.BroadcastMessage - 1 total (0 active), Execution time: mean = 0.09ms, total = 0.09ms, Queueing time: mean = 0.00ms, max = 0.00ms, min = 0.00ms, total = 0.00ms
[state-dump] 	ray::rpc::NodeInfoGcsService.grpc_client.GetAllNodeAddressAndLiveness - 1 total (0 active), Execution time: mean = 0.85ms, total = 0.85ms, Queueing time: mean = 0.00ms, max = -0.00ms, min = 9223372036854.78ms, total = 0.00ms
[state-dump] DebugString() time ms: 1
[state-dump] 
[state-dump] 
[2026-06-04 23:07:24,131 I 859 892] (raylet) store.cc:573: Plasma store debug dump: 
Current usage: 0 / 20.0817 GB
- num bytes created total: 0
0 pending objects of total size 0MB
- objects spillable: 0
- bytes spillable: 0
- objects unsealed: 0
- bytes unsealed: 0
- objects in use: 0
- bytes in use: 0
- objects evictable: 0
- bytes evictable: 0

- objects created by worker: 0
- bytes created by worker: 0
- objects restored: 0
- bytes restored: 0
- objects received: 0
- bytes received: 0
- objects errored: 0
- bytes errored: 0

[2026-06-04 23:07:24,309 I 859 859] (raylet) node_manager.cc:424: [state-dump] NodeManager:
[state-dump] Node ID: 11e184b7641b47dd66e5366c42f7fe51cb28f4bab1ca7ef8847590e4
[state-dump] Node name: 172.16.254.232
[state-dump] InitialConfigResources: {node:__internal_head__: 1, CPU: 192, node:172.16.254.232: 1, object_store_memory: 2.00817e+10, memory: 4.68574e+10}
[state-dump] ClusterLeaseManager:
[state-dump] ========== Node: 11e184b7641b47dd66e5366c42f7fe51cb28f4bab1ca7ef8847590e4 =================
[state-dump] Infeasible queue length: 0
[state-dump] Schedule queue length: 0
[state-dump] Grant queue length: 0
[state-dump] num_waiting_for_resource: 0
[state-dump] num_waiting_for_plasma_memory: 0
[state-dump] num_waiting_for_remote_node_resources: 0
[state-dump] num_worker_not_started_by_job_config_not_exist: 0
[state-dump] num_worker_not_started_by_registration_timeout: 0
[state-dump] num_tasks_waiting_for_workers: 0
[state-dump] num_cancelled_leases: 0
[state-dump] cluster_resource_scheduler state: 
[state-dump] Local id: 1457234449467745066 Local resources: {"total":{object_store_memory: [200817303550000], node:__internal_head__: [10000], memory: [468573708290000], CPU: [1920000], node:172.16.254.232: [10000]}}, "available": {memory: [468573708290000], CPU: [1920000], node:172.16.254.232: [10000], object_store_memory: [200817303550000], node:__internal_head__: [10000]}}, "labels":{"ray.io/node-id":"11e184b7641b47dd66e5366c42f7fe51cb28f4bab1ca7ef8847590e4",} is_draining: 0 is_idle: 1 Cluster resources (at most 20 nodes are shown): node id: 1457234449467745066{"total":{node:172.16.254.232: 10000, node:__internal_head__: 10000, memory: 468573708290000, object_store_memory: 200817303550000, CPU: 1920000}}, "available": {node:172.16.254.232: 10000, node:__internal_head__: 10000, memory: 468573708290000, CPU: 1920000, object_store_memory: 200817303550000}}, "labels":{"ray.io/node-id":"11e184b7641b47dd66e5366c42f7fe51cb28f4bab1ca7ef8847590e4",}, "is_draining": 0, "draining_deadline_timestamp_ms": -1} { "placement group locations": [], "node to bundles": []}
[state-dump] Waiting leases size: 0
[state-dump] Number of granted lease arguments: 0
[state-dump] Number of pinned lease arguments: 0
[state-dump] Number of total spilled leases: 0
[state-dump] Number of spilled waiting leases: 0
[state-dump] Number of spilled unschedulable leases: 0
[state-dump] Resource usage {
[state-dump] }
[state-dump] Backlog Size per scheduling descriptor :{workerId: num backlogs}:
[state-dump] 
[state-dump] Granted leases by scheduling class:
[state-dump] ==================================================
[state-dump] 
[state-dump] ClusterResources:
[state-dump] LocalObjectManager:
[state-dump] - num pinned objects: 0
[state-dump] - pinned objects size: 0
[state-dump] - num objects pending restore: 0
[state-dump] - num objects pending spill: 0
[state-dump] - num bytes pending spill: 0
[state-dump] - num bytes currently spilled: 0
[state-dump] - cumulative spill requests: 0
[state-dump] - cumulative restore requests: 0
[state-dump] - spilled objects pending delete: 0
[state-dump] 
[state-dump] ObjectManager:
[state-dump] - num local objects: 0
[state-dump] - num unfulfilled push requests: 0
[state-dump] - num object pull requests: 0
[state-dump] - num chunks received total: 0
[state-dump] - num chunks received failed (all): 0
[state-dump] - num chunks received failed / cancelled: 0
[state-dump] - num chunks received failed / plasma error: 0
[state-dump] Event stats:
[state-dump] Global stats: 0 total (0 active)
[state-dump] Queueing time: mean = -nanms, max = -0.00ms, min = 9223372036854.78ms, total = 0.00ms
[state-dump] Execution time:  mean = -nanms, total = 0.00ms
[state-dump] Event stats:
[state-dump] PushManager:
[state-dump] - num pushes remaining: 0
[state-dump] - num chunks in flight: 0
[state-dump] - num chunks remaining: 0
[state-dump] - max chunks allowed: 409
[state-dump] OwnershipBasedObjectDirectory:
[state-dump] - num listeners: 0
[state-dump] - cumulative location updates: 0
[state-dump] - num location updates per second: 0.000
[state-dump] - num location lookups per second: 0.000
[state-dump] - num locations added per second: 0.000
[state-dump] - num locations removed per second: 0.000
[state-dump] BufferPool:
[state-dump] - create buffer state map size: 0
[state-dump] PullManager:
[state-dump] - num bytes available for pulled objects: 20081730355
[state-dump] - num bytes being pulled (all): 0
[state-dump] - num bytes being pulled / pinned: 0
[state-dump] - get request bundles: BundlePullRequestQueue{0 total, 0 active, 0 inactive, 0 unpullable}
[state-dump] - wait request bundles: BundlePullRequestQueue{0 total, 0 active, 0 inactive, 0 unpullable}
[state-dump] - task request bundles: BundlePullRequestQueue{0 total, 0 active, 0 inactive, 0 unpullable}
[state-dump] - first get request bundle: N/A
[state-dump] - first wait request bundle: N/A
[state-dump] - first task request bundle: N/A
[state-dump] - num objects queued: 0
[state-dump] - num objects actively pulled (all): 0
[state-dump] - num objects actively pulled / pinned: 0
[state-dump] - num bundles being pulled: 0
[state-dump] - num pull retries: 0
[state-dump] - max timeout seconds: 0
[state-dump] - max timeout request is already processed. No entry.
[state-dump] 
[state-dump] WorkerPool:
[state-dump] - registered jobs: 1
[state-dump] - process_failed_job_config_missing: 0
[state-dump] - process_failed_rate_limited: 0
[state-dump] - process_failed_pending_registration: 192
[state-dump] - process_failed_runtime_env_setup_failed: 0
[state-dump] - num JAVA workers: 0
[state-dump] - num JAVA drivers: 0
[state-dump] - num JAVA pending start requests: 0
[state-dump] - num JAVA pending registration requests: 0
[state-dump] - num object spill callbacks queued: 0
[state-dump] - num object restore queued: 0
[state-dump] - num util functions queued: 0
[state-dump] - num PYTHON workers: 0
[state-dump] - num PYTHON drivers: 1
[state-dump] - num PYTHON pending start requests: 0
[state-dump] - num PYTHON pending registration requests: 0
[state-dump] - num object spill callbacks queued: 0
[state-dump] - num object restore queued: 0
[state-dump] - num util functions queued: 0
[state-dump] - num idle workers: 0
[state-dump] LeaseDependencyManager:
[state-dump] - lease deps map size: 0
[state-dump] - get req map size: 0
[state-dump] - wait req map size: 0
[state-dump] - local objects map size: 0
[state-dump] WaitManager:
[state-dump] - num active wait requests: 0
[state-dump] Subscriber:
[state-dump] Channel WORKER_OBJECT_LOCATIONS_CHANNEL
[state-dump] - cumulative subscribe requests: 0
[state-dump] - cumulative unsubscribe requests: 0
[state-dump] - active subscribed publishers: 0
[state-dump] - cumulative published messages: 0
[state-dump] - cumulative processed messages: 0
[state-dump] Channel WORKER_OBJECT_EVICTION
[state-dump] - cumulative subscribe requests: 0
[state-dump] - cumulative unsubscribe requests: 0
[state-dump] - active subscribed publishers: 0
[state-dump] - cumulative published messages: 0
[state-dump] - cumulative processed messages: 0
[state-dump] Channel WORKER_REF_REMOVED_CHANNEL
[state-dump] - cumulative subscribe requests: 0
[state-dump] - cumulative unsubscribe requests: 0
[state-dump] - active subscribed publishers: 0
[state-dump] - cumulative published messages: 0
[state-dump] - cumulative processed messages: 0
[state-dump] num async plasma notifications: 0
[state-dump] Event stats:
[state-dump] Global stats: 106687 total (16 active)
[state-dump] Queueing time: mean = 1.00ms, max = 3643.96ms, min = -95.24ms, total = 107132.64ms
[state-dump] Execution time:  mean = 17.13ms, total = 1827883.68ms
[state-dump] Event stats:
[state-dump] 	NodeManager.CheckGC - 23261 total (1 active), Execution time: mean = 0.01ms, total = 140.95ms, Queueing time: mean = 0.60ms, max = 3444.74ms, min = -95.24ms, total = 13979.97ms
[state-dump] 	RaySyncer.OnDemandBroadcasting - 23261 total (1 active), Execution time: mean = 0.01ms, total = 171.98ms, Queueing time: mean = 0.60ms, max = 3444.73ms, min = -0.02ms, total = 13951.89ms
[state-dump] 	ObjectManager.UpdateAvailableMemory - 23260 total (0 active), Execution time: mean = 0.00ms, total = 34.02ms, Queueing time: mean = 0.09ms, max = 100.68ms, min = 0.00ms, total = 2017.34ms
[state-dump] 	RayletWorkerPool.deadline_timer.kill_idle_workers - 11660 total (1 active), Execution time: mean = 0.00ms, total = 41.16ms, Queueing time: mean = 0.70ms, max = 3350.40ms, min = -0.03ms, total = 8149.45ms
[state-dump] 	MemoryMonitor.CheckIsMemoryUsageAboveThreshold - 9211 total (1 active), Execution time: mean = 2.98ms, total = 27449.10ms, Queueing time: mean = 1.09ms, max = 3291.29ms, min = -0.02ms, total = 10030.98ms
[state-dump] 	NodeManagerService.grpc_server.GetResourceLoad - 2338 total (0 active), Execution time: mean = 4.24ms, total = 9920.16ms, Queueing time: mean = 0.00ms, max = -0.00ms, min = 9223372036854.78ms, total = 0.00ms
[state-dump] 	NodeManagerService.grpc_server.GetResourceLoad.HandleRequestImpl - 2338 total (0 active), Execution time: mean = 0.12ms, total = 290.09ms, Queueing time: mean = 3.41ms, max = 3203.58ms, min = 0.01ms, total = 7972.55ms
[state-dump] 	NodeManager.deadline_timer.flush_free_objects - 2337 total (1 active), Execution time: mean = 0.00ms, total = 7.47ms, Queueing time: mean = 1.63ms, max = 2642.08ms, min = 0.00ms, total = 3820.58ms
[state-dump] 	NodeManager.CheckForUnexpectedWorkerDisconnects - 2337 total (1 active), Execution time: mean = 0.05ms, total = 111.46ms, Queueing time: mean = 1.59ms, max = 2644.57ms, min = -0.01ms, total = 3719.77ms
[state-dump] 	NodeManager.ScheduleAndGrantLeases - 2337 total (1 active), Execution time: mean = 0.01ms, total = 19.91ms, Queueing time: mean = 1.63ms, max = 2644.57ms, min = 0.00ms, total = 3811.65ms
[state-dump] 	NodeManager.deadline_timer.spill_objects_when_over_threshold - 2337 total (1 active), Execution time: mean = 0.00ms, total = 5.49ms, Queueing time: mean = 1.64ms, max = 2642.10ms, min = 0.00ms, total = 3822.68ms
[state-dump] 	ClusterResourceManager.ResetRemoteNodeView - 780 total (1 active), Execution time: mean = 0.00ms, total = 2.76ms, Queueing time: mean = 2.39ms, max = 1645.70ms, min = 0.01ms, total = 1866.72ms
[state-dump] 	NodeManager.deadline_timer.record_metrics - 468 total (1 active), Execution time: mean = 0.47ms, total = 219.90ms, Queueing time: mean = 0.97ms, max = 99.31ms, min = -0.00ms, total = 452.40ms
[state-dump] 	event_loop_lag_probe - 235 total (0 active), Execution time: mean = 0.01ms, total = 3.44ms, Queueing time: mean = 0.06ms, max = 6.45ms, min = 0.00ms, total = 13.44ms
[state-dump] 	NodeManager.deadline_timer.debug_state_dump - 234 total (1 active), Execution time: mean = 1.60ms, total = 373.37ms, Queueing time: mean = 0.67ms, max = 96.66ms, min = 0.01ms, total = 155.81ms
[state-dump] 	NodeManager.GcsCheckAlive - 39 total (1 active), Execution time: mean = 0.24ms, total = 9.36ms, Queueing time: mean = 3.83ms, max = 98.32ms, min = 0.40ms, total = 149.25ms
[state-dump] 	ray::rpc::NodeInfoGcsService.grpc_client.CheckAlive - 39 total (0 active), Execution time: mean = 2.02ms, total = 78.89ms, Queueing time: mean = 0.00ms, max = -0.00ms, min = 9223372036854.78ms, total = 0.00ms
[state-dump] 	NodeManager.deadline_timer.print_event_loop_stats - 39 total (1 active, 1 running), Execution time: mean = 1.54ms, total = 59.99ms, Queueing time: mean = 2.53ms, max = 97.85ms, min = 0.01ms, total = 98.53ms
[state-dump] 	ray::rpc::NodeInfoGcsService.grpc_client.CheckAlive.OnReplyReceived - 39 total (0 active), Execution time: mean = 0.04ms, total = 1.58ms, Queueing time: mean = 0.03ms, max = 0.14ms, min = 0.01ms, total = 0.98ms
[state-dump] 	ReporterService.grpc_client.HealthCheck.OnReplyReceived - 31 total (0 active), Execution time: mean = 0.12ms, total = 3.62ms, Queueing time: mean = 0.17ms, max = 1.08ms, min = 0.01ms, total = 5.28ms
[state-dump] 	ReporterService.grpc_client.HealthCheck - 31 total (0 active), Execution time: mean = 19.15ms, total = 593.71ms, Queueing time: mean = 0.00ms, max = -0.00ms, min = 9223372036854.78ms, total = 0.00ms
[state-dump] 	MetricsAgentClient.WaitForServerReadyWithRetry - 30 total (0 active), Execution time: mean = 0.31ms, total = 9.18ms, Queueing time: mean = 1101.58ms, max = 3643.96ms, min = 1000.02ms, total = 33047.26ms
[state-dump] 	PeriodicalRunner.RunFnPeriodically - 14 total (0 active), Execution time: mean = 0.23ms, total = 3.29ms, Queueing time: mean = 4.55ms, max = 12.98ms, min = 0.09ms, total = 63.65ms
[state-dump] 	ray::rpc::InternalPubSubGcsService.grpc_client.GcsSubscriberPoll - 4 total (1 active), Execution time: mean = 446190.25ms, total = 1784761.02ms, Queueing time: mean = 0.00ms, max = -0.00ms, min = 9223372036854.78ms, total = 0.00ms
[state-dump] 	NodeManager.GCTaskFailureReason - 3 total (1 active), Execution time: mean = 0.00ms, total = 0.01ms, Queueing time: mean = 0.01ms, max = 0.02ms, min = 0.02ms, total = 0.04ms
[state-dump] 	ray::rpc::InternalPubSubGcsService.grpc_client.GcsSubscriberPoll.OnReplyReceived - 3 total (0 active), Execution time: mean = 0.34ms, total = 1.03ms, Queueing time: mean = 0.03ms, max = 0.03ms, min = 0.02ms, total = 0.08ms
[state-dump] 	RaySyncerRegister - 2 total (0 active), Execution time: mean = 0.00ms, total = 0.01ms, Queueing time: mean = 0.00ms, max = 0.00ms, min = 0.00ms, total = 0.00ms
[state-dump] 	ray::rpc::InternalPubSubGcsService.grpc_client.GcsSubscriberCommandBatch - 2 total (0 active), Execution time: mean = 0.92ms, total = 1.84ms, Queueing time: mean = 0.00ms, max = -0.00ms, min = 9223372036854.78ms, total = 0.00ms
[state-dump] 	ray::rpc::InternalPubSubGcsService.grpc_client.GcsSubscriberCommandBatch.OnReplyReceived - 2 total (0 active), Execution time: mean = 0.10ms, total = 0.20ms, Queueing time: mean = 1.08ms, max = 2.01ms, min = 0.15ms, total = 2.16ms
[state-dump] 	ClientConnection.async_read.ProcessMessageHeader - 2 total (1 active), Execution time: mean = 0.00ms, total = 0.01ms, Queueing time: mean = 0.01ms, max = 0.02ms, min = 0.02ms, total = 0.02ms
[state-dump] 	ray::rpc::InternalKVGcsService.grpc_client.GetInternalConfig.OnReplyReceived - 1 total (0 active), Execution time: mean = 24.53ms, total = 24.53ms, Queueing time: mean = 0.03ms, max = 0.03ms, min = 0.03ms, total = 0.03ms
[state-dump] 	ray::rpc::InternalKVGcsService.grpc_client.GetInternalConfig - 1 total (0 active), Execution time: mean = 1.38ms, total = 1.38ms, Queueing time: mean = 0.00ms, max = -0.00ms, min = 9223372036854.78ms, total = 0.00ms
[state-dump] 	ray::rpc::NodeInfoGcsService.grpc_client.GetAllNodeAddressAndLiveness.OnReplyReceived - 1 total (0 active), Execution time: mean = 0.15ms, total = 0.15ms, Queueing time: mean = 0.01ms, max = 0.01ms, min = 0.01ms, total = 0.01ms
[state-dump] 	NodeManagerService.grpc_server.GetSystemConfig.HandleRequestImpl - 1 total (0 active), Execution time: mean = 0.09ms, total = 0.09ms, Queueing time: mean = 0.02ms, max = 0.02ms, min = 0.02ms, total = 0.02ms
[state-dump] 	ray::rpc::NodeInfoGcsService.grpc_client.RegisterNode - 1 total (0 active), Execution time: mean = 1.29ms, total = 1.29ms, Queueing time: mean = 0.00ms, max = -0.00ms, min = 9223372036854.78ms, total = 0.00ms
[state-dump] 	ClientConnection.async_read.ProcessMessage - 1 total (0 active), Execution time: mean = 3538.24ms, total = 3538.24ms, Queueing time: mean = 0.01ms, max = 0.01ms, min = 0.01ms, total = 0.01ms
[state-dump] 	ray::rpc::NodeInfoGcsService.grpc_client.RegisterNode.OnReplyReceived - 1 total (0 active), Execution time: mean = 0.68ms, total = 0.68ms, Queueing time: mean = 0.05ms, max = 0.05ms, min = 0.05ms, total = 0.05ms
[state-dump] 	NodeManagerService.grpc_server.GetSystemConfig - 1 total (0 active), Execution time: mean = 0.65ms, total = 0.65ms, Queueing time: mean = 0.00ms, max = -0.00ms, min = 9223372036854.78ms, total = 0.00ms
[state-dump] 	ray::rpc::JobInfoGcsService.grpc_client.GetAllJobInfo - 1 total (0 active), Execution time: mean = 0.76ms, total = 0.76ms, Queueing time: mean = 0.00ms, max = -0.00ms, min = 9223372036854.78ms, total = 0.00ms
[state-dump] 	ray::rpc::JobInfoGcsService.grpc_client.GetAllJobInfo.OnReplyReceived - 1 total (0 active), Execution time: mean = 0.03ms, total = 0.03ms, Queueing time: mean = 0.01ms, max = 0.01ms, min = 0.01ms, total = 0.01ms
[state-dump] 	 - 1 total (0 active), Execution time: mean = 0.00ms, total = 0.00ms, Queueing time: mean = 0.02ms, max = 0.02ms, min = 0.02ms, total = 0.02ms
[state-dump] 	RaySyncer.BroadcastMessage - 1 total (0 active), Execution time: mean = 0.09ms, total = 0.09ms, Queueing time: mean = 0.00ms, max = 0.00ms, min = 0.00ms, total = 0.00ms
[state-dump] 	ray::rpc::NodeInfoGcsService.grpc_client.GetAllNodeAddressAndLiveness - 1 total (0 active), Execution time: mean = 0.85ms, total = 0.85ms, Queueing time: mean = 0.00ms, max = -0.00ms, min = 9223372036854.78ms, total = 0.00ms
[state-dump] DebugString() time ms: 1
[state-dump] 
[state-dump] 
[2026-06-04 23:08:24,132 I 859 892] (raylet) store.cc:573: Plasma store debug dump: 
Current usage: 0 / 20.0817 GB
- num bytes created total: 0
0 pending objects of total size 0MB
- objects spillable: 0
- bytes spillable: 0
- objects unsealed: 0
- bytes unsealed: 0
- objects in use: 0
- bytes in use: 0
- objects evictable: 0
- bytes evictable: 0

- objects created by worker: 0
- bytes created by worker: 0
- objects restored: 0
- bytes restored: 0
- objects received: 0
- bytes received: 0
- objects errored: 0
- bytes errored: 0

[2026-06-04 23:08:24,311 I 859 859] (raylet) node_manager.cc:424: [state-dump] NodeManager:
[state-dump] Node ID: 11e184b7641b47dd66e5366c42f7fe51cb28f4bab1ca7ef8847590e4
[state-dump] Node name: 172.16.254.232
[state-dump] InitialConfigResources: {node:__internal_head__: 1, CPU: 192, node:172.16.254.232: 1, object_store_memory: 2.00817e+10, memory: 4.68574e+10}
[state-dump] ClusterLeaseManager:
[state-dump] ========== Node: 11e184b7641b47dd66e5366c42f7fe51cb28f4bab1ca7ef8847590e4 =================
[state-dump] Infeasible queue length: 0
[state-dump] Schedule queue length: 0
[state-dump] Grant queue length: 0
[state-dump] num_waiting_for_resource: 0
[state-dump] num_waiting_for_plasma_memory: 0
[state-dump] num_waiting_for_remote_node_resources: 0
[state-dump] num_worker_not_started_by_job_config_not_exist: 0
[state-dump] num_worker_not_started_by_registration_timeout: 0
[state-dump] num_tasks_waiting_for_workers: 0
[state-dump] num_cancelled_leases: 0
[state-dump] cluster_resource_scheduler state: 
[state-dump] Local id: 1457234449467745066 Local resources: {"total":{object_store_memory: [200817303550000], node:__internal_head__: [10000], memory: [468573708290000], CPU: [1920000], node:172.16.254.232: [10000]}}, "available": {memory: [468573708290000], CPU: [1920000], node:172.16.254.232: [10000], object_store_memory: [200817303550000], node:__internal_head__: [10000]}}, "labels":{"ray.io/node-id":"11e184b7641b47dd66e5366c42f7fe51cb28f4bab1ca7ef8847590e4",} is_draining: 0 is_idle: 1 Cluster resources (at most 20 nodes are shown): node id: 1457234449467745066{"total":{node:172.16.254.232: 10000, node:__internal_head__: 10000, memory: 468573708290000, object_store_memory: 200817303550000, CPU: 1920000}}, "available": {node:172.16.254.232: 10000, node:__internal_head__: 10000, memory: 468573708290000, CPU: 1920000, object_store_memory: 200817303550000}}, "labels":{"ray.io/node-id":"11e184b7641b47dd66e5366c42f7fe51cb28f4bab1ca7ef8847590e4",}, "is_draining": 0, "draining_deadline_timestamp_ms": -1} { "placement group locations": [], "node to bundles": []}
[state-dump] Waiting leases size: 0
[state-dump] Number of granted lease arguments: 0
[state-dump] Number of pinned lease arguments: 0
[state-dump] Number of total spilled leases: 0
[state-dump] Number of spilled waiting leases: 0
[state-dump] Number of spilled unschedulable leases: 0
[state-dump] Resource usage {
[state-dump] }
[state-dump] Backlog Size per scheduling descriptor :{workerId: num backlogs}:
[state-dump] 
[state-dump] Granted leases by scheduling class:
[state-dump] ==================================================
[state-dump] 
[state-dump] ClusterResources:
[state-dump] LocalObjectManager:
[state-dump] - num pinned objects: 0
[state-dump] - pinned objects size: 0
[state-dump] - num objects pending restore: 0
[state-dump] - num objects pending spill: 0
[state-dump] - num bytes pending spill: 0
[state-dump] - num bytes currently spilled: 0
[state-dump] - cumulative spill requests: 0
[state-dump] - cumulative restore requests: 0
[state-dump] - spilled objects pending delete: 0
[state-dump] 
[state-dump] ObjectManager:
[state-dump] - num local objects: 0
[state-dump] - num unfulfilled push requests: 0
[state-dump] - num object pull requests: 0
[state-dump] - num chunks received total: 0
[state-dump] - num chunks received failed (all): 0
[state-dump] - num chunks received failed / cancelled: 0
[state-dump] - num chunks received failed / plasma error: 0
[state-dump] Event stats:
[state-dump] Global stats: 0 total (0 active)
[state-dump] Queueing time: mean = -nanms, max = -0.00ms, min = 9223372036854.78ms, total = 0.00ms
[state-dump] Execution time:  mean = -nanms, total = 0.00ms
[state-dump] Event stats:
[state-dump] PushManager:
[state-dump] - num pushes remaining: 0
[state-dump] - num chunks in flight: 0
[state-dump] - num chunks remaining: 0
[state-dump] - max chunks allowed: 409
[state-dump] OwnershipBasedObjectDirectory:
[state-dump] - num listeners: 0
[state-dump] - cumulative location updates: 0
[state-dump] - num location updates per second: 0.000
[state-dump] - num location lookups per second: 0.000
[state-dump] - num locations added per second: 0.000
[state-dump] - num locations removed per second: 0.000
[state-dump] BufferPool:
[state-dump] - create buffer state map size: 0
[state-dump] PullManager:
[state-dump] - num bytes available for pulled objects: 20081730355
[state-dump] - num bytes being pulled (all): 0
[state-dump] - num bytes being pulled / pinned: 0
[state-dump] - get request bundles: BundlePullRequestQueue{0 total, 0 active, 0 inactive, 0 unpullable}
[state-dump] - wait request bundles: BundlePullRequestQueue{0 total, 0 active, 0 inactive, 0 unpullable}
[state-dump] - task request bundles: BundlePullRequestQueue{0 total, 0 active, 0 inactive, 0 unpullable}
[state-dump] - first get request bundle: N/A
[state-dump] - first wait request bundle: N/A
[state-dump] - first task request bundle: N/A
[state-dump] - num objects queued: 0
[state-dump] - num objects actively pulled (all): 0
[state-dump] - num objects actively pulled / pinned: 0
[state-dump] - num bundles being pulled: 0
[state-dump] - num pull retries: 0
[state-dump] - max timeout seconds: 0
[state-dump] - max timeout request is already processed. No entry.
[state-dump] 
[state-dump] WorkerPool:
[state-dump] - registered jobs: 1
[state-dump] - process_failed_job_config_missing: 0
[state-dump] - process_failed_rate_limited: 0
[state-dump] - process_failed_pending_registration: 192
[state-dump] - process_failed_runtime_env_setup_failed: 0
[state-dump] - num JAVA workers: 0
[state-dump] - num JAVA drivers: 0
[state-dump] - num JAVA pending start requests: 0
[state-dump] - num JAVA pending registration requests: 0
[state-dump] - num object spill callbacks queued: 0
[state-dump] - num object restore queued: 0
[state-dump] - num util functions queued: 0
[state-dump] - num PYTHON workers: 0
[state-dump] - num PYTHON drivers: 1
[state-dump] - num PYTHON pending start requests: 0
[state-dump] - num PYTHON pending registration requests: 0
[state-dump] - num object spill callbacks queued: 0
[state-dump] - num object restore queued: 0
[state-dump] - num util functions queued: 0
[state-dump] - num idle workers: 0
[state-dump] LeaseDependencyManager:
[state-dump] - lease deps map size: 0
[state-dump] - get req map size: 0
[state-dump] - wait req map size: 0
[state-dump] - local objects map size: 0
[state-dump] WaitManager:
[state-dump] - num active wait requests: 0
[state-dump] Subscriber:
[state-dump] Channel WORKER_OBJECT_LOCATIONS_CHANNEL
[state-dump] - cumulative subscribe requests: 0
[state-dump] - cumulative unsubscribe requests: 0
[state-dump] - active subscribed publishers: 0
[state-dump] - cumulative published messages: 0
[state-dump] - cumulative processed messages: 0
[state-dump] Channel WORKER_OBJECT_EVICTION
[state-dump] - cumulative subscribe requests: 0
[state-dump] - cumulative unsubscribe requests: 0
[state-dump] - active subscribed publishers: 0
[state-dump] - cumulative published messages: 0
[state-dump] - cumulative processed messages: 0
[state-dump] Channel WORKER_REF_REMOVED_CHANNEL
[state-dump] - cumulative subscribe requests: 0
[state-dump] - cumulative unsubscribe requests: 0
[state-dump] - active subscribed publishers: 0
[state-dump] - cumulative published messages: 0
[state-dump] - cumulative processed messages: 0
[state-dump] num async plasma notifications: 0
[state-dump] Event stats:
[state-dump] Global stats: 109435 total (16 active)
[state-dump] Queueing time: mean = 0.98ms, max = 3643.96ms, min = -95.24ms, total = 107230.33ms
[state-dump] Execution time:  mean = 22.19ms, total = 2428527.81ms
[state-dump] Event stats:
[state-dump] 	NodeManager.CheckGC - 23861 total (1 active), Execution time: mean = 0.01ms, total = 142.01ms, Queueing time: mean = 0.59ms, max = 3444.74ms, min = -95.24ms, total = 14010.08ms
[state-dump] 	RaySyncer.OnDemandBroadcasting - 23861 total (1 active), Execution time: mean = 0.01ms, total = 173.79ms, Queueing time: mean = 0.59ms, max = 3444.73ms, min = -0.02ms, total = 13981.35ms
[state-dump] 	ObjectManager.UpdateAvailableMemory - 23860 total (0 active), Execution time: mean = 0.00ms, total = 34.81ms, Queueing time: mean = 0.08ms, max = 100.68ms, min = 0.00ms, total = 2027.25ms
[state-dump] 	RayletWorkerPool.deadline_timer.kill_idle_workers - 11960 total (1 active), Execution time: mean = 0.00ms, total = 42.19ms, Queueing time: mean = 0.68ms, max = 3350.40ms, min = -0.03ms, total = 8159.11ms
[state-dump] 	MemoryMonitor.CheckIsMemoryUsageAboveThreshold - 9449 total (1 active), Execution time: mean = 2.97ms, total = 28035.74ms, Queueing time: mean = 1.06ms, max = 3291.29ms, min = -0.05ms, total = 10035.47ms
[state-dump] 	NodeManagerService.grpc_server.GetResourceLoad - 2398 total (0 active), Execution time: mean = 4.15ms, total = 9947.68ms, Queueing time: mean = 0.00ms, max = -0.00ms, min = 9223372036854.78ms, total = 0.00ms
[state-dump] 	NodeManagerService.grpc_server.GetResourceLoad.HandleRequestImpl - 2398 total (0 active), Execution time: mean = 0.12ms, total = 297.53ms, Queueing time: mean = 3.33ms, max = 3203.58ms, min = 0.01ms, total = 7973.85ms
[state-dump] 	NodeManager.deadline_timer.flush_free_objects - 2397 total (1 active), Execution time: mean = 0.00ms, total = 7.67ms, Queueing time: mean = 1.60ms, max = 2642.08ms, min = 0.00ms, total = 3823.31ms
[state-dump] 	NodeManager.CheckForUnexpectedWorkerDisconnects - 2397 total (1 active), Execution time: mean = 0.05ms, total = 111.95ms, Queueing time: mean = 1.55ms, max = 2644.57ms, min = -0.01ms, total = 3722.22ms
[state-dump] 	NodeManager.ScheduleAndGrantLeases - 2397 total (1 active), Execution time: mean = 0.01ms, total = 20.44ms, Queueing time: mean = 1.59ms, max = 2644.57ms, min = 0.00ms, total = 3814.05ms
[state-dump] 	NodeManager.deadline_timer.spill_objects_when_over_threshold - 2397 total (1 active), Execution time: mean = 0.00ms, total = 5.63ms, Queueing time: mean = 1.60ms, max = 2642.10ms, min = 0.00ms, total = 3825.47ms
[state-dump] 	ClusterResourceManager.ResetRemoteNodeView - 800 total (1 active), Execution time: mean = 0.00ms, total = 2.83ms, Queueing time: mean = 2.33ms, max = 1645.70ms, min = 0.01ms, total = 1867.10ms
[state-dump] 	NodeManager.deadline_timer.record_metrics - 480 total (1 active), Execution time: mean = 0.47ms, total = 225.79ms, Queueing time: mean = 0.94ms, max = 99.31ms, min = -0.00ms, total = 452.64ms
[state-dump] 	event_loop_lag_probe - 241 total (0 active), Execution time: mean = 0.01ms, total = 3.53ms, Queueing time: mean = 0.06ms, max = 6.45ms, min = 0.00ms, total = 13.47ms
[state-dump] 	NodeManager.deadline_timer.debug_state_dump - 240 total (1 active), Execution time: mean = 1.58ms, total = 379.92ms, Queueing time: mean = 0.65ms, max = 96.66ms, min = 0.01ms, total = 155.91ms
[state-dump] 	NodeManager.GcsCheckAlive - 40 total (1 active), Execution time: mean = 0.24ms, total = 9.69ms, Queueing time: mean = 3.77ms, max = 98.32ms, min = 0.40ms, total = 150.84ms
[state-dump] 	ray::rpc::NodeInfoGcsService.grpc_client.CheckAlive - 40 total (0 active), Execution time: mean = 2.00ms, total = 80.10ms, Queueing time: mean = 0.00ms, max = -0.00ms, min = 9223372036854.78ms, total = 0.00ms
[state-dump] 	NodeManager.deadline_timer.print_event_loop_stats - 40 total (1 active, 1 running), Execution time: mean = 1.54ms, total = 61.80ms, Queueing time: mean = 2.46ms, max = 97.85ms, min = 0.01ms, total = 98.55ms
[state-dump] 	ray::rpc::NodeInfoGcsService.grpc_client.CheckAlive.OnReplyReceived - 40 total (0 active), Execution time: mean = 0.04ms, total = 1.61ms, Queueing time: mean = 0.03ms, max = 0.14ms, min = 0.01ms, total = 1.00ms
[state-dump] 	ReporterService.grpc_client.HealthCheck.OnReplyReceived - 31 total (0 active), Execution time: mean = 0.12ms, total = 3.62ms, Queueing time: mean = 0.17ms, max = 1.08ms, min = 0.01ms, total = 5.28ms
[state-dump] 	ReporterService.grpc_client.HealthCheck - 31 total (0 active), Execution time: mean = 19.15ms, total = 593.71ms, Queueing time: mean = 0.00ms, max = -0.00ms, min = 9223372036854.78ms, total = 0.00ms
[state-dump] 	MetricsAgentClient.WaitForServerReadyWithRetry - 30 total (0 active), Execution time: mean = 0.31ms, total = 9.18ms, Queueing time: mean = 1101.58ms, max = 3643.96ms, min = 1000.02ms, total = 33047.26ms
[state-dump] 	PeriodicalRunner.RunFnPeriodically - 14 total (0 active), Execution time: mean = 0.23ms, total = 3.29ms, Queueing time: mean = 4.55ms, max = 12.98ms, min = 0.09ms, total = 63.65ms
[state-dump] 	ray::rpc::InternalPubSubGcsService.grpc_client.GcsSubscriberPoll - 5 total (1 active), Execution time: mean = 476952.21ms, total = 2384761.05ms, Queueing time: mean = 0.00ms, max = -0.00ms, min = 9223372036854.78ms, total = 0.00ms
[state-dump] 	ray::rpc::InternalPubSubGcsService.grpc_client.GcsSubscriberPoll.OnReplyReceived - 4 total (0 active), Execution time: mean = 0.37ms, total = 1.47ms, Queueing time: mean = 0.03ms, max = 0.03ms, min = 0.02ms, total = 0.11ms
[state-dump] 	NodeManager.GCTaskFailureReason - 3 total (1 active), Execution time: mean = 0.00ms, total = 0.01ms, Queueing time: mean = 0.01ms, max = 0.02ms, min = 0.02ms, total = 0.04ms
[state-dump] 	RaySyncerRegister - 2 total (0 active), Execution time: mean = 0.00ms, total = 0.01ms, Queueing time: mean = 0.00ms, max = 0.00ms, min = 0.00ms, total = 0.00ms
[state-dump] 	ray::rpc::InternalPubSubGcsService.grpc_client.GcsSubscriberCommandBatch - 2 total (0 active), Execution time: mean = 0.92ms, total = 1.84ms, Queueing time: mean = 0.00ms, max = -0.00ms, min = 9223372036854.78ms, total = 0.00ms
[state-dump] 	ray::rpc::InternalPubSubGcsService.grpc_client.GcsSubscriberCommandBatch.OnReplyReceived - 2 total (0 active), Execution time: mean = 0.10ms, total = 0.20ms, Queueing time: mean = 1.08ms, max = 2.01ms, min = 0.15ms, total = 2.16ms
[state-dump] 	ClientConnection.async_read.ProcessMessageHeader - 2 total (1 active), Execution time: mean = 0.00ms, total = 0.01ms, Queueing time: mean = 0.01ms, max = 0.02ms, min = 0.02ms, total = 0.02ms
[state-dump] 	ray::rpc::InternalKVGcsService.grpc_client.GetInternalConfig.OnReplyReceived - 1 total (0 active), Execution time: mean = 24.53ms, total = 24.53ms, Queueing time: mean = 0.03ms, max = 0.03ms, min = 0.03ms, total = 0.03ms
[state-dump] 	ray::rpc::InternalKVGcsService.grpc_client.GetInternalConfig - 1 total (0 active), Execution time: mean = 1.38ms, total = 1.38ms, Queueing time: mean = 0.00ms, max = -0.00ms, min = 9223372036854.78ms, total = 0.00ms
[state-dump] 	ray::rpc::NodeInfoGcsService.grpc_client.GetAllNodeAddressAndLiveness.OnReplyReceived - 1 total (0 active), Execution time: mean = 0.15ms, total = 0.15ms, Queueing time: mean = 0.01ms, max = 0.01ms, min = 0.01ms, total = 0.01ms
[state-dump] 	NodeManagerService.grpc_server.GetSystemConfig.HandleRequestImpl - 1 total (0 active), Execution time: mean = 0.09ms, total = 0.09ms, Queueing time: mean = 0.02ms, max = 0.02ms, min = 0.02ms, total = 0.02ms
[state-dump] 	ray::rpc::NodeInfoGcsService.grpc_client.RegisterNode - 1 total (0 active), Execution time: mean = 1.29ms, total = 1.29ms, Queueing time: mean = 0.00ms, max = -0.00ms, min = 9223372036854.78ms, total = 0.00ms
[state-dump] 	ClientConnection.async_read.ProcessMessage - 1 total (0 active), Execution time: mean = 3538.24ms, total = 3538.24ms, Queueing time: mean = 0.01ms, max = 0.01ms, min = 0.01ms, total = 0.01ms
[state-dump] 	ray::rpc::NodeInfoGcsService.grpc_client.RegisterNode.OnReplyReceived - 1 total (0 active), Execution time: mean = 0.68ms, total = 0.68ms, Queueing time: mean = 0.05ms, max = 0.05ms, min = 0.05ms, total = 0.05ms
[state-dump] 	NodeManagerService.grpc_server.GetSystemConfig - 1 total (0 active), Execution time: mean = 0.65ms, total = 0.65ms, Queueing time: mean = 0.00ms, max = -0.00ms, min = 9223372036854.78ms, total = 0.00ms
[state-dump] 	ray::rpc::JobInfoGcsService.grpc_client.GetAllJobInfo - 1 total (0 active), Execution time: mean = 0.76ms, total = 0.76ms, Queueing time: mean = 0.00ms, max = -0.00ms, min = 9223372036854.78ms, total = 0.00ms
[state-dump] 	ray::rpc::JobInfoGcsService.grpc_client.GetAllJobInfo.OnReplyReceived - 1 total (0 active), Execution time: mean = 0.03ms, total = 0.03ms, Queueing time: mean = 0.01ms, max = 0.01ms, min = 0.01ms, total = 0.01ms
[state-dump] 	 - 1 total (0 active), Execution time: mean = 0.00ms, total = 0.00ms, Queueing time: mean = 0.02ms, max = 0.02ms, min = 0.02ms, total = 0.02ms
[state-dump] 	RaySyncer.BroadcastMessage - 1 total (0 active), Execution time: mean = 0.09ms, total = 0.09ms, Queueing time: mean = 0.00ms, max = 0.00ms, min = 0.00ms, total = 0.00ms
[state-dump] 	ray::rpc::NodeInfoGcsService.grpc_client.GetAllNodeAddressAndLiveness - 1 total (0 active), Execution time: mean = 0.85ms, total = 0.85ms, Queueing time: mean = 0.00ms, max = -0.00ms, min = 9223372036854.78ms, total = 0.00ms
[state-dump] DebugString() time ms: 1
[state-dump] 
[state-dump] 
[2026-06-04 23:09:24,132 I 859 892] (raylet) store.cc:573: Plasma store debug dump: 
Current usage: 0 / 20.0817 GB
- num bytes created total: 0
0 pending objects of total size 0MB
- objects spillable: 0
- bytes spillable: 0
- objects unsealed: 0
- bytes unsealed: 0
- objects in use: 0
- bytes in use: 0
- objects evictable: 0
- bytes evictable: 0

- objects created by worker: 0
- bytes created by worker: 0
- objects restored: 0
- bytes restored: 0
- objects received: 0
- bytes received: 0
- objects errored: 0
- bytes errored: 0

[2026-06-04 23:09:24,312 I 859 859] (raylet) node_manager.cc:424: [state-dump] NodeManager:
[state-dump] Node ID: 11e184b7641b47dd66e5366c42f7fe51cb28f4bab1ca7ef8847590e4
[state-dump] Node name: 172.16.254.232
[state-dump] InitialConfigResources: {node:__internal_head__: 1, CPU: 192, node:172.16.254.232: 1, object_store_memory: 2.00817e+10, memory: 4.68574e+10}
[state-dump] ClusterLeaseManager:
[state-dump] ========== Node: 11e184b7641b47dd66e5366c42f7fe51cb28f4bab1ca7ef8847590e4 =================
[state-dump] Infeasible queue length: 0
[state-dump] Schedule queue length: 0
[state-dump] Grant queue length: 0
[state-dump] num_waiting_for_resource: 0
[state-dump] num_waiting_for_plasma_memory: 0
[state-dump] num_waiting_for_remote_node_resources: 0
[state-dump] num_worker_not_started_by_job_config_not_exist: 0
[state-dump] num_worker_not_started_by_registration_timeout: 0
[state-dump] num_tasks_waiting_for_workers: 0
[state-dump] num_cancelled_leases: 0
[state-dump] cluster_resource_scheduler state: 
[state-dump] Local id: 1457234449467745066 Local resources: {"total":{object_store_memory: [200817303550000], node:__internal_head__: [10000], memory: [468573708290000], CPU: [1920000], node:172.16.254.232: [10000]}}, "available": {memory: [468573708290000], CPU: [1920000], node:172.16.254.232: [10000], object_store_memory: [200817303550000], node:__internal_head__: [10000]}}, "labels":{"ray.io/node-id":"11e184b7641b47dd66e5366c42f7fe51cb28f4bab1ca7ef8847590e4",} is_draining: 0 is_idle: 1 Cluster resources (at most 20 nodes are shown): node id: 1457234449467745066{"total":{node:172.16.254.232: 10000, node:__internal_head__: 10000, memory: 468573708290000, object_store_memory: 200817303550000, CPU: 1920000}}, "available": {node:172.16.254.232: 10000, node:__internal_head__: 10000, memory: 468573708290000, CPU: 1920000, object_store_memory: 200817303550000}}, "labels":{"ray.io/node-id":"11e184b7641b47dd66e5366c42f7fe51cb28f4bab1ca7ef8847590e4",}, "is_draining": 0, "draining_deadline_timestamp_ms": -1} { "placement group locations": [], "node to bundles": []}
[state-dump] Waiting leases size: 0
[state-dump] Number of granted lease arguments: 0
[state-dump] Number of pinned lease arguments: 0
[state-dump] Number of total spilled leases: 0
[state-dump] Number of spilled waiting leases: 0
[state-dump] Number of spilled unschedulable leases: 0
[state-dump] Resource usage {
[state-dump] }
[state-dump] Backlog Size per scheduling descriptor :{workerId: num backlogs}:
[state-dump] 
[state-dump] Granted leases by scheduling class:
[state-dump] ==================================================
[state-dump] 
[state-dump] ClusterResources:
[state-dump] LocalObjectManager:
[state-dump] - num pinned objects: 0
[state-dump] - pinned objects size: 0
[state-dump] - num objects pending restore: 0
[state-dump] - num objects pending spill: 0
[state-dump] - num bytes pending spill: 0
[state-dump] - num bytes currently spilled: 0
[state-dump] - cumulative spill requests: 0
[state-dump] - cumulative restore requests: 0
[state-dump] - spilled objects pending delete: 0
[state-dump] 
[state-dump] ObjectManager:
[state-dump] - num local objects: 0
[state-dump] - num unfulfilled push requests: 0
[state-dump] - num object pull requests: 0
[state-dump] - num chunks received total: 0
[state-dump] - num chunks received failed (all): 0
[state-dump] - num chunks received failed / cancelled: 0
[state-dump] - num chunks received failed / plasma error: 0
[state-dump] Event stats:
[state-dump] Global stats: 0 total (0 active)
[state-dump] Queueing time: mean = -nanms, max = -0.00ms, min = 9223372036854.78ms, total = 0.00ms
[state-dump] Execution time:  mean = -nanms, total = 0.00ms
[state-dump] Event stats:
[state-dump] PushManager:
[state-dump] - num pushes remaining: 0
[state-dump] - num chunks in flight: 0
[state-dump] - num chunks remaining: 0
[state-dump] - max chunks allowed: 409
[state-dump] OwnershipBasedObjectDirectory:
[state-dump] - num listeners: 0
[state-dump] - cumulative location updates: 0
[state-dump] - num location updates per second: 0.000
[state-dump] - num location lookups per second: 0.000
[state-dump] - num locations added per second: 0.000
[state-dump] - num locations removed per second: 0.000
[state-dump] BufferPool:
[state-dump] - create buffer state map size: 0
[state-dump] PullManager:
[state-dump] - num bytes available for pulled objects: 20081730355
[state-dump] - num bytes being pulled (all): 0
[state-dump] - num bytes being pulled / pinned: 0
[state-dump] - get request bundles: BundlePullRequestQueue{0 total, 0 active, 0 inactive, 0 unpullable}
[state-dump] - wait request bundles: BundlePullRequestQueue{0 total, 0 active, 0 inactive, 0 unpullable}
[state-dump] - task request bundles: BundlePullRequestQueue{0 total, 0 active, 0 inactive, 0 unpullable}
[state-dump] - first get request bundle: N/A
[state-dump] - first wait request bundle: N/A
[state-dump] - first task request bundle: N/A
[state-dump] - num objects queued: 0
[state-dump] - num objects actively pulled (all): 0
[state-dump] - num objects actively pulled / pinned: 0
[state-dump] - num bundles being pulled: 0
[state-dump] - num pull retries: 0
[state-dump] - max timeout seconds: 0
[state-dump] - max timeout request is already processed. No entry.
[state-dump] 
[state-dump] WorkerPool:
[state-dump] - registered jobs: 1
[state-dump] - process_failed_job_config_missing: 0
[state-dump] - process_failed_rate_limited: 0
[state-dump] - process_failed_pending_registration: 192
[state-dump] - process_failed_runtime_env_setup_failed: 0
[state-dump] - num JAVA workers: 0
[state-dump] - num JAVA drivers: 0
[state-dump] - num JAVA pending start requests: 0
[state-dump] - num JAVA pending registration requests: 0
[state-dump] - num object spill callbacks queued: 0
[state-dump] - num object restore queued: 0
[state-dump] - num util functions queued: 0
[state-dump] - num PYTHON workers: 0
[state-dump] - num PYTHON drivers: 1
[state-dump] - num PYTHON pending start requests: 0
[state-dump] - num PYTHON pending registration requests: 0
[state-dump] - num object spill callbacks queued: 0
[state-dump] - num object restore queued: 0
[state-dump] - num util functions queued: 0
[state-dump] - num idle workers: 0
[state-dump] LeaseDependencyManager:
[state-dump] - lease deps map size: 0
[state-dump] - get req map size: 0
[state-dump] - wait req map size: 0
[state-dump] - local objects map size: 0
[state-dump] WaitManager:
[state-dump] - num active wait requests: 0
[state-dump] Subscriber:
[state-dump] Channel WORKER_OBJECT_LOCATIONS_CHANNEL
[state-dump] - cumulative subscribe requests: 0
[state-dump] - cumulative unsubscribe requests: 0
[state-dump] - active subscribed publishers: 0
[state-dump] - cumulative published messages: 0
[state-dump] - cumulative processed messages: 0
[state-dump] Channel WORKER_OBJECT_EVICTION
[state-dump] - cumulative subscribe requests: 0
[state-dump] - cumulative unsubscribe requests: 0
[state-dump] - active subscribed publishers: 0
[state-dump] - cumulative published messages: 0
[state-dump] - cumulative processed messages: 0
[state-dump] Channel WORKER_REF_REMOVED_CHANNEL
[state-dump] - cumulative subscribe requests: 0
[state-dump] - cumulative unsubscribe requests: 0
[state-dump] - active subscribed publishers: 0
[state-dump] - cumulative published messages: 0
[state-dump] - cumulative processed messages: 0
[state-dump] num async plasma notifications: 0
[state-dump] Event stats:
[state-dump] Global stats: 112178 total (16 active)
[state-dump] Queueing time: mean = 0.96ms, max = 3643.96ms, min = -95.24ms, total = 107308.65ms
[state-dump] Execution time:  mean = 21.65ms, total = 2429104.11ms
[state-dump] Event stats:
[state-dump] 	NodeManager.CheckGC - 24460 total (1 active), Execution time: mean = 0.01ms, total = 143.06ms, Queueing time: mean = 0.57ms, max = 3444.74ms, min = -95.24ms, total = 14031.04ms
[state-dump] 	RaySyncer.OnDemandBroadcasting - 24460 total (1 active), Execution time: mean = 0.01ms, total = 175.56ms, Queueing time: mean = 0.57ms, max = 3444.73ms, min = -0.02ms, total = 14001.66ms
[state-dump] 	ObjectManager.UpdateAvailableMemory - 24459 total (0 active), Execution time: mean = 0.00ms, total = 35.57ms, Queueing time: mean = 0.08ms, max = 100.68ms, min = 0.00ms, total = 2036.31ms
[state-dump] 	RayletWorkerPool.deadline_timer.kill_idle_workers - 12260 total (1 active), Execution time: mean = 0.00ms, total = 43.08ms, Queueing time: mean = 0.67ms, max = 3350.40ms, min = -0.03ms, total = 8170.49ms
[state-dump] 	MemoryMonitor.CheckIsMemoryUsageAboveThreshold - 9687 total (1 active), Execution time: mean = 2.95ms, total = 28556.63ms, Queueing time: mean = 1.04ms, max = 3291.29ms, min = -0.05ms, total = 10039.66ms
[state-dump] 	NodeManagerService.grpc_server.GetResourceLoad - 2458 total (0 active), Execution time: mean = 4.06ms, total = 9976.04ms, Queueing time: mean = 0.00ms, max = -0.00ms, min = 9223372036854.78ms, total = 0.00ms
[state-dump] 	NodeManagerService.grpc_server.GetResourceLoad.HandleRequestImpl - 2458 total (0 active), Execution time: mean = 0.12ms, total = 304.54ms, Queueing time: mean = 3.25ms, max = 3203.58ms, min = 0.01ms, total = 7976.43ms
[state-dump] 	NodeManager.deadline_timer.flush_free_objects - 2457 total (1 active), Execution time: mean = 0.00ms, total = 7.84ms, Queueing time: mean = 1.56ms, max = 2642.08ms, min = 0.00ms, total = 3825.40ms
[state-dump] 	NodeManager.CheckForUnexpectedWorkerDisconnects - 2457 total (1 active), Execution time: mean = 0.05ms, total = 112.38ms, Queueing time: mean = 1.52ms, max = 2644.57ms, min = -0.01ms, total = 3724.05ms
[state-dump] 	NodeManager.ScheduleAndGrantLeases - 2457 total (1 active), Execution time: mean = 0.01ms, total = 20.91ms, Queueing time: mean = 1.55ms, max = 2644.57ms, min = 0.00ms, total = 3815.86ms
[state-dump] 	NodeManager.deadline_timer.spill_objects_when_over_threshold - 2457 total (1 active), Execution time: mean = 0.00ms, total = 5.76ms, Queueing time: mean = 1.56ms, max = 2642.10ms, min = 0.00ms, total = 3827.59ms
[state-dump] 	ClusterResourceManager.ResetRemoteNodeView - 820 total (1 active), Execution time: mean = 0.00ms, total = 2.90ms, Queueing time: mean = 2.28ms, max = 1645.70ms, min = 0.01ms, total = 1867.43ms
[state-dump] 	NodeManager.deadline_timer.record_metrics - 492 total (1 active), Execution time: mean = 0.47ms, total = 231.42ms, Queueing time: mean = 0.92ms, max = 99.31ms, min = -0.00ms, total = 452.86ms
[state-dump] 	event_loop_lag_probe - 247 total (0 active), Execution time: mean = 0.01ms, total = 3.60ms, Queueing time: mean = 0.05ms, max = 6.45ms, min = 0.00ms, total = 13.50ms
[state-dump] 	NodeManager.deadline_timer.debug_state_dump - 246 total (1 active), Execution time: mean = 1.57ms, total = 385.96ms, Queueing time: mean = 0.63ms, max = 96.66ms, min = 0.01ms, total = 156.03ms
[state-dump] 	NodeManager.GcsCheckAlive - 41 total (1 active), Execution time: mean = 0.24ms, total = 9.85ms, Queueing time: mean = 3.71ms, max = 98.32ms, min = 0.40ms, total = 152.11ms
[state-dump] 	ray::rpc::NodeInfoGcsService.grpc_client.CheckAlive - 41 total (0 active), Execution time: mean = 1.97ms, total = 80.89ms, Queueing time: mean = 0.00ms, max = -0.00ms, min = 9223372036854.78ms, total = 0.00ms
[state-dump] 	NodeManager.deadline_timer.print_event_loop_stats - 41 total (1 active, 1 running), Execution time: mean = 1.55ms, total = 63.38ms, Queueing time: mean = 2.40ms, max = 97.85ms, min = 0.01ms, total = 98.57ms
[state-dump] 	ray::rpc::NodeInfoGcsService.grpc_client.CheckAlive.OnReplyReceived - 41 total (0 active), Execution time: mean = 0.04ms, total = 1.64ms, Queueing time: mean = 0.02ms, max = 0.14ms, min = 0.01ms, total = 1.02ms
[state-dump] 	ReporterService.grpc_client.HealthCheck.OnReplyReceived - 31 total (0 active), Execution time: mean = 0.12ms, total = 3.62ms, Queueing time: mean = 0.17ms, max = 1.08ms, min = 0.01ms, total = 5.28ms
[state-dump] 	ReporterService.grpc_client.HealthCheck - 31 total (0 active), Execution time: mean = 19.15ms, total = 593.71ms, Queueing time: mean = 0.00ms, max = -0.00ms, min = 9223372036854.78ms, total = 0.00ms
[state-dump] 	MetricsAgentClient.WaitForServerReadyWithRetry - 30 total (0 active), Execution time: mean = 0.31ms, total = 9.18ms, Queueing time: mean = 1101.58ms, max = 3643.96ms, min = 1000.02ms, total = 33047.26ms
[state-dump] 	PeriodicalRunner.RunFnPeriodically - 14 total (0 active), Execution time: mean = 0.23ms, total = 3.29ms, Queueing time: mean = 4.55ms, max = 12.98ms, min = 0.09ms, total = 63.65ms
[state-dump] 	ray::rpc::InternalPubSubGcsService.grpc_client.GcsSubscriberPoll - 5 total (1 active), Execution time: mean = 476952.21ms, total = 2384761.05ms, Queueing time: mean = 0.00ms, max = -0.00ms, min = 9223372036854.78ms, total = 0.00ms
[state-dump] 	ray::rpc::InternalPubSubGcsService.grpc_client.GcsSubscriberPoll.OnReplyReceived - 4 total (0 active), Execution time: mean = 0.37ms, total = 1.47ms, Queueing time: mean = 0.03ms, max = 0.03ms, min = 0.02ms, total = 0.11ms
[state-dump] 	NodeManager.GCTaskFailureReason - 3 total (1 active), Execution time: mean = 0.00ms, total = 0.01ms, Queueing time: mean = 0.01ms, max = 0.02ms, min = 0.02ms, total = 0.04ms
[state-dump] 	RaySyncerRegister - 2 total (0 active), Execution time: mean = 0.00ms, total = 0.01ms, Queueing time: mean = 0.00ms, max = 0.00ms, min = 0.00ms, total = 0.00ms
[state-dump] 	ray::rpc::InternalPubSubGcsService.grpc_client.GcsSubscriberCommandBatch - 2 total (0 active), Execution time: mean = 0.92ms, total = 1.84ms, Queueing time: mean = 0.00ms, max = -0.00ms, min = 9223372036854.78ms, total = 0.00ms
[state-dump] 	ray::rpc::InternalPubSubGcsService.grpc_client.GcsSubscriberCommandBatch.OnReplyReceived - 2 total (0 active), Execution time: mean = 0.10ms, total = 0.20ms, Queueing time: mean = 1.08ms, max = 2.01ms, min = 0.15ms, total = 2.16ms
[state-dump] 	ClientConnection.async_read.ProcessMessageHeader - 2 total (1 active), Execution time: mean = 0.00ms, total = 0.01ms, Queueing time: mean = 0.01ms, max = 0.02ms, min = 0.02ms, total = 0.02ms
[state-dump] 	ray::rpc::InternalKVGcsService.grpc_client.GetInternalConfig.OnReplyReceived - 1 total (0 active), Execution time: mean = 24.53ms, total = 24.53ms, Queueing time: mean = 0.03ms, max = 0.03ms, min = 0.03ms, total = 0.03ms
[state-dump] 	ray::rpc::InternalKVGcsService.grpc_client.GetInternalConfig - 1 total (0 active), Execution time: mean = 1.38ms, total = 1.38ms, Queueing time: mean = 0.00ms, max = -0.00ms, min = 9223372036854.78ms, total = 0.00ms
[state-dump] 	ray::rpc::NodeInfoGcsService.grpc_client.GetAllNodeAddressAndLiveness.OnReplyReceived - 1 total (0 active), Execution time: mean = 0.15ms, total = 0.15ms, Queueing time: mean = 0.01ms, max = 0.01ms, min = 0.01ms, total = 0.01ms
[state-dump] 	NodeManagerService.grpc_server.GetSystemConfig.HandleRequestImpl - 1 total (0 active), Execution time: mean = 0.09ms, total = 0.09ms, Queueing time: mean = 0.02ms, max = 0.02ms, min = 0.02ms, total = 0.02ms
[state-dump] 	ray::rpc::NodeInfoGcsService.grpc_client.RegisterNode - 1 total (0 active), Execution time: mean = 1.29ms, total = 1.29ms, Queueing time: mean = 0.00ms, max = -0.00ms, min = 9223372036854.78ms, total = 0.00ms
[state-dump] 	ClientConnection.async_read.ProcessMessage - 1 total (0 active), Execution time: mean = 3538.24ms, total = 3538.24ms, Queueing time: mean = 0.01ms, max = 0.01ms, min = 0.01ms, total = 0.01ms
[state-dump] 	ray::rpc::NodeInfoGcsService.grpc_client.RegisterNode.OnReplyReceived - 1 total (0 active), Execution time: mean = 0.68ms, total = 0.68ms, Queueing time: mean = 0.05ms, max = 0.05ms, min = 0.05ms, total = 0.05ms
[state-dump] 	NodeManagerService.grpc_server.GetSystemConfig - 1 total (0 active), Execution time: mean = 0.65ms, total = 0.65ms, Queueing time: mean = 0.00ms, max = -0.00ms, min = 9223372036854.78ms, total = 0.00ms
[state-dump] 	ray::rpc::JobInfoGcsService.grpc_client.GetAllJobInfo - 1 total (0 active), Execution time: mean = 0.76ms, total = 0.76ms, Queueing time: mean = 0.00ms, max = -0.00ms, min = 9223372036854.78ms, total = 0.00ms
[state-dump] 	ray::rpc::JobInfoGcsService.grpc_client.GetAllJobInfo.OnReplyReceived - 1 total (0 active), Execution time: mean = 0.03ms, total = 0.03ms, Queueing time: mean = 0.01ms, max = 0.01ms, min = 0.01ms, total = 0.01ms
[state-dump] 	 - 1 total (0 active), Execution time: mean = 0.00ms, total = 0.00ms, Queueing time: mean = 0.02ms, max = 0.02ms, min = 0.02ms, total = 0.02ms
[state-dump] 	RaySyncer.BroadcastMessage - 1 total (0 active), Execution time: mean = 0.09ms, total = 0.09ms, Queueing time: mean = 0.00ms, max = 0.00ms, min = 0.00ms, total = 0.00ms
[state-dump] 	ray::rpc::NodeInfoGcsService.grpc_client.GetAllNodeAddressAndLiveness - 1 total (0 active), Execution time: mean = 0.85ms, total = 0.85ms, Queueing time: mean = 0.00ms, max = -0.00ms, min = 9223372036854.78ms, total = 0.00ms
[state-dump] DebugString() time ms: 1
[state-dump] 
[state-dump] 
[2026-06-04 23:10:24,132 I 859 892] (raylet) store.cc:573: Plasma store debug dump: 
Current usage: 0 / 20.0817 GB
- num bytes created total: 0
0 pending objects of total size 0MB
- objects spillable: 0
- bytes spillable: 0
- objects unsealed: 0
- bytes unsealed: 0
- objects in use: 0
- bytes in use: 0
- objects evictable: 0
- bytes evictable: 0

- objects created by worker: 0
- bytes created by worker: 0
- objects restored: 0
- bytes restored: 0
- objects received: 0
- bytes received: 0
- objects errored: 0
- bytes errored: 0

[2026-06-04 23:10:24,314 I 859 859] (raylet) node_manager.cc:424: [state-dump] NodeManager:
[state-dump] Node ID: 11e184b7641b47dd66e5366c42f7fe51cb28f4bab1ca7ef8847590e4
[state-dump] Node name: 172.16.254.232
[state-dump] InitialConfigResources: {node:__internal_head__: 1, CPU: 192, node:172.16.254.232: 1, object_store_memory: 2.00817e+10, memory: 4.68574e+10}
[state-dump] ClusterLeaseManager:
[state-dump] ========== Node: 11e184b7641b47dd66e5366c42f7fe51cb28f4bab1ca7ef8847590e4 =================
[state-dump] Infeasible queue length: 0
[state-dump] Schedule queue length: 0
[state-dump] Grant queue length: 0
[state-dump] num_waiting_for_resource: 0
[state-dump] num_waiting_for_plasma_memory: 0
[state-dump] num_waiting_for_remote_node_resources: 0
[state-dump] num_worker_not_started_by_job_config_not_exist: 0
[state-dump] num_worker_not_started_by_registration_timeout: 0
[state-dump] num_tasks_waiting_for_workers: 0
[state-dump] num_cancelled_leases: 0
[state-dump] cluster_resource_scheduler state: 
[state-dump] Local id: 1457234449467745066 Local resources: {"total":{object_store_memory: [200817303550000], node:__internal_head__: [10000], memory: [468573708290000], CPU: [1920000], node:172.16.254.232: [10000]}}, "available": {memory: [468573708290000], CPU: [1920000], node:172.16.254.232: [10000], object_store_memory: [200817303550000], node:__internal_head__: [10000]}}, "labels":{"ray.io/node-id":"11e184b7641b47dd66e5366c42f7fe51cb28f4bab1ca7ef8847590e4",} is_draining: 0 is_idle: 1 Cluster resources (at most 20 nodes are shown): node id: 1457234449467745066{"total":{node:172.16.254.232: 10000, node:__internal_head__: 10000, memory: 468573708290000, object_store_memory: 200817303550000, CPU: 1920000}}, "available": {node:172.16.254.232: 10000, node:__internal_head__: 10000, memory: 468573708290000, CPU: 1920000, object_store_memory: 200817303550000}}, "labels":{"ray.io/node-id":"11e184b7641b47dd66e5366c42f7fe51cb28f4bab1ca7ef8847590e4",}, "is_draining": 0, "draining_deadline_timestamp_ms": -1} { "placement group locations": [], "node to bundles": []}
[state-dump] Waiting leases size: 0
[state-dump] Number of granted lease arguments: 0
[state-dump] Number of pinned lease arguments: 0
[state-dump] Number of total spilled leases: 0
[state-dump] Number of spilled waiting leases: 0
[state-dump] Number of spilled unschedulable leases: 0
[state-dump] Resource usage {
[state-dump] }
[state-dump] Backlog Size per scheduling descriptor :{workerId: num backlogs}:
[state-dump] 
[state-dump] Granted leases by scheduling class:
[state-dump] ==================================================
[state-dump] 
[state-dump] ClusterResources:
[state-dump] LocalObjectManager:
[state-dump] - num pinned objects: 0
[state-dump] - pinned objects size: 0
[state-dump] - num objects pending restore: 0
[state-dump] - num objects pending spill: 0
[state-dump] - num bytes pending spill: 0
[state-dump] - num bytes currently spilled: 0
[state-dump] - cumulative spill requests: 0
[state-dump] - cumulative restore requests: 0
[state-dump] - spilled objects pending delete: 0
[state-dump] 
[state-dump] ObjectManager:
[state-dump] - num local objects: 0
[state-dump] - num unfulfilled push requests: 0
[state-dump] - num object pull requests: 0
[state-dump] - num chunks received total: 0
[state-dump] - num chunks received failed (all): 0
[state-dump] - num chunks received failed / cancelled: 0
[state-dump] - num chunks received failed / plasma error: 0
[state-dump] Event stats:
[state-dump] Global stats: 0 total (0 active)
[state-dump] Queueing time: mean = -nanms, max = -0.00ms, min = 9223372036854.78ms, total = 0.00ms
[state-dump] Execution time:  mean = -nanms, total = 0.00ms
[state-dump] Event stats:
[state-dump] PushManager:
[state-dump] - num pushes remaining: 0
[state-dump] - num chunks in flight: 0
[state-dump] - num chunks remaining: 0
[state-dump] - max chunks allowed: 409
[state-dump] OwnershipBasedObjectDirectory:
[state-dump] - num listeners: 0
[state-dump] - cumulative location updates: 0
[state-dump] - num location updates per second: 0.000
[state-dump] - num location lookups per second: 0.000
[state-dump] - num locations added per second: 0.000
[state-dump] - num locations removed per second: 0.000
[state-dump] BufferPool:
[state-dump] - create buffer state map size: 0
[state-dump] PullManager:
[state-dump] - num bytes available for pulled objects: 20081730355
[state-dump] - num bytes being pulled (all): 0
[state-dump] - num bytes being pulled / pinned: 0
[state-dump] - get request bundles: BundlePullRequestQueue{0 total, 0 active, 0 inactive, 0 unpullable}
[state-dump] - wait request bundles: BundlePullRequestQueue{0 total, 0 active, 0 inactive, 0 unpullable}
[state-dump] - task request bundles: BundlePullRequestQueue{0 total, 0 active, 0 inactive, 0 unpullable}
[state-dump] - first get request bundle: N/A
[state-dump] - first wait request bundle: N/A
[state-dump] - first task request bundle: N/A
[state-dump] - num objects queued: 0
[state-dump] - num objects actively pulled (all): 0
[state-dump] - num objects actively pulled / pinned: 0
[state-dump] - num bundles being pulled: 0
[state-dump] - num pull retries: 0
[state-dump] - max timeout seconds: 0
[state-dump] - max timeout request is already processed. No entry.
[state-dump] 
[state-dump] WorkerPool:
[state-dump] - registered jobs: 1
[state-dump] - process_failed_job_config_missing: 0
[state-dump] - process_failed_rate_limited: 0
[state-dump] - process_failed_pending_registration: 192
[state-dump] - process_failed_runtime_env_setup_failed: 0
[state-dump] - num JAVA workers: 0
[state-dump] - num JAVA drivers: 0
[state-dump] - num JAVA pending start requests: 0
[state-dump] - num JAVA pending registration requests: 0
[state-dump] - num object spill callbacks queued: 0
[state-dump] - num object restore queued: 0
[state-dump] - num util functions queued: 0
[state-dump] - num PYTHON workers: 0
[state-dump] - num PYTHON drivers: 1
[state-dump] - num PYTHON pending start requests: 0
[state-dump] - num PYTHON pending registration requests: 0
[state-dump] - num object spill callbacks queued: 0
[state-dump] - num object restore queued: 0
[state-dump] - num util functions queued: 0
[state-dump] - num idle workers: 0
[state-dump] LeaseDependencyManager:
[state-dump] - lease deps map size: 0
[state-dump] - get req map size: 0
[state-dump] - wait req map size: 0
[state-dump] - local objects map size: 0
[state-dump] WaitManager:
[state-dump] - num active wait requests: 0
[state-dump] Subscriber:
[state-dump] Channel WORKER_OBJECT_LOCATIONS_CHANNEL
[state-dump] - cumulative subscribe requests: 0
[state-dump] - cumulative unsubscribe requests: 0
[state-dump] - active subscribed publishers: 0
[state-dump] - cumulative published messages: 0
[state-dump] - cumulative processed messages: 0
[state-dump] Channel WORKER_OBJECT_EVICTION
[state-dump] - cumulative subscribe requests: 0
[state-dump] - cumulative unsubscribe requests: 0
[state-dump] - active subscribed publishers: 0
[state-dump] - cumulative published messages: 0
[state-dump] - cumulative processed messages: 0
[state-dump] Channel WORKER_REF_REMOVED_CHANNEL
[state-dump] - cumulative subscribe requests: 0
[state-dump] - cumulative unsubscribe requests: 0
[state-dump] - active subscribed publishers: 0
[state-dump] - cumulative published messages: 0
[state-dump] - cumulative processed messages: 0
[state-dump] num async plasma notifications: 0
[state-dump] Event stats:
[state-dump] Global stats: 114924 total (16 active)
[state-dump] Queueing time: mean = 0.93ms, max = 3643.96ms, min = -95.24ms, total = 107400.16ms
[state-dump] Execution time:  mean = 21.14ms, total = 2429652.97ms
[state-dump] Event stats:
[state-dump] 	NodeManager.CheckGC - 25060 total (1 active), Execution time: mean = 0.01ms, total = 144.14ms, Queueing time: mean = 0.56ms, max = 3444.74ms, min = -95.24ms, total = 14056.07ms
[state-dump] 	RaySyncer.OnDemandBroadcasting - 25060 total (1 active), Execution time: mean = 0.01ms, total = 177.39ms, Queueing time: mean = 0.56ms, max = 3444.73ms, min = -0.02ms, total = 14026.01ms
[state-dump] 	ObjectManager.UpdateAvailableMemory - 25059 total (0 active), Execution time: mean = 0.00ms, total = 36.32ms, Queueing time: mean = 0.08ms, max = 100.68ms, min = 0.00ms, total = 2044.91ms
[state-dump] 	RayletWorkerPool.deadline_timer.kill_idle_workers - 12560 total (1 active), Execution time: mean = 0.00ms, total = 43.96ms, Queueing time: mean = 0.65ms, max = 3350.40ms, min = -0.03ms, total = 8180.59ms
[state-dump] 	MemoryMonitor.CheckIsMemoryUsageAboveThreshold - 9925 total (1 active), Execution time: mean = 2.93ms, total = 29048.53ms, Queueing time: mean = 1.01ms, max = 3291.29ms, min = -0.05ms, total = 10043.84ms
[state-dump] 	NodeManagerService.grpc_server.GetResourceLoad - 2518 total (0 active), Execution time: mean = 3.97ms, total = 10004.90ms, Queueing time: mean = 0.00ms, max = -0.00ms, min = 9223372036854.78ms, total = 0.00ms
[state-dump] 	NodeManagerService.grpc_server.GetResourceLoad.HandleRequestImpl - 2518 total (0 active), Execution time: mean = 0.12ms, total = 311.41ms, Queueing time: mean = 3.17ms, max = 3203.58ms, min = 0.01ms, total = 7980.33ms
[state-dump] 	NodeManager.deadline_timer.flush_free_objects - 2517 total (1 active), Execution time: mean = 0.00ms, total = 8.02ms, Queueing time: mean = 1.52ms, max = 2642.08ms, min = 0.00ms, total = 3829.41ms
[state-dump] 	NodeManager.CheckForUnexpectedWorkerDisconnects - 2517 total (1 active), Execution time: mean = 0.04ms, total = 112.84ms, Queueing time: mean = 1.48ms, max = 2644.57ms, min = -0.01ms, total = 3727.79ms
[state-dump] 	NodeManager.ScheduleAndGrantLeases - 2517 total (1 active), Execution time: mean = 0.01ms, total = 21.31ms, Queueing time: mean = 1.52ms, max = 2644.57ms, min = 0.00ms, total = 3816.95ms
[state-dump] 	NodeManager.deadline_timer.spill_objects_when_over_threshold - 2517 total (1 active), Execution time: mean = 0.00ms, total = 5.89ms, Queueing time: mean = 1.52ms, max = 2642.10ms, min = 0.00ms, total = 3831.65ms
[state-dump] 	ClusterResourceManager.ResetRemoteNodeView - 840 total (1 active), Execution time: mean = 0.00ms, total = 2.97ms, Queueing time: mean = 2.22ms, max = 1645.70ms, min = 0.01ms, total = 1867.88ms
[state-dump] 	NodeManager.deadline_timer.record_metrics - 504 total (1 active), Execution time: mean = 0.47ms, total = 237.00ms, Queueing time: mean = 0.90ms, max = 99.31ms, min = -0.00ms, total = 453.05ms
[state-dump] 	event_loop_lag_probe - 253 total (0 active), Execution time: mean = 0.01ms, total = 3.69ms, Queueing time: mean = 0.05ms, max = 6.45ms, min = 0.00ms, total = 13.56ms
[state-dump] 	NodeManager.deadline_timer.debug_state_dump - 252 total (1 active), Execution time: mean = 1.56ms, total = 392.82ms, Queueing time: mean = 0.62ms, max = 96.66ms, min = 0.01ms, total = 156.16ms
[state-dump] 	NodeManager.GcsCheckAlive - 42 total (1 active), Execution time: mean = 0.24ms, total = 10.11ms, Queueing time: mean = 3.66ms, max = 98.32ms, min = 0.40ms, total = 153.68ms
[state-dump] 	ray::rpc::NodeInfoGcsService.grpc_client.CheckAlive - 42 total (0 active), Execution time: mean = 1.95ms, total = 81.81ms, Queueing time: mean = 0.00ms, max = -0.00ms, min = 9223372036854.78ms, total = 0.00ms
[state-dump] 	NodeManager.deadline_timer.print_event_loop_stats - 42 total (1 active, 1 running), Execution time: mean = 1.55ms, total = 65.08ms, Queueing time: mean = 2.35ms, max = 97.85ms, min = 0.01ms, total = 98.59ms
[state-dump] 	ray::rpc::NodeInfoGcsService.grpc_client.CheckAlive.OnReplyReceived - 42 total (0 active), Execution time: mean = 0.04ms, total = 1.68ms, Queueing time: mean = 0.02ms, max = 0.14ms, min = 0.01ms, total = 1.04ms
[state-dump] 	ReporterService.grpc_client.HealthCheck.OnReplyReceived - 31 total (0 active), Execution time: mean = 0.12ms, total = 3.62ms, Queueing time: mean = 0.17ms, max = 1.08ms, min = 0.01ms, total = 5.28ms
[state-dump] 	ReporterService.grpc_client.HealthCheck - 31 total (0 active), Execution time: mean = 19.15ms, total = 593.71ms, Queueing time: mean = 0.00ms, max = -0.00ms, min = 9223372036854.78ms, total = 0.00ms
[state-dump] 	MetricsAgentClient.WaitForServerReadyWithRetry - 30 total (0 active), Execution time: mean = 0.31ms, total = 9.18ms, Queueing time: mean = 1101.58ms, max = 3643.96ms, min = 1000.02ms, total = 33047.26ms
[state-dump] 	PeriodicalRunner.RunFnPeriodically - 14 total (0 active), Execution time: mean = 0.23ms, total = 3.29ms, Queueing time: mean = 4.55ms, max = 12.98ms, min = 0.09ms, total = 63.65ms
[state-dump] 	ray::rpc::InternalPubSubGcsService.grpc_client.GcsSubscriberPoll - 5 total (1 active), Execution time: mean = 476952.21ms, total = 2384761.05ms, Queueing time: mean = 0.00ms, max = -0.00ms, min = 9223372036854.78ms, total = 0.00ms
[state-dump] 	ray::rpc::InternalPubSubGcsService.grpc_client.GcsSubscriberPoll.OnReplyReceived - 4 total (0 active), Execution time: mean = 0.37ms, total = 1.47ms, Queueing time: mean = 0.03ms, max = 0.03ms, min = 0.02ms, total = 0.11ms
[state-dump] 	NodeManager.GCTaskFailureReason - 3 total (1 active), Execution time: mean = 0.00ms, total = 0.01ms, Queueing time: mean = 0.01ms, max = 0.02ms, min = 0.02ms, total = 0.04ms
[state-dump] 	RaySyncerRegister - 2 total (0 active), Execution time: mean = 0.00ms, total = 0.01ms, Queueing time: mean = 0.00ms, max = 0.00ms, min = 0.00ms, total = 0.00ms
[state-dump] 	ray::rpc::InternalPubSubGcsService.grpc_client.GcsSubscriberCommandBatch - 2 total (0 active), Execution time: mean = 0.92ms, total = 1.84ms, Queueing time: mean = 0.00ms, max = -0.00ms, min = 9223372036854.78ms, total = 0.00ms
[state-dump] 	ray::rpc::InternalPubSubGcsService.grpc_client.GcsSubscriberCommandBatch.OnReplyReceived - 2 total (0 active), Execution time: mean = 0.10ms, total = 0.20ms, Queueing time: mean = 1.08ms, max = 2.01ms, min = 0.15ms, total = 2.16ms
[state-dump] 	ClientConnection.async_read.ProcessMessageHeader - 2 total (1 active), Execution time: mean = 0.00ms, total = 0.01ms, Queueing time: mean = 0.01ms, max = 0.02ms, min = 0.02ms, total = 0.02ms
[state-dump] 	ray::rpc::InternalKVGcsService.grpc_client.GetInternalConfig.OnReplyReceived - 1 total (0 active), Execution time: mean = 24.53ms, total = 24.53ms, Queueing time: mean = 0.03ms, max = 0.03ms, min = 0.03ms, total = 0.03ms
[state-dump] 	ray::rpc::InternalKVGcsService.grpc_client.GetInternalConfig - 1 total (0 active), Execution time: mean = 1.38ms, total = 1.38ms, Queueing time: mean = 0.00ms, max = -0.00ms, min = 9223372036854.78ms, total = 0.00ms
[state-dump] 	ray::rpc::NodeInfoGcsService.grpc_client.GetAllNodeAddressAndLiveness.OnReplyReceived - 1 total (0 active), Execution time: mean = 0.15ms, total = 0.15ms, Queueing time: mean = 0.01ms, max = 0.01ms, min = 0.01ms, total = 0.01ms
[state-dump] 	NodeManagerService.grpc_server.GetSystemConfig.HandleRequestImpl - 1 total (0 active), Execution time: mean = 0.09ms, total = 0.09ms, Queueing time: mean = 0.02ms, max = 0.02ms, min = 0.02ms, total = 0.02ms
[state-dump] 	ray::rpc::NodeInfoGcsService.grpc_client.RegisterNode - 1 total (0 active), Execution time: mean = 1.29ms, total = 1.29ms, Queueing time: mean = 0.00ms, max = -0.00ms, min = 9223372036854.78ms, total = 0.00ms
[state-dump] 	ClientConnection.async_read.ProcessMessage - 1 total (0 active), Execution time: mean = 3538.24ms, total = 3538.24ms, Queueing time: mean = 0.01ms, max = 0.01ms, min = 0.01ms, total = 0.01ms
[state-dump] 	ray::rpc::NodeInfoGcsService.grpc_client.RegisterNode.OnReplyReceived - 1 total (0 active), Execution time: mean = 0.68ms, total = 0.68ms, Queueing time: mean = 0.05ms, max = 0.05ms, min = 0.05ms, total = 0.05ms
[state-dump] 	NodeManagerService.grpc_server.GetSystemConfig - 1 total (0 active), Execution time: mean = 0.65ms, total = 0.65ms, Queueing time: mean = 0.00ms, max = -0.00ms, min = 9223372036854.78ms, total = 0.00ms
[state-dump] 	ray::rpc::JobInfoGcsService.grpc_client.GetAllJobInfo - 1 total (0 active), Execution time: mean = 0.76ms, total = 0.76ms, Queueing time: mean = 0.00ms, max = -0.00ms, min = 9223372036854.78ms, total = 0.00ms
[state-dump] 	ray::rpc::JobInfoGcsService.grpc_client.GetAllJobInfo.OnReplyReceived - 1 total (0 active), Execution time: mean = 0.03ms, total = 0.03ms, Queueing time: mean = 0.01ms, max = 0.01ms, min = 0.01ms, total = 0.01ms
[state-dump] 	 - 1 total (0 active), Execution time: mean = 0.00ms, total = 0.00ms, Queueing time: mean = 0.02ms, max = 0.02ms, min = 0.02ms, total = 0.02ms
[state-dump] 	RaySyncer.BroadcastMessage - 1 total (0 active), Execution time: mean = 0.09ms, total = 0.09ms, Queueing time: mean = 0.00ms, max = 0.00ms, min = 0.00ms, total = 0.00ms
[state-dump] 	ray::rpc::NodeInfoGcsService.grpc_client.GetAllNodeAddressAndLiveness - 1 total (0 active), Execution time: mean = 0.85ms, total = 0.85ms, Queueing time: mean = 0.00ms, max = -0.00ms, min = 9223372036854.78ms, total = 0.00ms
[state-dump] DebugString() time ms: 1
[state-dump] 
[state-dump] 
[2026-06-04 23:11:24,132 I 859 892] (raylet) store.cc:573: Plasma store debug dump: 
Current usage: 0 / 20.0817 GB
- num bytes created total: 0
0 pending objects of total size 0MB
- objects spillable: 0
- bytes spillable: 0
- objects unsealed: 0
- bytes unsealed: 0
- objects in use: 0
- bytes in use: 0
- objects evictable: 0
- bytes evictable: 0

- objects created by worker: 0
- bytes created by worker: 0
- objects restored: 0
- bytes restored: 0
- objects received: 0
- bytes received: 0
- objects errored: 0
- bytes errored: 0

[2026-06-04 23:11:24,316 I 859 859] (raylet) node_manager.cc:424: [state-dump] NodeManager:
[state-dump] Node ID: 11e184b7641b47dd66e5366c42f7fe51cb28f4bab1ca7ef8847590e4
[state-dump] Node name: 172.16.254.232
[state-dump] InitialConfigResources: {node:__internal_head__: 1, CPU: 192, node:172.16.254.232: 1, object_store_memory: 2.00817e+10, memory: 4.68574e+10}
[state-dump] ClusterLeaseManager:
[state-dump] ========== Node: 11e184b7641b47dd66e5366c42f7fe51cb28f4bab1ca7ef8847590e4 =================
[state-dump] Infeasible queue length: 0
[state-dump] Schedule queue length: 0
[state-dump] Grant queue length: 0
[state-dump] num_waiting_for_resource: 0
[state-dump] num_waiting_for_plasma_memory: 0
[state-dump] num_waiting_for_remote_node_resources: 0
[state-dump] num_worker_not_started_by_job_config_not_exist: 0
[state-dump] num_worker_not_started_by_registration_timeout: 0
[state-dump] num_tasks_waiting_for_workers: 0
[state-dump] num_cancelled_leases: 0
[state-dump] cluster_resource_scheduler state: 
[state-dump] Local id: 1457234449467745066 Local resources: {"total":{object_store_memory: [200817303550000], node:__internal_head__: [10000], memory: [468573708290000], CPU: [1920000], node:172.16.254.232: [10000]}}, "available": {memory: [468573708290000], CPU: [1920000], node:172.16.254.232: [10000], object_store_memory: [200817303550000], node:__internal_head__: [10000]}}, "labels":{"ray.io/node-id":"11e184b7641b47dd66e5366c42f7fe51cb28f4bab1ca7ef8847590e4",} is_draining: 0 is_idle: 1 Cluster resources (at most 20 nodes are shown): node id: 1457234449467745066{"total":{node:172.16.254.232: 10000, node:__internal_head__: 10000, memory: 468573708290000, object_store_memory: 200817303550000, CPU: 1920000}}, "available": {node:172.16.254.232: 10000, node:__internal_head__: 10000, memory: 468573708290000, CPU: 1920000, object_store_memory: 200817303550000}}, "labels":{"ray.io/node-id":"11e184b7641b47dd66e5366c42f7fe51cb28f4bab1ca7ef8847590e4",}, "is_draining": 0, "draining_deadline_timestamp_ms": -1} { "placement group locations": [], "node to bundles": []}
[state-dump] Waiting leases size: 0
[state-dump] Number of granted lease arguments: 0
[state-dump] Number of pinned lease arguments: 0
[state-dump] Number of total spilled leases: 0
[state-dump] Number of spilled waiting leases: 0
[state-dump] Number of spilled unschedulable leases: 0
[state-dump] Resource usage {
[state-dump] }
[state-dump] Backlog Size per scheduling descriptor :{workerId: num backlogs}:
[state-dump] 
[state-dump] Granted leases by scheduling class:
[state-dump] ==================================================
[state-dump] 
[state-dump] ClusterResources:
[state-dump] LocalObjectManager:
[state-dump] - num pinned objects: 0
[state-dump] - pinned objects size: 0
[state-dump] - num objects pending restore: 0
[state-dump] - num objects pending spill: 0
[state-dump] - num bytes pending spill: 0
[state-dump] - num bytes currently spilled: 0
[state-dump] - cumulative spill requests: 0
[state-dump] - cumulative restore requests: 0
[state-dump] - spilled objects pending delete: 0
[state-dump] 
[state-dump] ObjectManager:
[state-dump] - num local objects: 0
[state-dump] - num unfulfilled push requests: 0
[state-dump] - num object pull requests: 0
[state-dump] - num chunks received total: 0
[state-dump] - num chunks received failed (all): 0
[state-dump] - num chunks received failed / cancelled: 0
[state-dump] - num chunks received failed / plasma error: 0
[state-dump] Event stats:
[state-dump] Global stats: 0 total (0 active)
[state-dump] Queueing time: mean = -nanms, max = -0.00ms, min = 9223372036854.78ms, total = 0.00ms
[state-dump] Execution time:  mean = -nanms, total = 0.00ms
[state-dump] Event stats:
[state-dump] PushManager:
[state-dump] - num pushes remaining: 0
[state-dump] - num chunks in flight: 0
[state-dump] - num chunks remaining: 0
[state-dump] - max chunks allowed: 409
[state-dump] OwnershipBasedObjectDirectory:
[state-dump] - num listeners: 0
[state-dump] - cumulative location updates: 0
[state-dump] - num location updates per second: 0.000
[state-dump] - num location lookups per second: 0.000
[state-dump] - num locations added per second: 0.000
[state-dump] - num locations removed per second: 0.000
[state-dump] BufferPool:
[state-dump] - create buffer state map size: 0
[state-dump] PullManager:
[state-dump] - num bytes available for pulled objects: 20081730355
[state-dump] - num bytes being pulled (all): 0
[state-dump] - num bytes being pulled / pinned: 0
[state-dump] - get request bundles: BundlePullRequestQueue{0 total, 0 active, 0 inactive, 0 unpullable}
[state-dump] - wait request bundles: BundlePullRequestQueue{0 total, 0 active, 0 inactive, 0 unpullable}
[state-dump] - task request bundles: BundlePullRequestQueue{0 total, 0 active, 0 inactive, 0 unpullable}
[state-dump] - first get request bundle: N/A
[state-dump] - first wait request bundle: N/A
[state-dump] - first task request bundle: N/A
[state-dump] - num objects queued: 0
[state-dump] - num objects actively pulled (all): 0
[state-dump] - num objects actively pulled / pinned: 0
[state-dump] - num bundles being pulled: 0
[state-dump] - num pull retries: 0
[state-dump] - max timeout seconds: 0
[state-dump] - max timeout request is already processed. No entry.
[state-dump] 
[state-dump] WorkerPool:
[state-dump] - registered jobs: 1
[state-dump] - process_failed_job_config_missing: 0
[state-dump] - process_failed_rate_limited: 0
[state-dump] - process_failed_pending_registration: 192
[state-dump] - process_failed_runtime_env_setup_failed: 0
[state-dump] - num JAVA workers: 0
[state-dump] - num JAVA drivers: 0
[state-dump] - num JAVA pending start requests: 0
[state-dump] - num JAVA pending registration requests: 0
[state-dump] - num object spill callbacks queued: 0
[state-dump] - num object restore queued: 0
[state-dump] - num util functions queued: 0
[state-dump] - num PYTHON workers: 0
[state-dump] - num PYTHON drivers: 1
[state-dump] - num PYTHON pending start requests: 0
[state-dump] - num PYTHON pending registration requests: 0
[state-dump] - num object spill callbacks queued: 0
[state-dump] - num object restore queued: 0
[state-dump] - num util functions queued: 0
[state-dump] - num idle workers: 0
[state-dump] LeaseDependencyManager:
[state-dump] - lease deps map size: 0
[state-dump] - get req map size: 0
[state-dump] - wait req map size: 0
[state-dump] - local objects map size: 0
[state-dump] WaitManager:
[state-dump] - num active wait requests: 0
[state-dump] Subscriber:
[state-dump] Channel WORKER_OBJECT_LOCATIONS_CHANNEL
[state-dump] - cumulative subscribe requests: 0
[state-dump] - cumulative unsubscribe requests: 0
[state-dump] - active subscribed publishers: 0
[state-dump] - cumulative published messages: 0
[state-dump] - cumulative processed messages: 0
[state-dump] Channel WORKER_OBJECT_EVICTION
[state-dump] - cumulative subscribe requests: 0
[state-dump] - cumulative unsubscribe requests: 0
[state-dump] - active subscribed publishers: 0
[state-dump] - cumulative published messages: 0
[state-dump] - cumulative processed messages: 0
[state-dump] Channel WORKER_REF_REMOVED_CHANNEL
[state-dump] - cumulative subscribe requests: 0
[state-dump] - cumulative unsubscribe requests: 0
[state-dump] - active subscribed publishers: 0
[state-dump] - cumulative published messages: 0
[state-dump] - cumulative processed messages: 0
[state-dump] num async plasma notifications: 0
[state-dump] Event stats:
[state-dump] Global stats: 117670 total (16 active)
[state-dump] Queueing time: mean = 0.91ms, max = 3643.96ms, min = -95.24ms, total = 107514.57ms
[state-dump] Execution time:  mean = 20.65ms, total = 2430244.20ms
[state-dump] Event stats:
[state-dump] 	NodeManager.CheckGC - 25660 total (1 active), Execution time: mean = 0.01ms, total = 145.26ms, Queueing time: mean = 0.55ms, max = 3444.74ms, min = -95.24ms, total = 14093.67ms
[state-dump] 	RaySyncer.OnDemandBroadcasting - 25660 total (1 active), Execution time: mean = 0.01ms, total = 179.28ms, Queueing time: mean = 0.55ms, max = 3444.73ms, min = -0.02ms, total = 14062.92ms
[state-dump] 	ObjectManager.UpdateAvailableMemory - 25659 total (0 active), Execution time: mean = 0.00ms, total = 37.13ms, Queueing time: mean = 0.08ms, max = 100.68ms, min = 0.00ms, total = 2055.22ms
[state-dump] 	RayletWorkerPool.deadline_timer.kill_idle_workers - 12860 total (1 active), Execution time: mean = 0.00ms, total = 44.89ms, Queueing time: mean = 0.64ms, max = 3350.40ms, min = -0.03ms, total = 8194.18ms
[state-dump] 	MemoryMonitor.CheckIsMemoryUsageAboveThreshold - 10163 total (1 active), Execution time: mean = 2.91ms, total = 29579.89ms, Queueing time: mean = 0.99ms, max = 3291.29ms, min = -0.05ms, total = 10048.49ms
[state-dump] 	NodeManagerService.grpc_server.GetResourceLoad - 2578 total (0 active), Execution time: mean = 3.89ms, total = 10035.30ms, Queueing time: mean = 0.00ms, max = -0.00ms, min = 9223372036854.78ms, total = 0.00ms
[state-dump] 	NodeManagerService.grpc_server.GetResourceLoad.HandleRequestImpl - 2578 total (0 active), Execution time: mean = 0.12ms, total = 318.89ms, Queueing time: mean = 3.10ms, max = 3203.58ms, min = 0.01ms, total = 7983.28ms
[state-dump] 	NodeManager.deadline_timer.flush_free_objects - 2577 total (1 active), Execution time: mean = 0.00ms, total = 8.21ms, Queueing time: mean = 1.49ms, max = 2642.08ms, min = 0.00ms, total = 3830.57ms
[state-dump] 	NodeManager.CheckForUnexpectedWorkerDisconnects - 2577 total (1 active), Execution time: mean = 0.04ms, total = 113.33ms, Queueing time: mean = 1.45ms, max = 2644.57ms, min = -0.01ms, total = 3728.64ms
[state-dump] 	NodeManager.ScheduleAndGrantLeases - 2577 total (1 active), Execution time: mean = 0.01ms, total = 21.74ms, Queueing time: mean = 1.48ms, max = 2644.57ms, min = 0.00ms, total = 3819.84ms
[state-dump] 	NodeManager.deadline_timer.spill_objects_when_over_threshold - 2577 total (1 active), Execution time: mean = 0.00ms, total = 6.02ms, Queueing time: mean = 1.49ms, max = 2642.10ms, min = 0.00ms, total = 3832.87ms
[state-dump] 	ClusterResourceManager.ResetRemoteNodeView - 860 total (1 active), Execution time: mean = 0.00ms, total = 3.04ms, Queueing time: mean = 2.17ms, max = 1645.70ms, min = 0.01ms, total = 1868.26ms
[state-dump] 	NodeManager.deadline_timer.record_metrics - 516 total (1 active), Execution time: mean = 0.47ms, total = 242.86ms, Queueing time: mean = 0.88ms, max = 99.31ms, min = -0.00ms, total = 453.30ms
[state-dump] 	event_loop_lag_probe - 259 total (0 active), Execution time: mean = 0.01ms, total = 3.77ms, Queueing time: mean = 0.05ms, max = 6.45ms, min = 0.00ms, total = 13.59ms
[state-dump] 	NodeManager.deadline_timer.debug_state_dump - 258 total (1 active), Execution time: mean = 1.55ms, total = 399.90ms, Queueing time: mean = 0.61ms, max = 96.66ms, min = 0.01ms, total = 156.26ms
[state-dump] 	NodeManager.GcsCheckAlive - 43 total (1 active), Execution time: mean = 0.24ms, total = 10.36ms, Queueing time: mean = 3.61ms, max = 98.32ms, min = 0.40ms, total = 155.13ms
[state-dump] 	ray::rpc::NodeInfoGcsService.grpc_client.CheckAlive - 43 total (0 active), Execution time: mean = 1.92ms, total = 82.74ms, Queueing time: mean = 0.00ms, max = -0.00ms, min = 9223372036854.78ms, total = 0.00ms
[state-dump] 	NodeManager.deadline_timer.print_event_loop_stats - 43 total (1 active, 1 running), Execution time: mean = 1.55ms, total = 66.78ms, Queueing time: mean = 2.29ms, max = 97.85ms, min = 0.01ms, total = 98.61ms
[state-dump] 	ray::rpc::NodeInfoGcsService.grpc_client.CheckAlive.OnReplyReceived - 43 total (0 active), Execution time: mean = 0.04ms, total = 1.72ms, Queueing time: mean = 0.02ms, max = 0.14ms, min = 0.01ms, total = 1.06ms
[state-dump] 	ReporterService.grpc_client.HealthCheck.OnReplyReceived - 31 total (0 active), Execution time: mean = 0.12ms, total = 3.62ms, Queueing time: mean = 0.17ms, max = 1.08ms, min = 0.01ms, total = 5.28ms
[state-dump] 	ReporterService.grpc_client.HealthCheck - 31 total (0 active), Execution time: mean = 19.15ms, total = 593.71ms, Queueing time: mean = 0.00ms, max = -0.00ms, min = 9223372036854.78ms, total = 0.00ms
[state-dump] 	MetricsAgentClient.WaitForServerReadyWithRetry - 30 total (0 active), Execution time: mean = 0.31ms, total = 9.18ms, Queueing time: mean = 1101.58ms, max = 3643.96ms, min = 1000.02ms, total = 33047.26ms
[state-dump] 	PeriodicalRunner.RunFnPeriodically - 14 total (0 active), Execution time: mean = 0.23ms, total = 3.29ms, Queueing time: mean = 4.55ms, max = 12.98ms, min = 0.09ms, total = 63.65ms
[state-dump] 	ray::rpc::InternalPubSubGcsService.grpc_client.GcsSubscriberPoll - 5 total (1 active), Execution time: mean = 476952.21ms, total = 2384761.05ms, Queueing time: mean = 0.00ms, max = -0.00ms, min = 9223372036854.78ms, total = 0.00ms
[state-dump] 	ray::rpc::InternalPubSubGcsService.grpc_client.GcsSubscriberPoll.OnReplyReceived - 4 total (0 active), Execution time: mean = 0.37ms, total = 1.47ms, Queueing time: mean = 0.03ms, max = 0.03ms, min = 0.02ms, total = 0.11ms
[state-dump] 	NodeManager.GCTaskFailureReason - 3 total (1 active), Execution time: mean = 0.00ms, total = 0.01ms, Queueing time: mean = 0.01ms, max = 0.02ms, min = 0.02ms, total = 0.04ms
[state-dump] 	RaySyncerRegister - 2 total (0 active), Execution time: mean = 0.00ms, total = 0.01ms, Queueing time: mean = 0.00ms, max = 0.00ms, min = 0.00ms, total = 0.00ms
[state-dump] 	ray::rpc::InternalPubSubGcsService.grpc_client.GcsSubscriberCommandBatch - 2 total (0 active), Execution time: mean = 0.92ms, total = 1.84ms, Queueing time: mean = 0.00ms, max = -0.00ms, min = 9223372036854.78ms, total = 0.00ms
[state-dump] 	ray::rpc::InternalPubSubGcsService.grpc_client.GcsSubscriberCommandBatch.OnReplyReceived - 2 total (0 active), Execution time: mean = 0.10ms, total = 0.20ms, Queueing time: mean = 1.08ms, max = 2.01ms, min = 0.15ms, total = 2.16ms
[state-dump] 	ClientConnection.async_read.ProcessMessageHeader - 2 total (1 active), Execution time: mean = 0.00ms, total = 0.01ms, Queueing time: mean = 0.01ms, max = 0.02ms, min = 0.02ms, total = 0.02ms
[state-dump] 	ray::rpc::InternalKVGcsService.grpc_client.GetInternalConfig.OnReplyReceived - 1 total (0 active), Execution time: mean = 24.53ms, total = 24.53ms, Queueing time: mean = 0.03ms, max = 0.03ms, min = 0.03ms, total = 0.03ms
[state-dump] 	ray::rpc::InternalKVGcsService.grpc_client.GetInternalConfig - 1 total (0 active), Execution time: mean = 1.38ms, total = 1.38ms, Queueing time: mean = 0.00ms, max = -0.00ms, min = 9223372036854.78ms, total = 0.00ms
[state-dump] 	ray::rpc::NodeInfoGcsService.grpc_client.GetAllNodeAddressAndLiveness.OnReplyReceived - 1 total (0 active), Execution time: mean = 0.15ms, total = 0.15ms, Queueing time: mean = 0.01ms, max = 0.01ms, min = 0.01ms, total = 0.01ms
[state-dump] 	NodeManagerService.grpc_server.GetSystemConfig.HandleRequestImpl - 1 total (0 active), Execution time: mean = 0.09ms, total = 0.09ms, Queueing time: mean = 0.02ms, max = 0.02ms, min = 0.02ms, total = 0.02ms
[state-dump] 	ray::rpc::NodeInfoGcsService.grpc_client.RegisterNode - 1 total (0 active), Execution time: mean = 1.29ms, total = 1.29ms, Queueing time: mean = 0.00ms, max = -0.00ms, min = 9223372036854.78ms, total = 0.00ms
[state-dump] 	ClientConnection.async_read.ProcessMessage - 1 total (0 active), Execution time: mean = 3538.24ms, total = 3538.24ms, Queueing time: mean = 0.01ms, max = 0.01ms, min = 0.01ms, total = 0.01ms
[state-dump] 	ray::rpc::NodeInfoGcsService.grpc_client.RegisterNode.OnReplyReceived - 1 total (0 active), Execution time: mean = 0.68ms, total = 0.68ms, Queueing time: mean = 0.05ms, max = 0.05ms, min = 0.05ms, total = 0.05ms
[state-dump] 	NodeManagerService.grpc_server.GetSystemConfig - 1 total (0 active), Execution time: mean = 0.65ms, total = 0.65ms, Queueing time: mean = 0.00ms, max = -0.00ms, min = 9223372036854.78ms, total = 0.00ms
[state-dump] 	ray::rpc::JobInfoGcsService.grpc_client.GetAllJobInfo - 1 total (0 active), Execution time: mean = 0.76ms, total = 0.76ms, Queueing time: mean = 0.00ms, max = -0.00ms, min = 9223372036854.78ms, total = 0.00ms
[state-dump] 	ray::rpc::JobInfoGcsService.grpc_client.GetAllJobInfo.OnReplyReceived - 1 total (0 active), Execution time: mean = 0.03ms, total = 0.03ms, Queueing time: mean = 0.01ms, max = 0.01ms, min = 0.01ms, total = 0.01ms
[state-dump] 	 - 1 total (0 active), Execution time: mean = 0.00ms, total = 0.00ms, Queueing time: mean = 0.02ms, max = 0.02ms, min = 0.02ms, total = 0.02ms
[state-dump] 	RaySyncer.BroadcastMessage - 1 total (0 active), Execution time: mean = 0.09ms, total = 0.09ms, Queueing time: mean = 0.00ms, max = 0.00ms, min = 0.00ms, total = 0.00ms
[state-dump] 	ray::rpc::NodeInfoGcsService.grpc_client.GetAllNodeAddressAndLiveness - 1 total (0 active), Execution time: mean = 0.85ms, total = 0.85ms, Queueing time: mean = 0.00ms, max = -0.00ms, min = 9223372036854.78ms, total = 0.00ms
[state-dump] DebugString() time ms: 1
[state-dump] 
[state-dump] 
[2026-06-04 23:12:24,132 I 859 892] (raylet) store.cc:573: Plasma store debug dump: 
Current usage: 0 / 20.0817 GB
- num bytes created total: 0
0 pending objects of total size 0MB
- objects spillable: 0
- bytes spillable: 0
- objects unsealed: 0
- bytes unsealed: 0
- objects in use: 0
- bytes in use: 0
- objects evictable: 0
- bytes evictable: 0

- objects created by worker: 0
- bytes created by worker: 0
- objects restored: 0
- bytes restored: 0
- objects received: 0
- bytes received: 0
- objects errored: 0
- bytes errored: 0

[2026-06-04 23:12:24,316 I 859 859] (raylet) node_manager.cc:424: [state-dump] NodeManager:
[state-dump] Node ID: 11e184b7641b47dd66e5366c42f7fe51cb28f4bab1ca7ef8847590e4
[state-dump] Node name: 172.16.254.232
[state-dump] InitialConfigResources: {node:__internal_head__: 1, CPU: 192, node:172.16.254.232: 1, object_store_memory: 2.00817e+10, memory: 4.68574e+10}
[state-dump] ClusterLeaseManager:
[state-dump] ========== Node: 11e184b7641b47dd66e5366c42f7fe51cb28f4bab1ca7ef8847590e4 =================
[state-dump] Infeasible queue length: 0
[state-dump] Schedule queue length: 0
[state-dump] Grant queue length: 0
[state-dump] num_waiting_for_resource: 0
[state-dump] num_waiting_for_plasma_memory: 0
[state-dump] num_waiting_for_remote_node_resources: 0
[state-dump] num_worker_not_started_by_job_config_not_exist: 0
[state-dump] num_worker_not_started_by_registration_timeout: 0
[state-dump] num_tasks_waiting_for_workers: 0
[state-dump] num_cancelled_leases: 0
[state-dump] cluster_resource_scheduler state: 
[state-dump] Local id: 1457234449467745066 Local resources: {"total":{object_store_memory: [200817303550000], node:__internal_head__: [10000], memory: [468573708290000], CPU: [1920000], node:172.16.254.232: [10000]}}, "available": {memory: [468573708290000], CPU: [1920000], node:172.16.254.232: [10000], object_store_memory: [200817303550000], node:__internal_head__: [10000]}}, "labels":{"ray.io/node-id":"11e184b7641b47dd66e5366c42f7fe51cb28f4bab1ca7ef8847590e4",} is_draining: 0 is_idle: 1 Cluster resources (at most 20 nodes are shown): node id: 1457234449467745066{"total":{node:172.16.254.232: 10000, node:__internal_head__: 10000, memory: 468573708290000, object_store_memory: 200817303550000, CPU: 1920000}}, "available": {node:172.16.254.232: 10000, node:__internal_head__: 10000, memory: 468573708290000, CPU: 1920000, object_store_memory: 200817303550000}}, "labels":{"ray.io/node-id":"11e184b7641b47dd66e5366c42f7fe51cb28f4bab1ca7ef8847590e4",}, "is_draining": 0, "draining_deadline_timestamp_ms": -1} { "placement group locations": [], "node to bundles": []}
[state-dump] Waiting leases size: 0
[state-dump] Number of granted lease arguments: 0
[state-dump] Number of pinned lease arguments: 0
[state-dump] Number of total spilled leases: 0
[state-dump] Number of spilled waiting leases: 0
[state-dump] Number of spilled unschedulable leases: 0
[state-dump] Resource usage {
[state-dump] }
[state-dump] Backlog Size per scheduling descriptor :{workerId: num backlogs}:
[state-dump] 
[state-dump] Granted leases by scheduling class:
[state-dump] ==================================================
[state-dump] 
[state-dump] ClusterResources:
[state-dump] LocalObjectManager:
[state-dump] - num pinned objects: 0
[state-dump] - pinned objects size: 0
[state-dump] - num objects pending restore: 0
[state-dump] - num objects pending spill: 0
[state-dump] - num bytes pending spill: 0
[state-dump] - num bytes currently spilled: 0
[state-dump] - cumulative spill requests: 0
[state-dump] - cumulative restore requests: 0
[state-dump] - spilled objects pending delete: 0
[state-dump] 
[state-dump] ObjectManager:
[state-dump] - num local objects: 0
[state-dump] - num unfulfilled push requests: 0
[state-dump] - num object pull requests: 0
[state-dump] - num chunks received total: 0
[state-dump] - num chunks received failed (all): 0
[state-dump] - num chunks received failed / cancelled: 0
[state-dump] - num chunks received failed / plasma error: 0
[state-dump] Event stats:
[state-dump] Global stats: 0 total (0 active)
[state-dump] Queueing time: mean = -nanms, max = -0.00ms, min = 9223372036854.78ms, total = 0.00ms
[state-dump] Execution time:  mean = -nanms, total = 0.00ms
[state-dump] Event stats:
[state-dump] PushManager:
[state-dump] - num pushes remaining: 0
[state-dump] - num chunks in flight: 0
[state-dump] - num chunks remaining: 0
[state-dump] - max chunks allowed: 409
[state-dump] OwnershipBasedObjectDirectory:
[state-dump] - num listeners: 0
[state-dump] - cumulative location updates: 0
[state-dump] - num location updates per second: 0.000
[state-dump] - num location lookups per second: 0.000
[state-dump] - num locations added per second: 0.000
[state-dump] - num locations removed per second: 0.000
[state-dump] BufferPool:
[state-dump] - create buffer state map size: 0
[state-dump] PullManager:
[state-dump] - num bytes available for pulled objects: 20081730355
[state-dump] - num bytes being pulled (all): 0
[state-dump] - num bytes being pulled / pinned: 0
[state-dump] - get request bundles: BundlePullRequestQueue{0 total, 0 active, 0 inactive, 0 unpullable}
[state-dump] - wait request bundles: BundlePullRequestQueue{0 total, 0 active, 0 inactive, 0 unpullable}
[state-dump] - task request bundles: BundlePullRequestQueue{0 total, 0 active, 0 inactive, 0 unpullable}
[state-dump] - first get request bundle: N/A
[state-dump] - first wait request bundle: N/A
[state-dump] - first task request bundle: N/A
[state-dump] - num objects queued: 0
[state-dump] - num objects actively pulled (all): 0
[state-dump] - num objects actively pulled / pinned: 0
[state-dump] - num bundles being pulled: 0
[state-dump] - num pull retries: 0
[state-dump] - max timeout seconds: 0
[state-dump] - max timeout request is already processed. No entry.
[state-dump] 
[state-dump] WorkerPool:
[state-dump] - registered jobs: 1
[state-dump] - process_failed_job_config_missing: 0
[state-dump] - process_failed_rate_limited: 0
[state-dump] - process_failed_pending_registration: 192
[state-dump] - process_failed_runtime_env_setup_failed: 0
[state-dump] - num JAVA workers: 0
[state-dump] - num JAVA drivers: 0
[state-dump] - num JAVA pending start requests: 0
[state-dump] - num JAVA pending registration requests: 0
[state-dump] - num object spill callbacks queued: 0
[state-dump] - num object restore queued: 0
[state-dump] - num util functions queued: 0
[state-dump] - num PYTHON workers: 0
[state-dump] - num PYTHON drivers: 1
[state-dump] - num PYTHON pending start requests: 0
[state-dump] - num PYTHON pending registration requests: 0
[state-dump] - num object spill callbacks queued: 0
[state-dump] - num object restore queued: 0
[state-dump] - num util functions queued: 0
[state-dump] - num idle workers: 0
[state-dump] LeaseDependencyManager:
[state-dump] - lease deps map size: 0
[state-dump] - get req map size: 0
[state-dump] - wait req map size: 0
[state-dump] - local objects map size: 0
[state-dump] WaitManager:
[state-dump] - num active wait requests: 0
[state-dump] Subscriber:
[state-dump] Channel WORKER_OBJECT_LOCATIONS_CHANNEL
[state-dump] - cumulative subscribe requests: 0
[state-dump] - cumulative unsubscribe requests: 0
[state-dump] - active subscribed publishers: 0
[state-dump] - cumulative published messages: 0
[state-dump] - cumulative processed messages: 0
[state-dump] Channel WORKER_OBJECT_EVICTION
[state-dump] - cumulative subscribe requests: 0
[state-dump] - cumulative unsubscribe requests: 0
[state-dump] - active subscribed publishers: 0
[state-dump] - cumulative published messages: 0
[state-dump] - cumulative processed messages: 0
[state-dump] Channel WORKER_REF_REMOVED_CHANNEL
[state-dump] - cumulative subscribe requests: 0
[state-dump] - cumulative unsubscribe requests: 0
[state-dump] - active subscribed publishers: 0
[state-dump] - cumulative published messages: 0
[state-dump] - cumulative processed messages: 0
[state-dump] num async plasma notifications: 0
[state-dump] Event stats:
[state-dump] Global stats: 120416 total (16 active)
[state-dump] Queueing time: mean = 0.89ms, max = 3643.96ms, min = -95.24ms, total = 107592.68ms
[state-dump] Execution time:  mean = 20.19ms, total = 2430848.52ms
[state-dump] Event stats:
[state-dump] 	NodeManager.CheckGC - 26260 total (1 active), Execution time: mean = 0.01ms, total = 146.36ms, Queueing time: mean = 0.54ms, max = 3444.74ms, min = -95.24ms, total = 14113.82ms
[state-dump] 	RaySyncer.OnDemandBroadcasting - 26260 total (1 active), Execution time: mean = 0.01ms, total = 181.12ms, Queueing time: mean = 0.54ms, max = 3444.73ms, min = -0.02ms, total = 14082.39ms
[state-dump] 	ObjectManager.UpdateAvailableMemory - 26259 total (0 active), Execution time: mean = 0.00ms, total = 37.89ms, Queueing time: mean = 0.08ms, max = 100.68ms, min = 0.00ms, total = 2064.65ms
[state-dump] 	RayletWorkerPool.deadline_timer.kill_idle_workers - 13160 total (1 active), Execution time: mean = 0.00ms, total = 45.93ms, Queueing time: mean = 0.62ms, max = 3350.40ms, min = -0.03ms, total = 8204.24ms
[state-dump] 	MemoryMonitor.CheckIsMemoryUsageAboveThreshold - 10401 total (1 active), Execution time: mean = 2.90ms, total = 30125.58ms, Queueing time: mean = 0.97ms, max = 3291.29ms, min = -0.05ms, total = 10052.85ms
[state-dump] 	NodeManagerService.grpc_server.GetResourceLoad - 2638 total (0 active), Execution time: mean = 3.81ms, total = 10063.71ms, Queueing time: mean = 0.00ms, max = -0.00ms, min = 9223372036854.78ms, total = 0.00ms
[state-dump] 	NodeManagerService.grpc_server.GetResourceLoad.HandleRequestImpl - 2638 total (0 active), Execution time: mean = 0.12ms, total = 326.24ms, Queueing time: mean = 3.03ms, max = 3203.58ms, min = 0.01ms, total = 7985.67ms
[state-dump] 	NodeManager.deadline_timer.flush_free_objects - 2637 total (1 active), Execution time: mean = 0.00ms, total = 8.40ms, Queueing time: mean = 1.45ms, max = 2642.08ms, min = 0.00ms, total = 3833.01ms
[state-dump] 	NodeManager.CheckForUnexpectedWorkerDisconnects - 2637 total (1 active), Execution time: mean = 0.04ms, total = 113.81ms, Queueing time: mean = 1.41ms, max = 2644.57ms, min = -0.01ms, total = 3730.79ms
[state-dump] 	NodeManager.ScheduleAndGrantLeases - 2637 total (1 active), Execution time: mean = 0.01ms, total = 22.16ms, Queueing time: mean = 1.45ms, max = 2644.57ms, min = 0.00ms, total = 3822.77ms
[state-dump] 	NodeManager.deadline_timer.spill_objects_when_over_threshold - 2637 total (1 active), Execution time: mean = 0.00ms, total = 6.15ms, Queueing time: mean = 1.45ms, max = 2642.10ms, min = 0.00ms, total = 3835.36ms
[state-dump] 	ClusterResourceManager.ResetRemoteNodeView - 880 total (1 active), Execution time: mean = 0.00ms, total = 3.10ms, Queueing time: mean = 2.12ms, max = 1645.70ms, min = 0.01ms, total = 1868.63ms
[state-dump] 	NodeManager.deadline_timer.record_metrics - 528 total (1 active), Execution time: mean = 0.47ms, total = 248.91ms, Queueing time: mean = 0.86ms, max = 99.31ms, min = -0.00ms, total = 453.54ms
[state-dump] 	event_loop_lag_probe - 265 total (0 active), Execution time: mean = 0.01ms, total = 3.87ms, Queueing time: mean = 0.05ms, max = 6.45ms, min = 0.00ms, total = 13.63ms
[state-dump] 	NodeManager.deadline_timer.debug_state_dump - 264 total (1 active), Execution time: mean = 1.54ms, total = 407.65ms, Queueing time: mean = 0.59ms, max = 96.66ms, min = 0.01ms, total = 156.38ms
[state-dump] 	NodeManager.GcsCheckAlive - 44 total (1 active), Execution time: mean = 0.24ms, total = 10.63ms, Queueing time: mean = 3.56ms, max = 98.32ms, min = 0.40ms, total = 156.58ms
[state-dump] 	ray::rpc::NodeInfoGcsService.grpc_client.CheckAlive - 44 total (0 active), Execution time: mean = 1.90ms, total = 83.69ms, Queueing time: mean = 0.00ms, max = -0.00ms, min = 9223372036854.78ms, total = 0.00ms
[state-dump] 	NodeManager.deadline_timer.print_event_loop_stats - 44 total (1 active, 1 running), Execution time: mean = 1.56ms, total = 68.46ms, Queueing time: mean = 2.24ms, max = 97.85ms, min = 0.01ms, total = 98.63ms
[state-dump] 	ray::rpc::NodeInfoGcsService.grpc_client.CheckAlive.OnReplyReceived - 44 total (0 active), Execution time: mean = 0.04ms, total = 1.75ms, Queueing time: mean = 0.02ms, max = 0.14ms, min = 0.01ms, total = 1.08ms
[state-dump] 	ReporterService.grpc_client.HealthCheck.OnReplyReceived - 31 total (0 active), Execution time: mean = 0.12ms, total = 3.62ms, Queueing time: mean = 0.17ms, max = 1.08ms, min = 0.01ms, total = 5.28ms
[state-dump] 	ReporterService.grpc_client.HealthCheck - 31 total (0 active), Execution time: mean = 19.15ms, total = 593.71ms, Queueing time: mean = 0.00ms, max = -0.00ms, min = 9223372036854.78ms, total = 0.00ms
[state-dump] 	MetricsAgentClient.WaitForServerReadyWithRetry - 30 total (0 active), Execution time: mean = 0.31ms, total = 9.18ms, Queueing time: mean = 1101.58ms, max = 3643.96ms, min = 1000.02ms, total = 33047.26ms
[state-dump] 	PeriodicalRunner.RunFnPeriodically - 14 total (0 active), Execution time: mean = 0.23ms, total = 3.29ms, Queueing time: mean = 4.55ms, max = 12.98ms, min = 0.09ms, total = 63.65ms
[state-dump] 	ray::rpc::InternalPubSubGcsService.grpc_client.GcsSubscriberPoll - 5 total (1 active), Execution time: mean = 476952.21ms, total = 2384761.05ms, Queueing time: mean = 0.00ms, max = -0.00ms, min = 9223372036854.78ms, total = 0.00ms
[state-dump] 	ray::rpc::InternalPubSubGcsService.grpc_client.GcsSubscriberPoll.OnReplyReceived - 4 total (0 active), Execution time: mean = 0.37ms, total = 1.47ms, Queueing time: mean = 0.03ms, max = 0.03ms, min = 0.02ms, total = 0.11ms
[state-dump] 	NodeManager.GCTaskFailureReason - 3 total (1 active), Execution time: mean = 0.00ms, total = 0.01ms, Queueing time: mean = 0.01ms, max = 0.02ms, min = 0.02ms, total = 0.04ms
[state-dump] 	RaySyncerRegister - 2 total (0 active), Execution time: mean = 0.00ms, total = 0.01ms, Queueing time: mean = 0.00ms, max = 0.00ms, min = 0.00ms, total = 0.00ms
[state-dump] 	ray::rpc::InternalPubSubGcsService.grpc_client.GcsSubscriberCommandBatch - 2 total (0 active), Execution time: mean = 0.92ms, total = 1.84ms, Queueing time: mean = 0.00ms, max = -0.00ms, min = 9223372036854.78ms, total = 0.00ms
[state-dump] 	ray::rpc::InternalPubSubGcsService.grpc_client.GcsSubscriberCommandBatch.OnReplyReceived - 2 total (0 active), Execution time: mean = 0.10ms, total = 0.20ms, Queueing time: mean = 1.08ms, max = 2.01ms, min = 0.15ms, total = 2.16ms
[state-dump] 	ClientConnection.async_read.ProcessMessageHeader - 2 total (1 active), Execution time: mean = 0.00ms, total = 0.01ms, Queueing time: mean = 0.01ms, max = 0.02ms, min = 0.02ms, total = 0.02ms
[state-dump] 	ray::rpc::InternalKVGcsService.grpc_client.GetInternalConfig.OnReplyReceived - 1 total (0 active), Execution time: mean = 24.53ms, total = 24.53ms, Queueing time: mean = 0.03ms, max = 0.03ms, min = 0.03ms, total = 0.03ms
[state-dump] 	ray::rpc::InternalKVGcsService.grpc_client.GetInternalConfig - 1 total (0 active), Execution time: mean = 1.38ms, total = 1.38ms, Queueing time: mean = 0.00ms, max = -0.00ms, min = 9223372036854.78ms, total = 0.00ms
[state-dump] 	ray::rpc::NodeInfoGcsService.grpc_client.GetAllNodeAddressAndLiveness.OnReplyReceived - 1 total (0 active), Execution time: mean = 0.15ms, total = 0.15ms, Queueing time: mean = 0.01ms, max = 0.01ms, min = 0.01ms, total = 0.01ms
[state-dump] 	NodeManagerService.grpc_server.GetSystemConfig.HandleRequestImpl - 1 total (0 active), Execution time: mean = 0.09ms, total = 0.09ms, Queueing time: mean = 0.02ms, max = 0.02ms, min = 0.02ms, total = 0.02ms
[state-dump] 	ray::rpc::NodeInfoGcsService.grpc_client.RegisterNode - 1 total (0 active), Execution time: mean = 1.29ms, total = 1.29ms, Queueing time: mean = 0.00ms, max = -0.00ms, min = 9223372036854.78ms, total = 0.00ms
[state-dump] 	ClientConnection.async_read.ProcessMessage - 1 total (0 active), Execution time: mean = 3538.24ms, total = 3538.24ms, Queueing time: mean = 0.01ms, max = 0.01ms, min = 0.01ms, total = 0.01ms
[state-dump] 	ray::rpc::NodeInfoGcsService.grpc_client.RegisterNode.OnReplyReceived - 1 total (0 active), Execution time: mean = 0.68ms, total = 0.68ms, Queueing time: mean = 0.05ms, max = 0.05ms, min = 0.05ms, total = 0.05ms
[state-dump] 	NodeManagerService.grpc_server.GetSystemConfig - 1 total (0 active), Execution time: mean = 0.65ms, total = 0.65ms, Queueing time: mean = 0.00ms, max = -0.00ms, min = 9223372036854.78ms, total = 0.00ms
[state-dump] 	ray::rpc::JobInfoGcsService.grpc_client.GetAllJobInfo - 1 total (0 active), Execution time: mean = 0.76ms, total = 0.76ms, Queueing time: mean = 0.00ms, max = -0.00ms, min = 9223372036854.78ms, total = 0.00ms
[state-dump] 	ray::rpc::JobInfoGcsService.grpc_client.GetAllJobInfo.OnReplyReceived - 1 total (0 active), Execution time: mean = 0.03ms, total = 0.03ms, Queueing time: mean = 0.01ms, max = 0.01ms, min = 0.01ms, total = 0.01ms
[state-dump] 	 - 1 total (0 active), Execution time: mean = 0.00ms, total = 0.00ms, Queueing time: mean = 0.02ms, max = 0.02ms, min = 0.02ms, total = 0.02ms
[state-dump] 	RaySyncer.BroadcastMessage - 1 total (0 active), Execution time: mean = 0.09ms, total = 0.09ms, Queueing time: mean = 0.00ms, max = 0.00ms, min = 0.00ms, total = 0.00ms
[state-dump] 	ray::rpc::NodeInfoGcsService.grpc_client.GetAllNodeAddressAndLiveness - 1 total (0 active), Execution time: mean = 0.85ms, total = 0.85ms, Queueing time: mean = 0.00ms, max = -0.00ms, min = 9223372036854.78ms, total = 0.00ms
[state-dump] DebugString() time ms: 0
[state-dump] 
[state-dump] 
[2026-06-04 23:13:24,133 I 859 892] (raylet) store.cc:573: Plasma store debug dump: 
Current usage: 0 / 20.0817 GB
- num bytes created total: 0
0 pending objects of total size 0MB
- objects spillable: 0
- bytes spillable: 0
- objects unsealed: 0
- bytes unsealed: 0
- objects in use: 0
- bytes in use: 0
- objects evictable: 0
- bytes evictable: 0

- objects created by worker: 0
- bytes created by worker: 0
- objects restored: 0
- bytes restored: 0
- objects received: 0
- bytes received: 0
- objects errored: 0
- bytes errored: 0

[2026-06-04 23:13:24,318 I 859 859] (raylet) node_manager.cc:424: [state-dump] NodeManager:
[state-dump] Node ID: 11e184b7641b47dd66e5366c42f7fe51cb28f4bab1ca7ef8847590e4
[state-dump] Node name: 172.16.254.232
[state-dump] InitialConfigResources: {node:__internal_head__: 1, CPU: 192, node:172.16.254.232: 1, object_store_memory: 2.00817e+10, memory: 4.68574e+10}
[state-dump] ClusterLeaseManager:
[state-dump] ========== Node: 11e184b7641b47dd66e5366c42f7fe51cb28f4bab1ca7ef8847590e4 =================
[state-dump] Infeasible queue length: 0
[state-dump] Schedule queue length: 0
[state-dump] Grant queue length: 0
[state-dump] num_waiting_for_resource: 0
[state-dump] num_waiting_for_plasma_memory: 0
[state-dump] num_waiting_for_remote_node_resources: 0
[state-dump] num_worker_not_started_by_job_config_not_exist: 0
[state-dump] num_worker_not_started_by_registration_timeout: 0
[state-dump] num_tasks_waiting_for_workers: 0
[state-dump] num_cancelled_leases: 0
[state-dump] cluster_resource_scheduler state: 
[state-dump] Local id: 1457234449467745066 Local resources: {"total":{object_store_memory: [200817303550000], node:__internal_head__: [10000], memory: [468573708290000], CPU: [1920000], node:172.16.254.232: [10000]}}, "available": {memory: [468573708290000], CPU: [1920000], node:172.16.254.232: [10000], object_store_memory: [200817303550000], node:__internal_head__: [10000]}}, "labels":{"ray.io/node-id":"11e184b7641b47dd66e5366c42f7fe51cb28f4bab1ca7ef8847590e4",} is_draining: 0 is_idle: 1 Cluster resources (at most 20 nodes are shown): node id: 1457234449467745066{"total":{node:172.16.254.232: 10000, node:__internal_head__: 10000, memory: 468573708290000, object_store_memory: 200817303550000, CPU: 1920000}}, "available": {node:172.16.254.232: 10000, node:__internal_head__: 10000, memory: 468573708290000, CPU: 1920000, object_store_memory: 200817303550000}}, "labels":{"ray.io/node-id":"11e184b7641b47dd66e5366c42f7fe51cb28f4bab1ca7ef8847590e4",}, "is_draining": 0, "draining_deadline_timestamp_ms": -1} { "placement group locations": [], "node to bundles": []}
[state-dump] Waiting leases size: 0
[state-dump] Number of granted lease arguments: 0
[state-dump] Number of pinned lease arguments: 0
[state-dump] Number of total spilled leases: 0
[state-dump] Number of spilled waiting leases: 0
[state-dump] Number of spilled unschedulable leases: 0
[state-dump] Resource usage {
[state-dump] }
[state-dump] Backlog Size per scheduling descriptor :{workerId: num backlogs}:
[state-dump] 
[state-dump] Granted leases by scheduling class:
[state-dump] ==================================================
[state-dump] 
[state-dump] ClusterResources:
[state-dump] LocalObjectManager:
[state-dump] - num pinned objects: 0
[state-dump] - pinned objects size: 0
[state-dump] - num objects pending restore: 0
[state-dump] - num objects pending spill: 0
[state-dump] - num bytes pending spill: 0
[state-dump] - num bytes currently spilled: 0
[state-dump] - cumulative spill requests: 0
[state-dump] - cumulative restore requests: 0
[state-dump] - spilled objects pending delete: 0
[state-dump] 
[state-dump] ObjectManager:
[state-dump] - num local objects: 0
[state-dump] - num unfulfilled push requests: 0
[state-dump] - num object pull requests: 0
[state-dump] - num chunks received total: 0
[state-dump] - num chunks received failed (all): 0
[state-dump] - num chunks received failed / cancelled: 0
[state-dump] - num chunks received failed / plasma error: 0
[state-dump] Event stats:
[state-dump] Global stats: 0 total (0 active)
[state-dump] Queueing time: mean = -nanms, max = -0.00ms, min = 9223372036854.78ms, total = 0.00ms
[state-dump] Execution time:  mean = -nanms, total = 0.00ms
[state-dump] Event stats:
[state-dump] PushManager:
[state-dump] - num pushes remaining: 0
[state-dump] - num chunks in flight: 0
[state-dump] - num chunks remaining: 0
[state-dump] - max chunks allowed: 409
[state-dump] OwnershipBasedObjectDirectory:
[state-dump] - num listeners: 0
[state-dump] - cumulative location updates: 0
[state-dump] - num location updates per second: 0.000
[state-dump] - num location lookups per second: 0.000
[state-dump] - num locations added per second: 0.000
[state-dump] - num locations removed per second: 0.000
[state-dump] BufferPool:
[state-dump] - create buffer state map size: 0
[state-dump] PullManager:
[state-dump] - num bytes available for pulled objects: 20081730355
[state-dump] - num bytes being pulled (all): 0
[state-dump] - num bytes being pulled / pinned: 0
[state-dump] - get request bundles: BundlePullRequestQueue{0 total, 0 active, 0 inactive, 0 unpullable}
[state-dump] - wait request bundles: BundlePullRequestQueue{0 total, 0 active, 0 inactive, 0 unpullable}
[state-dump] - task request bundles: BundlePullRequestQueue{0 total, 0 active, 0 inactive, 0 unpullable}
[state-dump] - first get request bundle: N/A
[state-dump] - first wait request bundle: N/A
[state-dump] - first task request bundle: N/A
[state-dump] - num objects queued: 0
[state-dump] - num objects actively pulled (all): 0
[state-dump] - num objects actively pulled / pinned: 0
[state-dump] - num bundles being pulled: 0
[state-dump] - num pull retries: 0
[state-dump] - max timeout seconds: 0
[state-dump] - max timeout request is already processed. No entry.
[state-dump] 
[state-dump] WorkerPool:
[state-dump] - registered jobs: 1
[state-dump] - process_failed_job_config_missing: 0
[state-dump] - process_failed_rate_limited: 0
[state-dump] - process_failed_pending_registration: 192
[state-dump] - process_failed_runtime_env_setup_failed: 0
[state-dump] - num JAVA workers: 0
[state-dump] - num JAVA drivers: 0
[state-dump] - num JAVA pending start requests: 0
[state-dump] - num JAVA pending registration requests: 0
[state-dump] - num object spill callbacks queued: 0
[state-dump] - num object restore queued: 0
[state-dump] - num util functions queued: 0
[state-dump] - num PYTHON workers: 0
[state-dump] - num PYTHON drivers: 1
[state-dump] - num PYTHON pending start requests: 0
[state-dump] - num PYTHON pending registration requests: 0
[state-dump] - num object spill callbacks queued: 0
[state-dump] - num object restore queued: 0
[state-dump] - num util functions queued: 0
[state-dump] - num idle workers: 0
[state-dump] LeaseDependencyManager:
[state-dump] - lease deps map size: 0
[state-dump] - get req map size: 0
[state-dump] - wait req map size: 0
[state-dump] - local objects map size: 0
[state-dump] WaitManager:
[state-dump] - num active wait requests: 0
[state-dump] Subscriber:
[state-dump] Channel WORKER_OBJECT_LOCATIONS_CHANNEL
[state-dump] - cumulative subscribe requests: 0
[state-dump] - cumulative unsubscribe requests: 0
[state-dump] - active subscribed publishers: 0
[state-dump] - cumulative published messages: 0
[state-dump] - cumulative processed messages: 0
[state-dump] Channel WORKER_OBJECT_EVICTION
[state-dump] - cumulative subscribe requests: 0
[state-dump] - cumulative unsubscribe requests: 0
[state-dump] - active subscribed publishers: 0
[state-dump] - cumulative published messages: 0
[state-dump] - cumulative processed messages: 0
[state-dump] Channel WORKER_REF_REMOVED_CHANNEL
[state-dump] - cumulative subscribe requests: 0
[state-dump] - cumulative unsubscribe requests: 0
[state-dump] - active subscribed publishers: 0
[state-dump] - cumulative published messages: 0
[state-dump] - cumulative processed messages: 0
[state-dump] num async plasma notifications: 0
[state-dump] Event stats:
[state-dump] Global stats: 123159 total (16 active)
[state-dump] Queueing time: mean = 0.87ms, max = 3643.96ms, min = -95.24ms, total = 107671.84ms
[state-dump] Execution time:  mean = 19.74ms, total = 2431431.15ms
[state-dump] Event stats:
[state-dump] 	NodeManager.CheckGC - 26859 total (1 active), Execution time: mean = 0.01ms, total = 147.44ms, Queueing time: mean = 0.53ms, max = 3444.74ms, min = -95.24ms, total = 14136.22ms
[state-dump] 	RaySyncer.OnDemandBroadcasting - 26859 total (1 active), Execution time: mean = 0.01ms, total = 182.86ms, Queueing time: mean = 0.53ms, max = 3444.73ms, min = -0.02ms, total = 14104.18ms
[state-dump] 	ObjectManager.UpdateAvailableMemory - 26858 total (0 active), Execution time: mean = 0.00ms, total = 38.70ms, Queueing time: mean = 0.08ms, max = 100.68ms, min = 0.00ms, total = 2073.82ms
[state-dump] 	RayletWorkerPool.deadline_timer.kill_idle_workers - 13460 total (1 active), Execution time: mean = 0.00ms, total = 46.99ms, Queueing time: mean = 0.61ms, max = 3350.40ms, min = -0.03ms, total = 8217.35ms
[state-dump] 	MemoryMonitor.CheckIsMemoryUsageAboveThreshold - 10638 total (1 active), Execution time: mean = 2.88ms, total = 30652.40ms, Queueing time: mean = 0.95ms, max = 3291.29ms, min = -0.05ms, total = 10057.22ms
[state-dump] 	NodeManagerService.grpc_server.GetResourceLoad - 2698 total (0 active), Execution time: mean = 3.74ms, total = 10091.19ms, Queueing time: mean = 0.00ms, max = -0.00ms, min = 9223372036854.78ms, total = 0.00ms
[state-dump] 	NodeManagerService.grpc_server.GetResourceLoad.HandleRequestImpl - 2698 total (0 active), Execution time: mean = 0.12ms, total = 333.48ms, Queueing time: mean = 2.96ms, max = 3203.58ms, min = 0.01ms, total = 7986.94ms
[state-dump] 	NodeManager.deadline_timer.flush_free_objects - 2697 total (1 active), Execution time: mean = 0.00ms, total = 8.59ms, Queueing time: mean = 1.42ms, max = 2642.08ms, min = 0.00ms, total = 3834.61ms
[state-dump] 	NodeManager.CheckForUnexpectedWorkerDisconnects - 2697 total (1 active), Execution time: mean = 0.04ms, total = 114.29ms, Queueing time: mean = 1.38ms, max = 2644.57ms, min = -0.01ms, total = 3732.11ms
[state-dump] 	NodeManager.ScheduleAndGrantLeases - 2697 total (1 active), Execution time: mean = 0.01ms, total = 22.65ms, Queueing time: mean = 1.42ms, max = 2644.57ms, min = 0.00ms, total = 3824.09ms
[state-dump] 	NodeManager.deadline_timer.spill_objects_when_over_threshold - 2697 total (1 active), Execution time: mean = 0.00ms, total = 6.30ms, Queueing time: mean = 1.42ms, max = 2642.10ms, min = 0.00ms, total = 3837.01ms
[state-dump] 	ClusterResourceManager.ResetRemoteNodeView - 900 total (1 active), Execution time: mean = 0.00ms, total = 3.17ms, Queueing time: mean = 2.08ms, max = 1645.70ms, min = 0.01ms, total = 1868.97ms
[state-dump] 	NodeManager.deadline_timer.record_metrics - 540 total (1 active), Execution time: mean = 0.47ms, total = 254.84ms, Queueing time: mean = 0.84ms, max = 99.31ms, min = -0.00ms, total = 453.77ms
[state-dump] 	event_loop_lag_probe - 271 total (0 active), Execution time: mean = 0.01ms, total = 3.95ms, Queueing time: mean = 0.05ms, max = 6.45ms, min = 0.00ms, total = 13.68ms
[state-dump] 	NodeManager.deadline_timer.debug_state_dump - 270 total (1 active), Execution time: mean = 1.54ms, total = 415.10ms, Queueing time: mean = 0.58ms, max = 96.66ms, min = 0.01ms, total = 156.48ms
[state-dump] 	NodeManager.GcsCheckAlive - 45 total (1 active), Execution time: mean = 0.24ms, total = 10.75ms, Queueing time: mean = 3.49ms, max = 98.32ms, min = 0.40ms, total = 156.98ms
[state-dump] 	ray::rpc::NodeInfoGcsService.grpc_client.CheckAlive - 45 total (0 active), Execution time: mean = 1.88ms, total = 84.47ms, Queueing time: mean = 0.00ms, max = -0.00ms, min = 9223372036854.78ms, total = 0.00ms
[state-dump] 	NodeManager.deadline_timer.print_event_loop_stats - 45 total (1 active, 1 running), Execution time: mean = 1.54ms, total = 69.13ms, Queueing time: mean = 2.19ms, max = 97.85ms, min = 0.01ms, total = 98.64ms
[state-dump] 	ray::rpc::NodeInfoGcsService.grpc_client.CheckAlive.OnReplyReceived - 45 total (0 active), Execution time: mean = 0.04ms, total = 1.77ms, Queueing time: mean = 0.02ms, max = 0.14ms, min = 0.01ms, total = 1.10ms
[state-dump] 	ReporterService.grpc_client.HealthCheck.OnReplyReceived - 31 total (0 active), Execution time: mean = 0.12ms, total = 3.62ms, Queueing time: mean = 0.17ms, max = 1.08ms, min = 0.01ms, total = 5.28ms
[state-dump] 	ReporterService.grpc_client.HealthCheck - 31 total (0 active), Execution time: mean = 19.15ms, total = 593.71ms, Queueing time: mean = 0.00ms, max = -0.00ms, min = 9223372036854.78ms, total = 0.00ms
[state-dump] 	MetricsAgentClient.WaitForServerReadyWithRetry - 30 total (0 active), Execution time: mean = 0.31ms, total = 9.18ms, Queueing time: mean = 1101.58ms, max = 3643.96ms, min = 1000.02ms, total = 33047.26ms
[state-dump] 	PeriodicalRunner.RunFnPeriodically - 14 total (0 active), Execution time: mean = 0.23ms, total = 3.29ms, Queueing time: mean = 4.55ms, max = 12.98ms, min = 0.09ms, total = 63.65ms
[state-dump] 	ray::rpc::InternalPubSubGcsService.grpc_client.GcsSubscriberPoll - 5 total (1 active), Execution time: mean = 476952.21ms, total = 2384761.05ms, Queueing time: mean = 0.00ms, max = -0.00ms, min = 9223372036854.78ms, total = 0.00ms
[state-dump] 	NodeManager.GCTaskFailureReason - 4 total (1 active), Execution time: mean = 0.00ms, total = 0.01ms, Queueing time: mean = 0.02ms, max = 0.02ms, min = 0.02ms, total = 0.06ms
[state-dump] 	ray::rpc::InternalPubSubGcsService.grpc_client.GcsSubscriberPoll.OnReplyReceived - 4 total (0 active), Execution time: mean = 0.37ms, total = 1.47ms, Queueing time: mean = 0.03ms, max = 0.03ms, min = 0.02ms, total = 0.11ms
[state-dump] 	RaySyncerRegister - 2 total (0 active), Execution time: mean = 0.00ms, total = 0.01ms, Queueing time: mean = 0.00ms, max = 0.00ms, min = 0.00ms, total = 0.00ms
[state-dump] 	ray::rpc::InternalPubSubGcsService.grpc_client.GcsSubscriberCommandBatch - 2 total (0 active), Execution time: mean = 0.92ms, total = 1.84ms, Queueing time: mean = 0.00ms, max = -0.00ms, min = 9223372036854.78ms, total = 0.00ms
[state-dump] 	ray::rpc::InternalPubSubGcsService.grpc_client.GcsSubscriberCommandBatch.OnReplyReceived - 2 total (0 active), Execution time: mean = 0.10ms, total = 0.20ms, Queueing time: mean = 1.08ms, max = 2.01ms, min = 0.15ms, total = 2.16ms
[state-dump] 	ClientConnection.async_read.ProcessMessageHeader - 2 total (1 active), Execution time: mean = 0.00ms, total = 0.01ms, Queueing time: mean = 0.01ms, max = 0.02ms, min = 0.02ms, total = 0.02ms
[state-dump] 	ray::rpc::InternalKVGcsService.grpc_client.GetInternalConfig.OnReplyReceived - 1 total (0 active), Execution time: mean = 24.53ms, total = 24.53ms, Queueing time: mean = 0.03ms, max = 0.03ms, min = 0.03ms, total = 0.03ms
[state-dump] 	ray::rpc::InternalKVGcsService.grpc_client.GetInternalConfig - 1 total (0 active), Execution time: mean = 1.38ms, total = 1.38ms, Queueing time: mean = 0.00ms, max = -0.00ms, min = 9223372036854.78ms, total = 0.00ms
[state-dump] 	ray::rpc::NodeInfoGcsService.grpc_client.GetAllNodeAddressAndLiveness.OnReplyReceived - 1 total (0 active), Execution time: mean = 0.15ms, total = 0.15ms, Queueing time: mean = 0.01ms, max = 0.01ms, min = 0.01ms, total = 0.01ms
[state-dump] 	NodeManagerService.grpc_server.GetSystemConfig.HandleRequestImpl - 1 total (0 active), Execution time: mean = 0.09ms, total = 0.09ms, Queueing time: mean = 0.02ms, max = 0.02ms, min = 0.02ms, total = 0.02ms
[state-dump] 	ray::rpc::NodeInfoGcsService.grpc_client.RegisterNode - 1 total (0 active), Execution time: mean = 1.29ms, total = 1.29ms, Queueing time: mean = 0.00ms, max = -0.00ms, min = 9223372036854.78ms, total = 0.00ms
[state-dump] 	ClientConnection.async_read.ProcessMessage - 1 total (0 active), Execution time: mean = 3538.24ms, total = 3538.24ms, Queueing time: mean = 0.01ms, max = 0.01ms, min = 0.01ms, total = 0.01ms
[state-dump] 	ray::rpc::NodeInfoGcsService.grpc_client.RegisterNode.OnReplyReceived - 1 total (0 active), Execution time: mean = 0.68ms, total = 0.68ms, Queueing time: mean = 0.05ms, max = 0.05ms, min = 0.05ms, total = 0.05ms
[state-dump] 	NodeManagerService.grpc_server.GetSystemConfig - 1 total (0 active), Execution time: mean = 0.65ms, total = 0.65ms, Queueing time: mean = 0.00ms, max = -0.00ms, min = 9223372036854.78ms, total = 0.00ms
[state-dump] 	ray::rpc::JobInfoGcsService.grpc_client.GetAllJobInfo - 1 total (0 active), Execution time: mean = 0.76ms, total = 0.76ms, Queueing time: mean = 0.00ms, max = -0.00ms, min = 9223372036854.78ms, total = 0.00ms
[state-dump] 	ray::rpc::JobInfoGcsService.grpc_client.GetAllJobInfo.OnReplyReceived - 1 total (0 active), Execution time: mean = 0.03ms, total = 0.03ms, Queueing time: mean = 0.01ms, max = 0.01ms, min = 0.01ms, total = 0.01ms
[state-dump] 	 - 1 total (0 active), Execution time: mean = 0.00ms, total = 0.00ms, Queueing time: mean = 0.02ms, max = 0.02ms, min = 0.02ms, total = 0.02ms
[state-dump] 	RaySyncer.BroadcastMessage - 1 total (0 active), Execution time: mean = 0.09ms, total = 0.09ms, Queueing time: mean = 0.00ms, max = 0.00ms, min = 0.00ms, total = 0.00ms
[state-dump] 	ray::rpc::NodeInfoGcsService.grpc_client.GetAllNodeAddressAndLiveness - 1 total (0 active), Execution time: mean = 0.85ms, total = 0.85ms, Queueing time: mean = 0.00ms, max = -0.00ms, min = 9223372036854.78ms, total = 0.00ms
[state-dump] DebugString() time ms: 1
[state-dump] 
[state-dump] 
[2026-06-04 23:14:24,133 I 859 892] (raylet) store.cc:573: Plasma store debug dump: 
Current usage: 0 / 20.0817 GB
- num bytes created total: 0
0 pending objects of total size 0MB
- objects spillable: 0
- bytes spillable: 0
- objects unsealed: 0
- bytes unsealed: 0
- objects in use: 0
- bytes in use: 0
- objects evictable: 0
- bytes evictable: 0

- objects created by worker: 0
- bytes created by worker: 0
- objects restored: 0
- bytes restored: 0
- objects received: 0
- bytes received: 0
- objects errored: 0
- bytes errored: 0

[2026-06-04 23:14:24,320 I 859 859] (raylet) node_manager.cc:424: [state-dump] NodeManager:
[state-dump] Node ID: 11e184b7641b47dd66e5366c42f7fe51cb28f4bab1ca7ef8847590e4
[state-dump] Node name: 172.16.254.232
[state-dump] InitialConfigResources: {node:__internal_head__: 1, CPU: 192, node:172.16.254.232: 1, object_store_memory: 2.00817e+10, memory: 4.68574e+10}
[state-dump] ClusterLeaseManager:
[state-dump] ========== Node: 11e184b7641b47dd66e5366c42f7fe51cb28f4bab1ca7ef8847590e4 =================
[state-dump] Infeasible queue length: 0
[state-dump] Schedule queue length: 0
[state-dump] Grant queue length: 0
[state-dump] num_waiting_for_resource: 0
[state-dump] num_waiting_for_plasma_memory: 0
[state-dump] num_waiting_for_remote_node_resources: 0
[state-dump] num_worker_not_started_by_job_config_not_exist: 0
[state-dump] num_worker_not_started_by_registration_timeout: 0
[state-dump] num_tasks_waiting_for_workers: 0
[state-dump] num_cancelled_leases: 0
[state-dump] cluster_resource_scheduler state: 
[state-dump] Local id: 1457234449467745066 Local resources: {"total":{object_store_memory: [200817303550000], node:__internal_head__: [10000], memory: [468573708290000], CPU: [1920000], node:172.16.254.232: [10000]}}, "available": {memory: [468573708290000], CPU: [1920000], node:172.16.254.232: [10000], object_store_memory: [200817303550000], node:__internal_head__: [10000]}}, "labels":{"ray.io/node-id":"11e184b7641b47dd66e5366c42f7fe51cb28f4bab1ca7ef8847590e4",} is_draining: 0 is_idle: 1 Cluster resources (at most 20 nodes are shown): node id: 1457234449467745066{"total":{node:172.16.254.232: 10000, node:__internal_head__: 10000, memory: 468573708290000, object_store_memory: 200817303550000, CPU: 1920000}}, "available": {node:172.16.254.232: 10000, node:__internal_head__: 10000, memory: 468573708290000, CPU: 1920000, object_store_memory: 200817303550000}}, "labels":{"ray.io/node-id":"11e184b7641b47dd66e5366c42f7fe51cb28f4bab1ca7ef8847590e4",}, "is_draining": 0, "draining_deadline_timestamp_ms": -1} { "placement group locations": [], "node to bundles": []}
[state-dump] Waiting leases size: 0
[state-dump] Number of granted lease arguments: 0
[state-dump] Number of pinned lease arguments: 0
[state-dump] Number of total spilled leases: 0
[state-dump] Number of spilled waiting leases: 0
[state-dump] Number of spilled unschedulable leases: 0
[state-dump] Resource usage {
[state-dump] }
[state-dump] Backlog Size per scheduling descriptor :{workerId: num backlogs}:
[state-dump] 
[state-dump] Granted leases by scheduling class:
[state-dump] ==================================================
[state-dump] 
[state-dump] ClusterResources:
[state-dump] LocalObjectManager:
[state-dump] - num pinned objects: 0
[state-dump] - pinned objects size: 0
[state-dump] - num objects pending restore: 0
[state-dump] - num objects pending spill: 0
[state-dump] - num bytes pending spill: 0
[state-dump] - num bytes currently spilled: 0
[state-dump] - cumulative spill requests: 0
[state-dump] - cumulative restore requests: 0
[state-dump] - spilled objects pending delete: 0
[state-dump] 
[state-dump] ObjectManager:
[state-dump] - num local objects: 0
[state-dump] - num unfulfilled push requests: 0
[state-dump] - num object pull requests: 0
[state-dump] - num chunks received total: 0
[state-dump] - num chunks received failed (all): 0
[state-dump] - num chunks received failed / cancelled: 0
[state-dump] - num chunks received failed / plasma error: 0
[state-dump] Event stats:
[state-dump] Global stats: 0 total (0 active)
[state-dump] Queueing time: mean = -nanms, max = -0.00ms, min = 9223372036854.78ms, total = 0.00ms
[state-dump] Execution time:  mean = -nanms, total = 0.00ms
[state-dump] Event stats:
[state-dump] PushManager:
[state-dump] - num pushes remaining: 0
[state-dump] - num chunks in flight: 0
[state-dump] - num chunks remaining: 0
[state-dump] - max chunks allowed: 409
[state-dump] OwnershipBasedObjectDirectory:
[state-dump] - num listeners: 0
[state-dump] - cumulative location updates: 0
[state-dump] - num location updates per second: 0.000
[state-dump] - num location lookups per second: 0.000
[state-dump] - num locations added per second: 0.000
[state-dump] - num locations removed per second: 0.000
[state-dump] BufferPool:
[state-dump] - create buffer state map size: 0
[state-dump] PullManager:
[state-dump] - num bytes available for pulled objects: 20081730355
[state-dump] - num bytes being pulled (all): 0
[state-dump] - num bytes being pulled / pinned: 0
[state-dump] - get request bundles: BundlePullRequestQueue{0 total, 0 active, 0 inactive, 0 unpullable}
[state-dump] - wait request bundles: BundlePullRequestQueue{0 total, 0 active, 0 inactive, 0 unpullable}
[state-dump] - task request bundles: BundlePullRequestQueue{0 total, 0 active, 0 inactive, 0 unpullable}
[state-dump] - first get request bundle: N/A
[state-dump] - first wait request bundle: N/A
[state-dump] - first task request bundle: N/A
[state-dump] - num objects queued: 0
[state-dump] - num objects actively pulled (all): 0
[state-dump] - num objects actively pulled / pinned: 0
[state-dump] - num bundles being pulled: 0
[state-dump] - num pull retries: 0
[state-dump] - max timeout seconds: 0
[state-dump] - max timeout request is already processed. No entry.
[state-dump] 
[state-dump] WorkerPool:
[state-dump] - registered jobs: 1
[state-dump] - process_failed_job_config_missing: 0
[state-dump] - process_failed_rate_limited: 0
[state-dump] - process_failed_pending_registration: 192
[state-dump] - process_failed_runtime_env_setup_failed: 0
[state-dump] - num JAVA workers: 0
[state-dump] - num JAVA drivers: 0
[state-dump] - num JAVA pending start requests: 0
[state-dump] - num JAVA pending registration requests: 0
[state-dump] - num object spill callbacks queued: 0
[state-dump] - num object restore queued: 0
[state-dump] - num util functions queued: 0
[state-dump] - num PYTHON workers: 0
[state-dump] - num PYTHON drivers: 1
[state-dump] - num PYTHON pending start requests: 0
[state-dump] - num PYTHON pending registration requests: 0
[state-dump] - num object spill callbacks queued: 0
[state-dump] - num object restore queued: 0
[state-dump] - num util functions queued: 0
[state-dump] - num idle workers: 0
[state-dump] LeaseDependencyManager:
[state-dump] - lease deps map size: 0
[state-dump] - get req map size: 0
[state-dump] - wait req map size: 0
[state-dump] - local objects map size: 0
[state-dump] WaitManager:
[state-dump] - num active wait requests: 0
[state-dump] Subscriber:
[state-dump] Channel WORKER_OBJECT_LOCATIONS_CHANNEL
[state-dump] - cumulative subscribe requests: 0
[state-dump] - cumulative unsubscribe requests: 0
[state-dump] - active subscribed publishers: 0
[state-dump] - cumulative published messages: 0
[state-dump] - cumulative processed messages: 0
[state-dump] Channel WORKER_OBJECT_EVICTION
[state-dump] - cumulative subscribe requests: 0
[state-dump] - cumulative unsubscribe requests: 0
[state-dump] - active subscribed publishers: 0
[state-dump] - cumulative published messages: 0
[state-dump] - cumulative processed messages: 0
[state-dump] Channel WORKER_REF_REMOVED_CHANNEL
[state-dump] - cumulative subscribe requests: 0
[state-dump] - cumulative unsubscribe requests: 0
[state-dump] - active subscribed publishers: 0
[state-dump] - cumulative published messages: 0
[state-dump] - cumulative processed messages: 0
[state-dump] num async plasma notifications: 0
[state-dump] Event stats:
[state-dump] Global stats: 125905 total (16 active)
[state-dump] Queueing time: mean = 0.86ms, max = 3643.96ms, min = -95.24ms, total = 107759.32ms
[state-dump] Execution time:  mean = 19.32ms, total = 2432022.07ms
[state-dump] Event stats:
[state-dump] 	NodeManager.CheckGC - 27459 total (1 active), Execution time: mean = 0.01ms, total = 148.52ms, Queueing time: mean = 0.52ms, max = 3444.74ms, min = -95.24ms, total = 14162.42ms
[state-dump] 	RaySyncer.OnDemandBroadcasting - 27459 total (1 active), Execution time: mean = 0.01ms, total = 184.62ms, Queueing time: mean = 0.51ms, max = 3444.73ms, min = -0.02ms, total = 14129.78ms
[state-dump] 	ObjectManager.UpdateAvailableMemory - 27458 total (0 active), Execution time: mean = 0.00ms, total = 39.48ms, Queueing time: mean = 0.08ms, max = 100.68ms, min = 0.00ms, total = 2083.06ms
[state-dump] 	RayletWorkerPool.deadline_timer.kill_idle_workers - 13760 total (1 active), Execution time: mean = 0.00ms, total = 47.91ms, Queueing time: mean = 0.60ms, max = 3350.40ms, min = -0.03ms, total = 8229.31ms
[state-dump] 	MemoryMonitor.CheckIsMemoryUsageAboveThreshold - 10876 total (1 active), Execution time: mean = 2.87ms, total = 31186.38ms, Queueing time: mean = 0.93ms, max = 3291.29ms, min = -0.05ms, total = 10061.78ms
[state-dump] 	NodeManagerService.grpc_server.GetResourceLoad - 2758 total (0 active), Execution time: mean = 3.67ms, total = 10118.50ms, Queueing time: mean = 0.00ms, max = -0.00ms, min = 9223372036854.78ms, total = 0.00ms
[state-dump] 	NodeManagerService.grpc_server.GetResourceLoad.HandleRequestImpl - 2758 total (0 active), Execution time: mean = 0.12ms, total = 340.68ms, Queueing time: mean = 2.90ms, max = 3203.58ms, min = 0.01ms, total = 7988.74ms
[state-dump] 	NodeManager.deadline_timer.flush_free_objects - 2757 total (1 active), Execution time: mean = 0.00ms, total = 8.77ms, Queueing time: mean = 1.39ms, max = 2642.08ms, min = 0.00ms, total = 3836.14ms
[state-dump] 	NodeManager.CheckForUnexpectedWorkerDisconnects - 2757 total (1 active), Execution time: mean = 0.04ms, total = 114.74ms, Queueing time: mean = 1.35ms, max = 2644.57ms, min = -0.01ms, total = 3733.38ms
[state-dump] 	NodeManager.ScheduleAndGrantLeases - 2757 total (1 active), Execution time: mean = 0.01ms, total = 23.10ms, Queueing time: mean = 1.39ms, max = 2644.57ms, min = 0.00ms, total = 3825.37ms
[state-dump] 	NodeManager.deadline_timer.spill_objects_when_over_threshold - 2757 total (1 active), Execution time: mean = 0.00ms, total = 6.43ms, Queueing time: mean = 1.39ms, max = 2642.10ms, min = 0.00ms, total = 3838.60ms
[state-dump] 	ClusterResourceManager.ResetRemoteNodeView - 920 total (1 active), Execution time: mean = 0.00ms, total = 3.23ms, Queueing time: mean = 2.03ms, max = 1645.70ms, min = 0.01ms, total = 1869.30ms
[state-dump] 	NodeManager.deadline_timer.record_metrics - 552 total (1 active), Execution time: mean = 0.47ms, total = 260.48ms, Queueing time: mean = 0.82ms, max = 99.31ms, min = -0.00ms, total = 453.98ms
[state-dump] 	event_loop_lag_probe - 277 total (0 active), Execution time: mean = 0.01ms, total = 4.03ms, Queueing time: mean = 0.05ms, max = 6.45ms, min = 0.00ms, total = 13.71ms
[state-dump] 	NodeManager.deadline_timer.debug_state_dump - 276 total (1 active), Execution time: mean = 1.53ms, total = 422.73ms, Queueing time: mean = 0.57ms, max = 96.66ms, min = 0.01ms, total = 156.60ms
[state-dump] 	NodeManager.GcsCheckAlive - 46 total (1 active), Execution time: mean = 0.24ms, total = 10.98ms, Queueing time: mean = 3.45ms, max = 98.32ms, min = 0.40ms, total = 158.69ms
[state-dump] 	ray::rpc::NodeInfoGcsService.grpc_client.CheckAlive - 46 total (0 active), Execution time: mean = 1.86ms, total = 85.65ms, Queueing time: mean = 0.00ms, max = -0.00ms, min = 9223372036854.78ms, total = 0.00ms
[state-dump] 	NodeManager.deadline_timer.print_event_loop_stats - 46 total (1 active, 1 running), Execution time: mean = 1.54ms, total = 70.92ms, Queueing time: mean = 2.14ms, max = 97.85ms, min = 0.01ms, total = 98.66ms
[state-dump] 	ray::rpc::NodeInfoGcsService.grpc_client.CheckAlive.OnReplyReceived - 46 total (0 active), Execution time: mean = 0.04ms, total = 1.81ms, Queueing time: mean = 0.02ms, max = 0.14ms, min = 0.01ms, total = 1.12ms
[state-dump] 	ReporterService.grpc_client.HealthCheck.OnReplyReceived - 31 total (0 active), Execution time: mean = 0.12ms, total = 3.62ms, Queueing time: mean = 0.17ms, max = 1.08ms, min = 0.01ms, total = 5.28ms
[state-dump] 	ReporterService.grpc_client.HealthCheck - 31 total (0 active), Execution time: mean = 19.15ms, total = 593.71ms, Queueing time: mean = 0.00ms, max = -0.00ms, min = 9223372036854.78ms, total = 0.00ms
[state-dump] 	MetricsAgentClient.WaitForServerReadyWithRetry - 30 total (0 active), Execution time: mean = 0.31ms, total = 9.18ms, Queueing time: mean = 1101.58ms, max = 3643.96ms, min = 1000.02ms, total = 33047.26ms
[state-dump] 	PeriodicalRunner.RunFnPeriodically - 14 total (0 active), Execution time: mean = 0.23ms, total = 3.29ms, Queueing time: mean = 4.55ms, max = 12.98ms, min = 0.09ms, total = 63.65ms
[state-dump] 	ray::rpc::InternalPubSubGcsService.grpc_client.GcsSubscriberPoll - 5 total (1 active), Execution time: mean = 476952.21ms, total = 2384761.05ms, Queueing time: mean = 0.00ms, max = -0.00ms, min = 9223372036854.78ms, total = 0.00ms
[state-dump] 	NodeManager.GCTaskFailureReason - 4 total (1 active), Execution time: mean = 0.00ms, total = 0.01ms, Queueing time: mean = 0.02ms, max = 0.02ms, min = 0.02ms, total = 0.06ms
[state-dump] 	ray::rpc::InternalPubSubGcsService.grpc_client.GcsSubscriberPoll.OnReplyReceived - 4 total (0 active), Execution time: mean = 0.37ms, total = 1.47ms, Queueing time: mean = 0.03ms, max = 0.03ms, min = 0.02ms, total = 0.11ms
[state-dump] 	RaySyncerRegister - 2 total (0 active), Execution time: mean = 0.00ms, total = 0.01ms, Queueing time: mean = 0.00ms, max = 0.00ms, min = 0.00ms, total = 0.00ms
[state-dump] 	ray::rpc::InternalPubSubGcsService.grpc_client.GcsSubscriberCommandBatch - 2 total (0 active), Execution time: mean = 0.92ms, total = 1.84ms, Queueing time: mean = 0.00ms, max = -0.00ms, min = 9223372036854.78ms, total = 0.00ms
[state-dump] 	ray::rpc::InternalPubSubGcsService.grpc_client.GcsSubscriberCommandBatch.OnReplyReceived - 2 total (0 active), Execution time: mean = 0.10ms, total = 0.20ms, Queueing time: mean = 1.08ms, max = 2.01ms, min = 0.15ms, total = 2.16ms
[state-dump] 	ClientConnection.async_read.ProcessMessageHeader - 2 total (1 active), Execution time: mean = 0.00ms, total = 0.01ms, Queueing time: mean = 0.01ms, max = 0.02ms, min = 0.02ms, total = 0.02ms
[state-dump] 	ray::rpc::InternalKVGcsService.grpc_client.GetInternalConfig.OnReplyReceived - 1 total (0 active), Execution time: mean = 24.53ms, total = 24.53ms, Queueing time: mean = 0.03ms, max = 0.03ms, min = 0.03ms, total = 0.03ms
[state-dump] 	ray::rpc::InternalKVGcsService.grpc_client.GetInternalConfig - 1 total (0 active), Execution time: mean = 1.38ms, total = 1.38ms, Queueing time: mean = 0.00ms, max = -0.00ms, min = 9223372036854.78ms, total = 0.00ms
[state-dump] 	ray::rpc::NodeInfoGcsService.grpc_client.GetAllNodeAddressAndLiveness.OnReplyReceived - 1 total (0 active), Execution time: mean = 0.15ms, total = 0.15ms, Queueing time: mean = 0.01ms, max = 0.01ms, min = 0.01ms, total = 0.01ms
[state-dump] 	NodeManagerService.grpc_server.GetSystemConfig.HandleRequestImpl - 1 total (0 active), Execution time: mean = 0.09ms, total = 0.09ms, Queueing time: mean = 0.02ms, max = 0.02ms, min = 0.02ms, total = 0.02ms
[state-dump] 	ray::rpc::NodeInfoGcsService.grpc_client.RegisterNode - 1 total (0 active), Execution time: mean = 1.29ms, total = 1.29ms, Queueing time: mean = 0.00ms, max = -0.00ms, min = 9223372036854.78ms, total = 0.00ms
[state-dump] 	ClientConnection.async_read.ProcessMessage - 1 total (0 active), Execution time: mean = 3538.24ms, total = 3538.24ms, Queueing time: mean = 0.01ms, max = 0.01ms, min = 0.01ms, total = 0.01ms
[state-dump] 	ray::rpc::NodeInfoGcsService.grpc_client.RegisterNode.OnReplyReceived - 1 total (0 active), Execution time: mean = 0.68ms, total = 0.68ms, Queueing time: mean = 0.05ms, max = 0.05ms, min = 0.05ms, total = 0.05ms
[state-dump] 	NodeManagerService.grpc_server.GetSystemConfig - 1 total (0 active), Execution time: mean = 0.65ms, total = 0.65ms, Queueing time: mean = 0.00ms, max = -0.00ms, min = 9223372036854.78ms, total = 0.00ms
[state-dump] 	ray::rpc::JobInfoGcsService.grpc_client.GetAllJobInfo - 1 total (0 active), Execution time: mean = 0.76ms, total = 0.76ms, Queueing time: mean = 0.00ms, max = -0.00ms, min = 9223372036854.78ms, total = 0.00ms
[state-dump] 	ray::rpc::JobInfoGcsService.grpc_client.GetAllJobInfo.OnReplyReceived - 1 total (0 active), Execution time: mean = 0.03ms, total = 0.03ms, Queueing time: mean = 0.01ms, max = 0.01ms, min = 0.01ms, total = 0.01ms
[state-dump] 	 - 1 total (0 active), Execution time: mean = 0.00ms, total = 0.00ms, Queueing time: mean = 0.02ms, max = 0.02ms, min = 0.02ms, total = 0.02ms
[state-dump] 	RaySyncer.BroadcastMessage - 1 total (0 active), Execution time: mean = 0.09ms, total = 0.09ms, Queueing time: mean = 0.00ms, max = 0.00ms, min = 0.00ms, total = 0.00ms
[state-dump] 	ray::rpc::NodeInfoGcsService.grpc_client.GetAllNodeAddressAndLiveness - 1 total (0 active), Execution time: mean = 0.85ms, total = 0.85ms, Queueing time: mean = 0.00ms, max = -0.00ms, min = 9223372036854.78ms, total = 0.00ms
[state-dump] DebugString() time ms: 1
[state-dump] 
[state-dump] 
[2026-06-04 23:15:24,133 I 859 892] (raylet) store.cc:573: Plasma store debug dump: 
Current usage: 0 / 20.0817 GB
- num bytes created total: 0
0 pending objects of total size 0MB
- objects spillable: 0
- bytes spillable: 0
- objects unsealed: 0
- bytes unsealed: 0
- objects in use: 0
- bytes in use: 0
- objects evictable: 0
- bytes evictable: 0

- objects created by worker: 0
- bytes created by worker: 0
- objects restored: 0
- bytes restored: 0
- objects received: 0
- bytes received: 0
- objects errored: 0
- bytes errored: 0

[2026-06-04 23:15:24,322 I 859 859] (raylet) node_manager.cc:424: [state-dump] NodeManager:
[state-dump] Node ID: 11e184b7641b47dd66e5366c42f7fe51cb28f4bab1ca7ef8847590e4
[state-dump] Node name: 172.16.254.232
[state-dump] InitialConfigResources: {node:__internal_head__: 1, CPU: 192, node:172.16.254.232: 1, object_store_memory: 2.00817e+10, memory: 4.68574e+10}
[state-dump] ClusterLeaseManager:
[state-dump] ========== Node: 11e184b7641b47dd66e5366c42f7fe51cb28f4bab1ca7ef8847590e4 =================
[state-dump] Infeasible queue length: 0
[state-dump] Schedule queue length: 0
[state-dump] Grant queue length: 0
[state-dump] num_waiting_for_resource: 0
[state-dump] num_waiting_for_plasma_memory: 0
[state-dump] num_waiting_for_remote_node_resources: 0
[state-dump] num_worker_not_started_by_job_config_not_exist: 0
[state-dump] num_worker_not_started_by_registration_timeout: 0
[state-dump] num_tasks_waiting_for_workers: 0
[state-dump] num_cancelled_leases: 0
[state-dump] cluster_resource_scheduler state: 
[state-dump] Local id: 1457234449467745066 Local resources: {"total":{object_store_memory: [200817303550000], node:__internal_head__: [10000], memory: [468573708290000], CPU: [1920000], node:172.16.254.232: [10000]}}, "available": {memory: [468573708290000], CPU: [1920000], node:172.16.254.232: [10000], object_store_memory: [200817303550000], node:__internal_head__: [10000]}}, "labels":{"ray.io/node-id":"11e184b7641b47dd66e5366c42f7fe51cb28f4bab1ca7ef8847590e4",} is_draining: 0 is_idle: 1 Cluster resources (at most 20 nodes are shown): node id: 1457234449467745066{"total":{node:172.16.254.232: 10000, node:__internal_head__: 10000, memory: 468573708290000, object_store_memory: 200817303550000, CPU: 1920000}}, "available": {node:172.16.254.232: 10000, node:__internal_head__: 10000, memory: 468573708290000, CPU: 1920000, object_store_memory: 200817303550000}}, "labels":{"ray.io/node-id":"11e184b7641b47dd66e5366c42f7fe51cb28f4bab1ca7ef8847590e4",}, "is_draining": 0, "draining_deadline_timestamp_ms": -1} { "placement group locations": [], "node to bundles": []}
[state-dump] Waiting leases size: 0
[state-dump] Number of granted lease arguments: 0
[state-dump] Number of pinned lease arguments: 0
[state-dump] Number of total spilled leases: 0
[state-dump] Number of spilled waiting leases: 0
[state-dump] Number of spilled unschedulable leases: 0
[state-dump] Resource usage {
[state-dump] }
[state-dump] Backlog Size per scheduling descriptor :{workerId: num backlogs}:
[state-dump] 
[state-dump] Granted leases by scheduling class:
[state-dump] ==================================================
[state-dump] 
[state-dump] ClusterResources:
[state-dump] LocalObjectManager:
[state-dump] - num pinned objects: 0
[state-dump] - pinned objects size: 0
[state-dump] - num objects pending restore: 0
[state-dump] - num objects pending spill: 0
[state-dump] - num bytes pending spill: 0
[state-dump] - num bytes currently spilled: 0
[state-dump] - cumulative spill requests: 0
[state-dump] - cumulative restore requests: 0
[state-dump] - spilled objects pending delete: 0
[state-dump] 
[state-dump] ObjectManager:
[state-dump] - num local objects: 0
[state-dump] - num unfulfilled push requests: 0
[state-dump] - num object pull requests: 0
[state-dump] - num chunks received total: 0
[state-dump] - num chunks received failed (all): 0
[state-dump] - num chunks received failed / cancelled: 0
[state-dump] - num chunks received failed / plasma error: 0
[state-dump] Event stats:
[state-dump] Global stats: 0 total (0 active)
[state-dump] Queueing time: mean = -nanms, max = -0.00ms, min = 9223372036854.78ms, total = 0.00ms
[state-dump] Execution time:  mean = -nanms, total = 0.00ms
[state-dump] Event stats:
[state-dump] PushManager:
[state-dump] - num pushes remaining: 0
[state-dump] - num chunks in flight: 0
[state-dump] - num chunks remaining: 0
[state-dump] - max chunks allowed: 409
[state-dump] OwnershipBasedObjectDirectory:
[state-dump] - num listeners: 0
[state-dump] - cumulative location updates: 0
[state-dump] - num location updates per second: 0.000
[state-dump] - num location lookups per second: 0.000
[state-dump] - num locations added per second: 0.000
[state-dump] - num locations removed per second: 0.000
[state-dump] BufferPool:
[state-dump] - create buffer state map size: 0
[state-dump] PullManager:
[state-dump] - num bytes available for pulled objects: 20081730355
[state-dump] - num bytes being pulled (all): 0
[state-dump] - num bytes being pulled / pinned: 0
[state-dump] - get request bundles: BundlePullRequestQueue{0 total, 0 active, 0 inactive, 0 unpullable}
[state-dump] - wait request bundles: BundlePullRequestQueue{0 total, 0 active, 0 inactive, 0 unpullable}
[state-dump] - task request bundles: BundlePullRequestQueue{0 total, 0 active, 0 inactive, 0 unpullable}
[state-dump] - first get request bundle: N/A
[state-dump] - first wait request bundle: N/A
[state-dump] - first task request bundle: N/A
[state-dump] - num objects queued: 0
[state-dump] - num objects actively pulled (all): 0
[state-dump] - num objects actively pulled / pinned: 0
[state-dump] - num bundles being pulled: 0
[state-dump] - num pull retries: 0
[state-dump] - max timeout seconds: 0
[state-dump] - max timeout request is already processed. No entry.
[state-dump] 
[state-dump] WorkerPool:
[state-dump] - registered jobs: 1
[state-dump] - process_failed_job_config_missing: 0
[state-dump] - process_failed_rate_limited: 0
[state-dump] - process_failed_pending_registration: 192
[state-dump] - process_failed_runtime_env_setup_failed: 0
[state-dump] - num JAVA workers: 0
[state-dump] - num JAVA drivers: 0
[state-dump] - num JAVA pending start requests: 0
[state-dump] - num JAVA pending registration requests: 0
[state-dump] - num object spill callbacks queued: 0
[state-dump] - num object restore queued: 0
[state-dump] - num util functions queued: 0
[state-dump] - num PYTHON workers: 0
[state-dump] - num PYTHON drivers: 1
[state-dump] - num PYTHON pending start requests: 0
[state-dump] - num PYTHON pending registration requests: 0
[state-dump] - num object spill callbacks queued: 0
[state-dump] - num object restore queued: 0
[state-dump] - num util functions queued: 0
[state-dump] - num idle workers: 0
[state-dump] LeaseDependencyManager:
[state-dump] - lease deps map size: 0
[state-dump] - get req map size: 0
[state-dump] - wait req map size: 0
[state-dump] - local objects map size: 0
[state-dump] WaitManager:
[state-dump] - num active wait requests: 0
[state-dump] Subscriber:
[state-dump] Channel WORKER_OBJECT_LOCATIONS_CHANNEL
[state-dump] - cumulative subscribe requests: 0
[state-dump] - cumulative unsubscribe requests: 0
[state-dump] - active subscribed publishers: 0
[state-dump] - cumulative published messages: 0
[state-dump] - cumulative processed messages: 0
[state-dump] Channel WORKER_OBJECT_EVICTION
[state-dump] - cumulative subscribe requests: 0
[state-dump] - cumulative unsubscribe requests: 0
[state-dump] - active subscribed publishers: 0
[state-dump] - cumulative published messages: 0
[state-dump] - cumulative processed messages: 0
[state-dump] Channel WORKER_REF_REMOVED_CHANNEL
[state-dump] - cumulative subscribe requests: 0
[state-dump] - cumulative unsubscribe requests: 0
[state-dump] - active subscribed publishers: 0
[state-dump] - cumulative published messages: 0
[state-dump] - cumulative processed messages: 0
[state-dump] num async plasma notifications: 0
[state-dump] Event stats:
[state-dump] Global stats: 128651 total (16 active)
[state-dump] Queueing time: mean = 0.84ms, max = 3643.96ms, min = -95.24ms, total = 107843.55ms
[state-dump] Execution time:  mean = 18.91ms, total = 2432607.39ms
[state-dump] Event stats:
[state-dump] 	NodeManager.CheckGC - 28059 total (1 active), Execution time: mean = 0.01ms, total = 149.69ms, Queueing time: mean = 0.51ms, max = 3444.74ms, min = -95.24ms, total = 14186.50ms
[state-dump] 	RaySyncer.OnDemandBroadcasting - 28059 total (1 active), Execution time: mean = 0.01ms, total = 186.75ms, Queueing time: mean = 0.50ms, max = 3444.73ms, min = -0.03ms, total = 14152.98ms
[state-dump] 	ObjectManager.UpdateAvailableMemory - 28058 total (0 active), Execution time: mean = 0.00ms, total = 40.40ms, Queueing time: mean = 0.07ms, max = 100.68ms, min = 0.00ms, total = 2092.27ms
[state-dump] 	RayletWorkerPool.deadline_timer.kill_idle_workers - 14060 total (1 active), Execution time: mean = 0.00ms, total = 48.94ms, Queueing time: mean = 0.59ms, max = 3350.40ms, min = -0.03ms, total = 8238.51ms
[state-dump] 	MemoryMonitor.CheckIsMemoryUsageAboveThreshold - 11114 total (1 active), Execution time: mean = 2.85ms, total = 31714.59ms, Queueing time: mean = 0.91ms, max = 3291.29ms, min = -0.05ms, total = 10066.01ms
[state-dump] 	NodeManagerService.grpc_server.GetResourceLoad - 2818 total (0 active), Execution time: mean = 3.60ms, total = 10145.90ms, Queueing time: mean = 0.00ms, max = -0.00ms, min = 9223372036854.78ms, total = 0.00ms
[state-dump] 	NodeManagerService.grpc_server.GetResourceLoad.HandleRequestImpl - 2818 total (0 active), Execution time: mean = 0.12ms, total = 347.89ms, Queueing time: mean = 2.84ms, max = 3203.58ms, min = 0.01ms, total = 7990.93ms
[state-dump] 	NodeManager.deadline_timer.flush_free_objects - 2817 total (1 active), Execution time: mean = 0.00ms, total = 8.95ms, Queueing time: mean = 1.36ms, max = 2642.08ms, min = 0.00ms, total = 3838.13ms
[state-dump] 	NodeManager.CheckForUnexpectedWorkerDisconnects - 2817 total (1 active), Execution time: mean = 0.04ms, total = 115.21ms, Queueing time: mean = 1.33ms, max = 2644.57ms, min = -0.01ms, total = 3735.09ms
[state-dump] 	NodeManager.ScheduleAndGrantLeases - 2817 total (1 active), Execution time: mean = 0.01ms, total = 23.61ms, Queueing time: mean = 1.36ms, max = 2644.57ms, min = 0.00ms, total = 3827.04ms
[state-dump] 	NodeManager.deadline_timer.spill_objects_when_over_threshold - 2817 total (1 active), Execution time: mean = 0.00ms, total = 6.57ms, Queueing time: mean = 1.36ms, max = 2642.10ms, min = 0.00ms, total = 3840.64ms
[state-dump] 	ClusterResourceManager.ResetRemoteNodeView - 940 total (1 active), Execution time: mean = 0.00ms, total = 3.29ms, Queueing time: mean = 1.99ms, max = 1645.70ms, min = 0.01ms, total = 1872.12ms
[state-dump] 	NodeManager.deadline_timer.record_metrics - 564 total (1 active), Execution time: mean = 0.47ms, total = 266.19ms, Queueing time: mean = 0.81ms, max = 99.31ms, min = -0.00ms, total = 454.20ms
[state-dump] 	event_loop_lag_probe - 283 total (0 active), Execution time: mean = 0.01ms, total = 4.11ms, Queueing time: mean = 0.05ms, max = 6.45ms, min = 0.00ms, total = 13.75ms
[state-dump] 	NodeManager.deadline_timer.debug_state_dump - 282 total (1 active), Execution time: mean = 1.53ms, total = 430.13ms, Queueing time: mean = 0.56ms, max = 96.66ms, min = 0.01ms, total = 156.75ms
[state-dump] 	NodeManager.GcsCheckAlive - 47 total (1 active), Execution time: mean = 0.24ms, total = 11.15ms, Queueing time: mean = 3.41ms, max = 98.32ms, min = 0.40ms, total = 160.13ms
[state-dump] 	ray::rpc::NodeInfoGcsService.grpc_client.CheckAlive - 47 total (0 active), Execution time: mean = 1.84ms, total = 86.49ms, Queueing time: mean = 0.00ms, max = -0.00ms, min = 9223372036854.78ms, total = 0.00ms
[state-dump] 	NodeManager.deadline_timer.print_event_loop_stats - 47 total (1 active, 1 running), Execution time: mean = 1.54ms, total = 72.58ms, Queueing time: mean = 2.10ms, max = 97.85ms, min = 0.01ms, total = 98.68ms
[state-dump] 	ray::rpc::NodeInfoGcsService.grpc_client.CheckAlive.OnReplyReceived - 47 total (0 active), Execution time: mean = 0.04ms, total = 1.83ms, Queueing time: mean = 0.02ms, max = 0.14ms, min = 0.01ms, total = 1.13ms
[state-dump] 	ReporterService.grpc_client.HealthCheck.OnReplyReceived - 31 total (0 active), Execution time: mean = 0.12ms, total = 3.62ms, Queueing time: mean = 0.17ms, max = 1.08ms, min = 0.01ms, total = 5.28ms
[state-dump] 	ReporterService.grpc_client.HealthCheck - 31 total (0 active), Execution time: mean = 19.15ms, total = 593.71ms, Queueing time: mean = 0.00ms, max = -0.00ms, min = 9223372036854.78ms, total = 0.00ms
[state-dump] 	MetricsAgentClient.WaitForServerReadyWithRetry - 30 total (0 active), Execution time: mean = 0.31ms, total = 9.18ms, Queueing time: mean = 1101.58ms, max = 3643.96ms, min = 1000.02ms, total = 33047.26ms
[state-dump] 	PeriodicalRunner.RunFnPeriodically - 14 total (0 active), Execution time: mean = 0.23ms, total = 3.29ms, Queueing time: mean = 4.55ms, max = 12.98ms, min = 0.09ms, total = 63.65ms
[state-dump] 	ray::rpc::InternalPubSubGcsService.grpc_client.GcsSubscriberPoll - 5 total (1 active), Execution time: mean = 476952.21ms, total = 2384761.05ms, Queueing time: mean = 0.00ms, max = -0.00ms, min = 9223372036854.78ms, total = 0.00ms
[state-dump] 	NodeManager.GCTaskFailureReason - 4 total (1 active), Execution time: mean = 0.00ms, total = 0.01ms, Queueing time: mean = 0.02ms, max = 0.02ms, min = 0.02ms, total = 0.06ms
[state-dump] 	ray::rpc::InternalPubSubGcsService.grpc_client.GcsSubscriberPoll.OnReplyReceived - 4 total (0 active), Execution time: mean = 0.37ms, total = 1.47ms, Queueing time: mean = 0.03ms, max = 0.03ms, min = 0.02ms, total = 0.11ms
[state-dump] 	RaySyncerRegister - 2 total (0 active), Execution time: mean = 0.00ms, total = 0.01ms, Queueing time: mean = 0.00ms, max = 0.00ms, min = 0.00ms, total = 0.00ms
[state-dump] 	ray::rpc::InternalPubSubGcsService.grpc_client.GcsSubscriberCommandBatch - 2 total (0 active), Execution time: mean = 0.92ms, total = 1.84ms, Queueing time: mean = 0.00ms, max = -0.00ms, min = 9223372036854.78ms, total = 0.00ms
[state-dump] 	ray::rpc::InternalPubSubGcsService.grpc_client.GcsSubscriberCommandBatch.OnReplyReceived - 2 total (0 active), Execution time: mean = 0.10ms, total = 0.20ms, Queueing time: mean = 1.08ms, max = 2.01ms, min = 0.15ms, total = 2.16ms
[state-dump] 	ClientConnection.async_read.ProcessMessageHeader - 2 total (1 active), Execution time: mean = 0.00ms, total = 0.01ms, Queueing time: mean = 0.01ms, max = 0.02ms, min = 0.02ms, total = 0.02ms
[state-dump] 	ray::rpc::InternalKVGcsService.grpc_client.GetInternalConfig.OnReplyReceived - 1 total (0 active), Execution time: mean = 24.53ms, total = 24.53ms, Queueing time: mean = 0.03ms, max = 0.03ms, min = 0.03ms, total = 0.03ms
[state-dump] 	ray::rpc::InternalKVGcsService.grpc_client.GetInternalConfig - 1 total (0 active), Execution time: mean = 1.38ms, total = 1.38ms, Queueing time: mean = 0.00ms, max = -0.00ms, min = 9223372036854.78ms, total = 0.00ms
[state-dump] 	ray::rpc::NodeInfoGcsService.grpc_client.GetAllNodeAddressAndLiveness.OnReplyReceived - 1 total (0 active), Execution time: mean = 0.15ms, total = 0.15ms, Queueing time: mean = 0.01ms, max = 0.01ms, min = 0.01ms, total = 0.01ms
[state-dump] 	NodeManagerService.grpc_server.GetSystemConfig.HandleRequestImpl - 1 total (0 active), Execution time: mean = 0.09ms, total = 0.09ms, Queueing time: mean = 0.02ms, max = 0.02ms, min = 0.02ms, total = 0.02ms
[state-dump] 	ray::rpc::NodeInfoGcsService.grpc_client.RegisterNode - 1 total (0 active), Execution time: mean = 1.29ms, total = 1.29ms, Queueing time: mean = 0.00ms, max = -0.00ms, min = 9223372036854.78ms, total = 0.00ms
[state-dump] 	ClientConnection.async_read.ProcessMessage - 1 total (0 active), Execution time: mean = 3538.24ms, total = 3538.24ms, Queueing time: mean = 0.01ms, max = 0.01ms, min = 0.01ms, total = 0.01ms
[state-dump] 	ray::rpc::NodeInfoGcsService.grpc_client.RegisterNode.OnReplyReceived - 1 total (0 active), Execution time: mean = 0.68ms, total = 0.68ms, Queueing time: mean = 0.05ms, max = 0.05ms, min = 0.05ms, total = 0.05ms
[state-dump] 	NodeManagerService.grpc_server.GetSystemConfig - 1 total (0 active), Execution time: mean = 0.65ms, total = 0.65ms, Queueing time: mean = 0.00ms, max = -0.00ms, min = 9223372036854.78ms, total = 0.00ms
[state-dump] 	ray::rpc::JobInfoGcsService.grpc_client.GetAllJobInfo - 1 total (0 active), Execution time: mean = 0.76ms, total = 0.76ms, Queueing time: mean = 0.00ms, max = -0.00ms, min = 9223372036854.78ms, total = 0.00ms
[state-dump] 	ray::rpc::JobInfoGcsService.grpc_client.GetAllJobInfo.OnReplyReceived - 1 total (0 active), Execution time: mean = 0.03ms, total = 0.03ms, Queueing time: mean = 0.01ms, max = 0.01ms, min = 0.01ms, total = 0.01ms
[state-dump] 	 - 1 total (0 active), Execution time: mean = 0.00ms, total = 0.00ms, Queueing time: mean = 0.02ms, max = 0.02ms, min = 0.02ms, total = 0.02ms
[state-dump] 	RaySyncer.BroadcastMessage - 1 total (0 active), Execution time: mean = 0.09ms, total = 0.09ms, Queueing time: mean = 0.00ms, max = 0.00ms, min = 0.00ms, total = 0.00ms
[state-dump] 	ray::rpc::NodeInfoGcsService.grpc_client.GetAllNodeAddressAndLiveness - 1 total (0 active), Execution time: mean = 0.85ms, total = 0.85ms, Queueing time: mean = 0.00ms, max = -0.00ms, min = 9223372036854.78ms, total = 0.00ms
[state-dump] DebugString() time ms: 1
[state-dump] 
[state-dump] 
[2026-06-04 23:16:24,133 I 859 892] (raylet) store.cc:573: Plasma store debug dump: 
Current usage: 0 / 20.0817 GB
- num bytes created total: 0
0 pending objects of total size 0MB
- objects spillable: 0
- bytes spillable: 0
- objects unsealed: 0
- bytes unsealed: 0
- objects in use: 0
- bytes in use: 0
- objects evictable: 0
- bytes evictable: 0

- objects created by worker: 0
- bytes created by worker: 0
- objects restored: 0
- bytes restored: 0
- objects received: 0
- bytes received: 0
- objects errored: 0
- bytes errored: 0

[2026-06-04 23:16:24,323 I 859 859] (raylet) node_manager.cc:424: [state-dump] NodeManager:
[state-dump] Node ID: 11e184b7641b47dd66e5366c42f7fe51cb28f4bab1ca7ef8847590e4
[state-dump] Node name: 172.16.254.232
[state-dump] InitialConfigResources: {node:__internal_head__: 1, CPU: 192, node:172.16.254.232: 1, object_store_memory: 2.00817e+10, memory: 4.68574e+10}
[state-dump] ClusterLeaseManager:
[state-dump] ========== Node: 11e184b7641b47dd66e5366c42f7fe51cb28f4bab1ca7ef8847590e4 =================
[state-dump] Infeasible queue length: 0
[state-dump] Schedule queue length: 0
[state-dump] Grant queue length: 0
[state-dump] num_waiting_for_resource: 0
[state-dump] num_waiting_for_plasma_memory: 0
[state-dump] num_waiting_for_remote_node_resources: 0
[state-dump] num_worker_not_started_by_job_config_not_exist: 0
[state-dump] num_worker_not_started_by_registration_timeout: 0
[state-dump] num_tasks_waiting_for_workers: 0
[state-dump] num_cancelled_leases: 0
[state-dump] cluster_resource_scheduler state: 
[state-dump] Local id: 1457234449467745066 Local resources: {"total":{object_store_memory: [200817303550000], node:__internal_head__: [10000], memory: [468573708290000], CPU: [1920000], node:172.16.254.232: [10000]}}, "available": {memory: [468573708290000], CPU: [1920000], node:172.16.254.232: [10000], object_store_memory: [200817303550000], node:__internal_head__: [10000]}}, "labels":{"ray.io/node-id":"11e184b7641b47dd66e5366c42f7fe51cb28f4bab1ca7ef8847590e4",} is_draining: 0 is_idle: 1 Cluster resources (at most 20 nodes are shown): node id: 1457234449467745066{"total":{node:172.16.254.232: 10000, node:__internal_head__: 10000, memory: 468573708290000, object_store_memory: 200817303550000, CPU: 1920000}}, "available": {node:172.16.254.232: 10000, node:__internal_head__: 10000, memory: 468573708290000, CPU: 1920000, object_store_memory: 200817303550000}}, "labels":{"ray.io/node-id":"11e184b7641b47dd66e5366c42f7fe51cb28f4bab1ca7ef8847590e4",}, "is_draining": 0, "draining_deadline_timestamp_ms": -1} { "placement group locations": [], "node to bundles": []}
[state-dump] Waiting leases size: 0
[state-dump] Number of granted lease arguments: 0
[state-dump] Number of pinned lease arguments: 0
[state-dump] Number of total spilled leases: 0
[state-dump] Number of spilled waiting leases: 0
[state-dump] Number of spilled unschedulable leases: 0
[state-dump] Resource usage {
[state-dump] }
[state-dump] Backlog Size per scheduling descriptor :{workerId: num backlogs}:
[state-dump] 
[state-dump] Granted leases by scheduling class:
[state-dump] ==================================================
[state-dump] 
[state-dump] ClusterResources:
[state-dump] LocalObjectManager:
[state-dump] - num pinned objects: 0
[state-dump] - pinned objects size: 0
[state-dump] - num objects pending restore: 0
[state-dump] - num objects pending spill: 0
[state-dump] - num bytes pending spill: 0
[state-dump] - num bytes currently spilled: 0
[state-dump] - cumulative spill requests: 0
[state-dump] - cumulative restore requests: 0
[state-dump] - spilled objects pending delete: 0
[state-dump] 
[state-dump] ObjectManager:
[state-dump] - num local objects: 0
[state-dump] - num unfulfilled push requests: 0
[state-dump] - num object pull requests: 0
[state-dump] - num chunks received total: 0
[state-dump] - num chunks received failed (all): 0
[state-dump] - num chunks received failed / cancelled: 0
[state-dump] - num chunks received failed / plasma error: 0
[state-dump] Event stats:
[state-dump] Global stats: 0 total (0 active)
[state-dump] Queueing time: mean = -nanms, max = -0.00ms, min = 9223372036854.78ms, total = 0.00ms
[state-dump] Execution time:  mean = -nanms, total = 0.00ms
[state-dump] Event stats:
[state-dump] PushManager:
[state-dump] - num pushes remaining: 0
[state-dump] - num chunks in flight: 0
[state-dump] - num chunks remaining: 0
[state-dump] - max chunks allowed: 409
[state-dump] OwnershipBasedObjectDirectory:
[state-dump] - num listeners: 0
[state-dump] - cumulative location updates: 0
[state-dump] - num location updates per second: 0.000
[state-dump] - num location lookups per second: 0.000
[state-dump] - num locations added per second: 0.000
[state-dump] - num locations removed per second: 0.000
[state-dump] BufferPool:
[state-dump] - create buffer state map size: 0
[state-dump] PullManager:
[state-dump] - num bytes available for pulled objects: 20081730355
[state-dump] - num bytes being pulled (all): 0
[state-dump] - num bytes being pulled / pinned: 0
[state-dump] - get request bundles: BundlePullRequestQueue{0 total, 0 active, 0 inactive, 0 unpullable}
[state-dump] - wait request bundles: BundlePullRequestQueue{0 total, 0 active, 0 inactive, 0 unpullable}
[state-dump] - task request bundles: BundlePullRequestQueue{0 total, 0 active, 0 inactive, 0 unpullable}
[state-dump] - first get request bundle: N/A
[state-dump] - first wait request bundle: N/A
[state-dump] - first task request bundle: N/A
[state-dump] - num objects queued: 0
[state-dump] - num objects actively pulled (all): 0
[state-dump] - num objects actively pulled / pinned: 0
[state-dump] - num bundles being pulled: 0
[state-dump] - num pull retries: 0
[state-dump] - max timeout seconds: 0
[state-dump] - max timeout request is already processed. No entry.
[state-dump] 
[state-dump] WorkerPool:
[state-dump] - registered jobs: 1
[state-dump] - process_failed_job_config_missing: 0
[state-dump] - process_failed_rate_limited: 0
[state-dump] - process_failed_pending_registration: 192
[state-dump] - process_failed_runtime_env_setup_failed: 0
[state-dump] - num JAVA workers: 0
[state-dump] - num JAVA drivers: 0
[state-dump] - num JAVA pending start requests: 0
[state-dump] - num JAVA pending registration requests: 0
[state-dump] - num object spill callbacks queued: 0
[state-dump] - num object restore queued: 0
[state-dump] - num util functions queued: 0
[state-dump] - num PYTHON workers: 0
[state-dump] - num PYTHON drivers: 1
[state-dump] - num PYTHON pending start requests: 0
[state-dump] - num PYTHON pending registration requests: 0
[state-dump] - num object spill callbacks queued: 0
[state-dump] - num object restore queued: 0
[state-dump] - num util functions queued: 0
[state-dump] - num idle workers: 0
[state-dump] LeaseDependencyManager:
[state-dump] - lease deps map size: 0
[state-dump] - get req map size: 0
[state-dump] - wait req map size: 0
[state-dump] - local objects map size: 0
[state-dump] WaitManager:
[state-dump] - num active wait requests: 0
[state-dump] Subscriber:
[state-dump] Channel WORKER_OBJECT_LOCATIONS_CHANNEL
[state-dump] - cumulative subscribe requests: 0
[state-dump] - cumulative unsubscribe requests: 0
[state-dump] - active subscribed publishers: 0
[state-dump] - cumulative published messages: 0
[state-dump] - cumulative processed messages: 0
[state-dump] Channel WORKER_OBJECT_EVICTION
[state-dump] - cumulative subscribe requests: 0
[state-dump] - cumulative unsubscribe requests: 0
[state-dump] - active subscribed publishers: 0
[state-dump] - cumulative published messages: 0
[state-dump] - cumulative processed messages: 0
[state-dump] Channel WORKER_REF_REMOVED_CHANNEL
[state-dump] - cumulative subscribe requests: 0
[state-dump] - cumulative unsubscribe requests: 0
[state-dump] - active subscribed publishers: 0
[state-dump] - cumulative published messages: 0
[state-dump] - cumulative processed messages: 0
[state-dump] num async plasma notifications: 0
[state-dump] Event stats:
[state-dump] Global stats: 131394 total (16 active)
[state-dump] Queueing time: mean = 0.82ms, max = 3643.96ms, min = -95.24ms, total = 108169.13ms
[state-dump] Execution time:  mean = 18.52ms, total = 2433223.71ms
[state-dump] Event stats:
[state-dump] 	NodeManager.CheckGC - 28658 total (1 active), Execution time: mean = 0.01ms, total = 150.81ms, Queueing time: mean = 0.50ms, max = 3444.74ms, min = -95.24ms, total = 14307.88ms
[state-dump] 	RaySyncer.OnDemandBroadcasting - 28658 total (1 active), Execution time: mean = 0.01ms, total = 188.61ms, Queueing time: mean = 0.50ms, max = 3444.73ms, min = -0.03ms, total = 14273.69ms
[state-dump] 	ObjectManager.UpdateAvailableMemory - 28657 total (0 active), Execution time: mean = 0.00ms, total = 41.22ms, Queueing time: mean = 0.07ms, max = 100.68ms, min = 0.00ms, total = 2102.30ms
[state-dump] 	RayletWorkerPool.deadline_timer.kill_idle_workers - 14360 total (1 active), Execution time: mean = 0.00ms, total = 49.94ms, Queueing time: mean = 0.58ms, max = 3350.40ms, min = -0.03ms, total = 8293.79ms
[state-dump] 	MemoryMonitor.CheckIsMemoryUsageAboveThreshold - 11352 total (1 active), Execution time: mean = 2.84ms, total = 32266.60ms, Queueing time: mean = 0.89ms, max = 3291.29ms, min = -0.05ms, total = 10070.78ms
[state-dump] 	NodeManagerService.grpc_server.GetResourceLoad - 2878 total (0 active), Execution time: mean = 3.54ms, total = 10179.69ms, Queueing time: mean = 0.00ms, max = -0.00ms, min = 9223372036854.78ms, total = 0.00ms
[state-dump] 	NodeManagerService.grpc_server.GetResourceLoad.HandleRequestImpl - 2878 total (0 active), Execution time: mean = 0.12ms, total = 355.40ms, Queueing time: mean = 2.78ms, max = 3203.58ms, min = 0.01ms, total = 7996.45ms
[state-dump] 	NodeManager.deadline_timer.flush_free_objects - 2877 total (1 active), Execution time: mean = 0.00ms, total = 9.14ms, Queueing time: mean = 1.33ms, max = 2642.08ms, min = 0.00ms, total = 3839.64ms
[state-dump] 	NodeManager.CheckForUnexpectedWorkerDisconnects - 2877 total (1 active), Execution time: mean = 0.04ms, total = 115.68ms, Queueing time: mean = 1.30ms, max = 2644.57ms, min = -0.01ms, total = 3736.32ms
[state-dump] 	NodeManager.ScheduleAndGrantLeases - 2877 total (1 active), Execution time: mean = 0.01ms, total = 24.10ms, Queueing time: mean = 1.33ms, max = 2644.57ms, min = 0.00ms, total = 3828.25ms
[state-dump] 	NodeManager.deadline_timer.spill_objects_when_over_threshold - 2877 total (1 active), Execution time: mean = 0.00ms, total = 6.71ms, Queueing time: mean = 1.34ms, max = 2642.10ms, min = 0.00ms, total = 3842.20ms
[state-dump] 	ClusterResourceManager.ResetRemoteNodeView - 960 total (1 active), Execution time: mean = 0.00ms, total = 3.36ms, Queueing time: mean = 1.95ms, max = 1645.70ms, min = 0.01ms, total = 1872.49ms
[state-dump] 	NodeManager.deadline_timer.record_metrics - 576 total (1 active), Execution time: mean = 0.47ms, total = 272.14ms, Queueing time: mean = 0.79ms, max = 99.31ms, min = -0.00ms, total = 454.45ms
[state-dump] 	event_loop_lag_probe - 289 total (0 active), Execution time: mean = 0.01ms, total = 4.20ms, Queueing time: mean = 0.05ms, max = 6.45ms, min = 0.00ms, total = 13.78ms
[state-dump] 	NodeManager.deadline_timer.debug_state_dump - 288 total (1 active), Execution time: mean = 1.52ms, total = 437.86ms, Queueing time: mean = 0.54ms, max = 96.66ms, min = 0.01ms, total = 156.90ms
[state-dump] 	NodeManager.GcsCheckAlive - 48 total (1 active), Execution time: mean = 0.24ms, total = 11.41ms, Queueing time: mean = 3.37ms, max = 98.32ms, min = 0.40ms, total = 161.69ms
[state-dump] 	ray::rpc::NodeInfoGcsService.grpc_client.CheckAlive - 48 total (0 active), Execution time: mean = 1.82ms, total = 87.57ms, Queueing time: mean = 0.00ms, max = -0.00ms, min = 9223372036854.78ms, total = 0.00ms
[state-dump] 	NodeManager.deadline_timer.print_event_loop_stats - 48 total (1 active, 1 running), Execution time: mean = 1.55ms, total = 74.30ms, Queueing time: mean = 2.06ms, max = 97.85ms, min = 0.01ms, total = 98.70ms
[state-dump] 	ray::rpc::NodeInfoGcsService.grpc_client.CheckAlive.OnReplyReceived - 48 total (0 active), Execution time: mean = 0.04ms, total = 1.86ms, Queueing time: mean = 0.02ms, max = 0.14ms, min = 0.01ms, total = 1.15ms
[state-dump] 	ReporterService.grpc_client.HealthCheck.OnReplyReceived - 31 total (0 active), Execution time: mean = 0.12ms, total = 3.62ms, Queueing time: mean = 0.17ms, max = 1.08ms, min = 0.01ms, total = 5.28ms
[state-dump] 	ReporterService.grpc_client.HealthCheck - 31 total (0 active), Execution time: mean = 19.15ms, total = 593.71ms, Queueing time: mean = 0.00ms, max = -0.00ms, min = 9223372036854.78ms, total = 0.00ms
[state-dump] 	MetricsAgentClient.WaitForServerReadyWithRetry - 30 total (0 active), Execution time: mean = 0.31ms, total = 9.18ms, Queueing time: mean = 1101.58ms, max = 3643.96ms, min = 1000.02ms, total = 33047.26ms
[state-dump] 	PeriodicalRunner.RunFnPeriodically - 14 total (0 active), Execution time: mean = 0.23ms, total = 3.29ms, Queueing time: mean = 4.55ms, max = 12.98ms, min = 0.09ms, total = 63.65ms
[state-dump] 	ray::rpc::InternalPubSubGcsService.grpc_client.GcsSubscriberPoll - 5 total (1 active), Execution time: mean = 476952.21ms, total = 2384761.05ms, Queueing time: mean = 0.00ms, max = -0.00ms, min = 9223372036854.78ms, total = 0.00ms
[state-dump] 	NodeManager.GCTaskFailureReason - 4 total (1 active), Execution time: mean = 0.00ms, total = 0.01ms, Queueing time: mean = 0.02ms, max = 0.02ms, min = 0.02ms, total = 0.06ms
[state-dump] 	ray::rpc::InternalPubSubGcsService.grpc_client.GcsSubscriberPoll.OnReplyReceived - 4 total (0 active), Execution time: mean = 0.37ms, total = 1.47ms, Queueing time: mean = 0.03ms, max = 0.03ms, min = 0.02ms, total = 0.11ms
[state-dump] 	RaySyncerRegister - 2 total (0 active), Execution time: mean = 0.00ms, total = 0.01ms, Queueing time: mean = 0.00ms, max = 0.00ms, min = 0.00ms, total = 0.00ms
[state-dump] 	ray::rpc::InternalPubSubGcsService.grpc_client.GcsSubscriberCommandBatch - 2 total (0 active), Execution time: mean = 0.92ms, total = 1.84ms, Queueing time: mean = 0.00ms, max = -0.00ms, min = 9223372036854.78ms, total = 0.00ms
[state-dump] 	ray::rpc::InternalPubSubGcsService.grpc_client.GcsSubscriberCommandBatch.OnReplyReceived - 2 total (0 active), Execution time: mean = 0.10ms, total = 0.20ms, Queueing time: mean = 1.08ms, max = 2.01ms, min = 0.15ms, total = 2.16ms
[state-dump] 	ClientConnection.async_read.ProcessMessageHeader - 2 total (1 active), Execution time: mean = 0.00ms, total = 0.01ms, Queueing time: mean = 0.01ms, max = 0.02ms, min = 0.02ms, total = 0.02ms
[state-dump] 	ray::rpc::InternalKVGcsService.grpc_client.GetInternalConfig.OnReplyReceived - 1 total (0 active), Execution time: mean = 24.53ms, total = 24.53ms, Queueing time: mean = 0.03ms, max = 0.03ms, min = 0.03ms, total = 0.03ms
[state-dump] 	ray::rpc::InternalKVGcsService.grpc_client.GetInternalConfig - 1 total (0 active), Execution time: mean = 1.38ms, total = 1.38ms, Queueing time: mean = 0.00ms, max = -0.00ms, min = 9223372036854.78ms, total = 0.00ms
[state-dump] 	ray::rpc::NodeInfoGcsService.grpc_client.GetAllNodeAddressAndLiveness.OnReplyReceived - 1 total (0 active), Execution time: mean = 0.15ms, total = 0.15ms, Queueing time: mean = 0.01ms, max = 0.01ms, min = 0.01ms, total = 0.01ms
[state-dump] 	NodeManagerService.grpc_server.GetSystemConfig.HandleRequestImpl - 1 total (0 active), Execution time: mean = 0.09ms, total = 0.09ms, Queueing time: mean = 0.02ms, max = 0.02ms, min = 0.02ms, total = 0.02ms
[state-dump] 	ray::rpc::NodeInfoGcsService.grpc_client.RegisterNode - 1 total (0 active), Execution time: mean = 1.29ms, total = 1.29ms, Queueing time: mean = 0.00ms, max = -0.00ms, min = 9223372036854.78ms, total = 0.00ms
[state-dump] 	ClientConnection.async_read.ProcessMessage - 1 total (0 active), Execution time: mean = 3538.24ms, total = 3538.24ms, Queueing time: mean = 0.01ms, max = 0.01ms, min = 0.01ms, total = 0.01ms
[state-dump] 	ray::rpc::NodeInfoGcsService.grpc_client.RegisterNode.OnReplyReceived - 1 total (0 active), Execution time: mean = 0.68ms, total = 0.68ms, Queueing time: mean = 0.05ms, max = 0.05ms, min = 0.05ms, total = 0.05ms
[state-dump] 	NodeManagerService.grpc_server.GetSystemConfig - 1 total (0 active), Execution time: mean = 0.65ms, total = 0.65ms, Queueing time: mean = 0.00ms, max = -0.00ms, min = 9223372036854.78ms, total = 0.00ms
[state-dump] 	ray::rpc::JobInfoGcsService.grpc_client.GetAllJobInfo - 1 total (0 active), Execution time: mean = 0.76ms, total = 0.76ms, Queueing time: mean = 0.00ms, max = -0.00ms, min = 9223372036854.78ms, total = 0.00ms
[state-dump] 	ray::rpc::JobInfoGcsService.grpc_client.GetAllJobInfo.OnReplyReceived - 1 total (0 active), Execution time: mean = 0.03ms, total = 0.03ms, Queueing time: mean = 0.01ms, max = 0.01ms, min = 0.01ms, total = 0.01ms
[state-dump] 	 - 1 total (0 active), Execution time: mean = 0.00ms, total = 0.00ms, Queueing time: mean = 0.02ms, max = 0.02ms, min = 0.02ms, total = 0.02ms
[state-dump] 	RaySyncer.BroadcastMessage - 1 total (0 active), Execution time: mean = 0.09ms, total = 0.09ms, Queueing time: mean = 0.00ms, max = 0.00ms, min = 0.00ms, total = 0.00ms
[state-dump] 	ray::rpc::NodeInfoGcsService.grpc_client.GetAllNodeAddressAndLiveness - 1 total (0 active), Execution time: mean = 0.85ms, total = 0.85ms, Queueing time: mean = 0.00ms, max = -0.00ms, min = 9223372036854.78ms, total = 0.00ms
[state-dump] DebugString() time ms: 1
[state-dump] 
[state-dump] 
[2026-06-04 23:17:24,133 I 859 892] (raylet) store.cc:573: Plasma store debug dump: 
Current usage: 0 / 20.0817 GB
- num bytes created total: 0
0 pending objects of total size 0MB
- objects spillable: 0
- bytes spillable: 0
- objects unsealed: 0
- bytes unsealed: 0
- objects in use: 0
- bytes in use: 0
- objects evictable: 0
- bytes evictable: 0

- objects created by worker: 0
- bytes created by worker: 0
- objects restored: 0
- bytes restored: 0
- objects received: 0
- bytes received: 0
- objects errored: 0
- bytes errored: 0

[2026-06-04 23:17:24,325 I 859 859] (raylet) node_manager.cc:424: [state-dump] NodeManager:
[state-dump] Node ID: 11e184b7641b47dd66e5366c42f7fe51cb28f4bab1ca7ef8847590e4
[state-dump] Node name: 172.16.254.232
[state-dump] InitialConfigResources: {node:__internal_head__: 1, CPU: 192, node:172.16.254.232: 1, object_store_memory: 2.00817e+10, memory: 4.68574e+10}
[state-dump] ClusterLeaseManager:
[state-dump] ========== Node: 11e184b7641b47dd66e5366c42f7fe51cb28f4bab1ca7ef8847590e4 =================
[state-dump] Infeasible queue length: 0
[state-dump] Schedule queue length: 0
[state-dump] Grant queue length: 0
[state-dump] num_waiting_for_resource: 0
[state-dump] num_waiting_for_plasma_memory: 0
[state-dump] num_waiting_for_remote_node_resources: 0
[state-dump] num_worker_not_started_by_job_config_not_exist: 0
[state-dump] num_worker_not_started_by_registration_timeout: 0
[state-dump] num_tasks_waiting_for_workers: 0
[state-dump] num_cancelled_leases: 0
[state-dump] cluster_resource_scheduler state: 
[state-dump] Local id: 1457234449467745066 Local resources: {"total":{object_store_memory: [200817303550000], node:__internal_head__: [10000], memory: [468573708290000], CPU: [1920000], node:172.16.254.232: [10000]}}, "available": {memory: [468573708290000], CPU: [1920000], node:172.16.254.232: [10000], object_store_memory: [200817303550000], node:__internal_head__: [10000]}}, "labels":{"ray.io/node-id":"11e184b7641b47dd66e5366c42f7fe51cb28f4bab1ca7ef8847590e4",} is_draining: 0 is_idle: 1 Cluster resources (at most 20 nodes are shown): node id: 1457234449467745066{"total":{node:172.16.254.232: 10000, node:__internal_head__: 10000, memory: 468573708290000, object_store_memory: 200817303550000, CPU: 1920000}}, "available": {node:172.16.254.232: 10000, node:__internal_head__: 10000, memory: 468573708290000, CPU: 1920000, object_store_memory: 200817303550000}}, "labels":{"ray.io/node-id":"11e184b7641b47dd66e5366c42f7fe51cb28f4bab1ca7ef8847590e4",}, "is_draining": 0, "draining_deadline_timestamp_ms": -1} { "placement group locations": [], "node to bundles": []}
[state-dump] Waiting leases size: 0
[state-dump] Number of granted lease arguments: 0
[state-dump] Number of pinned lease arguments: 0
[state-dump] Number of total spilled leases: 0
[state-dump] Number of spilled waiting leases: 0
[state-dump] Number of spilled unschedulable leases: 0
[state-dump] Resource usage {
[state-dump] }
[state-dump] Backlog Size per scheduling descriptor :{workerId: num backlogs}:
[state-dump] 
[state-dump] Granted leases by scheduling class:
[state-dump] ==================================================
[state-dump] 
[state-dump] ClusterResources:
[state-dump] LocalObjectManager:
[state-dump] - num pinned objects: 0
[state-dump] - pinned objects size: 0
[state-dump] - num objects pending restore: 0
[state-dump] - num objects pending spill: 0
[state-dump] - num bytes pending spill: 0
[state-dump] - num bytes currently spilled: 0
[state-dump] - cumulative spill requests: 0
[state-dump] - cumulative restore requests: 0
[state-dump] - spilled objects pending delete: 0
[state-dump] 
[state-dump] ObjectManager:
[state-dump] - num local objects: 0
[state-dump] - num unfulfilled push requests: 0
[state-dump] - num object pull requests: 0
[state-dump] - num chunks received total: 0
[state-dump] - num chunks received failed (all): 0
[state-dump] - num chunks received failed / cancelled: 0
[state-dump] - num chunks received failed / plasma error: 0
[state-dump] Event stats:
[state-dump] Global stats: 0 total (0 active)
[state-dump] Queueing time: mean = -nanms, max = -0.00ms, min = 9223372036854.78ms, total = 0.00ms
[state-dump] Execution time:  mean = -nanms, total = 0.00ms
[state-dump] Event stats:
[state-dump] PushManager:
[state-dump] - num pushes remaining: 0
[state-dump] - num chunks in flight: 0
[state-dump] - num chunks remaining: 0
[state-dump] - max chunks allowed: 409
[state-dump] OwnershipBasedObjectDirectory:
[state-dump] - num listeners: 0
[state-dump] - cumulative location updates: 0
[state-dump] - num location updates per second: 0.000
[state-dump] - num location lookups per second: 0.000
[state-dump] - num locations added per second: 0.000
[state-dump] - num locations removed per second: 0.000
[state-dump] BufferPool:
[state-dump] - create buffer state map size: 0
[state-dump] PullManager:
[state-dump] - num bytes available for pulled objects: 20081730355
[state-dump] - num bytes being pulled (all): 0
[state-dump] - num bytes being pulled / pinned: 0
[state-dump] - get request bundles: BundlePullRequestQueue{0 total, 0 active, 0 inactive, 0 unpullable}
[state-dump] - wait request bundles: BundlePullRequestQueue{0 total, 0 active, 0 inactive, 0 unpullable}
[state-dump] - task request bundles: BundlePullRequestQueue{0 total, 0 active, 0 inactive, 0 unpullable}
[state-dump] - first get request bundle: N/A
[state-dump] - first wait request bundle: N/A
[state-dump] - first task request bundle: N/A
[state-dump] - num objects queued: 0
[state-dump] - num objects actively pulled (all): 0
[state-dump] - num objects actively pulled / pinned: 0
[state-dump] - num bundles being pulled: 0
[state-dump] - num pull retries: 0
[state-dump] - max timeout seconds: 0
[state-dump] - max timeout request is already processed. No entry.
[state-dump] 
[state-dump] WorkerPool:
[state-dump] - registered jobs: 1
[state-dump] - process_failed_job_config_missing: 0
[state-dump] - process_failed_rate_limited: 0
[state-dump] - process_failed_pending_registration: 192
[state-dump] - process_failed_runtime_env_setup_failed: 0
[state-dump] - num JAVA workers: 0
[state-dump] - num JAVA drivers: 0
[state-dump] - num JAVA pending start requests: 0
[state-dump] - num JAVA pending registration requests: 0
[state-dump] - num object spill callbacks queued: 0
[state-dump] - num object restore queued: 0
[state-dump] - num util functions queued: 0
[state-dump] - num PYTHON workers: 0
[state-dump] - num PYTHON drivers: 1
[state-dump] - num PYTHON pending start requests: 0
[state-dump] - num PYTHON pending registration requests: 0
[state-dump] - num object spill callbacks queued: 0
[state-dump] - num object restore queued: 0
[state-dump] - num util functions queued: 0
[state-dump] - num idle workers: 0
[state-dump] LeaseDependencyManager:
[state-dump] - lease deps map size: 0
[state-dump] - get req map size: 0
[state-dump] - wait req map size: 0
[state-dump] - local objects map size: 0
[state-dump] WaitManager:
[state-dump] - num active wait requests: 0
[state-dump] Subscriber:
[state-dump] Channel WORKER_OBJECT_LOCATIONS_CHANNEL
[state-dump] - cumulative subscribe requests: 0
[state-dump] - cumulative unsubscribe requests: 0
[state-dump] - active subscribed publishers: 0
[state-dump] - cumulative published messages: 0
[state-dump] - cumulative processed messages: 0
[state-dump] Channel WORKER_OBJECT_EVICTION
[state-dump] - cumulative subscribe requests: 0
[state-dump] - cumulative unsubscribe requests: 0
[state-dump] - active subscribed publishers: 0
[state-dump] - cumulative published messages: 0
[state-dump] - cumulative processed messages: 0
[state-dump] Channel WORKER_REF_REMOVED_CHANNEL
[state-dump] - cumulative subscribe requests: 0
[state-dump] - cumulative unsubscribe requests: 0
[state-dump] - active subscribed publishers: 0
[state-dump] - cumulative published messages: 0
[state-dump] - cumulative processed messages: 0
[state-dump] num async plasma notifications: 0
[state-dump] Event stats:
[state-dump] Global stats: 134140 total (16 active)
[state-dump] Queueing time: mean = 0.81ms, max = 3643.96ms, min = -95.24ms, total = 108243.21ms
[state-dump] Execution time:  mean = 18.14ms, total = 2433792.13ms
[state-dump] Event stats:
[state-dump] 	NodeManager.CheckGC - 29258 total (1 active), Execution time: mean = 0.01ms, total = 151.85ms, Queueing time: mean = 0.49ms, max = 3444.74ms, min = -95.24ms, total = 14327.44ms
[state-dump] 	RaySyncer.OnDemandBroadcasting - 29258 total (1 active), Execution time: mean = 0.01ms, total = 190.28ms, Queueing time: mean = 0.49ms, max = 3444.73ms, min = -0.03ms, total = 14292.69ms
[state-dump] 	ObjectManager.UpdateAvailableMemory - 29257 total (0 active), Execution time: mean = 0.00ms, total = 41.94ms, Queueing time: mean = 0.07ms, max = 100.68ms, min = 0.00ms, total = 2111.33ms
[state-dump] 	RayletWorkerPool.deadline_timer.kill_idle_workers - 14660 total (1 active), Execution time: mean = 0.00ms, total = 50.88ms, Queueing time: mean = 0.57ms, max = 3350.40ms, min = -0.03ms, total = 8306.65ms
[state-dump] 	MemoryMonitor.CheckIsMemoryUsageAboveThreshold - 11590 total (1 active), Execution time: mean = 2.83ms, total = 32778.44ms, Queueing time: mean = 0.87ms, max = 3291.29ms, min = -0.05ms, total = 10075.07ms
[state-dump] 	NodeManagerService.grpc_server.GetResourceLoad - 2938 total (0 active), Execution time: mean = 3.47ms, total = 10207.61ms, Queueing time: mean = 0.00ms, max = -0.00ms, min = 9223372036854.78ms, total = 0.00ms
[state-dump] 	NodeManagerService.grpc_server.GetResourceLoad.HandleRequestImpl - 2938 total (0 active), Execution time: mean = 0.12ms, total = 362.41ms, Queueing time: mean = 2.72ms, max = 3203.58ms, min = 0.01ms, total = 7997.96ms
[state-dump] 	NodeManager.deadline_timer.flush_free_objects - 2937 total (1 active), Execution time: mean = 0.00ms, total = 9.32ms, Queueing time: mean = 1.31ms, max = 2642.08ms, min = 0.00ms, total = 3841.16ms
[state-dump] 	NodeManager.CheckForUnexpectedWorkerDisconnects - 2937 total (1 active), Execution time: mean = 0.04ms, total = 116.11ms, Queueing time: mean = 1.27ms, max = 2644.57ms, min = -0.01ms, total = 3737.59ms
[state-dump] 	NodeManager.ScheduleAndGrantLeases - 2937 total (1 active), Execution time: mean = 0.01ms, total = 24.54ms, Queueing time: mean = 1.30ms, max = 2644.57ms, min = 0.00ms, total = 3829.53ms
[state-dump] 	NodeManager.deadline_timer.spill_objects_when_over_threshold - 2937 total (1 active), Execution time: mean = 0.00ms, total = 6.85ms, Queueing time: mean = 1.31ms, max = 2642.10ms, min = 0.00ms, total = 3843.77ms
[state-dump] 	ClusterResourceManager.ResetRemoteNodeView - 980 total (1 active), Execution time: mean = 0.00ms, total = 3.42ms, Queueing time: mean = 1.91ms, max = 1645.70ms, min = 0.01ms, total = 1872.82ms
[state-dump] 	NodeManager.deadline_timer.record_metrics - 588 total (1 active), Execution time: mean = 0.47ms, total = 278.21ms, Queueing time: mean = 0.77ms, max = 99.31ms, min = -0.00ms, total = 454.69ms
[state-dump] 	event_loop_lag_probe - 295 total (0 active), Execution time: mean = 0.01ms, total = 4.29ms, Queueing time: mean = 0.05ms, max = 6.45ms, min = 0.00ms, total = 13.82ms
[state-dump] 	NodeManager.deadline_timer.debug_state_dump - 294 total (1 active), Execution time: mean = 1.51ms, total = 444.77ms, Queueing time: mean = 0.53ms, max = 96.66ms, min = 0.01ms, total = 156.99ms
[state-dump] 	NodeManager.GcsCheckAlive - 49 total (1 active), Execution time: mean = 0.24ms, total = 11.69ms, Queueing time: mean = 3.33ms, max = 98.32ms, min = 0.40ms, total = 163.13ms
[state-dump] 	ray::rpc::NodeInfoGcsService.grpc_client.CheckAlive - 49 total (0 active), Execution time: mean = 1.81ms, total = 88.56ms, Queueing time: mean = 0.00ms, max = -0.00ms, min = 9223372036854.78ms, total = 0.00ms
[state-dump] 	NodeManager.deadline_timer.print_event_loop_stats - 49 total (1 active, 1 running), Execution time: mean = 1.55ms, total = 75.97ms, Queueing time: mean = 2.01ms, max = 97.85ms, min = 0.01ms, total = 98.72ms
[state-dump] 	ray::rpc::NodeInfoGcsService.grpc_client.CheckAlive.OnReplyReceived - 49 total (0 active), Execution time: mean = 0.04ms, total = 1.90ms, Queueing time: mean = 0.02ms, max = 0.14ms, min = 0.01ms, total = 1.17ms
[state-dump] 	ReporterService.grpc_client.HealthCheck.OnReplyReceived - 31 total (0 active), Execution time: mean = 0.12ms, total = 3.62ms, Queueing time: mean = 0.17ms, max = 1.08ms, min = 0.01ms, total = 5.28ms
[state-dump] 	ReporterService.grpc_client.HealthCheck - 31 total (0 active), Execution time: mean = 19.15ms, total = 593.71ms, Queueing time: mean = 0.00ms, max = -0.00ms, min = 9223372036854.78ms, total = 0.00ms
[state-dump] 	MetricsAgentClient.WaitForServerReadyWithRetry - 30 total (0 active), Execution time: mean = 0.31ms, total = 9.18ms, Queueing time: mean = 1101.58ms, max = 3643.96ms, min = 1000.02ms, total = 33047.26ms
[state-dump] 	PeriodicalRunner.RunFnPeriodically - 14 total (0 active), Execution time: mean = 0.23ms, total = 3.29ms, Queueing time: mean = 4.55ms, max = 12.98ms, min = 0.09ms, total = 63.65ms
[state-dump] 	ray::rpc::InternalPubSubGcsService.grpc_client.GcsSubscriberPoll - 5 total (1 active), Execution time: mean = 476952.21ms, total = 2384761.05ms, Queueing time: mean = 0.00ms, max = -0.00ms, min = 9223372036854.78ms, total = 0.00ms
[state-dump] 	NodeManager.GCTaskFailureReason - 4 total (1 active), Execution time: mean = 0.00ms, total = 0.01ms, Queueing time: mean = 0.02ms, max = 0.02ms, min = 0.02ms, total = 0.06ms
[state-dump] 	ray::rpc::InternalPubSubGcsService.grpc_client.GcsSubscriberPoll.OnReplyReceived - 4 total (0 active), Execution time: mean = 0.37ms, total = 1.47ms, Queueing time: mean = 0.03ms, max = 0.03ms, min = 0.02ms, total = 0.11ms
[state-dump] 	RaySyncerRegister - 2 total (0 active), Execution time: mean = 0.00ms, total = 0.01ms, Queueing time: mean = 0.00ms, max = 0.00ms, min = 0.00ms, total = 0.00ms
[state-dump] 	ray::rpc::InternalPubSubGcsService.grpc_client.GcsSubscriberCommandBatch - 2 total (0 active), Execution time: mean = 0.92ms, total = 1.84ms, Queueing time: mean = 0.00ms, max = -0.00ms, min = 9223372036854.78ms, total = 0.00ms
[state-dump] 	ray::rpc::InternalPubSubGcsService.grpc_client.GcsSubscriberCommandBatch.OnReplyReceived - 2 total (0 active), Execution time: mean = 0.10ms, total = 0.20ms, Queueing time: mean = 1.08ms, max = 2.01ms, min = 0.15ms, total = 2.16ms
[state-dump] 	ClientConnection.async_read.ProcessMessageHeader - 2 total (1 active), Execution time: mean = 0.00ms, total = 0.01ms, Queueing time: mean = 0.01ms, max = 0.02ms, min = 0.02ms, total = 0.02ms
[state-dump] 	ray::rpc::InternalKVGcsService.grpc_client.GetInternalConfig.OnReplyReceived - 1 total (0 active), Execution time: mean = 24.53ms, total = 24.53ms, Queueing time: mean = 0.03ms, max = 0.03ms, min = 0.03ms, total = 0.03ms
[state-dump] 	ray::rpc::InternalKVGcsService.grpc_client.GetInternalConfig - 1 total (0 active), Execution time: mean = 1.38ms, total = 1.38ms, Queueing time: mean = 0.00ms, max = -0.00ms, min = 9223372036854.78ms, total = 0.00ms
[state-dump] 	ray::rpc::NodeInfoGcsService.grpc_client.GetAllNodeAddressAndLiveness.OnReplyReceived - 1 total (0 active), Execution time: mean = 0.15ms, total = 0.15ms, Queueing time: mean = 0.01ms, max = 0.01ms, min = 0.01ms, total = 0.01ms
[state-dump] 	NodeManagerService.grpc_server.GetSystemConfig.HandleRequestImpl - 1 total (0 active), Execution time: mean = 0.09ms, total = 0.09ms, Queueing time: mean = 0.02ms, max = 0.02ms, min = 0.02ms, total = 0.02ms
[state-dump] 	ray::rpc::NodeInfoGcsService.grpc_client.RegisterNode - 1 total (0 active), Execution time: mean = 1.29ms, total = 1.29ms, Queueing time: mean = 0.00ms, max = -0.00ms, min = 9223372036854.78ms, total = 0.00ms
[state-dump] 	ClientConnection.async_read.ProcessMessage - 1 total (0 active), Execution time: mean = 3538.24ms, total = 3538.24ms, Queueing time: mean = 0.01ms, max = 0.01ms, min = 0.01ms, total = 0.01ms
[state-dump] 	ray::rpc::NodeInfoGcsService.grpc_client.RegisterNode.OnReplyReceived - 1 total (0 active), Execution time: mean = 0.68ms, total = 0.68ms, Queueing time: mean = 0.05ms, max = 0.05ms, min = 0.05ms, total = 0.05ms
[state-dump] 	NodeManagerService.grpc_server.GetSystemConfig - 1 total (0 active), Execution time: mean = 0.65ms, total = 0.65ms, Queueing time: mean = 0.00ms, max = -0.00ms, min = 9223372036854.78ms, total = 0.00ms
[state-dump] 	ray::rpc::JobInfoGcsService.grpc_client.GetAllJobInfo - 1 total (0 active), Execution time: mean = 0.76ms, total = 0.76ms, Queueing time: mean = 0.00ms, max = -0.00ms, min = 9223372036854.78ms, total = 0.00ms
[state-dump] 	ray::rpc::JobInfoGcsService.grpc_client.GetAllJobInfo.OnReplyReceived - 1 total (0 active), Execution time: mean = 0.03ms, total = 0.03ms, Queueing time: mean = 0.01ms, max = 0.01ms, min = 0.01ms, total = 0.01ms
[state-dump] 	 - 1 total (0 active), Execution time: mean = 0.00ms, total = 0.00ms, Queueing time: mean = 0.02ms, max = 0.02ms, min = 0.02ms, total = 0.02ms
[state-dump] 	RaySyncer.BroadcastMessage - 1 total (0 active), Execution time: mean = 0.09ms, total = 0.09ms, Queueing time: mean = 0.00ms, max = 0.00ms, min = 0.00ms, total = 0.00ms
[state-dump] 	ray::rpc::NodeInfoGcsService.grpc_client.GetAllNodeAddressAndLiveness - 1 total (0 active), Execution time: mean = 0.85ms, total = 0.85ms, Queueing time: mean = 0.00ms, max = -0.00ms, min = 9223372036854.78ms, total = 0.00ms
[state-dump] DebugString() time ms: 1
[state-dump] 
[state-dump] 
[2026-06-04 23:18:24,134 I 859 892] (raylet) store.cc:573: Plasma store debug dump: 
Current usage: 0 / 20.0817 GB
- num bytes created total: 0
0 pending objects of total size 0MB
- objects spillable: 0
- bytes spillable: 0
- objects unsealed: 0
- bytes unsealed: 0
- objects in use: 0
- bytes in use: 0
- objects evictable: 0
- bytes evictable: 0

- objects created by worker: 0
- bytes created by worker: 0
- objects restored: 0
- bytes restored: 0
- objects received: 0
- bytes received: 0
- objects errored: 0
- bytes errored: 0

[2026-06-04 23:18:24,327 I 859 859] (raylet) node_manager.cc:424: [state-dump] NodeManager:
[state-dump] Node ID: 11e184b7641b47dd66e5366c42f7fe51cb28f4bab1ca7ef8847590e4
[state-dump] Node name: 172.16.254.232
[state-dump] InitialConfigResources: {node:__internal_head__: 1, CPU: 192, node:172.16.254.232: 1, object_store_memory: 2.00817e+10, memory: 4.68574e+10}
[state-dump] ClusterLeaseManager:
[state-dump] ========== Node: 11e184b7641b47dd66e5366c42f7fe51cb28f4bab1ca7ef8847590e4 =================
[state-dump] Infeasible queue length: 0
[state-dump] Schedule queue length: 0
[state-dump] Grant queue length: 0
[state-dump] num_waiting_for_resource: 0
[state-dump] num_waiting_for_plasma_memory: 0
[state-dump] num_waiting_for_remote_node_resources: 0
[state-dump] num_worker_not_started_by_job_config_not_exist: 0
[state-dump] num_worker_not_started_by_registration_timeout: 0
[state-dump] num_tasks_waiting_for_workers: 0
[state-dump] num_cancelled_leases: 0
[state-dump] cluster_resource_scheduler state: 
[state-dump] Local id: 1457234449467745066 Local resources: {"total":{object_store_memory: [200817303550000], node:__internal_head__: [10000], memory: [468573708290000], CPU: [1920000], node:172.16.254.232: [10000]}}, "available": {memory: [468573708290000], CPU: [1920000], node:172.16.254.232: [10000], object_store_memory: [200817303550000], node:__internal_head__: [10000]}}, "labels":{"ray.io/node-id":"11e184b7641b47dd66e5366c42f7fe51cb28f4bab1ca7ef8847590e4",} is_draining: 0 is_idle: 1 Cluster resources (at most 20 nodes are shown): node id: 1457234449467745066{"total":{node:172.16.254.232: 10000, node:__internal_head__: 10000, memory: 468573708290000, object_store_memory: 200817303550000, CPU: 1920000}}, "available": {node:172.16.254.232: 10000, node:__internal_head__: 10000, memory: 468573708290000, CPU: 1920000, object_store_memory: 200817303550000}}, "labels":{"ray.io/node-id":"11e184b7641b47dd66e5366c42f7fe51cb28f4bab1ca7ef8847590e4",}, "is_draining": 0, "draining_deadline_timestamp_ms": -1} { "placement group locations": [], "node to bundles": []}
[state-dump] Waiting leases size: 0
[state-dump] Number of granted lease arguments: 0
[state-dump] Number of pinned lease arguments: 0
[state-dump] Number of total spilled leases: 0
[state-dump] Number of spilled waiting leases: 0
[state-dump] Number of spilled unschedulable leases: 0
[state-dump] Resource usage {
[state-dump] }
[state-dump] Backlog Size per scheduling descriptor :{workerId: num backlogs}:
[state-dump] 
[state-dump] Granted leases by scheduling class:
[state-dump] ==================================================
[state-dump] 
[state-dump] ClusterResources:
[state-dump] LocalObjectManager:
[state-dump] - num pinned objects: 0
[state-dump] - pinned objects size: 0
[state-dump] - num objects pending restore: 0
[state-dump] - num objects pending spill: 0
[state-dump] - num bytes pending spill: 0
[state-dump] - num bytes currently spilled: 0
[state-dump] - cumulative spill requests: 0
[state-dump] - cumulative restore requests: 0
[state-dump] - spilled objects pending delete: 0
[state-dump] 
[state-dump] ObjectManager:
[state-dump] - num local objects: 0
[state-dump] - num unfulfilled push requests: 0
[state-dump] - num object pull requests: 0
[state-dump] - num chunks received total: 0
[state-dump] - num chunks received failed (all): 0
[state-dump] - num chunks received failed / cancelled: 0
[state-dump] - num chunks received failed / plasma error: 0
[state-dump] Event stats:
[state-dump] Global stats: 0 total (0 active)
[state-dump] Queueing time: mean = -nanms, max = -0.00ms, min = 9223372036854.78ms, total = 0.00ms
[state-dump] Execution time:  mean = -nanms, total = 0.00ms
[state-dump] Event stats:
[state-dump] PushManager:
[state-dump] - num pushes remaining: 0
[state-dump] - num chunks in flight: 0
[state-dump] - num chunks remaining: 0
[state-dump] - max chunks allowed: 409
[state-dump] OwnershipBasedObjectDirectory:
[state-dump] - num listeners: 0
[state-dump] - cumulative location updates: 0
[state-dump] - num location updates per second: 0.000
[state-dump] - num location lookups per second: 0.000
[state-dump] - num locations added per second: 0.000
[state-dump] - num locations removed per second: 0.000
[state-dump] BufferPool:
[state-dump] - create buffer state map size: 0
[state-dump] PullManager:
[state-dump] - num bytes available for pulled objects: 20081730355
[state-dump] - num bytes being pulled (all): 0
[state-dump] - num bytes being pulled / pinned: 0
[state-dump] - get request bundles: BundlePullRequestQueue{0 total, 0 active, 0 inactive, 0 unpullable}
[state-dump] - wait request bundles: BundlePullRequestQueue{0 total, 0 active, 0 inactive, 0 unpullable}
[state-dump] - task request bundles: BundlePullRequestQueue{0 total, 0 active, 0 inactive, 0 unpullable}
[state-dump] - first get request bundle: N/A
[state-dump] - first wait request bundle: N/A
[state-dump] - first task request bundle: N/A
[state-dump] - num objects queued: 0
[state-dump] - num objects actively pulled (all): 0
[state-dump] - num objects actively pulled / pinned: 0
[state-dump] - num bundles being pulled: 0
[state-dump] - num pull retries: 0
[state-dump] - max timeout seconds: 0
[state-dump] - max timeout request is already processed. No entry.
[state-dump] 
[state-dump] WorkerPool:
[state-dump] - registered jobs: 1
[state-dump] - process_failed_job_config_missing: 0
[state-dump] - process_failed_rate_limited: 0
[state-dump] - process_failed_pending_registration: 192
[state-dump] - process_failed_runtime_env_setup_failed: 0
[state-dump] - num JAVA workers: 0
[state-dump] - num JAVA drivers: 0
[state-dump] - num JAVA pending start requests: 0
[state-dump] - num JAVA pending registration requests: 0
[state-dump] - num object spill callbacks queued: 0
[state-dump] - num object restore queued: 0
[state-dump] - num util functions queued: 0
[state-dump] - num PYTHON workers: 0
[state-dump] - num PYTHON drivers: 1
[state-dump] - num PYTHON pending start requests: 0
[state-dump] - num PYTHON pending registration requests: 0
[state-dump] - num object spill callbacks queued: 0
[state-dump] - num object restore queued: 0
[state-dump] - num util functions queued: 0
[state-dump] - num idle workers: 0
[state-dump] LeaseDependencyManager:
[state-dump] - lease deps map size: 0
[state-dump] - get req map size: 0
[state-dump] - wait req map size: 0
[state-dump] - local objects map size: 0
[state-dump] WaitManager:
[state-dump] - num active wait requests: 0
[state-dump] Subscriber:
[state-dump] Channel WORKER_OBJECT_LOCATIONS_CHANNEL
[state-dump] - cumulative subscribe requests: 0
[state-dump] - cumulative unsubscribe requests: 0
[state-dump] - active subscribed publishers: 0
[state-dump] - cumulative published messages: 0
[state-dump] - cumulative processed messages: 0
[state-dump] Channel WORKER_OBJECT_EVICTION
[state-dump] - cumulative subscribe requests: 0
[state-dump] - cumulative unsubscribe requests: 0
[state-dump] - active subscribed publishers: 0
[state-dump] - cumulative published messages: 0
[state-dump] - cumulative processed messages: 0
[state-dump] Channel WORKER_REF_REMOVED_CHANNEL
[state-dump] - cumulative subscribe requests: 0
[state-dump] - cumulative unsubscribe requests: 0
[state-dump] - active subscribed publishers: 0
[state-dump] - cumulative published messages: 0
[state-dump] - cumulative processed messages: 0
[state-dump] num async plasma notifications: 0
[state-dump] Event stats:
[state-dump] Global stats: 136885 total (16 active)
[state-dump] Queueing time: mean = 0.79ms, max = 3643.96ms, min = -95.24ms, total = 108308.87ms
[state-dump] Execution time:  mean = 22.17ms, total = 3034346.76ms
[state-dump] Event stats:
[state-dump] 	NodeManager.CheckGC - 29857 total (1 active), Execution time: mean = 0.01ms, total = 152.86ms, Queueing time: mean = 0.48ms, max = 3444.74ms, min = -95.24ms, total = 14345.12ms
[state-dump] 	RaySyncer.OnDemandBroadcasting - 29857 total (1 active), Execution time: mean = 0.01ms, total = 191.88ms, Queueing time: mean = 0.48ms, max = 3444.73ms, min = -0.03ms, total = 14309.83ms
[state-dump] 	ObjectManager.UpdateAvailableMemory - 29856 total (0 active), Execution time: mean = 0.00ms, total = 42.61ms, Queueing time: mean = 0.07ms, max = 100.68ms, min = 0.00ms, total = 2119.79ms
[state-dump] 	RayletWorkerPool.deadline_timer.kill_idle_workers - 14960 total (1 active), Execution time: mean = 0.00ms, total = 51.82ms, Queueing time: mean = 0.56ms, max = 3350.40ms, min = -0.03ms, total = 8316.29ms
[state-dump] 	MemoryMonitor.CheckIsMemoryUsageAboveThreshold - 11828 total (1 active), Execution time: mean = 2.81ms, total = 33280.51ms, Queueing time: mean = 0.85ms, max = 3291.29ms, min = -0.05ms, total = 10079.15ms
[state-dump] 	NodeManagerService.grpc_server.GetResourceLoad - 2998 total (0 active), Execution time: mean = 3.41ms, total = 10232.95ms, Queueing time: mean = 0.00ms, max = -0.00ms, min = 9223372036854.78ms, total = 0.00ms
[state-dump] 	NodeManagerService.grpc_server.GetResourceLoad.HandleRequestImpl - 2998 total (0 active), Execution time: mean = 0.12ms, total = 369.10ms, Queueing time: mean = 2.67ms, max = 3203.58ms, min = 0.01ms, total = 7999.16ms
[state-dump] 	NodeManager.deadline_timer.flush_free_objects - 2997 total (1 active), Execution time: mean = 0.00ms, total = 9.49ms, Queueing time: mean = 1.28ms, max = 2642.08ms, min = 0.00ms, total = 3842.58ms
[state-dump] 	NodeManager.CheckForUnexpectedWorkerDisconnects - 2997 total (1 active), Execution time: mean = 0.04ms, total = 116.52ms, Queueing time: mean = 1.25ms, max = 2644.57ms, min = -0.01ms, total = 3738.78ms
[state-dump] 	NodeManager.ScheduleAndGrantLeases - 2997 total (1 active), Execution time: mean = 0.01ms, total = 24.92ms, Queueing time: mean = 1.28ms, max = 2644.57ms, min = 0.00ms, total = 3830.74ms
[state-dump] 	NodeManager.deadline_timer.spill_objects_when_over_threshold - 2997 total (1 active), Execution time: mean = 0.00ms, total = 6.97ms, Queueing time: mean = 1.28ms, max = 2642.10ms, min = 0.00ms, total = 3845.24ms
[state-dump] 	ClusterResourceManager.ResetRemoteNodeView - 1000 total (1 active), Execution time: mean = 0.00ms, total = 3.47ms, Queueing time: mean = 1.87ms, max = 1645.70ms, min = 0.01ms, total = 1873.15ms
[state-dump] 	NodeManager.deadline_timer.record_metrics - 600 total (1 active), Execution time: mean = 0.47ms, total = 283.57ms, Queueing time: mean = 0.76ms, max = 99.31ms, min = -0.00ms, total = 454.91ms
[state-dump] 	event_loop_lag_probe - 301 total (0 active), Execution time: mean = 0.01ms, total = 4.36ms, Queueing time: mean = 0.05ms, max = 6.45ms, min = 0.00ms, total = 13.85ms
[state-dump] 	NodeManager.deadline_timer.debug_state_dump - 300 total (1 active), Execution time: mean = 1.50ms, total = 451.30ms, Queueing time: mean = 0.52ms, max = 96.66ms, min = 0.01ms, total = 157.08ms
[state-dump] 	NodeManager.GcsCheckAlive - 50 total (1 active), Execution time: mean = 0.24ms, total = 11.94ms, Queueing time: mean = 3.29ms, max = 98.32ms, min = 0.40ms, total = 164.58ms
[state-dump] 	ray::rpc::NodeInfoGcsService.grpc_client.CheckAlive - 50 total (0 active), Execution time: mean = 1.79ms, total = 89.44ms, Queueing time: mean = 0.00ms, max = -0.00ms, min = 9223372036854.78ms, total = 0.00ms
[state-dump] 	NodeManager.deadline_timer.print_event_loop_stats - 50 total (1 active, 1 running), Execution time: mean = 1.55ms, total = 77.68ms, Queueing time: mean = 1.97ms, max = 97.85ms, min = 0.01ms, total = 98.74ms
[state-dump] 	ray::rpc::NodeInfoGcsService.grpc_client.CheckAlive.OnReplyReceived - 50 total (0 active), Execution time: mean = 0.04ms, total = 1.94ms, Queueing time: mean = 0.02ms, max = 0.14ms, min = 0.01ms, total = 1.19ms
[state-dump] 	ReporterService.grpc_client.HealthCheck.OnReplyReceived - 31 total (0 active), Execution time: mean = 0.12ms, total = 3.62ms, Queueing time: mean = 0.17ms, max = 1.08ms, min = 0.01ms, total = 5.28ms
[state-dump] 	ReporterService.grpc_client.HealthCheck - 31 total (0 active), Execution time: mean = 19.15ms, total = 593.71ms, Queueing time: mean = 0.00ms, max = -0.00ms, min = 9223372036854.78ms, total = 0.00ms
[state-dump] 	MetricsAgentClient.WaitForServerReadyWithRetry - 30 total (0 active), Execution time: mean = 0.31ms, total = 9.18ms, Queueing time: mean = 1101.58ms, max = 3643.96ms, min = 1000.02ms, total = 33047.26ms
[state-dump] 	PeriodicalRunner.RunFnPeriodically - 14 total (0 active), Execution time: mean = 0.23ms, total = 3.29ms, Queueing time: mean = 4.55ms, max = 12.98ms, min = 0.09ms, total = 63.65ms
[state-dump] 	ray::rpc::InternalPubSubGcsService.grpc_client.GcsSubscriberPoll - 6 total (1 active), Execution time: mean = 497460.17ms, total = 2984761.02ms, Queueing time: mean = 0.00ms, max = -0.00ms, min = 9223372036854.78ms, total = 0.00ms
[state-dump] 	ray::rpc::InternalPubSubGcsService.grpc_client.GcsSubscriberPoll.OnReplyReceived - 5 total (0 active), Execution time: mean = 0.36ms, total = 1.82ms, Queueing time: mean = 0.03ms, max = 0.03ms, min = 0.02ms, total = 0.13ms
[state-dump] 	NodeManager.GCTaskFailureReason - 4 total (1 active), Execution time: mean = 0.00ms, total = 0.01ms, Queueing time: mean = 0.02ms, max = 0.02ms, min = 0.02ms, total = 0.06ms
[state-dump] 	RaySyncerRegister - 2 total (0 active), Execution time: mean = 0.00ms, total = 0.01ms, Queueing time: mean = 0.00ms, max = 0.00ms, min = 0.00ms, total = 0.00ms
[state-dump] 	ray::rpc::InternalPubSubGcsService.grpc_client.GcsSubscriberCommandBatch - 2 total (0 active), Execution time: mean = 0.92ms, total = 1.84ms, Queueing time: mean = 0.00ms, max = -0.00ms, min = 9223372036854.78ms, total = 0.00ms
[state-dump] 	ray::rpc::InternalPubSubGcsService.grpc_client.GcsSubscriberCommandBatch.OnReplyReceived - 2 total (0 active), Execution time: mean = 0.10ms, total = 0.20ms, Queueing time: mean = 1.08ms, max = 2.01ms, min = 0.15ms, total = 2.16ms
[state-dump] 	ClientConnection.async_read.ProcessMessageHeader - 2 total (1 active), Execution time: mean = 0.00ms, total = 0.01ms, Queueing time: mean = 0.01ms, max = 0.02ms, min = 0.02ms, total = 0.02ms
[state-dump] 	ray::rpc::InternalKVGcsService.grpc_client.GetInternalConfig.OnReplyReceived - 1 total (0 active), Execution time: mean = 24.53ms, total = 24.53ms, Queueing time: mean = 0.03ms, max = 0.03ms, min = 0.03ms, total = 0.03ms
[state-dump] 	ray::rpc::InternalKVGcsService.grpc_client.GetInternalConfig - 1 total (0 active), Execution time: mean = 1.38ms, total = 1.38ms, Queueing time: mean = 0.00ms, max = -0.00ms, min = 9223372036854.78ms, total = 0.00ms
[state-dump] 	ray::rpc::NodeInfoGcsService.grpc_client.GetAllNodeAddressAndLiveness.OnReplyReceived - 1 total (0 active), Execution time: mean = 0.15ms, total = 0.15ms, Queueing time: mean = 0.01ms, max = 0.01ms, min = 0.01ms, total = 0.01ms
[state-dump] 	NodeManagerService.grpc_server.GetSystemConfig.HandleRequestImpl - 1 total (0 active), Execution time: mean = 0.09ms, total = 0.09ms, Queueing time: mean = 0.02ms, max = 0.02ms, min = 0.02ms, total = 0.02ms
[state-dump] 	ray::rpc::NodeInfoGcsService.grpc_client.RegisterNode - 1 total (0 active), Execution time: mean = 1.29ms, total = 1.29ms, Queueing time: mean = 0.00ms, max = -0.00ms, min = 9223372036854.78ms, total = 0.00ms
[state-dump] 	ClientConnection.async_read.ProcessMessage - 1 total (0 active), Execution time: mean = 3538.24ms, total = 3538.24ms, Queueing time: mean = 0.01ms, max = 0.01ms, min = 0.01ms, total = 0.01ms
[state-dump] 	ray::rpc::NodeInfoGcsService.grpc_client.RegisterNode.OnReplyReceived - 1 total (0 active), Execution time: mean = 0.68ms, total = 0.68ms, Queueing time: mean = 0.05ms, max = 0.05ms, min = 0.05ms, total = 0.05ms
[state-dump] 	NodeManagerService.grpc_server.GetSystemConfig - 1 total (0 active), Execution time: mean = 0.65ms, total = 0.65ms, Queueing time: mean = 0.00ms, max = -0.00ms, min = 9223372036854.78ms, total = 0.00ms
[state-dump] 	ray::rpc::JobInfoGcsService.grpc_client.GetAllJobInfo - 1 total (0 active), Execution time: mean = 0.76ms, total = 0.76ms, Queueing time: mean = 0.00ms, max = -0.00ms, min = 9223372036854.78ms, total = 0.00ms
[state-dump] 	ray::rpc::JobInfoGcsService.grpc_client.GetAllJobInfo.OnReplyReceived - 1 total (0 active), Execution time: mean = 0.03ms, total = 0.03ms, Queueing time: mean = 0.01ms, max = 0.01ms, min = 0.01ms, total = 0.01ms
[state-dump] 	 - 1 total (0 active), Execution time: mean = 0.00ms, total = 0.00ms, Queueing time: mean = 0.02ms, max = 0.02ms, min = 0.02ms, total = 0.02ms
[state-dump] 	RaySyncer.BroadcastMessage - 1 total (0 active), Execution time: mean = 0.09ms, total = 0.09ms, Queueing time: mean = 0.00ms, max = 0.00ms, min = 0.00ms, total = 0.00ms
[state-dump] 	ray::rpc::NodeInfoGcsService.grpc_client.GetAllNodeAddressAndLiveness - 1 total (0 active), Execution time: mean = 0.85ms, total = 0.85ms, Queueing time: mean = 0.00ms, max = -0.00ms, min = 9223372036854.78ms, total = 0.00ms
[state-dump] DebugString() time ms: 1
[state-dump] 
[state-dump] 
[2026-06-04 23:19:24,134 I 859 892] (raylet) store.cc:573: Plasma store debug dump: 
Current usage: 0 / 20.0817 GB
- num bytes created total: 0
0 pending objects of total size 0MB
- objects spillable: 0
- bytes spillable: 0
- objects unsealed: 0
- bytes unsealed: 0
- objects in use: 0
- bytes in use: 0
- objects evictable: 0
- bytes evictable: 0

- objects created by worker: 0
- bytes created by worker: 0
- objects restored: 0
- bytes restored: 0
- objects received: 0
- bytes received: 0
- objects errored: 0
- bytes errored: 0

[2026-06-04 23:19:24,328 I 859 859] (raylet) node_manager.cc:424: [state-dump] NodeManager:
[state-dump] Node ID: 11e184b7641b47dd66e5366c42f7fe51cb28f4bab1ca7ef8847590e4
[state-dump] Node name: 172.16.254.232
[state-dump] InitialConfigResources: {node:__internal_head__: 1, CPU: 192, node:172.16.254.232: 1, object_store_memory: 2.00817e+10, memory: 4.68574e+10}
[state-dump] ClusterLeaseManager:
[state-dump] ========== Node: 11e184b7641b47dd66e5366c42f7fe51cb28f4bab1ca7ef8847590e4 =================
[state-dump] Infeasible queue length: 0
[state-dump] Schedule queue length: 0
[state-dump] Grant queue length: 0
[state-dump] num_waiting_for_resource: 0
[state-dump] num_waiting_for_plasma_memory: 0
[state-dump] num_waiting_for_remote_node_resources: 0
[state-dump] num_worker_not_started_by_job_config_not_exist: 0
[state-dump] num_worker_not_started_by_registration_timeout: 0
[state-dump] num_tasks_waiting_for_workers: 0
[state-dump] num_cancelled_leases: 0
[state-dump] cluster_resource_scheduler state: 
[state-dump] Local id: 1457234449467745066 Local resources: {"total":{object_store_memory: [200817303550000], node:__internal_head__: [10000], memory: [468573708290000], CPU: [1920000], node:172.16.254.232: [10000]}}, "available": {memory: [468573708290000], CPU: [1920000], node:172.16.254.232: [10000], object_store_memory: [200817303550000], node:__internal_head__: [10000]}}, "labels":{"ray.io/node-id":"11e184b7641b47dd66e5366c42f7fe51cb28f4bab1ca7ef8847590e4",} is_draining: 0 is_idle: 1 Cluster resources (at most 20 nodes are shown): node id: 1457234449467745066{"total":{node:172.16.254.232: 10000, node:__internal_head__: 10000, memory: 468573708290000, object_store_memory: 200817303550000, CPU: 1920000}}, "available": {node:172.16.254.232: 10000, node:__internal_head__: 10000, memory: 468573708290000, CPU: 1920000, object_store_memory: 200817303550000}}, "labels":{"ray.io/node-id":"11e184b7641b47dd66e5366c42f7fe51cb28f4bab1ca7ef8847590e4",}, "is_draining": 0, "draining_deadline_timestamp_ms": -1} { "placement group locations": [], "node to bundles": []}
[state-dump] Waiting leases size: 0
[state-dump] Number of granted lease arguments: 0
[state-dump] Number of pinned lease arguments: 0
[state-dump] Number of total spilled leases: 0
[state-dump] Number of spilled waiting leases: 0
[state-dump] Number of spilled unschedulable leases: 0
[state-dump] Resource usage {
[state-dump] }
[state-dump] Backlog Size per scheduling descriptor :{workerId: num backlogs}:
[state-dump] 
[state-dump] Granted leases by scheduling class:
[state-dump] ==================================================
[state-dump] 
[state-dump] ClusterResources:
[state-dump] LocalObjectManager:
[state-dump] - num pinned objects: 0
[state-dump] - pinned objects size: 0
[state-dump] - num objects pending restore: 0
[state-dump] - num objects pending spill: 0
[state-dump] - num bytes pending spill: 0
[state-dump] - num bytes currently spilled: 0
[state-dump] - cumulative spill requests: 0
[state-dump] - cumulative restore requests: 0
[state-dump] - spilled objects pending delete: 0
[state-dump] 
[state-dump] ObjectManager:
[state-dump] - num local objects: 0
[state-dump] - num unfulfilled push requests: 0
[state-dump] - num object pull requests: 0
[state-dump] - num chunks received total: 0
[state-dump] - num chunks received failed (all): 0
[state-dump] - num chunks received failed / cancelled: 0
[state-dump] - num chunks received failed / plasma error: 0
[state-dump] Event stats:
[state-dump] Global stats: 0 total (0 active)
[state-dump] Queueing time: mean = -nanms, max = -0.00ms, min = 9223372036854.78ms, total = 0.00ms
[state-dump] Execution time:  mean = -nanms, total = 0.00ms
[state-dump] Event stats:
[state-dump] PushManager:
[state-dump] - num pushes remaining: 0
[state-dump] - num chunks in flight: 0
[state-dump] - num chunks remaining: 0
[state-dump] - max chunks allowed: 409
[state-dump] OwnershipBasedObjectDirectory:
[state-dump] - num listeners: 0
[state-dump] - cumulative location updates: 0
[state-dump] - num location updates per second: 0.000
[state-dump] - num location lookups per second: 0.000
[state-dump] - num locations added per second: 0.000
[state-dump] - num locations removed per second: 0.000
[state-dump] BufferPool:
[state-dump] - create buffer state map size: 0
[state-dump] PullManager:
[state-dump] - num bytes available for pulled objects: 20081730355
[state-dump] - num bytes being pulled (all): 0
[state-dump] - num bytes being pulled / pinned: 0
[state-dump] - get request bundles: BundlePullRequestQueue{0 total, 0 active, 0 inactive, 0 unpullable}
[state-dump] - wait request bundles: BundlePullRequestQueue{0 total, 0 active, 0 inactive, 0 unpullable}
[state-dump] - task request bundles: BundlePullRequestQueue{0 total, 0 active, 0 inactive, 0 unpullable}
[state-dump] - first get request bundle: N/A
[state-dump] - first wait request bundle: N/A
[state-dump] - first task request bundle: N/A
[state-dump] - num objects queued: 0
[state-dump] - num objects actively pulled (all): 0
[state-dump] - num objects actively pulled / pinned: 0
[state-dump] - num bundles being pulled: 0
[state-dump] - num pull retries: 0
[state-dump] - max timeout seconds: 0
[state-dump] - max timeout request is already processed. No entry.
[state-dump] 
[state-dump] WorkerPool:
[state-dump] - registered jobs: 1
[state-dump] - process_failed_job_config_missing: 0
[state-dump] - process_failed_rate_limited: 0
[state-dump] - process_failed_pending_registration: 192
[state-dump] - process_failed_runtime_env_setup_failed: 0
[state-dump] - num JAVA workers: 0
[state-dump] - num JAVA drivers: 0
[state-dump] - num JAVA pending start requests: 0
[state-dump] - num JAVA pending registration requests: 0
[state-dump] - num object spill callbacks queued: 0
[state-dump] - num object restore queued: 0
[state-dump] - num util functions queued: 0
[state-dump] - num PYTHON workers: 0
[state-dump] - num PYTHON drivers: 1
[state-dump] - num PYTHON pending start requests: 0
[state-dump] - num PYTHON pending registration requests: 0
[state-dump] - num object spill callbacks queued: 0
[state-dump] - num object restore queued: 0
[state-dump] - num util functions queued: 0
[state-dump] - num idle workers: 0
[state-dump] LeaseDependencyManager:
[state-dump] - lease deps map size: 0
[state-dump] - get req map size: 0
[state-dump] - wait req map size: 0
[state-dump] - local objects map size: 0
[state-dump] WaitManager:
[state-dump] - num active wait requests: 0
[state-dump] Subscriber:
[state-dump] Channel WORKER_OBJECT_LOCATIONS_CHANNEL
[state-dump] - cumulative subscribe requests: 0
[state-dump] - cumulative unsubscribe requests: 0
[state-dump] - active subscribed publishers: 0
[state-dump] - cumulative published messages: 0
[state-dump] - cumulative processed messages: 0
[state-dump] Channel WORKER_OBJECT_EVICTION
[state-dump] - cumulative subscribe requests: 0
[state-dump] - cumulative unsubscribe requests: 0
[state-dump] - active subscribed publishers: 0
[state-dump] - cumulative published messages: 0
[state-dump] - cumulative processed messages: 0
[state-dump] Channel WORKER_REF_REMOVED_CHANNEL
[state-dump] - cumulative subscribe requests: 0
[state-dump] - cumulative unsubscribe requests: 0
[state-dump] - active subscribed publishers: 0
[state-dump] - cumulative published messages: 0
[state-dump] - cumulative processed messages: 0
[state-dump] num async plasma notifications: 0
[state-dump] Event stats:
[state-dump] Global stats: 139631 total (16 active)
[state-dump] Queueing time: mean = 0.78ms, max = 3643.96ms, min = -95.24ms, total = 108374.65ms
[state-dump] Execution time:  mean = 21.74ms, total = 3034892.75ms
[state-dump] Event stats:
[state-dump] 	NodeManager.CheckGC - 30457 total (1 active), Execution time: mean = 0.01ms, total = 153.87ms, Queueing time: mean = 0.47ms, max = 3444.74ms, min = -95.24ms, total = 14365.30ms
[state-dump] 	RaySyncer.OnDemandBroadcasting - 30457 total (1 active), Execution time: mean = 0.01ms, total = 193.52ms, Queueing time: mean = 0.47ms, max = 3444.73ms, min = -0.03ms, total = 14329.44ms
[state-dump] 	ObjectManager.UpdateAvailableMemory - 30456 total (0 active), Execution time: mean = 0.00ms, total = 43.32ms, Queueing time: mean = 0.07ms, max = 100.68ms, min = 0.00ms, total = 2128.07ms
[state-dump] 	RayletWorkerPool.deadline_timer.kill_idle_workers - 15260 total (1 active), Execution time: mean = 0.00ms, total = 52.69ms, Queueing time: mean = 0.55ms, max = 3350.40ms, min = -0.03ms, total = 8321.69ms
[state-dump] 	MemoryMonitor.CheckIsMemoryUsageAboveThreshold - 12066 total (1 active), Execution time: mean = 2.80ms, total = 33774.49ms, Queueing time: mean = 0.84ms, max = 3291.29ms, min = -0.05ms, total = 10083.03ms
[state-dump] 	NodeManagerService.grpc_server.GetResourceLoad - 3058 total (0 active), Execution time: mean = 3.35ms, total = 10257.68ms, Queueing time: mean = 0.00ms, max = -0.00ms, min = 9223372036854.78ms, total = 0.00ms
[state-dump] 	NodeManagerService.grpc_server.GetResourceLoad.HandleRequestImpl - 3058 total (0 active), Execution time: mean = 0.12ms, total = 375.64ms, Queueing time: mean = 2.62ms, max = 3203.58ms, min = 0.01ms, total = 8000.30ms
[state-dump] 	NodeManager.deadline_timer.flush_free_objects - 3057 total (1 active), Execution time: mean = 0.00ms, total = 9.65ms, Queueing time: mean = 1.26ms, max = 2642.08ms, min = 0.00ms, total = 3843.94ms
[state-dump] 	NodeManager.CheckForUnexpectedWorkerDisconnects - 3057 total (1 active), Execution time: mean = 0.04ms, total = 116.91ms, Queueing time: mean = 1.22ms, max = 2644.57ms, min = -0.01ms, total = 3739.92ms
[state-dump] 	NodeManager.ScheduleAndGrantLeases - 3057 total (1 active), Execution time: mean = 0.01ms, total = 25.31ms, Queueing time: mean = 1.25ms, max = 2644.57ms, min = 0.00ms, total = 3831.89ms
[state-dump] 	NodeManager.deadline_timer.spill_objects_when_over_threshold - 3057 total (1 active), Execution time: mean = 0.00ms, total = 7.09ms, Queueing time: mean = 1.26ms, max = 2642.10ms, min = 0.00ms, total = 3846.64ms
[state-dump] 	ClusterResourceManager.ResetRemoteNodeView - 1020 total (1 active), Execution time: mean = 0.00ms, total = 3.52ms, Queueing time: mean = 1.84ms, max = 1645.70ms, min = 0.01ms, total = 1873.51ms
[state-dump] 	NodeManager.deadline_timer.record_metrics - 612 total (1 active), Execution time: mean = 0.47ms, total = 289.24ms, Queueing time: mean = 0.74ms, max = 99.31ms, min = -0.00ms, total = 455.15ms
[state-dump] 	event_loop_lag_probe - 307 total (0 active), Execution time: mean = 0.01ms, total = 4.43ms, Queueing time: mean = 0.05ms, max = 6.45ms, min = 0.00ms, total = 13.88ms
[state-dump] 	NodeManager.deadline_timer.debug_state_dump - 306 total (1 active), Execution time: mean = 1.50ms, total = 458.05ms, Queueing time: mean = 0.51ms, max = 96.66ms, min = 0.01ms, total = 157.18ms
[state-dump] 	NodeManager.GcsCheckAlive - 51 total (1 active), Execution time: mean = 0.24ms, total = 12.19ms, Queueing time: mean = 3.26ms, max = 98.32ms, min = 0.40ms, total = 166.04ms
[state-dump] 	ray::rpc::NodeInfoGcsService.grpc_client.CheckAlive - 51 total (0 active), Execution time: mean = 1.77ms, total = 90.36ms, Queueing time: mean = 0.00ms, max = -0.00ms, min = 9223372036854.78ms, total = 0.00ms
[state-dump] 	NodeManager.deadline_timer.print_event_loop_stats - 51 total (1 active, 1 running), Execution time: mean = 1.56ms, total = 79.38ms, Queueing time: mean = 1.94ms, max = 97.85ms, min = 0.01ms, total = 98.75ms
[state-dump] 	ray::rpc::NodeInfoGcsService.grpc_client.CheckAlive.OnReplyReceived - 51 total (0 active), Execution time: mean = 0.04ms, total = 1.99ms, Queueing time: mean = 0.02ms, max = 0.14ms, min = 0.01ms, total = 1.22ms
[state-dump] 	ReporterService.grpc_client.HealthCheck.OnReplyReceived - 31 total (0 active), Execution time: mean = 0.12ms, total = 3.62ms, Queueing time: mean = 0.17ms, max = 1.08ms, min = 0.01ms, total = 5.28ms
[state-dump] 	ReporterService.grpc_client.HealthCheck - 31 total (0 active), Execution time: mean = 19.15ms, total = 593.71ms, Queueing time: mean = 0.00ms, max = -0.00ms, min = 9223372036854.78ms, total = 0.00ms
[state-dump] 	MetricsAgentClient.WaitForServerReadyWithRetry - 30 total (0 active), Execution time: mean = 0.31ms, total = 9.18ms, Queueing time: mean = 1101.58ms, max = 3643.96ms, min = 1000.02ms, total = 33047.26ms
[state-dump] 	PeriodicalRunner.RunFnPeriodically - 14 total (0 active), Execution time: mean = 0.23ms, total = 3.29ms, Queueing time: mean = 4.55ms, max = 12.98ms, min = 0.09ms, total = 63.65ms
[state-dump] 	ray::rpc::InternalPubSubGcsService.grpc_client.GcsSubscriberPoll - 6 total (1 active), Execution time: mean = 497460.17ms, total = 2984761.02ms, Queueing time: mean = 0.00ms, max = -0.00ms, min = 9223372036854.78ms, total = 0.00ms
[state-dump] 	ray::rpc::InternalPubSubGcsService.grpc_client.GcsSubscriberPoll.OnReplyReceived - 5 total (0 active), Execution time: mean = 0.36ms, total = 1.82ms, Queueing time: mean = 0.03ms, max = 0.03ms, min = 0.02ms, total = 0.13ms
[state-dump] 	NodeManager.GCTaskFailureReason - 4 total (1 active), Execution time: mean = 0.00ms, total = 0.01ms, Queueing time: mean = 0.02ms, max = 0.02ms, min = 0.02ms, total = 0.06ms
[state-dump] 	RaySyncerRegister - 2 total (0 active), Execution time: mean = 0.00ms, total = 0.01ms, Queueing time: mean = 0.00ms, max = 0.00ms, min = 0.00ms, total = 0.00ms
[state-dump] 	ray::rpc::InternalPubSubGcsService.grpc_client.GcsSubscriberCommandBatch - 2 total (0 active), Execution time: mean = 0.92ms, total = 1.84ms, Queueing time: mean = 0.00ms, max = -0.00ms, min = 9223372036854.78ms, total = 0.00ms
[state-dump] 	ray::rpc::InternalPubSubGcsService.grpc_client.GcsSubscriberCommandBatch.OnReplyReceived - 2 total (0 active), Execution time: mean = 0.10ms, total = 0.20ms, Queueing time: mean = 1.08ms, max = 2.01ms, min = 0.15ms, total = 2.16ms
[state-dump] 	ClientConnection.async_read.ProcessMessageHeader - 2 total (1 active), Execution time: mean = 0.00ms, total = 0.01ms, Queueing time: mean = 0.01ms, max = 0.02ms, min = 0.02ms, total = 0.02ms
[state-dump] 	ray::rpc::InternalKVGcsService.grpc_client.GetInternalConfig.OnReplyReceived - 1 total (0 active), Execution time: mean = 24.53ms, total = 24.53ms, Queueing time: mean = 0.03ms, max = 0.03ms, min = 0.03ms, total = 0.03ms
[state-dump] 	ray::rpc::InternalKVGcsService.grpc_client.GetInternalConfig - 1 total (0 active), Execution time: mean = 1.38ms, total = 1.38ms, Queueing time: mean = 0.00ms, max = -0.00ms, min = 9223372036854.78ms, total = 0.00ms
[state-dump] 	ray::rpc::NodeInfoGcsService.grpc_client.GetAllNodeAddressAndLiveness.OnReplyReceived - 1 total (0 active), Execution time: mean = 0.15ms, total = 0.15ms, Queueing time: mean = 0.01ms, max = 0.01ms, min = 0.01ms, total = 0.01ms
[state-dump] 	NodeManagerService.grpc_server.GetSystemConfig.HandleRequestImpl - 1 total (0 active), Execution time: mean = 0.09ms, total = 0.09ms, Queueing time: mean = 0.02ms, max = 0.02ms, min = 0.02ms, total = 0.02ms
[state-dump] 	ray::rpc::NodeInfoGcsService.grpc_client.RegisterNode - 1 total (0 active), Execution time: mean = 1.29ms, total = 1.29ms, Queueing time: mean = 0.00ms, max = -0.00ms, min = 9223372036854.78ms, total = 0.00ms
[state-dump] 	ClientConnection.async_read.ProcessMessage - 1 total (0 active), Execution time: mean = 3538.24ms, total = 3538.24ms, Queueing time: mean = 0.01ms, max = 0.01ms, min = 0.01ms, total = 0.01ms
[state-dump] 	ray::rpc::NodeInfoGcsService.grpc_client.RegisterNode.OnReplyReceived - 1 total (0 active), Execution time: mean = 0.68ms, total = 0.68ms, Queueing time: mean = 0.05ms, max = 0.05ms, min = 0.05ms, total = 0.05ms
[state-dump] 	NodeManagerService.grpc_server.GetSystemConfig - 1 total (0 active), Execution time: mean = 0.65ms, total = 0.65ms, Queueing time: mean = 0.00ms, max = -0.00ms, min = 9223372036854.78ms, total = 0.00ms
[state-dump] 	ray::rpc::JobInfoGcsService.grpc_client.GetAllJobInfo - 1 total (0 active), Execution time: mean = 0.76ms, total = 0.76ms, Queueing time: mean = 0.00ms, max = -0.00ms, min = 9223372036854.78ms, total = 0.00ms
[state-dump] 	ray::rpc::JobInfoGcsService.grpc_client.GetAllJobInfo.OnReplyReceived - 1 total (0 active), Execution time: mean = 0.03ms, total = 0.03ms, Queueing time: mean = 0.01ms, max = 0.01ms, min = 0.01ms, total = 0.01ms
[state-dump] 	 - 1 total (0 active), Execution time: mean = 0.00ms, total = 0.00ms, Queueing time: mean = 0.02ms, max = 0.02ms, min = 0.02ms, total = 0.02ms
[state-dump] 	RaySyncer.BroadcastMessage - 1 total (0 active), Execution time: mean = 0.09ms, total = 0.09ms, Queueing time: mean = 0.00ms, max = 0.00ms, min = 0.00ms, total = 0.00ms
[state-dump] 	ray::rpc::NodeInfoGcsService.grpc_client.GetAllNodeAddressAndLiveness - 1 total (0 active), Execution time: mean = 0.85ms, total = 0.85ms, Queueing time: mean = 0.00ms, max = -0.00ms, min = 9223372036854.78ms, total = 0.00ms
[state-dump] DebugString() time ms: 0
[state-dump] 
[state-dump] 
